"hhid","PID","childFoodDiversity__id","T2_c"
"0007d1f1449242feb5a25429644fb991",5,13,7
"0007d1f1449242feb5a25429644fb991",5,3,4
"0007d1f1449242feb5a25429644fb991",5,11,2
"00c2b27287a74f948fef24a8de42825c",6,1,7
"00c2b27287a74f948fef24a8de42825c",6,21,7
"00c2b27287a74f948fef24a8de42825c",6,3,3
"00c2b27287a74f948fef24a8de42825c",6,19,7
"00d5da8bbd544c548a71f176496ee4b6",6,3,7
"00d5da8bbd544c548a71f176496ee4b6",6,10,5
"00d5da8bbd544c548a71f176496ee4b6",6,11,7
"018d29620fa44db282c80b6627413e5c",5,11,3
"018d29620fa44db282c80b6627413e5c",5,1,7
"018d29620fa44db282c80b6627413e5c",5,12,7
"02b20908f47043f0b2389ba8246c5bdc",5,3,7
"02b20908f47043f0b2389ba8246c5bdc",5,11,2
"02b20908f47043f0b2389ba8246c5bdc",5,10,5
"02b20908f47043f0b2389ba8246c5bdc",5,19,7
"03003a6f1ccd4b1290629662229b5d83",6,4,2
"03003a6f1ccd4b1290629662229b5d83",6,1,2
"0368af34cb614bae9ef98c927741984d",22,10,5
"0368af34cb614bae9ef98c927741984d",22,13,5
"0368af34cb614bae9ef98c927741984d",22,23,2
"0368af34cb614bae9ef98c927741984d",22,1,2
"0368af34cb614bae9ef98c927741984d",22,19,7
"0368af34cb614bae9ef98c927741984d",22,4,3
"0368af34cb614bae9ef98c927741984d",22,3,3
"040b3ad7eb264e30acc111646f03422a",7,4,1
"040b3ad7eb264e30acc111646f03422a",7,2,3
"040b3ad7eb264e30acc111646f03422a",7,8,3
"040b3ad7eb264e30acc111646f03422a",7,3,7
"046067ad635647c5a02c03f1790df520",11,1,7
"046067ad635647c5a02c03f1790df520",11,11,4
"0464b7af72994dea923644331716d84e",14,11,3
"0464b7af72994dea923644331716d84e",14,1,7
"049dc3291e444c9193fc506570f6a26e",3,2,5
"049dc3291e444c9193fc506570f6a26e",3,13,7
"049dc3291e444c9193fc506570f6a26e",3,15,7
"049dc3291e444c9193fc506570f6a26e",3,3,7
"049dc3291e444c9193fc506570f6a26e",3,1,3
"049dc3291e444c9193fc506570f6a26e",3,19,7
"049dc3291e444c9193fc506570f6a26e",3,9,3
"049dc3291e444c9193fc506570f6a26e",3,11,3
"052f8d3f81c3477aa9366a24c54ddf83",5,3,7
"052f8d3f81c3477aa9366a24c54ddf83",5,5,7
"052f8d3f81c3477aa9366a24c54ddf83",5,11,4
"0540d10333124c9ab290bb9daaf998cc",7,13,3
"0540d10333124c9ab290bb9daaf998cc",7,4,4
"0540d10333124c9ab290bb9daaf998cc",7,11,5
"0540d10333124c9ab290bb9daaf998cc",7,1,7
"054124cd4eff40ec97bf51a44fe4a93c",7,1,2
"054124cd4eff40ec97bf51a44fe4a93c",7,11,7
"054124cd4eff40ec97bf51a44fe4a93c",7,3,1
"0586e2b9bcd24aa3bf31580492500327",5,6,4
"0586e2b9bcd24aa3bf31580492500327",5,15,1
"0586e2b9bcd24aa3bf31580492500327",5,19,4
"05add010c2404efab0880200dcdc9674",4,11,1
"0602eb95ac184ad3aa8fdba309f3f946",15,1,4
"0602eb95ac184ad3aa8fdba309f3f946",15,3,3
"079e6812fb50405bbe8cb744b5ef6afd",7,1,2
"079e6812fb50405bbe8cb744b5ef6afd",7,3,3
"079e6812fb50405bbe8cb744b5ef6afd",7,19,2
"0809936839be4f8b99293dee0663fc53",7,4,7
"0809936839be4f8b99293dee0663fc53",7,1,7
"0809936839be4f8b99293dee0663fc53",7,10,3
"0809936839be4f8b99293dee0663fc53",7,6,7
"082757b50eee4bc29551c3c3c30639da",12,12,7
"082757b50eee4bc29551c3c3c30639da",12,1,7
"082757b50eee4bc29551c3c3c30639da",12,11,7
"082757b50eee4bc29551c3c3c30639da",12,13,7
"083ade125b70414ba6257ff498afe1f4",4,3,4
"083ade125b70414ba6257ff498afe1f4",4,19,7
"083ade125b70414ba6257ff498afe1f4",4,1,1
"088271b31f1d44d0b28c819a8e44b373",3,3,7
"08a622bfb26f4199bde601e058ccf58d",6,1,7
"08a622bfb26f4199bde601e058ccf58d",6,4,5
"091931736aa74c1c900335dad7a3f709",6,11,7
"09c9f51b98214abca30f1cc1accd7cb9",12,8,1
"09c9f51b98214abca30f1cc1accd7cb9",12,1,7
"09c9f51b98214abca30f1cc1accd7cb9",12,23,7
"09c9f51b98214abca30f1cc1accd7cb9",12,11,2
"09c9f51b98214abca30f1cc1accd7cb9",12,3,3
"09c9f51b98214abca30f1cc1accd7cb9",12,4,2
"09c9f51b98214abca30f1cc1accd7cb9",12,10,2
"09c9f51b98214abca30f1cc1accd7cb9",12,6,7
"0b5d1c5449044517bcce04bac511725e",6,1,7
"0b5d1c5449044517bcce04bac511725e",6,2,7
"0b5d1c5449044517bcce04bac511725e",6,11,2
"0bcc7f6fcdc64e7f925c80713a7d5db4",4,13,3
"0bcc7f6fcdc64e7f925c80713a7d5db4",4,8,3
"0bcc7f6fcdc64e7f925c80713a7d5db4",4,2,4
"0bcc7f6fcdc64e7f925c80713a7d5db4",4,3,2
"0bcc7f6fcdc64e7f925c80713a7d5db4",4,15,3
"0bcc7f6fcdc64e7f925c80713a7d5db4",4,1,7
"0d1423b6187b4666aab92778cd5e4050",11,4,4
"0d1423b6187b4666aab92778cd5e4050",11,1,2
"0d1423b6187b4666aab92778cd5e4050",11,3,7
"0d9810cde32d470bbcea579035125672",6,13,7
"0d9810cde32d470bbcea579035125672",6,10,1
"0d9810cde32d470bbcea579035125672",6,1,7
"0dcf445c997649629cfe96bdbe03d028",14,1,7
"0dcf445c997649629cfe96bdbe03d028",14,4,2
"0df87c6cba494e029a4a6e846462b4e8",4,3,7
"0df87c6cba494e029a4a6e846462b4e8",4,4,7
"0df87c6cba494e029a4a6e846462b4e8",4,21,2
"0e102ce9336c4724a1e17db925d74f0d",8,3,3
"0e102ce9336c4724a1e17db925d74f0d",8,1,4
"0effe952b7be4f59ad5382bc3643699f",4,19,1
"0effe952b7be4f59ad5382bc3643699f",4,6,2
"0effe952b7be4f59ad5382bc3643699f",4,1,2
"0effe952b7be4f59ad5382bc3643699f",4,11,2
"0effe952b7be4f59ad5382bc3643699f",4,3,2
"0f120ff4c01e4c2bacbc7c513fbb1d9f",10,1,5
"0f120ff4c01e4c2bacbc7c513fbb1d9f",10,4,5
"0f8c738dfb7d4256b29784c4528caf95",6,23,7
"0f8c738dfb7d4256b29784c4528caf95",6,8,1
"0f8c738dfb7d4256b29784c4528caf95",6,1,4
"0f8c738dfb7d4256b29784c4528caf95",6,13,7
"0f8f2b0cc7a84d8d8e21442c1828a004",11,2,2
"0f8f2b0cc7a84d8d8e21442c1828a004",11,11,5
"0f8f2b0cc7a84d8d8e21442c1828a004",11,19,7
"0f8f2b0cc7a84d8d8e21442c1828a004",11,3,7
"0f8f2b0cc7a84d8d8e21442c1828a004",11,23,7
"1007d8148aa340fb9a57a7acc47815d9",6,1,7
"1007d8148aa340fb9a57a7acc47815d9",6,11,4
"10ab9a4c247440f59907df17fc6a4903",4,11,2
"10ab9a4c247440f59907df17fc6a4903",4,19,1
"10ab9a4c247440f59907df17fc6a4903",4,3,1
"10ab9a4c247440f59907df17fc6a4903",4,5,1
"1112c2eca9fc455a9a63e4fa51e352ab",6,10,1
"1112c2eca9fc455a9a63e4fa51e352ab",6,3,1
"1112c2eca9fc455a9a63e4fa51e352ab",6,4,3
"1112c2eca9fc455a9a63e4fa51e352ab",6,1,5
"1112c2eca9fc455a9a63e4fa51e352ab",6,19,7
"115133c671c54c2b8da92613a289c8b8",9,3,3
"115133c671c54c2b8da92613a289c8b8",9,23,7
"115133c671c54c2b8da92613a289c8b8",9,4,2
"115133c671c54c2b8da92613a289c8b8",9,19,7
"115133c671c54c2b8da92613a289c8b8",9,10,7
"115133c671c54c2b8da92613a289c8b8",9,13,7
"11849db1f29e4b0cb08e6eeda1fbfb30",6,1,7
"11849db1f29e4b0cb08e6eeda1fbfb30",6,19,7
"11849db1f29e4b0cb08e6eeda1fbfb30",6,10,4
"122b45c8ede343909405d719aa98f674",7,11,5
"122b45c8ede343909405d719aa98f674",7,1,4
"132b9b8ef3e846abb4dd11ffa45e55f0",14,4,2
"132b9b8ef3e846abb4dd11ffa45e55f0",14,1,7
"144b7e78b04746d4bf4b3a17e62eae1c",10,11,2
"144b7e78b04746d4bf4b3a17e62eae1c",10,1,7
"144b7e78b04746d4bf4b3a17e62eae1c",10,4,2
"153130f9590e4b59a237bbcd326d58ce",8,3,6
"153130f9590e4b59a237bbcd326d58ce",8,11,1
"1658e0a4e49040548c0f56b70c4a0f75",6,6,2
"1658e0a4e49040548c0f56b70c4a0f75",6,11,2
"1658e0a4e49040548c0f56b70c4a0f75",6,19,3
"16821330e76d4edcb91f14caa98a742c",12,3,2
"16821330e76d4edcb91f14caa98a742c",12,19,7
"16821330e76d4edcb91f14caa98a742c",12,5,3
"16821330e76d4edcb91f14caa98a742c",12,1,5
"16821330e76d4edcb91f14caa98a742c",12,6,7
"172ef9d000384fd187798123563776cf",6,11,5
"172ef9d000384fd187798123563776cf",6,12,7
"172ef9d000384fd187798123563776cf",6,13,4
"172ef9d000384fd187798123563776cf",6,1,7
"17a52aa31b0a4f878010b643c427e444",2,1,2
"18506aeca7de41faba0358b1742177ff",5,11,2
"18506aeca7de41faba0358b1742177ff",5,1,2
"18506aeca7de41faba0358b1742177ff",5,5,1
"18a09e7e60274c099838f40ab9ac837a",5,1,4
"195e7e185f2d4346bb2cfad5e5ad023f",5,10,3
"195e7e185f2d4346bb2cfad5e5ad023f",5,19,3
"195e7e185f2d4346bb2cfad5e5ad023f",5,6,2
"195e7e185f2d4346bb2cfad5e5ad023f",5,1,6
"195e7e185f2d4346bb2cfad5e5ad023f",5,13,7
"195e7e185f2d4346bb2cfad5e5ad023f",5,11,1
"1b53079ceaf94e0396763c32908ac53f",7,23,2
"1d1b0112e5fc4665b6259b6538dc0939",10,11,3
"1d1b0112e5fc4665b6259b6538dc0939",10,3,2
"1d1b0112e5fc4665b6259b6538dc0939",10,1,3
"1d1b0112e5fc4665b6259b6538dc0939",10,23,2
"1d70eacf23834d34b4dda5073d230f29",5,13,3
"1d70eacf23834d34b4dda5073d230f29",5,8,1
"1d70eacf23834d34b4dda5073d230f29",5,1,4
"1d70eacf23834d34b4dda5073d230f29",5,19,7
"1d70eacf23834d34b4dda5073d230f29",5,23,7
"1d70eacf23834d34b4dda5073d230f29",5,3,4
"1d70eacf23834d34b4dda5073d230f29",5,5,3
"1e951f7b564247088afe5da99452ba04",10,1,7
"1e951f7b564247088afe5da99452ba04",10,5,3
"1e951f7b564247088afe5da99452ba04",10,13,4
"1fe4c1318fd54f66b040b4dfb416ef74",4,13,7
"1fe4c1318fd54f66b040b4dfb416ef74",4,11,7
"1fe4c1318fd54f66b040b4dfb416ef74",4,1,6
"1fe4c1318fd54f66b040b4dfb416ef74",4,3,2
"20d6da2686574173adaf3413391ca906",5,10,1
"20d6da2686574173adaf3413391ca906",5,11,7
"20d6da2686574173adaf3413391ca906",5,23,7
"20d6da2686574173adaf3413391ca906",5,1,7
"2140c5c82fb2488b8e6036d60d423225",7,11,2
"2140c5c82fb2488b8e6036d60d423225",7,3,2
"2140c5c82fb2488b8e6036d60d423225",7,1,1
"21f10611df214254b3541c9eb5c93c13",4,4,2
"21f10611df214254b3541c9eb5c93c13",4,6,7
"21f10611df214254b3541c9eb5c93c13",4,3,7
"228ea02d49594149a81805983d000ce9",3,1,3
"228ea02d49594149a81805983d000ce9",3,13,4
"2342cd7d1e3d4166aab8918e8555d0d0",5,13,4
"2342cd7d1e3d4166aab8918e8555d0d0",5,19,7
"2342cd7d1e3d4166aab8918e8555d0d0",5,1,5
"236cfc7a73be4fbf961dfe0e1da153f0",10,21,7
"236cfc7a73be4fbf961dfe0e1da153f0",10,13,4
"236cfc7a73be4fbf961dfe0e1da153f0",10,10,1
"236cfc7a73be4fbf961dfe0e1da153f0",10,11,4
"236cfc7a73be4fbf961dfe0e1da153f0",10,9,1
"23825fe7c5d9468fac206ac53bb12e1a",7,19,7
"23825fe7c5d9468fac206ac53bb12e1a",7,11,7
"23825fe7c5d9468fac206ac53bb12e1a",7,6,2
"23825fe7c5d9468fac206ac53bb12e1a",7,1,3
"25433274635a41ac80e8eeb62a694a1a",7,19,7
"25433274635a41ac80e8eeb62a694a1a",7,5,3
"25433274635a41ac80e8eeb62a694a1a",7,3,7
"25433274635a41ac80e8eeb62a694a1a",7,23,7
"25433274635a41ac80e8eeb62a694a1a",7,10,3
"25bca54a351240c7900a48203fade4b4",8,4,3
"25bca54a351240c7900a48203fade4b4",8,3,7
"25db106efa724efdb5c0420e2bd97944",7,23,7
"25db106efa724efdb5c0420e2bd97944",7,11,2
"25db106efa724efdb5c0420e2bd97944",7,1,3
"25db106efa724efdb5c0420e2bd97944",7,13,4
"26372ce413f748b98a3b3d1b1ee64608",6,11,1
"26372ce413f748b98a3b3d1b1ee64608",6,19,7
"26372ce413f748b98a3b3d1b1ee64608",6,4,3
"26372ce413f748b98a3b3d1b1ee64608",6,3,2
"26372ce413f748b98a3b3d1b1ee64608",6,1,7
"26372ce413f748b98a3b3d1b1ee64608",6,13,3
"26cdf966ad3d4347a3b64baeba4acc3d",11,1,7
"26cdf966ad3d4347a3b64baeba4acc3d",11,11,7
"275628d5ba744b6585a7e7b6f5ba8e45",12,10,3
"275628d5ba744b6585a7e7b6f5ba8e45",12,2,2
"275628d5ba744b6585a7e7b6f5ba8e45",12,19,7
"275628d5ba744b6585a7e7b6f5ba8e45",12,1,6
"275628d5ba744b6585a7e7b6f5ba8e45",12,13,5
"2793689c81fe4a66a7cfe86d1b3150f9",9,4,5
"2793689c81fe4a66a7cfe86d1b3150f9",9,12,7
"2793689c81fe4a66a7cfe86d1b3150f9",9,1,7
"2799950e3b464fd1b3458b74361da9b9",13,1,7
"2799950e3b464fd1b3458b74361da9b9",13,4,7
"2799950e3b464fd1b3458b74361da9b9",13,12,1
"2799950e3b464fd1b3458b74361da9b9",13,19,7
"2799950e3b464fd1b3458b74361da9b9",13,3,3
"2799950e3b464fd1b3458b74361da9b9",13,13,7
"282cd74076c2438f921c0ccf6160fdfe",12,1,7
"28cd2ccd0f144e4c816092654cfc2727",7,4,2
"28cd2ccd0f144e4c816092654cfc2727",7,1,2
"28cd2ccd0f144e4c816092654cfc2727",7,19,4
"28cd2ccd0f144e4c816092654cfc2727",7,3,3
"28cf2e844e8f4445bf3bfccc02b66b49",4,11,4
"28cf2e844e8f4445bf3bfccc02b66b49",4,2,3
"28cf2e844e8f4445bf3bfccc02b66b49",4,4,2
"28cf2e844e8f4445bf3bfccc02b66b49",4,21,7
"28cf2e844e8f4445bf3bfccc02b66b49",4,5,7
"28cf2e844e8f4445bf3bfccc02b66b49",4,1,2
"28cf2e844e8f4445bf3bfccc02b66b49",4,6,3
"29d372b1412b47f8a56376ec4cf28707",9,4,2
"29d372b1412b47f8a56376ec4cf28707",9,1,4
"2a51f29fbf274a588d3017cbc2c50dea",7,11,7
"2a51f29fbf274a588d3017cbc2c50dea",7,23,7
"2a51f29fbf274a588d3017cbc2c50dea",7,1,7
"2a51f29fbf274a588d3017cbc2c50dea",7,13,7
"2a8596db3d5a4dff968707a60106ca7f",7,6,7
"2a8596db3d5a4dff968707a60106ca7f",7,11,7
"2a8596db3d5a4dff968707a60106ca7f",7,1,7
"2c26585736444489a370ee90f939872c",6,10,1
"2c26585736444489a370ee90f939872c",6,4,7
"2c26585736444489a370ee90f939872c",6,1,7
"2c5fb73501804b39ad74d51b52188688",6,4,5
"2c5fb73501804b39ad74d51b52188688",6,1,7
"2c5fb73501804b39ad74d51b52188688",6,11,2
"2ccb2dbb24b4411ab872957322c924ba",4,2,2
"2ccb2dbb24b4411ab872957322c924ba",4,19,7
"2ccb2dbb24b4411ab872957322c924ba",4,10,1
"2ccb2dbb24b4411ab872957322c924ba",4,3,2
"2d683a86b3e247ed8e8d9c59c8dba618",8,1,7
"2d683a86b3e247ed8e8d9c59c8dba618",8,4,5
"2dd973cdd68e4aebb9022299bb510b2d",6,11,5
"2dd973cdd68e4aebb9022299bb510b2d",6,4,2
"2dd973cdd68e4aebb9022299bb510b2d",6,19,4
"2dd973cdd68e4aebb9022299bb510b2d",6,1,5
"2dd973cdd68e4aebb9022299bb510b2d",6,5,3
"2eb976486cfa4f4b992d87c52227a2d3",9,1,5
"2eb976486cfa4f4b992d87c52227a2d3",9,11,7
"2f1a7d2120d64757a214842e7a29b673",2,10,1
"2f1a7d2120d64757a214842e7a29b673",2,1,7
"2f3a098e58ac41a8b58f0fea74822b1d",5,1,5
"2f3a098e58ac41a8b58f0fea74822b1d",5,13,4
"2f3a098e58ac41a8b58f0fea74822b1d",5,5,2
"2f3a098e58ac41a8b58f0fea74822b1d",5,10,1
"2f3a098e58ac41a8b58f0fea74822b1d",5,23,7
"2f3a098e58ac41a8b58f0fea74822b1d",5,4,3
"2f3a098e58ac41a8b58f0fea74822b1d",5,19,7
"2f4f8d7f02aa464b85274a488b590a20",5,13,3
"2f4f8d7f02aa464b85274a488b590a20",5,4,2
"2f4f8d7f02aa464b85274a488b590a20",5,1,5
"2f4f8d7f02aa464b85274a488b590a20",5,15,2
"2f4f8d7f02aa464b85274a488b590a20",5,2,2
"309a68a1a2c04e2c95fbb5342b4b28ef",15,1,5
"309a68a1a2c04e2c95fbb5342b4b28ef",15,6,1
"309a68a1a2c04e2c95fbb5342b4b28ef",15,11,4
"3125d7938c8a4df099a04c983c4ea29b",6,11,3
"3125d7938c8a4df099a04c983c4ea29b",6,3,4
"3125d7938c8a4df099a04c983c4ea29b",6,5,2
"31d7468554bd42e2b42353d2a12fd69e",4,3,7
"31dfcc57039b4ac2a94a8baa379d1386",4,13,4
"31dfcc57039b4ac2a94a8baa379d1386",4,1,5
"3320ef7c916142e5a2bbdc984aa4cf16",6,1,7
"3320ef7c916142e5a2bbdc984aa4cf16",6,5,7
"3320ef7c916142e5a2bbdc984aa4cf16",6,4,7
"3320ef7c916142e5a2bbdc984aa4cf16",6,13,7
"3320ef7c916142e5a2bbdc984aa4cf16",6,19,7
"33a3fafffb4a474fb4621d9ae24c52b6",11,19,7
"33a3fafffb4a474fb4621d9ae24c52b6",11,3,7
"33a3fafffb4a474fb4621d9ae24c52b6",11,1,7
"33a3fafffb4a474fb4621d9ae24c52b6",11,5,7
"33a3fafffb4a474fb4621d9ae24c52b6",11,15,2
"33a3fafffb4a474fb4621d9ae24c52b6",11,4,7
"340f7d1cd070433289233c47135b8390",4,4,1
"340f7d1cd070433289233c47135b8390",4,1,3
"340f7d1cd070433289233c47135b8390",4,19,3
"34d21965473246159336463c8a6ed1d9",8,13,3
"34d21965473246159336463c8a6ed1d9",8,23,7
"34d21965473246159336463c8a6ed1d9",8,3,5
"34d21965473246159336463c8a6ed1d9",8,10,3
"34d21965473246159336463c8a6ed1d9",8,1,2
"357decf44a614ba1a851b036ffc037ab",4,4,3
"357decf44a614ba1a851b036ffc037ab",4,1,5
"357decf44a614ba1a851b036ffc037ab",4,3,2
"357decf44a614ba1a851b036ffc037ab",4,10,5
"357decf44a614ba1a851b036ffc037ab",4,13,2
"361db5497c524c4fab8063f627314604",9,11,3
"361db5497c524c4fab8063f627314604",9,1,1
"36386237ed3b4607b384a88bbf8c5ad2",4,11,7
"36386237ed3b4607b384a88bbf8c5ad2",4,3,7
"36908497431a4492a6666712b94073cf",9,1,7
"36908497431a4492a6666712b94073cf",9,3,7
"36992f498601434baac9c51a693c27d8",4,19,7
"36992f498601434baac9c51a693c27d8",4,3,5
"36992f498601434baac9c51a693c27d8",4,13,7
"36b1194afa2a46889b315a883249769f",5,1,7
"36b1194afa2a46889b315a883249769f",5,5,7
"36b1194afa2a46889b315a883249769f",5,3,7
"36e81608b34e4e338d21b0a091c58690",7,13,7
"36e81608b34e4e338d21b0a091c58690",7,11,7
"36e81608b34e4e338d21b0a091c58690",7,1,7
"372c6c08f26647e4844a6fc84cf19cb7",4,1,5
"372c6c08f26647e4844a6fc84cf19cb7",4,8,1
"372c6c08f26647e4844a6fc84cf19cb7",4,19,4
"37b70f60adc947949a9b765afb45d71f",8,4,7
"37b70f60adc947949a9b765afb45d71f",8,3,3
"37c65147f7534277984447a500ea7c3c",4,1,3
"37c65147f7534277984447a500ea7c3c",4,9,2
"37c65147f7534277984447a500ea7c3c",4,5,1
"37cd7a15e3294dc29c63e8bb05955312",11,11,7
"37cd7a15e3294dc29c63e8bb05955312",11,3,3
"37cd7a15e3294dc29c63e8bb05955312",11,1,7
"3b486c0be9c6474c803bbeb58aaa0a14",3,1,7
"3b486c0be9c6474c803bbeb58aaa0a14",3,19,7
"3b73ebe890704075a97c2d67ff10ff7f",8,1,7
"3b742e0ce416464e80f71829661c95f3",5,9,1
"3b742e0ce416464e80f71829661c95f3",5,1,3
"3d934f9027c042ad8a18718ff3574514",3,10,2
"3d934f9027c042ad8a18718ff3574514",3,1,5
"3d934f9027c042ad8a18718ff3574514",3,11,2
"3d934f9027c042ad8a18718ff3574514",3,12,7
"3dd19e9d91eb4d9dbbc12fe2148b7d34",10,1,5
"3dd19e9d91eb4d9dbbc12fe2148b7d34",10,19,2
"3dd19e9d91eb4d9dbbc12fe2148b7d34",10,12,5
"3dd19e9d91eb4d9dbbc12fe2148b7d34",10,5,2
"3dd19e9d91eb4d9dbbc12fe2148b7d34",10,11,2
"3df762b88c104fceac94e41661800423",4,3,4
"3df762b88c104fceac94e41661800423",4,4,4
"3e585de4d95e4b06be8f7a11274483c3",3,11,5
"3e585de4d95e4b06be8f7a11274483c3",3,4,2
"3e585de4d95e4b06be8f7a11274483c3",3,1,7
"3e7e8b3de8784bb9b765f4c7752b6ded",8,13,7
"3e7e8b3de8784bb9b765f4c7752b6ded",8,10,2
"3e7e8b3de8784bb9b765f4c7752b6ded",8,3,1
"3ee43e751a664d1abe9b26f5977c9a34",5,11,4
"3ee43e751a664d1abe9b26f5977c9a34",5,3,7
"3f36b6cbcf534a88b49d9f3845f65470",7,11,7
"3f36b6cbcf534a88b49d9f3845f65470",7,3,7
"3f36b6cbcf534a88b49d9f3845f65470",7,10,2
"3f36b6cbcf534a88b49d9f3845f65470",7,4,3
"3f6bbcf02a1149a484cc0f0f663c54db",10,11,7
"3f6bbcf02a1149a484cc0f0f663c54db",10,10,2
"3f6bbcf02a1149a484cc0f0f663c54db",10,1,3
"3f6bbcf02a1149a484cc0f0f663c54db",10,19,7
"3f6bbcf02a1149a484cc0f0f663c54db",10,3,7
"40a59bc3945747cfa11872b03e97172b",9,13,4
"40a59bc3945747cfa11872b03e97172b",9,3,7
"41161a7161a7457b84a221d17c13782c",4,4,7
"41161a7161a7457b84a221d17c13782c",4,1,7
"41161a7161a7457b84a221d17c13782c",4,5,7
"42549bd20c7345fcaa241afa7dedb364",7,13,7
"42549bd20c7345fcaa241afa7dedb364",7,1,5
"42549bd20c7345fcaa241afa7dedb364",7,4,4
"42549bd20c7345fcaa241afa7dedb364",7,9,2
"42c89a0c06dc406daf794cef54865d89",9,2,7
"42d4c1e7b7984e4790ee7ddae6727a71",6,15,6
"42d4c1e7b7984e4790ee7ddae6727a71",6,5,7
"42d4c1e7b7984e4790ee7ddae6727a71",6,3,4
"42d4c1e7b7984e4790ee7ddae6727a71",6,19,7
"42d4c1e7b7984e4790ee7ddae6727a71",6,1,7
"42d4c1e7b7984e4790ee7ddae6727a71",6,11,7
"42f4799429c6490ebbcd277e13fa744d",6,1,2
"42f4799429c6490ebbcd277e13fa744d",6,19,7
"42f4799429c6490ebbcd277e13fa744d",6,4,3
"42f4799429c6490ebbcd277e13fa744d",6,10,2
"431957a3478248aeb6c4637eda5a1ad4",9,11,7
"435987dbfde14869be5af088f849bbd4",8,1,7
"435987dbfde14869be5af088f849bbd4",8,6,7
"435987dbfde14869be5af088f849bbd4",8,2,1
"435987dbfde14869be5af088f849bbd4",8,10,3
"43676e7af3a347c390eb7bc294784dfd",6,11,3
"43676e7af3a347c390eb7bc294784dfd",6,15,3
"43676e7af3a347c390eb7bc294784dfd",6,5,7
"43676e7af3a347c390eb7bc294784dfd",6,4,1
"43676e7af3a347c390eb7bc294784dfd",6,19,7
"43676e7af3a347c390eb7bc294784dfd",6,3,7
"43676e7af3a347c390eb7bc294784dfd",6,18,2
"439470905bc046a3b4ca092ebbb281fc",4,1,3
"439470905bc046a3b4ca092ebbb281fc",4,3,5
"439470905bc046a3b4ca092ebbb281fc",4,11,3
"440dd7875bc345c7b08b421faa512592",7,11,7
"440dd7875bc345c7b08b421faa512592",7,6,7
"4431b77d140142969216b6a63dc40667",9,3,1
"44b7eb6679d04f2192783b1c29b05033",3,11,7
"44b7eb6679d04f2192783b1c29b05033",3,3,6
"451328a22e46469495762214d4b1df10",15,2,4
"451328a22e46469495762214d4b1df10",15,10,3
"451328a22e46469495762214d4b1df10",15,4,3
"451328a22e46469495762214d4b1df10",15,1,5
"451328a22e46469495762214d4b1df10",15,11,5
"466fd80fc52344ce99ab19c4f102e4eb",3,3,7
"478bb11b7570489b81a7b195c95db5bb",6,1,3
"478bb11b7570489b81a7b195c95db5bb",6,3,6
"478bb11b7570489b81a7b195c95db5bb",6,13,7
"478bb11b7570489b81a7b195c95db5bb",6,10,1
"478bb11b7570489b81a7b195c95db5bb",6,19,4
"478bb11b7570489b81a7b195c95db5bb",6,6,1
"47dbb99a6fe142329ddabfef5d78d640",7,11,6
"47dbb99a6fe142329ddabfef5d78d640",7,1,5
"47dbb99a6fe142329ddabfef5d78d640",7,8,3
"47dbb99a6fe142329ddabfef5d78d640",7,12,7
"487fbda86e8e40ca8f2d68ac4bf3f5be",14,2,7
"487fbda86e8e40ca8f2d68ac4bf3f5be",14,1,7
"487fbda86e8e40ca8f2d68ac4bf3f5be",14,4,3
"487fbda86e8e40ca8f2d68ac4bf3f5be",14,3,3
"489b6a0849fe448b9483256266506ef2",5,1,3
"489b6a0849fe448b9483256266506ef2",5,10,3
"489b6a0849fe448b9483256266506ef2",5,19,7
"489b6a0849fe448b9483256266506ef2",5,4,2
"489b6a0849fe448b9483256266506ef2",5,3,4
"496e720d7b67421b8350646ddf9af9f2",3,19,7
"496e720d7b67421b8350646ddf9af9f2",3,3,4
"496e720d7b67421b8350646ddf9af9f2",3,9,2
"49987fd967404dcd86454fb94fb6fd55",9,1,3
"49987fd967404dcd86454fb94fb6fd55",9,21,7
"49987fd967404dcd86454fb94fb6fd55",9,12,1
"49987fd967404dcd86454fb94fb6fd55",9,11,3
"49987fd967404dcd86454fb94fb6fd55",9,3,1
"49a0ea12aca04db3812c4704772e5186",7,1,7
"49a0ea12aca04db3812c4704772e5186",7,4,7
"4aa7e3e3aa76461eb2006f013c593752",5,4,2
"4aa7e3e3aa76461eb2006f013c593752",5,11,5
"4aa7e3e3aa76461eb2006f013c593752",5,1,5
"4b285f0f20c646dea7e3dd2da5a0cc5c",6,5,7
"4b285f0f20c646dea7e3dd2da5a0cc5c",6,10,1
"4b285f0f20c646dea7e3dd2da5a0cc5c",6,1,7
"4b285f0f20c646dea7e3dd2da5a0cc5c",6,4,4
"4b285f0f20c646dea7e3dd2da5a0cc5c",6,6,3
"4b285f0f20c646dea7e3dd2da5a0cc5c",6,7,1
"4b7b477a6d214019ab531b245c5c6474",6,3,7
"4b7b477a6d214019ab531b245c5c6474",6,10,7
"4b7b477a6d214019ab531b245c5c6474",6,19,7
"4bba574bbf8f46ccbc10019d13da3841",11,1,7
"4bba574bbf8f46ccbc10019d13da3841",11,4,7
"4ce75b49d19f496f9dec50c50813251f",6,1,7
"4d163b2ea24c4d54806ef89c90376f19",9,11,7
"4d653bb8ed4c40c6a5db54dcfdd0ebcb",6,5,3
"4d653bb8ed4c40c6a5db54dcfdd0ebcb",6,1,4
"4d653bb8ed4c40c6a5db54dcfdd0ebcb",6,3,1
"4d77a6468adb430faa1279387ee1a0d8",8,8,1
"4d77a6468adb430faa1279387ee1a0d8",8,5,7
"4d77a6468adb430faa1279387ee1a0d8",8,4,2
"4d77a6468adb430faa1279387ee1a0d8",8,1,7
"4d77a6468adb430faa1279387ee1a0d8",8,13,2
"4f4a1fbe2ba741a88426a21e99551e35",3,11,7
"4f4a1fbe2ba741a88426a21e99551e35",3,4,3
"4fcac595a4bf40d69cba13807e4dfe71",7,19,7
"4fcac595a4bf40d69cba13807e4dfe71",7,1,7
"4fcac595a4bf40d69cba13807e4dfe71",7,13,5
"4fcac595a4bf40d69cba13807e4dfe71",7,4,2
"505523711cd2452fb0d7d946216ae482",4,1,4
"505523711cd2452fb0d7d946216ae482",4,10,2
"5057ade8d6ee44db9a9fdb29ef5f15d3",4,8,2
"5057ade8d6ee44db9a9fdb29ef5f15d3",4,1,3
"50e0bd6fa19a4d4f8c96669910359c91",9,9,1
"50e0bd6fa19a4d4f8c96669910359c91",9,1,7
"50e0bd6fa19a4d4f8c96669910359c91",9,13,5
"50f1b984182f4ad383b4dcdf8685981a",6,4,2
"50f1b984182f4ad383b4dcdf8685981a",6,19,7
"50f1b984182f4ad383b4dcdf8685981a",6,1,4
"5194755e4fc140498ff85f1759ca8895",7,1,7
"5194755e4fc140498ff85f1759ca8895",7,5,7
"5194755e4fc140498ff85f1759ca8895",7,4,3
"5194755e4fc140498ff85f1759ca8895",7,3,5
"51dccf3bbb3740c1962c5d34f32f5dcd",8,11,7
"51dccf3bbb3740c1962c5d34f32f5dcd",8,1,7
"51dccf3bbb3740c1962c5d34f32f5dcd",8,3,2
"52cbe6a1b6b8481cabe9c7d5fe14f626",7,1,7
"52cbe6a1b6b8481cabe9c7d5fe14f626",7,6,7
"52cbe6a1b6b8481cabe9c7d5fe14f626",7,11,2
"532dd7454bd147a992bb9f40808ff7c6",5,1,7
"55e256a234e141cea64051f860072767",8,1,4
"55e256a234e141cea64051f860072767",8,19,3
"55e256a234e141cea64051f860072767",8,15,2
"5617b8c8b9b64ab98375b724978b8ff9",4,3,2
"5617b8c8b9b64ab98375b724978b8ff9",4,1,7
"5617b8c8b9b64ab98375b724978b8ff9",4,13,5
"5617b8c8b9b64ab98375b724978b8ff9",4,11,3
"5617b8c8b9b64ab98375b724978b8ff9",4,19,7
"5617b8c8b9b64ab98375b724978b8ff9",4,21,7
"5617b8c8b9b64ab98375b724978b8ff9",4,4,1
"561b22f3db874c2d9200f5fc5fcd8815",10,4,2
"561b22f3db874c2d9200f5fc5fcd8815",10,1,7
"561b22f3db874c2d9200f5fc5fcd8815",10,6,2
"561b22f3db874c2d9200f5fc5fcd8815",10,13,6
"56ce385d39df4a0590ca4243ad2fcc2b",5,3,2
"56ce385d39df4a0590ca4243ad2fcc2b",5,11,3
"56ce385d39df4a0590ca4243ad2fcc2b",5,1,7
"56ce385d39df4a0590ca4243ad2fcc2b",5,5,7
"56ce385d39df4a0590ca4243ad2fcc2b",5,19,7
"5721ad458afe436a97e71438fe24fe1c",9,6,7
"5721ad458afe436a97e71438fe24fe1c",9,3,1
"5721ad458afe436a97e71438fe24fe1c",9,1,7
"5721ad458afe436a97e71438fe24fe1c",9,10,5
"5721ad458afe436a97e71438fe24fe1c",9,21,7
"5721ad458afe436a97e71438fe24fe1c",9,11,1
"5721ad458afe436a97e71438fe24fe1c",9,19,7
"57715583020e4b8393c3eebd059edaa9",4,3,7
"57bffaba1b7e46f58b60fa9c0948e0fb",7,1,7
"57bffaba1b7e46f58b60fa9c0948e0fb",7,21,7
"57bffaba1b7e46f58b60fa9c0948e0fb",7,23,7
"57bffaba1b7e46f58b60fa9c0948e0fb",7,4,5
"58cb595bf02345819cd8406fd6a9c412",7,3,3
"58cb595bf02345819cd8406fd6a9c412",7,11,7
"592e3150e433437594322098f18b75d5",9,4,3
"592e3150e433437594322098f18b75d5",9,11,2
"592e3150e433437594322098f18b75d5",9,3,7
"592e3150e433437594322098f18b75d5",9,21,7
"592e3150e433437594322098f18b75d5",9,19,7
"592e3150e433437594322098f18b75d5",9,13,7
"5a191f4feef04101bfcf7185113a4d4c",5,11,2
"5a191f4feef04101bfcf7185113a4d4c",5,1,7
"5a5c898bf25745f9bcf8c21878a8bcdc",6,1,7
"5a5c898bf25745f9bcf8c21878a8bcdc",6,12,3
"5a5c898bf25745f9bcf8c21878a8bcdc",6,4,7
"5a5c898bf25745f9bcf8c21878a8bcdc",6,11,3
"5aa4d09b72144eb38f307e1a32cb0a5c",9,10,2
"5aa4d09b72144eb38f307e1a32cb0a5c",9,1,7
"5aa4d09b72144eb38f307e1a32cb0a5c",9,4,3
"5aa4d09b72144eb38f307e1a32cb0a5c",9,12,7
"5c2df8052842466296ebba2560caa630",4,1,2
"5c2df8052842466296ebba2560caa630",4,6,1
"5c2df8052842466296ebba2560caa630",4,11,2
"5c2df8052842466296ebba2560caa630",4,5,1
"5c2df8052842466296ebba2560caa630",4,3,1
"5c4fe1d960a74d80ad0c9ed7a61a7151",3,3,4
"5c4fe1d960a74d80ad0c9ed7a61a7151",3,8,2
"5c4fe1d960a74d80ad0c9ed7a61a7151",3,21,98
"5c4fe1d960a74d80ad0c9ed7a61a7151",3,9,1
"5c4fe1d960a74d80ad0c9ed7a61a7151",3,13,7
"5c4fe1d960a74d80ad0c9ed7a61a7151",3,23,7
"5c4fe1d960a74d80ad0c9ed7a61a7151",3,11,6
"5c6fad0bb1bf48eba5ae64e0f744b2ff",5,2,1
"5c6fad0bb1bf48eba5ae64e0f744b2ff",5,3,2
"5d48520b75b64166872b87db4deca46b",3,1,1
"5d48520b75b64166872b87db4deca46b",3,10,3
"5d48520b75b64166872b87db4deca46b",3,13,1
"5d48520b75b64166872b87db4deca46b",3,6,5
"5d48520b75b64166872b87db4deca46b",3,3,4
"5d48520b75b64166872b87db4deca46b",3,12,7
"5d68cfcfbbfb41b3a880077dbef766dd",3,11,3
"5d68cfcfbbfb41b3a880077dbef766dd",3,1,7
"5d95010e7fb44f7e8d9ce7ae819cba70",4,11,7
"5d95010e7fb44f7e8d9ce7ae819cba70",4,1,7
"5d95010e7fb44f7e8d9ce7ae819cba70",4,2,2
"5d95010e7fb44f7e8d9ce7ae819cba70",4,23,7
"5d9ecec6100948e58266de6414a782ca",7,4,5
"5d9ecec6100948e58266de6414a782ca",7,1,7
"5ee0b80d645a49f297f9f08261dc816a",3,1,7
"5ee0b80d645a49f297f9f08261dc816a",3,9,3
"5ee0b80d645a49f297f9f08261dc816a",3,2,7
"5ee0b80d645a49f297f9f08261dc816a",3,3,7
"5f009fa909694fed9d9b761769e74b87",5,19,5
"5f009fa909694fed9d9b761769e74b87",5,12,7
"5f009fa909694fed9d9b761769e74b87",5,15,1
"5f009fa909694fed9d9b761769e74b87",5,3,5
"5f18649c360345fd83b757426fa37c9f",7,10,2
"5f18649c360345fd83b757426fa37c9f",7,1,7
"5f18649c360345fd83b757426fa37c9f",7,13,4
"5f4b039ce2be46bd9d4740d4f7f4ec3a",4,3,3
"5f4b039ce2be46bd9d4740d4f7f4ec3a",4,19,7
"5f4b039ce2be46bd9d4740d4f7f4ec3a",4,4,5
"5fb6d1c3ec3d442a908f8897863fa69f",3,19,7
"5fb6d1c3ec3d442a908f8897863fa69f",3,3,7
"5fb6d1c3ec3d442a908f8897863fa69f",3,1,7
"5fb6d1c3ec3d442a908f8897863fa69f",3,11,1
"5fb6d1c3ec3d442a908f8897863fa69f",3,18,2
"5fb6d1c3ec3d442a908f8897863fa69f",3,6,5
"5fb6d1c3ec3d442a908f8897863fa69f",3,4,2
"5fb6d1c3ec3d442a908f8897863fa69f",3,10,1
"5fc545f8e5084965b9cbe407a2600ee4",7,3,7
"5fc545f8e5084965b9cbe407a2600ee4",7,5,2
"5fc545f8e5084965b9cbe407a2600ee4",7,4,3
"5fd82aee8bc44937937e1d3bb92f2402",7,23,3
"5fd82aee8bc44937937e1d3bb92f2402",7,3,7
"5fd82aee8bc44937937e1d3bb92f2402",7,4,7
"5fd82aee8bc44937937e1d3bb92f2402",7,19,2
"60e1b38ddda44d5ab2ab4d4fad733c24",5,1,7
"60e1b38ddda44d5ab2ab4d4fad733c24",5,11,7
"60eb8eacf39e4bf58d3f0aa091c629d9",4,3,1
"60eb8eacf39e4bf58d3f0aa091c629d9",4,11,4
"60eb8eacf39e4bf58d3f0aa091c629d9",4,1,6
"611d28e0e8354eb2badd6faa64c6b162",7,11,3
"611d28e0e8354eb2badd6faa64c6b162",7,1,3
"61da749fb95c432dabf6c100b9776119",9,11,7
"61da749fb95c432dabf6c100b9776119",9,3,7
"61da749fb95c432dabf6c100b9776119",9,4,5
"62899cb37c684975ab6393832eb4c221",9,4,7
"62899cb37c684975ab6393832eb4c221",9,1,7
"62c05af903a244399a7eb6b19577120e",4,1,7
"62c05af903a244399a7eb6b19577120e",4,8,1
"63ca9150586c41c5ae9c27f76edf38f3",13,19,7
"63ca9150586c41c5ae9c27f76edf38f3",13,3,5
"63ca9150586c41c5ae9c27f76edf38f3",13,4,3
"63da3db84d90445bb87ab1627fee7b3d",5,3,7
"63da3db84d90445bb87ab1627fee7b3d",5,8,4
"63da3db84d90445bb87ab1627fee7b3d",5,10,2
"65c6d792795d4dbfb9ef3383bb4f39e5",5,10,1
"65c6d792795d4dbfb9ef3383bb4f39e5",5,12,7
"65c6d792795d4dbfb9ef3383bb4f39e5",5,11,7
"65c6d792795d4dbfb9ef3383bb4f39e5",5,1,7
"65deaa19d2694ea4bc751f9ed444c2b6",8,12,5
"65deaa19d2694ea4bc751f9ed444c2b6",8,11,3
"65deaa19d2694ea4bc751f9ed444c2b6",8,4,2
"65deaa19d2694ea4bc751f9ed444c2b6",8,19,5
"65deaa19d2694ea4bc751f9ed444c2b6",8,3,2
"65deaa19d2694ea4bc751f9ed444c2b6",8,1,3
"66791e53847547b8be21995e63de09b5",8,19,1
"66791e53847547b8be21995e63de09b5",8,10,2
"66791e53847547b8be21995e63de09b5",8,1,3
"66791e53847547b8be21995e63de09b5",8,11,1
"66e203a6003746b782041eacecdc08f5",6,11,5
"66e203a6003746b782041eacecdc08f5",6,3,4
"679ed90eab8f4803acf3f69c7e82cf8d",5,4,3
"679ed90eab8f4803acf3f69c7e82cf8d",5,1,7
"679ed90eab8f4803acf3f69c7e82cf8d",5,13,2
"67a2258d286147569f311ea185d309bb",4,1,4
"67a2258d286147569f311ea185d309bb",4,3,3
"67a2258d286147569f311ea185d309bb",4,11,5
"67a2258d286147569f311ea185d309bb",4,19,6
"6868bd77f5f4458b91be5765df749a12",8,21,7
"6868bd77f5f4458b91be5765df749a12",8,11,7
"6868bd77f5f4458b91be5765df749a12",8,1,7
"68c06cbb82224e83bc49c837dc15fbfc",3,3,1
"68c06cbb82224e83bc49c837dc15fbfc",3,6,4
"68c06cbb82224e83bc49c837dc15fbfc",3,1,7
"68e7df4580f8452b8effc5be6975cb75",6,1,3
"68e7df4580f8452b8effc5be6975cb75",6,2,1
"68e7df4580f8452b8effc5be6975cb75",6,3,1
"68e7df4580f8452b8effc5be6975cb75",6,4,1
"68e7df4580f8452b8effc5be6975cb75",6,5,7
"68e7df4580f8452b8effc5be6975cb75",6,11,2
"68e7df4580f8452b8effc5be6975cb75",6,13,6
"68e7df4580f8452b8effc5be6975cb75",6,19,7
"6994a5fe918e48f18877c32364358bb4",6,4,2
"6994a5fe918e48f18877c32364358bb4",6,1,7
"6a3899b9c0624a688b55f57a70e98844",12,4,4
"6a3899b9c0624a688b55f57a70e98844",12,19,3
"6a3899b9c0624a688b55f57a70e98844",12,3,7
"6a3899b9c0624a688b55f57a70e98844",12,5,2
"6a3899b9c0624a688b55f57a70e98844",12,10,4
"6a3899b9c0624a688b55f57a70e98844",12,1,2
"6bab49e93ddc4d00a791304f09637dba",3,4,2
"6bab49e93ddc4d00a791304f09637dba",3,19,7
"6bab49e93ddc4d00a791304f09637dba",3,3,3
"6bab49e93ddc4d00a791304f09637dba",3,5,3
"6bb277b726a24e6eaf76059e67a62e8c",9,16,7
"6bb277b726a24e6eaf76059e67a62e8c",9,19,7
"6bb277b726a24e6eaf76059e67a62e8c",9,5,1
"6bb277b726a24e6eaf76059e67a62e8c",9,11,5
"6bb277b726a24e6eaf76059e67a62e8c",9,1,2
"6bb277b726a24e6eaf76059e67a62e8c",9,23,7
"6bb277b726a24e6eaf76059e67a62e8c",9,4,7
"6bd0f5f6bee1481294bb5983820e79aa",4,12,7
"6bd0f5f6bee1481294bb5983820e79aa",4,1,7
"6bd0f5f6bee1481294bb5983820e79aa",4,11,7
"6c2ff990240445c7883ea9e8ce80b3e1",8,11,4
"6c2ff990240445c7883ea9e8ce80b3e1",8,1,7
"6c2ff990240445c7883ea9e8ce80b3e1",8,13,7
"6c2ff990240445c7883ea9e8ce80b3e1",8,3,7
"6cb224e2cbec449b95c991a84da3e93d",4,5,7
"6cb224e2cbec449b95c991a84da3e93d",4,15,2
"6cb224e2cbec449b95c991a84da3e93d",4,18,2
"6cb224e2cbec449b95c991a84da3e93d",4,3,7
"6cb224e2cbec449b95c991a84da3e93d",4,4,2
"6cb224e2cbec449b95c991a84da3e93d",4,10,2
"6cb224e2cbec449b95c991a84da3e93d",4,19,7
"6cb224e2cbec449b95c991a84da3e93d",4,1,7
"6cc6cae1e8f840878871e706eaf75e9f",8,1,7
"6cc6cae1e8f840878871e706eaf75e9f",8,13,7
"6cc6cae1e8f840878871e706eaf75e9f",8,19,7
"6cc6cae1e8f840878871e706eaf75e9f",8,4,7
"6cfb7f59ca214bcaa1a0c7cfccf81212",3,21,4
"6cfb7f59ca214bcaa1a0c7cfccf81212",3,5,4
"6cfb7f59ca214bcaa1a0c7cfccf81212",3,23,6
"6cfb7f59ca214bcaa1a0c7cfccf81212",3,3,3
"6d58ddebd3ac4a85b8046454b0fc29e7",7,4,7
"6d58ddebd3ac4a85b8046454b0fc29e7",7,1,7
"6d8be79bfedb4cc68d13c15449c6e8f9",4,23,1
"6d8fa429358241b8a03502183b444d71",6,19,7
"6d8fa429358241b8a03502183b444d71",6,8,4
"6d8fa429358241b8a03502183b444d71",6,1,7
"6d8fa429358241b8a03502183b444d71",6,13,5
"6de89f55552546ff83d6c15fc5d03e3e",6,21,7
"6de89f55552546ff83d6c15fc5d03e3e",6,23,7
"6de89f55552546ff83d6c15fc5d03e3e",6,1,5
"6de89f55552546ff83d6c15fc5d03e3e",6,19,7
"6df7df34aecd474aa1dcad1f4347b1e5",4,9,1
"6df7df34aecd474aa1dcad1f4347b1e5",4,13,3
"6df7df34aecd474aa1dcad1f4347b1e5",4,3,2
"6df7df34aecd474aa1dcad1f4347b1e5",4,19,5
"6df7df34aecd474aa1dcad1f4347b1e5",4,10,3
"6df7df34aecd474aa1dcad1f4347b1e5",4,1,7
"6e2bc5b6f89d41dc8b963c8c9380ed55",6,1,3
"6e2bc5b6f89d41dc8b963c8c9380ed55",6,11,1
"6e2bc5b6f89d41dc8b963c8c9380ed55",6,3,7
"6e2bc5b6f89d41dc8b963c8c9380ed55",6,23,2
"6e38b3f162334c1f96ef0452e78a8477",10,9,7
"6e38b3f162334c1f96ef0452e78a8477",10,1,7
"6eb57c6c1531470ba5838165e31fce37",9,19,7
"6eb57c6c1531470ba5838165e31fce37",9,23,7
"6eb57c6c1531470ba5838165e31fce37",9,3,7
"6eb57c6c1531470ba5838165e31fce37",9,11,3
"6f42eeb630574c0b9ae5727b2edee3f6",7,1,2
"6f42eeb630574c0b9ae5727b2edee3f6",7,3,2
"6f741a82d8eb467a81a053a28f77fb29",9,1,5
"6f741a82d8eb467a81a053a28f77fb29",9,11,5
"6f741a82d8eb467a81a053a28f77fb29",9,6,5
"70382a948acc4827a776ad19228c1210",6,5,7
"70382a948acc4827a776ad19228c1210",6,10,1
"70382a948acc4827a776ad19228c1210",6,11,3
"70382a948acc4827a776ad19228c1210",6,19,7
"70382a948acc4827a776ad19228c1210",6,1,7
"70382a948acc4827a776ad19228c1210",6,6,3
"70382a948acc4827a776ad19228c1210",6,2,1
"7047d89a3db14e00a6706498ffbe8037",4,23,7
"7047d89a3db14e00a6706498ffbe8037",4,13,4
"7047d89a3db14e00a6706498ffbe8037",4,3,3
"7047d89a3db14e00a6706498ffbe8037",4,11,4
"7047d89a3db14e00a6706498ffbe8037",4,1,7
"7047d89a3db14e00a6706498ffbe8037",4,10,3
"70a13c579d4d4927902bbf153457f466",7,8,1
"70a13c579d4d4927902bbf153457f466",7,3,7
"72425fe1e1fe45939d0fdbfb77245b8d",6,19,7
"72425fe1e1fe45939d0fdbfb77245b8d",6,11,3
"72425fe1e1fe45939d0fdbfb77245b8d",6,1,7
"72425fe1e1fe45939d0fdbfb77245b8d",6,13,7
"7398be14da8645899748b8cd9411bbb9",7,5,1
"7398be14da8645899748b8cd9411bbb9",7,12,5
"7398be14da8645899748b8cd9411bbb9",7,3,4
"7398be14da8645899748b8cd9411bbb9",7,1,5
"7398be14da8645899748b8cd9411bbb9",7,9,6
"744552814b1949e291950a94e3143dee",5,3,1
"744552814b1949e291950a94e3143dee",5,11,1
"744552814b1949e291950a94e3143dee",5,5,1
"7474b0b4a0944d0f93fcd25b3f0e9ab9",5,11,6
"7474b0b4a0944d0f93fcd25b3f0e9ab9",5,3,2
"7474b0b4a0944d0f93fcd25b3f0e9ab9",5,1,5
"75b9e7e0c25240318625fec03b70a708",7,1,7
"75b9e7e0c25240318625fec03b70a708",7,21,7
"75b9e7e0c25240318625fec03b70a708",7,23,7
"75b9e7e0c25240318625fec03b70a708",7,5,3
"75b9e7e0c25240318625fec03b70a708",7,11,7
"75b9e7e0c25240318625fec03b70a708",7,19,7
"75fb68d00a7f41b0a3e119d3fc4d3554",4,11,2
"75fb68d00a7f41b0a3e119d3fc4d3554",4,1,7
"75fb68d00a7f41b0a3e119d3fc4d3554",4,5,7
"75fb68d00a7f41b0a3e119d3fc4d3554",4,13,2
"763deffa945545f0ad5144ce02a2affc",5,1,2
"76508c126511434a877ce34610263b8d",5,12,7
"76508c126511434a877ce34610263b8d",5,1,7
"768fdf82fc034fb887a70032efca7429",4,1,7
"768fdf82fc034fb887a70032efca7429",4,19,7
"768fdf82fc034fb887a70032efca7429",4,11,4
"768fdf82fc034fb887a70032efca7429",4,3,7
"768fdf82fc034fb887a70032efca7429",4,4,3
"76d7bfad835e4c52a679fcc4ededbcb4",6,3,7
"76d7bfad835e4c52a679fcc4ededbcb4",6,11,7
"76d8edc8f4934465a52242485664d1c6",4,1,7
"770283c689654ff2805f7dc1fbdf2c8c",9,11,4
"770283c689654ff2805f7dc1fbdf2c8c",9,1,7
"770283c689654ff2805f7dc1fbdf2c8c",9,4,7
"770bcac45f4e4862a1787a0c84ebe7b8",9,6,2
"770bcac45f4e4862a1787a0c84ebe7b8",9,11,5
"770bcac45f4e4862a1787a0c84ebe7b8",9,1,7
"774c42b31c08465c829f72463fa14e36",6,1,14
"774c42b31c08465c829f72463fa14e36",6,19,7
"774c42b31c08465c829f72463fa14e36",6,15,5
"774c42b31c08465c829f72463fa14e36",6,23,7
"774c42b31c08465c829f72463fa14e36",6,4,6
"774c42b31c08465c829f72463fa14e36",6,12,14
"775b8ac54c294c869b47ba59ae732fdf",6,1,2
"775b8ac54c294c869b47ba59ae732fdf",6,23,7
"775b8ac54c294c869b47ba59ae732fdf",6,11,3
"775b8ac54c294c869b47ba59ae732fdf",6,21,1
"775b8ac54c294c869b47ba59ae732fdf",6,5,4
"775b8ac54c294c869b47ba59ae732fdf",6,3,3
"7777c12b215d4e2fb5681c24ce97b308",5,1,4
"7777c12b215d4e2fb5681c24ce97b308",5,4,2
"77b182dddbc54676a77dfe393c64232f",4,1,1
"77b182dddbc54676a77dfe393c64232f",4,11,1
"77d6aab5679a42a9b5606d396266fd71",7,4,1
"77d6aab5679a42a9b5606d396266fd71",7,3,1
"78549ab05cff432b83057924e11b8cd1",7,1,4
"78549ab05cff432b83057924e11b8cd1",7,2,4
"78549ab05cff432b83057924e11b8cd1",7,13,7
"78549ab05cff432b83057924e11b8cd1",7,23,7
"78549ab05cff432b83057924e11b8cd1",7,8,2
"78bc744caf2348dab9438b780a3eb70b",5,3,4
"78bc744caf2348dab9438b780a3eb70b",5,11,4
"78bc744caf2348dab9438b780a3eb70b",5,1,3
"78bc744caf2348dab9438b780a3eb70b",5,10,2
"78bc744caf2348dab9438b780a3eb70b",5,4,3
"78bc744caf2348dab9438b780a3eb70b",5,5,4
"78bc744caf2348dab9438b780a3eb70b",5,23,7
"794c4677f01c4048a054c4ecd71e5380",10,11,7
"794c4677f01c4048a054c4ecd71e5380",10,13,7
"794c4677f01c4048a054c4ecd71e5380",10,3,7
"7985850af6c64e2e875950e01d41c347",13,8,2
"7985850af6c64e2e875950e01d41c347",13,3,7
"7985850af6c64e2e875950e01d41c347",13,4,7
"7985850af6c64e2e875950e01d41c347",13,1,5
"79f99979d00b4f1caca307bffa70fa4e",9,1,2
"7a4deb50ba984babad943340fe7fe253",4,12,2
"7a4deb50ba984babad943340fe7fe253",4,1,2
"7a4deb50ba984babad943340fe7fe253",4,19,7
"7a4deb50ba984babad943340fe7fe253",4,11,4
"7a4deb50ba984babad943340fe7fe253",4,13,5
"7a4deb50ba984babad943340fe7fe253",4,8,2
"7a4deb50ba984babad943340fe7fe253",4,4,3
"7abe5d30e6a8498d8aa3cc57d71486d4",7,3,5
"7abe5d30e6a8498d8aa3cc57d71486d4",7,4,2
"7ad6d7c40e5e4b998a69c9d78be22987",9,9,2
"7ad6d7c40e5e4b998a69c9d78be22987",9,19,7
"7ad6d7c40e5e4b998a69c9d78be22987",9,11,2
"7ad6d7c40e5e4b998a69c9d78be22987",9,3,2
"7ad6d7c40e5e4b998a69c9d78be22987",9,13,7
"7ad6d7c40e5e4b998a69c9d78be22987",9,6,1
"7ad6d7c40e5e4b998a69c9d78be22987",9,15,2
"7ad6d7c40e5e4b998a69c9d78be22987",9,4,7
"7ad6d7c40e5e4b998a69c9d78be22987",9,1,7
"7ad6d7c40e5e4b998a69c9d78be22987",9,12,4
"7adbc7d3ac504c4f9a4a75d58dea614b",8,1,7
"7adbc7d3ac504c4f9a4a75d58dea614b",8,19,7
"7adbc7d3ac504c4f9a4a75d58dea614b",8,9,1
"7adbc7d3ac504c4f9a4a75d58dea614b",8,5,7
"7b3a722278874fcb8c7be0b19beae063",7,4,2
"7b3a722278874fcb8c7be0b19beae063",7,1,3
"7b3a722278874fcb8c7be0b19beae063",7,5,7
"7bf504f6876545639e755c4ff1619b1f",11,11,4
"7bf504f6876545639e755c4ff1619b1f",11,12,7
"7bf504f6876545639e755c4ff1619b1f",11,13,7
"7ca617a1e1204310b23a1c4707adf3f8",5,1,4
"7dce8526566e4202bce36ec12ced41f1",9,6,4
"7dce8526566e4202bce36ec12ced41f1",9,13,5
"7dce8526566e4202bce36ec12ced41f1",9,11,4
"7dce8526566e4202bce36ec12ced41f1",9,1,7
"7ecf9584edd043589d8351e9a3016dd4",8,3,7
"7ecf9584edd043589d8351e9a3016dd4",8,12,2
"7f4ea4f06a43445890c25801d2f482da",6,4,7
"7f4ea4f06a43445890c25801d2f482da",6,1,7
"7f6cd6fd8cc24f038446e20e163e6276",5,3,4
"7f6cd6fd8cc24f038446e20e163e6276",5,17,1
"7f6cd6fd8cc24f038446e20e163e6276",5,21,7
"7f6cd6fd8cc24f038446e20e163e6276",5,11,2
"7f86a2edc5d649d78edb9106de25a7c4",8,13,2
"7f86a2edc5d649d78edb9106de25a7c4",8,11,4
"7f86a2edc5d649d78edb9106de25a7c4",8,1,7
"7f86a2edc5d649d78edb9106de25a7c4",8,9,3
"7fe32876101b490ca3e8109d2ee81beb",7,3,6
"7fe32876101b490ca3e8109d2ee81beb",7,4,2
"80685e65116449b2bdbd5a716add2883",11,19,2
"80685e65116449b2bdbd5a716add2883",11,3,2
"8098ff33aee0453eba305da364b41922",6,19,7
"8098ff33aee0453eba305da364b41922",6,3,7
"8098ff33aee0453eba305da364b41922",6,2,7
"8098ff33aee0453eba305da364b41922",6,1,14
"8098ff33aee0453eba305da364b41922",6,11,5
"8098ff33aee0453eba305da364b41922",6,8,4
"8098ff33aee0453eba305da364b41922",6,4,4
"809eed217de24680971a954003c0a4ca",5,12,7
"809eed217de24680971a954003c0a4ca",5,15,7
"809eed217de24680971a954003c0a4ca",5,3,3
"809eed217de24680971a954003c0a4ca",5,17,2
"809eed217de24680971a954003c0a4ca",5,10,7
"809eed217de24680971a954003c0a4ca",5,11,7
"809eed217de24680971a954003c0a4ca",5,13,7
"809eed217de24680971a954003c0a4ca",5,1,7
"821fa1846c4b4362895410bbe5bd9e87",7,11,2
"821fa1846c4b4362895410bbe5bd9e87",7,9,1
"821fa1846c4b4362895410bbe5bd9e87",7,1,3
"822469b8457b461fbc475bf76d854631",4,3,7
"822469b8457b461fbc475bf76d854631",4,13,7
"82361c9a81b141cfb5a66abc05e51d59",9,2,7
"82361c9a81b141cfb5a66abc05e51d59",9,4,5
"82361c9a81b141cfb5a66abc05e51d59",9,1,7
"82361c9a81b141cfb5a66abc05e51d59",9,3,7
"8246e0d5706b4027b9c79d7c9b41ab76",6,4,3
"8246e0d5706b4027b9c79d7c9b41ab76",6,3,4
"8246e0d5706b4027b9c79d7c9b41ab76",6,6,2
"829b1456e37b454698a77cf53a1b260f",3,1,7
"829b1456e37b454698a77cf53a1b260f",3,4,5
"829b1456e37b454698a77cf53a1b260f",3,3,1
"83b290b6305c412a95060e213473dbcd",5,3,5
"83b290b6305c412a95060e213473dbcd",5,4,2
"86101dafa2ec408d8b695ac8989f8b80",3,19,7
"86101dafa2ec408d8b695ac8989f8b80",3,1,7
"8617f4276d6d483394269baea1f7c05e",5,19,5
"8617f4276d6d483394269baea1f7c05e",5,1,7
"8617f4276d6d483394269baea1f7c05e",5,11,3
"86809d76f6f14edcaf1f49c8cf43d60c",6,11,4
"86809d76f6f14edcaf1f49c8cf43d60c",6,3,3
"879c792bde2a499e99d9bc5a5b53dddb",6,11,7
"879c792bde2a499e99d9bc5a5b53dddb",6,1,7
"879c792bde2a499e99d9bc5a5b53dddb",6,5,1
"87a8a334a93d4d979b4f0a89bb641f57",6,13,4
"87a8a334a93d4d979b4f0a89bb641f57",6,19,4
"87a8a334a93d4d979b4f0a89bb641f57",6,1,4
"87a8a334a93d4d979b4f0a89bb641f57",6,3,4
"87a8a334a93d4d979b4f0a89bb641f57",6,6,3
"87a8a334a93d4d979b4f0a89bb641f57",6,15,4
"87d5d5cb561a406cbd40509b8ef27306",2,1,7
"87d5d5cb561a406cbd40509b8ef27306",2,10,1
"87d5d5cb561a406cbd40509b8ef27306",2,19,7
"88c5cfe97f6f4602ad9bf2f7a581c2c3",4,11,1
"88c5cfe97f6f4602ad9bf2f7a581c2c3",4,1,3
"88c5cfe97f6f4602ad9bf2f7a581c2c3",4,4,3
"89342a57ba6a47b189dae265acb342f5",7,1,3
"89342a57ba6a47b189dae265acb342f5",7,4,3
"89342a57ba6a47b189dae265acb342f5",7,11,2
"89342a57ba6a47b189dae265acb342f5",7,13,3
"89342a57ba6a47b189dae265acb342f5",7,5,3
"8a4bedcaa53146dbb0c0017dc5965bad",5,8,1
"8a4bedcaa53146dbb0c0017dc5965bad",5,1,7
"8a4bedcaa53146dbb0c0017dc5965bad",5,5,3
"8a4bedcaa53146dbb0c0017dc5965bad",5,15,2
"8ad5bed15b194c8297d459dd075109df",6,4,7
"8ba30b564d1a40bc867dad9460534b26",6,23,7
"8ba30b564d1a40bc867dad9460534b26",6,3,7
"8ba30b564d1a40bc867dad9460534b26",6,11,7
"8bf6dcc813b146fc9ed7320504721cab",5,1,7
"8c0cffaeebd64a46a7a66436ab056862",5,1,3
"8c0cffaeebd64a46a7a66436ab056862",5,13,5
"8c0cffaeebd64a46a7a66436ab056862",5,10,1
"8c0cffaeebd64a46a7a66436ab056862",5,23,7
"8ddc3a927db74c39bdd89a07013d8bc9",7,12,5
"8f28de7582444c4a9cdfd6c2dcbaf58b",8,3,7
"8f28de7582444c4a9cdfd6c2dcbaf58b",8,1,3
"8f28de7582444c4a9cdfd6c2dcbaf58b",8,11,5
"8f28de7582444c4a9cdfd6c2dcbaf58b",8,4,3
"8f6187e86f2f4210bac43f688feb7ccb",9,19,4
"8f6187e86f2f4210bac43f688feb7ccb",9,11,4
"8f6187e86f2f4210bac43f688feb7ccb",9,3,7
"8f6187e86f2f4210bac43f688feb7ccb",9,23,3
"8f78f136f4ee4a3d8ff64a418fd86357",11,4,7
"8f78f136f4ee4a3d8ff64a418fd86357",11,1,7
"8fd7e756172d4ffeb06c4ac56373c5b6",6,13,4
"8fd7e756172d4ffeb06c4ac56373c5b6",6,10,4
"8fd7e756172d4ffeb06c4ac56373c5b6",6,4,3
"8fd7e756172d4ffeb06c4ac56373c5b6",6,3,5
"8fd7e756172d4ffeb06c4ac56373c5b6",6,11,3
"90b431b15e394501830e496a6936cb0d",3,5,7
"90b431b15e394501830e496a6936cb0d",3,18,2
"90b431b15e394501830e496a6936cb0d",3,3,7
"90b431b15e394501830e496a6936cb0d",3,1,3
"90b431b15e394501830e496a6936cb0d",3,19,7
"90b431b15e394501830e496a6936cb0d",3,11,2
"90c5ab804f3a4324afed563b4a6ce62d",5,9,7
"90c5ab804f3a4324afed563b4a6ce62d",5,11,7
"90c5ab804f3a4324afed563b4a6ce62d",5,3,2
"90c5ab804f3a4324afed563b4a6ce62d",5,19,7
"914c5519c55a4df18a820696f62c1c80",4,4,5
"914c5519c55a4df18a820696f62c1c80",4,13,5
"914c5519c55a4df18a820696f62c1c80",4,1,7
"917bd1ae541840d5938bfc743f6cf592",4,3,5
"917bd1ae541840d5938bfc743f6cf592",4,11,7
"917bd1ae541840d5938bfc743f6cf592",4,1,7
"91fd38789bc34bc2af4ee06597ace130",8,1,7
"91fd38789bc34bc2af4ee06597ace130",8,8,1
"91fd38789bc34bc2af4ee06597ace130",8,12,7
"92b1721f936443779c944709e967606d",11,19,7
"92b1721f936443779c944709e967606d",11,2,1
"92b1721f936443779c944709e967606d",11,13,3
"92b1721f936443779c944709e967606d",11,4,7
"92b1721f936443779c944709e967606d",11,1,7
"92b1721f936443779c944709e967606d",11,23,7
"936f2d49a10740f3af24dd61447fcb70",5,10,1
"936f2d49a10740f3af24dd61447fcb70",5,11,3
"936f2d49a10740f3af24dd61447fcb70",5,23,3
"936f2d49a10740f3af24dd61447fcb70",5,21,3
"936f2d49a10740f3af24dd61447fcb70",5,1,3
"936f2d49a10740f3af24dd61447fcb70",5,3,2
"95177689d72c427d97dc7931ab8ace5c",11,23,7
"95177689d72c427d97dc7931ab8ace5c",11,4,4
"95177689d72c427d97dc7931ab8ace5c",11,1,3
"95494f457b4740e1a46aebe28007c9d5",3,1,3
"95494f457b4740e1a46aebe28007c9d5",3,3,6
"96795910971f4f2d854451efacb5cadf",2,4,7
"96795910971f4f2d854451efacb5cadf",2,3,7
"96ef564dac484d5895fd53f32d7fb63d",5,1,7
"96ef564dac484d5895fd53f32d7fb63d",5,21,7
"96ef564dac484d5895fd53f32d7fb63d",5,4,4
"97a9f78d75774aa094c05dfe1bff19cd",3,1,7
"97a9f78d75774aa094c05dfe1bff19cd",3,11,3
"97f7cc2abb034d599eb14f69eb597f07",5,1,4
"97f7cc2abb034d599eb14f69eb597f07",5,12,7
"97f7cc2abb034d599eb14f69eb597f07",5,11,4
"98cd4133a87f4d19a136b137ffb686a7",7,1,7
"98cd4133a87f4d19a136b137ffb686a7",7,12,7
"9918bbbc0bc7474b9a02439bc63ac468",6,11,7
"9918bbbc0bc7474b9a02439bc63ac468",6,3,3
"994768192e0a4657864c55efe8317405",3,4,3
"994768192e0a4657864c55efe8317405",3,1,3
"994768192e0a4657864c55efe8317405",3,5,7
"99bb9b56b38542319ccc1198ffc05b69",7,15,7
"99bb9b56b38542319ccc1198ffc05b69",7,12,1
"99bb9b56b38542319ccc1198ffc05b69",7,1,7
"99bb9b56b38542319ccc1198ffc05b69",7,4,2
"99bb9b56b38542319ccc1198ffc05b69",7,13,7
"99bb9b56b38542319ccc1198ffc05b69",7,8,2
"99bb9b56b38542319ccc1198ffc05b69",7,19,7
"9a20f2c690714fc1a0d2e096dc86a5b9",10,4,7
"9b02eb4b0fd64853af791dec2b9bc539",4,11,7
"9b02eb4b0fd64853af791dec2b9bc539",4,3,7
"9b13de6b59dd4203b4c5554fae128724",8,11,7
"9b13de6b59dd4203b4c5554fae128724",8,12,7
"9be879f175da4225806fd3c44667aac3",4,1,4
"9be879f175da4225806fd3c44667aac3",4,23,2
"9be879f175da4225806fd3c44667aac3",4,21,7
"9c1c4c2d1ec449de9542c6b09cf43e01",4,23,7
"9c1c4c2d1ec449de9542c6b09cf43e01",4,1,7
"9c1c4c2d1ec449de9542c6b09cf43e01",4,11,6
"9c1c4c2d1ec449de9542c6b09cf43e01",4,9,2
"9c1c4c2d1ec449de9542c6b09cf43e01",4,8,1
"9c1c4c2d1ec449de9542c6b09cf43e01",4,2,7
"9c1c4c2d1ec449de9542c6b09cf43e01",4,3,3
"9c404252ae6644f381425f4d556632ba",4,4,3
"9c404252ae6644f381425f4d556632ba",4,13,7
"9c404252ae6644f381425f4d556632ba",4,1,4
"9cd59c0742ed47cdabdf3e3b1f8d226a",6,3,4
"9cd59c0742ed47cdabdf3e3b1f8d226a",6,1,7
"9cd59c0742ed47cdabdf3e3b1f8d226a",6,2,1
"9d7180d90f7a49bc8dae77bfa6e9c30d",4,12,7
"9d7180d90f7a49bc8dae77bfa6e9c30d",4,4,7
"9d7180d90f7a49bc8dae77bfa6e9c30d",4,1,7
"9e5b1526f35f46eab13af6bf34d2f7f8",12,5,1
"9e5b1526f35f46eab13af6bf34d2f7f8",12,2,1
"9e5b1526f35f46eab13af6bf34d2f7f8",12,14,7
"9e5b1526f35f46eab13af6bf34d2f7f8",12,10,2
"9e5b1526f35f46eab13af6bf34d2f7f8",12,1,7
"9e5b1526f35f46eab13af6bf34d2f7f8",12,3,2
"9e5b1526f35f46eab13af6bf34d2f7f8",12,4,2
"9e5b1526f35f46eab13af6bf34d2f7f8",12,19,5
"9eba52050a0049a08e8af4883a44e392",6,6,4
"9eba52050a0049a08e8af4883a44e392",6,3,3
"9eba52050a0049a08e8af4883a44e392",6,19,7
"9eba52050a0049a08e8af4883a44e392",6,10,6
"9eba52050a0049a08e8af4883a44e392",6,1,2
"9f2b19d489c64381aaddfb4cce02568d",4,3,7
"9f2b19d489c64381aaddfb4cce02568d",4,1,2
"a0c97672aa9a451dbca797f24ef2ea8f",6,3,3
"a0c97672aa9a451dbca797f24ef2ea8f",6,1,4
"a1cef5f8f14b49a7b7d9ff348c483481",8,1,3
"a1cef5f8f14b49a7b7d9ff348c483481",8,5,4
"a1eb89c276174cec88ee6cfbaaa3ac7a",14,1,3
"a1eb89c276174cec88ee6cfbaaa3ac7a",14,10,3
"a1eb89c276174cec88ee6cfbaaa3ac7a",14,23,7
"a1eb89c276174cec88ee6cfbaaa3ac7a",14,11,4
"a1eb89c276174cec88ee6cfbaaa3ac7a",14,3,4
"a1eb89c276174cec88ee6cfbaaa3ac7a",14,14,2
"a1eb89c276174cec88ee6cfbaaa3ac7a",14,4,4
"a20eb7aa426f4d66a5c2c8e0dd06e5b0",4,1,4
"a20eb7aa426f4d66a5c2c8e0dd06e5b0",4,19,3
"a20eb7aa426f4d66a5c2c8e0dd06e5b0",4,13,3
"a20eb7aa426f4d66a5c2c8e0dd06e5b0",4,11,1
"a2d8600a7bbf44c9b630a2d8c4b465f2",4,9,2
"a2d8600a7bbf44c9b630a2d8c4b465f2",4,1,4
"a380dcac18c7409aa2674ee74cae9901",7,19,7
"a380dcac18c7409aa2674ee74cae9901",7,11,3
"a380dcac18c7409aa2674ee74cae9901",7,1,4
"a3854296881447e3b50417cdd8e3e4b9",8,9,1
"a399a30d9dfc41f484784fa549684c46",8,19,7
"a399a30d9dfc41f484784fa549684c46",8,13,3
"a399a30d9dfc41f484784fa549684c46",8,23,3
"a399a30d9dfc41f484784fa549684c46",8,3,7
"a399a30d9dfc41f484784fa549684c46",8,10,2
"a3f06a0a2fca4ffc9bc3458f3f57f38d",7,3,7
"a3f06a0a2fca4ffc9bc3458f3f57f38d",7,12,1
"a40f971414b64ea88a3625232d1991c5",6,4,7
"a40f971414b64ea88a3625232d1991c5",6,1,7
"a40f971414b64ea88a3625232d1991c5",6,10,7
"a40f971414b64ea88a3625232d1991c5",6,3,7
"a40f971414b64ea88a3625232d1991c5",6,11,7
"a4c19dde7ac34680b1659848ce2a2763",3,12,7
"a4c19dde7ac34680b1659848ce2a2763",3,11,5
"a4c19dde7ac34680b1659848ce2a2763",3,1,7
"a5d1f92dd1da47f48c7193492a8e2e08",6,1,1
"a5d1f92dd1da47f48c7193492a8e2e08",6,19,7
"a5d1f92dd1da47f48c7193492a8e2e08",6,21,7
"a5d1f92dd1da47f48c7193492a8e2e08",6,10,2
"a5d1f92dd1da47f48c7193492a8e2e08",6,3,7
"a69436528a1142ab8ed8ac9db30e498c",4,1,4
"a69436528a1142ab8ed8ac9db30e498c",4,13,5
"a69436528a1142ab8ed8ac9db30e498c",4,3,2
"a69436528a1142ab8ed8ac9db30e498c",4,11,5
"a6a4bc9460134b4bb4187f88c591fb06",8,3,6
"a6a4bc9460134b4bb4187f88c591fb06",8,11,6
"a74eca7ac668455b8973706d7727c292",8,11,3
"a74eca7ac668455b8973706d7727c292",8,4,3
"a74eca7ac668455b8973706d7727c292",8,1,7
"a74eca7ac668455b8973706d7727c292",8,13,2
"a74eca7ac668455b8973706d7727c292",8,19,7
"a74eca7ac668455b8973706d7727c292",8,3,5
"a77f47876cb64317971cebc12353aa9b",4,1,7
"a77f47876cb64317971cebc12353aa9b",4,23,7
"a77f47876cb64317971cebc12353aa9b",4,4,3
"a82d1013ea2f4f168a864e028bab5d9f",5,1,7
"a82d1013ea2f4f168a864e028bab5d9f",5,11,2
"a82d1013ea2f4f168a864e028bab5d9f",5,21,7
"a9645d5b9bda47f780c1333f9f59af34",3,3,4
"a9645d5b9bda47f780c1333f9f59af34",3,4,2
"a983278448b344489b12dc0725752a0f",8,4,3
"a983278448b344489b12dc0725752a0f",8,1,5
"a983278448b344489b12dc0725752a0f",8,11,1
"aa56d40288b04762a4c0413843523017",8,3,3
"aa56d40288b04762a4c0413843523017",8,19,7
"aa56d40288b04762a4c0413843523017",8,5,7
"aa56d40288b04762a4c0413843523017",8,9,7
"aa56d40288b04762a4c0413843523017",8,11,3
"aa56d40288b04762a4c0413843523017",8,1,7
"aa56d40288b04762a4c0413843523017",8,4,7
"aa56d40288b04762a4c0413843523017",8,13,7
"aa56d40288b04762a4c0413843523017",8,10,3
"aa56d40288b04762a4c0413843523017",8,15,4
"aaa693dd621d4735a9f4c38f3f52fd47",8,1,7
"aac4b6d386d94fd99021cdd494df48ce",5,4,2
"aac4b6d386d94fd99021cdd494df48ce",5,11,7
"aac4b6d386d94fd99021cdd494df48ce",5,1,7
"ab13ca14ee2847d19f419f2738366c55",7,14,1
"ab13ca14ee2847d19f419f2738366c55",7,15,5
"ab13ca14ee2847d19f419f2738366c55",7,5,7
"ab13ca14ee2847d19f419f2738366c55",7,4,3
"ab13ca14ee2847d19f419f2738366c55",7,9,2
"ab13ca14ee2847d19f419f2738366c55",7,1,6
"ab13ca14ee2847d19f419f2738366c55",7,13,5
"ab13ca14ee2847d19f419f2738366c55",7,19,7
"ad56e4bfe4c241f498d03dcaaf93220e",3,11,5
"ad56e4bfe4c241f498d03dcaaf93220e",3,3,3
"ad56e4bfe4c241f498d03dcaaf93220e",3,1,5
"ad5ca01a4fdc4123b5b5e7cf4f1cda95",6,11,5
"ad5ca01a4fdc4123b5b5e7cf4f1cda95",6,3,5
"ae7493d6dc7f40b789c0b725e8f3ab45",3,1,7
"ae7493d6dc7f40b789c0b725e8f3ab45",3,6,3
"ae7493d6dc7f40b789c0b725e8f3ab45",3,3,3
"ae7493d6dc7f40b789c0b725e8f3ab45",3,2,5
"aeb8218a028e45faa144a2d25b6a7052",4,11,4
"aeb8218a028e45faa144a2d25b6a7052",4,2,3
"af0fcac55cdd4b32849c92d4af701f79",6,11,4
"af0fcac55cdd4b32849c92d4af701f79",6,3,4
"af0fcac55cdd4b32849c92d4af701f79",6,1,3
"af862d9321024e2e8d76ccb19311a45e",4,10,2
"af862d9321024e2e8d76ccb19311a45e",4,1,7
"af862d9321024e2e8d76ccb19311a45e",4,13,3
"af862d9321024e2e8d76ccb19311a45e",4,4,4
"af862d9321024e2e8d76ccb19311a45e",4,11,4
"af862d9321024e2e8d76ccb19311a45e",4,15,4
"afb120116c7549488abd82b39afbef69",7,4,5
"afb120116c7549488abd82b39afbef69",7,5,2
"afb120116c7549488abd82b39afbef69",7,10,3
"afb120116c7549488abd82b39afbef69",7,1,7
"afb6161ef4fc480bb45b596e512c6c2f",9,2,3
"afb6161ef4fc480bb45b596e512c6c2f",9,3,3
"afb6161ef4fc480bb45b596e512c6c2f",9,1,2
"afb6161ef4fc480bb45b596e512c6c2f",9,6,5
"afb6161ef4fc480bb45b596e512c6c2f",9,19,5
"afb6161ef4fc480bb45b596e512c6c2f",9,16,5
"afb6161ef4fc480bb45b596e512c6c2f",9,10,1
"afb6161ef4fc480bb45b596e512c6c2f",9,4,2
"afb6161ef4fc480bb45b596e512c6c2f",9,12,5
"b090658cc69b4f5e90a0d2626b571a9a",15,11,3
"b090658cc69b4f5e90a0d2626b571a9a",15,4,4
"b090658cc69b4f5e90a0d2626b571a9a",15,1,7
"b090658cc69b4f5e90a0d2626b571a9a",15,13,7
"b106c232072c45adafea509d5ad64fe8",7,8,1
"b106c232072c45adafea509d5ad64fe8",7,21,7
"b106c232072c45adafea509d5ad64fe8",7,19,7
"b106c232072c45adafea509d5ad64fe8",7,3,3
"b106c232072c45adafea509d5ad64fe8",7,4,3
"b106c232072c45adafea509d5ad64fe8",7,23,7
"b12610b1c5384f229a41e26dc30f15d7",3,23,7
"b12610b1c5384f229a41e26dc30f15d7",3,4,3
"b12610b1c5384f229a41e26dc30f15d7",3,8,2
"b12610b1c5384f229a41e26dc30f15d7",3,1,2
"b12610b1c5384f229a41e26dc30f15d7",3,3,5
"b1390cc91daf4acf8611fdf2ac23e6c1",7,1,4
"b1390cc91daf4acf8611fdf2ac23e6c1",7,13,3
"b1390cc91daf4acf8611fdf2ac23e6c1",7,11,2
"b1390cc91daf4acf8611fdf2ac23e6c1",7,17,1
"b1ba139be20a476a92f80354da057d69",8,2,7
"b1ba139be20a476a92f80354da057d69",8,6,4
"b1ba139be20a476a92f80354da057d69",8,4,4
"b1ba139be20a476a92f80354da057d69",8,11,1
"b1ba139be20a476a92f80354da057d69",8,3,5
"b1ba139be20a476a92f80354da057d69",8,21,7
"b1ba139be20a476a92f80354da057d69",8,19,7
"b1ba139be20a476a92f80354da057d69",8,1,7
"b244d9aa549f4eac80029906dd2b3350",3,4,2
"b244d9aa549f4eac80029906dd2b3350",3,1,3
"b304a57c479f4e5f8b7c07101d5d45c4",4,3,1
"b304a57c479f4e5f8b7c07101d5d45c4",4,19,5
"b304a57c479f4e5f8b7c07101d5d45c4",4,1,4
"b363cadf0f384cc4a76c268f01566722",8,11,4
"b363cadf0f384cc4a76c268f01566722",8,1,5
"b363cadf0f384cc4a76c268f01566722",8,13,7
"b3d8fc44948248aa9d1f4543f23f0eb0",5,3,7
"b41852ba6ec9418687a8a086f45f5504",5,1,7
"b41852ba6ec9418687a8a086f45f5504",5,8,2
"b4e9b9bda3f341ed9045ab3211cdf7f6",5,6,7
"b4e9b9bda3f341ed9045ab3211cdf7f6",5,1,7
"b4e9b9bda3f341ed9045ab3211cdf7f6",5,11,5
"b4e9b9bda3f341ed9045ab3211cdf7f6",5,13,2
"b4e9b9bda3f341ed9045ab3211cdf7f6",5,4,2
"b5026e18272641b58b4915a3fe13b5ae",9,3,4
"b5026e18272641b58b4915a3fe13b5ae",9,1,2
"b5026e18272641b58b4915a3fe13b5ae",9,11,5
"b5026e18272641b58b4915a3fe13b5ae",9,13,3
"b6680083ccb8401194fd889d5eadc656",7,12,2
"b6680083ccb8401194fd889d5eadc656",7,13,2
"b6680083ccb8401194fd889d5eadc656",7,1,1
"b6b432523c554b4d8eedd47b989b4d15",8,11,1
"b6b432523c554b4d8eedd47b989b4d15",8,23,7
"b6b432523c554b4d8eedd47b989b4d15",8,3,7
"b6b832111eed4cf0b70e637427a21670",8,15,2
"b6b832111eed4cf0b70e637427a21670",8,1,4
"b7412a03686641798ffd83930c93e675",8,6,1
"b7412a03686641798ffd83930c93e675",8,5,1
"b7412a03686641798ffd83930c93e675",8,8,2
"b81584c10344443d8039ce07ef50015f",5,9,1
"b81584c10344443d8039ce07ef50015f",5,1,7
"b81584c10344443d8039ce07ef50015f",5,13,5
"b81584c10344443d8039ce07ef50015f",5,19,4
"b81584c10344443d8039ce07ef50015f",5,10,2
"b8308fefffb84ef6afc50afd4c1e88f5",13,1,7
"b964100c9f3c4b2d9a01418630c3aa61",4,11,4
"b964100c9f3c4b2d9a01418630c3aa61",4,3,1
"b98f427fb06841d4859bf39fa28d4ff1",6,19,4
"b98f427fb06841d4859bf39fa28d4ff1",6,11,4
"b98f427fb06841d4859bf39fa28d4ff1",6,4,2
"ba98465a8d674c38a712ba4090d8f502",6,11,7
"ba98465a8d674c38a712ba4090d8f502",6,1,7
"baf140fd09684716b150ac68f1c0a61a",6,8,1
"baf140fd09684716b150ac68f1c0a61a",6,13,2
"baf140fd09684716b150ac68f1c0a61a",6,3,2
"baf140fd09684716b150ac68f1c0a61a",6,11,2
"bbe988d76e74439997133682935ed301",10,4,7
"bbe988d76e74439997133682935ed301",10,13,7
"bbe988d76e74439997133682935ed301",10,1,7
"bbe988d76e74439997133682935ed301",10,10,3
"bc418bbbee4e4baf854fb44300a023c5",4,19,2
"bc418bbbee4e4baf854fb44300a023c5",4,1,7
"bc418bbbee4e4baf854fb44300a023c5",4,3,2
"bc418bbbee4e4baf854fb44300a023c5",4,23,7
"bc9cfee31ebe4ac4bd5f00c51c333716",8,8,1
"bc9cfee31ebe4ac4bd5f00c51c333716",8,1,7
"bc9cfee31ebe4ac4bd5f00c51c333716",8,23,2
"bcb37722cebc401e8080e2fe4f31d2d0",4,3,2
"bcb37722cebc401e8080e2fe4f31d2d0",4,1,3
"bd72aee8d4164067b0e2a4fbd4e254a2",11,3,5
"bd72aee8d4164067b0e2a4fbd4e254a2",11,4,5
"bd72aee8d4164067b0e2a4fbd4e254a2",11,13,4
"bdb4e1273cf948b59b09ae2d8b907fa7",12,3,3
"bdb4e1273cf948b59b09ae2d8b907fa7",12,23,7
"bdb4e1273cf948b59b09ae2d8b907fa7",12,1,3
"bdb4e1273cf948b59b09ae2d8b907fa7",12,11,4
"bdb4e1273cf948b59b09ae2d8b907fa7",12,18,4
"bdb4e1273cf948b59b09ae2d8b907fa7",12,4,2
"bdc980caf79846869af8048b704a6997",14,10,4
"bdc980caf79846869af8048b704a6997",14,1,5
"bdc980caf79846869af8048b704a6997",14,12,7
"bdc980caf79846869af8048b704a6997",14,8,1
"bdc980caf79846869af8048b704a6997",14,13,7
"be37e14d3a894e34b206db1d4020346e",4,8,1
"be37e14d3a894e34b206db1d4020346e",4,3,7
"be803ec37ff24614830415b9108a9487",4,1,7
"be803ec37ff24614830415b9108a9487",4,3,7
"bed3e73713634cebbc2c9bbd8f5cf072",9,1,7
"bed8e25a73cd4da5bc9268c678f8ba01",3,9,7
"bed8e25a73cd4da5bc9268c678f8ba01",3,11,1
"bed8e25a73cd4da5bc9268c678f8ba01",3,23,4
"bed8e25a73cd4da5bc9268c678f8ba01",3,3,2
"bef86061296b4b76b955447d27508c08",8,3,3
"bef86061296b4b76b955447d27508c08",8,11,3
"bf17905834a842e9aec1da4afcef6c60",5,15,7
"bf17905834a842e9aec1da4afcef6c60",5,11,7
"bf17905834a842e9aec1da4afcef6c60",5,12,1
"bf17905834a842e9aec1da4afcef6c60",5,4,2
"bf17905834a842e9aec1da4afcef6c60",5,1,2
"bf17905834a842e9aec1da4afcef6c60",5,13,7
"bf17905834a842e9aec1da4afcef6c60",5,19,7
"bf3be37bfc524376819d8ffe6f93ded9",5,19,7
"bf3be37bfc524376819d8ffe6f93ded9",5,2,2
"bf3be37bfc524376819d8ffe6f93ded9",5,10,3
"bf3be37bfc524376819d8ffe6f93ded9",5,9,2
"bf3be37bfc524376819d8ffe6f93ded9",5,23,7
"bf8c7eba84f14ae2898cfbfd1a2cc161",7,11,7
"bf8c7eba84f14ae2898cfbfd1a2cc161",7,1,1
"c00e2d51bb424d518fb62d0431aed082",14,13,7
"c00e2d51bb424d518fb62d0431aed082",14,1,5
"c00e2d51bb424d518fb62d0431aed082",14,4,2
"c00e2d51bb424d518fb62d0431aed082",14,11,4
"c00e2d51bb424d518fb62d0431aed082",14,2,3
"c07d993a72ec4f05bbcd6fd152c35052",6,23,7
"c07d993a72ec4f05bbcd6fd152c35052",6,1,7
"c0d1b04857314dd488addfd633f906d3",10,1,3
"c0d1b04857314dd488addfd633f906d3",10,4,2
"c3619c9cc0ff496da2d064b12f525722",8,3,2
"c3619c9cc0ff496da2d064b12f525722",8,23,7
"c3619c9cc0ff496da2d064b12f525722",8,10,4
"c3619c9cc0ff496da2d064b12f525722",8,13,4
"c3619c9cc0ff496da2d064b12f525722",8,19,7
"c3619c9cc0ff496da2d064b12f525722",8,1,4
"c381c58d390c4eb296bbe393e3ad5609",3,8,3
"c381c58d390c4eb296bbe393e3ad5609",3,11,5
"c381c58d390c4eb296bbe393e3ad5609",3,3,4
"c381c58d390c4eb296bbe393e3ad5609",3,2,3
"c381c58d390c4eb296bbe393e3ad5609",3,1,5
"c38ed4e9da4241458af9b822239ce2a2",7,4,2
"c38ed4e9da4241458af9b822239ce2a2",7,1,2
"c3bec3af1c4f432fa0c5cb6153099edb",4,3,3
"c3bec3af1c4f432fa0c5cb6153099edb",4,1,5
"c3bec3af1c4f432fa0c5cb6153099edb",4,8,1
"c3bec3af1c4f432fa0c5cb6153099edb",4,12,3
"c3eb26f27f1f4d5586980720c0a7f4f5",6,1,7
"c3eb26f27f1f4d5586980720c0a7f4f5",6,23,98
"c3eb26f27f1f4d5586980720c0a7f4f5",6,11,6
"c3eb26f27f1f4d5586980720c0a7f4f5",6,3,4
"c3f8e9e4053e47f9a71957bdb315a8e8",3,11,5
"c3f8e9e4053e47f9a71957bdb315a8e8",3,6,2
"c3f8e9e4053e47f9a71957bdb315a8e8",3,5,4
"c402187d05cb46b7ba63c2a2a4ea34c8",5,1,7
"c454c61410e643ce8eff418dccd3e32b",2,8,2
"c454c61410e643ce8eff418dccd3e32b",2,21,98
"c454c61410e643ce8eff418dccd3e32b",2,23,7
"c454c61410e643ce8eff418dccd3e32b",2,3,2
"c454c61410e643ce8eff418dccd3e32b",2,1,7
"c4e19cc8b4c6486ea978a911c509f377",9,15,2
"c4e19cc8b4c6486ea978a911c509f377",9,19,7
"c4e19cc8b4c6486ea978a911c509f377",9,5,1
"c4e19cc8b4c6486ea978a911c509f377",9,10,4
"c4e19cc8b4c6486ea978a911c509f377",9,1,3
"c542d7add8214420897df6776abab710",8,10,1
"c542d7add8214420897df6776abab710",8,1,7
"c542d7add8214420897df6776abab710",8,12,7
"c543112060e04f9ba9e340483d9ba8e3",5,11,4
"c543112060e04f9ba9e340483d9ba8e3",5,1,7
"c543112060e04f9ba9e340483d9ba8e3",5,23,7
"c5c063abced0429384ee211597f3156b",4,1,4
"c5c063abced0429384ee211597f3156b",4,13,2
"c5c063abced0429384ee211597f3156b",4,3,4
"c672847bea0742a88fa60f79ce148331",8,4,3
"c672847bea0742a88fa60f79ce148331",8,1,4
"c6b8a07762ad452b806a35c5df42a8f0",5,23,7
"c6b8a07762ad452b806a35c5df42a8f0",5,13,7
"c6b8a07762ad452b806a35c5df42a8f0",5,8,4
"c6b8a07762ad452b806a35c5df42a8f0",5,5,7
"c6b8a07762ad452b806a35c5df42a8f0",5,19,7
"c6b8a07762ad452b806a35c5df42a8f0",5,3,7
"c6b8a07762ad452b806a35c5df42a8f0",5,10,7
"c6b8a07762ad452b806a35c5df42a8f0",5,1,7
"c6f5294fc2be4279bcfb866c48158289",5,19,7
"c6f5294fc2be4279bcfb866c48158289",5,1,7
"c6f7d03ed47b41b7a01deef790d717c7",12,23,7
"c6f7d03ed47b41b7a01deef790d717c7",12,3,7
"c6f7d03ed47b41b7a01deef790d717c7",12,19,7
"c6f7d03ed47b41b7a01deef790d717c7",12,10,2
"c6f7d03ed47b41b7a01deef790d717c7",12,13,7
"c733fc061f9b4380b26345c6b2aa88cd",5,1,7
"c733fc061f9b4380b26345c6b2aa88cd",5,11,5
"c733fc061f9b4380b26345c6b2aa88cd",5,13,3
"c76b396bcdd9442ca1ed14ef29faa909",5,12,3
"c76b396bcdd9442ca1ed14ef29faa909",5,1,3
"c76b396bcdd9442ca1ed14ef29faa909",5,10,1
"c9043b10ed134a71941db76ee6f16f04",8,23,7
"c9043b10ed134a71941db76ee6f16f04",8,13,3
"c9043b10ed134a71941db76ee6f16f04",8,1,7
"c9043b10ed134a71941db76ee6f16f04",8,4,5
"c9043b10ed134a71941db76ee6f16f04",8,21,3
"c9043b10ed134a71941db76ee6f16f04",8,19,7
"c9bab04ae0f2433091a57580deb97448",6,11,7
"c9ca510f05b5493d907f3fc165346d5a",8,11,4
"c9ca510f05b5493d907f3fc165346d5a",8,6,4
"c9ca510f05b5493d907f3fc165346d5a",8,23,7
"c9ca510f05b5493d907f3fc165346d5a",8,1,3
"c9ca510f05b5493d907f3fc165346d5a",8,10,1
"ca25d3d35ddf4ee2b11ed9e4559d0482",5,13,7
"ca25d3d35ddf4ee2b11ed9e4559d0482",5,3,1
"ca25d3d35ddf4ee2b11ed9e4559d0482",5,11,2
"ca25d3d35ddf4ee2b11ed9e4559d0482",5,1,7
"ca25d3d35ddf4ee2b11ed9e4559d0482",5,15,7
"ca25d3d35ddf4ee2b11ed9e4559d0482",5,19,7
"ca8dcb1e3b244c13a8e9cc5c67fbb308",4,8,2
"ca8dcb1e3b244c13a8e9cc5c67fbb308",4,1,7
"ca8dcb1e3b244c13a8e9cc5c67fbb308",4,23,7
"ca8dcb1e3b244c13a8e9cc5c67fbb308",4,3,7
"ca8dcb1e3b244c13a8e9cc5c67fbb308",4,2,7
"ca8dcb1e3b244c13a8e9cc5c67fbb308",4,15,3
"ca9b279358ba469b967a39a2c7567d06",7,11,7
"ca9b279358ba469b967a39a2c7567d06",7,12,7
"ca9b279358ba469b967a39a2c7567d06",7,23,7
"ca9b279358ba469b967a39a2c7567d06",7,5,5
"cabb531efb1040f6bb77c5c699c4e308",6,10,3
"cabb531efb1040f6bb77c5c699c4e308",6,1,7
"cb6261f36877496a99010265768a6ace",4,19,7
"cb6261f36877496a99010265768a6ace",4,15,5
"cb6261f36877496a99010265768a6ace",4,1,4
"cbb10f3fcada4ee1bc53624b6eb50600",4,8,2
"cbb10f3fcada4ee1bc53624b6eb50600",4,1,7
"cbfe54623f664389812662f81e15ff9e",8,1,3
"cbfe54623f664389812662f81e15ff9e",8,10,7
"cbfe54623f664389812662f81e15ff9e",8,19,2
"cbfe54623f664389812662f81e15ff9e",8,13,7
"cbfe54623f664389812662f81e15ff9e",8,5,2
"cd6afdac58874d0fb9440986d2ee2419",6,4,3
"cd6afdac58874d0fb9440986d2ee2419",6,15,7
"cd6afdac58874d0fb9440986d2ee2419",6,1,3
"cd6afdac58874d0fb9440986d2ee2419",6,11,2
"cd6afdac58874d0fb9440986d2ee2419",6,6,3
"cd6afdac58874d0fb9440986d2ee2419",6,3,7
"ce2d49c3340c4b7cbde965053dd33110",3,1,4
"ce2d49c3340c4b7cbde965053dd33110",3,6,4
"ce2d49c3340c4b7cbde965053dd33110",3,11,7
"cea56335356b476b92edc70dae7e2e7d",8,1,7
"cea56335356b476b92edc70dae7e2e7d",8,11,7
"cea56335356b476b92edc70dae7e2e7d",8,5,4
"cea56335356b476b92edc70dae7e2e7d",8,9,2
"cee9a69308d7483b926e6742e380a4ef",7,3,3
"cee9a69308d7483b926e6742e380a4ef",7,1,2
"cf14f86035f849ae92d30fd485c90b93",8,4,3
"cf14f86035f849ae92d30fd485c90b93",8,5,7
"cf14f86035f849ae92d30fd485c90b93",8,1,4
"cfeeb97657a146d2af96f2b6f44ed007",5,3,7
"cfeeb97657a146d2af96f2b6f44ed007",5,21,7
"cfeeb97657a146d2af96f2b6f44ed007",5,19,6
"cfeeb97657a146d2af96f2b6f44ed007",5,13,3
"cfeeb97657a146d2af96f2b6f44ed007",5,8,7
"cfeeb97657a146d2af96f2b6f44ed007",5,23,3
"d0fc106b82d44bfda891e02a2bde7dff",4,4,7
"d0fc106b82d44bfda891e02a2bde7dff",4,1,7
"d1508f9b5dbd42558d31e999598a2a44",5,6,3
"d1508f9b5dbd42558d31e999598a2a44",5,1,1
"d1508f9b5dbd42558d31e999598a2a44",5,2,4
"d1b9c2c55df64dfda53d3a301e862459",6,19,7
"d1b9c2c55df64dfda53d3a301e862459",6,23,7
"d1b9c2c55df64dfda53d3a301e862459",6,4,5
"d1b9c2c55df64dfda53d3a301e862459",6,1,4
"d1b9c2c55df64dfda53d3a301e862459",6,5,1
"d2e69dc8645343b0a0998cafd392ab1a",9,21,7
"d2e69dc8645343b0a0998cafd392ab1a",9,4,4
"d2e69dc8645343b0a0998cafd392ab1a",9,11,4
"d2e69dc8645343b0a0998cafd392ab1a",9,3,7
"d2e69dc8645343b0a0998cafd392ab1a",9,13,7
"d2e69dc8645343b0a0998cafd392ab1a",9,2,7
"d2e69dc8645343b0a0998cafd392ab1a",9,1,7
"d364050be7634209b1d19a28d782736e",11,1,1
"d386bb0a11ae4b35a236f8585019fadc",6,1,2
"d386bb0a11ae4b35a236f8585019fadc",6,11,3
"d386bb0a11ae4b35a236f8585019fadc",6,2,1
"d386bb0a11ae4b35a236f8585019fadc",6,5,3
"d3e6ca80bcdb475e822e84d7b33b4a8f",5,19,5
"d3e6ca80bcdb475e822e84d7b33b4a8f",5,3,3
"d3e6ca80bcdb475e822e84d7b33b4a8f",5,1,2
"d3e6ca80bcdb475e822e84d7b33b4a8f",5,5,2
"d3e6ca80bcdb475e822e84d7b33b4a8f",5,11,2
"d3e6ca80bcdb475e822e84d7b33b4a8f",5,16,3
"d3e6ca80bcdb475e822e84d7b33b4a8f",5,13,3
"d3ea5ec40dd44cd7913cf732de25501c",6,1,4
"d3ea5ec40dd44cd7913cf732de25501c",6,4,1
"d42133a0d2dd4aa3ba616384bd4e1e0e",3,1,7
"d42133a0d2dd4aa3ba616384bd4e1e0e",3,4,4
"d43af79087294ccdb95d692f8bf1f2bd",6,3,7
"d43af79087294ccdb95d692f8bf1f2bd",6,23,2
"d43af79087294ccdb95d692f8bf1f2bd",6,8,1
"d43af79087294ccdb95d692f8bf1f2bd",6,1,7
"d54912878f6746e4aef4a719e8f7dee4",8,3,2
"d54912878f6746e4aef4a719e8f7dee4",8,19,5
"d54912878f6746e4aef4a719e8f7dee4",8,11,5
"d54912878f6746e4aef4a719e8f7dee4",8,15,1
"d54912878f6746e4aef4a719e8f7dee4",8,1,3
"d6427029a806472b81bcf11c98438b22",6,11,7
"d6427029a806472b81bcf11c98438b22",6,1,7
"d73b3e7f240e4b1996e06c96cea26c0a",5,4,5
"d73b3e7f240e4b1996e06c96cea26c0a",5,1,7
"d7abbfda0a3743c0bde2ca444e1af1a0",4,11,1
"d7abbfda0a3743c0bde2ca444e1af1a0",4,12,7
"d7abbfda0a3743c0bde2ca444e1af1a0",4,3,2
"d7abbfda0a3743c0bde2ca444e1af1a0",4,1,2
"d7c13215572f4d70acc4de60318c1e83",16,1,7
"d7c13215572f4d70acc4de60318c1e83",16,3,7
"d7c13215572f4d70acc4de60318c1e83",16,11,4
"d8074f8e01604c6896e6e53d730eac6f",8,3,7
"d8074f8e01604c6896e6e53d730eac6f",8,11,7
"d839c9a5032942198fe95b2b90b9cf01",7,11,1
"d839c9a5032942198fe95b2b90b9cf01",7,6,2
"d839c9a5032942198fe95b2b90b9cf01",7,1,3
"d8ebd301501f41f89b7530526badcce1",13,10,1
"d8ebd301501f41f89b7530526badcce1",13,1,2
"d9469290912e462690d556ecb9709fe7",5,1,7
"d9469290912e462690d556ecb9709fe7",5,23,7
"d9469290912e462690d556ecb9709fe7",5,11,5
"d9469290912e462690d556ecb9709fe7",5,4,4
"d9469290912e462690d556ecb9709fe7",5,5,5
"d9469290912e462690d556ecb9709fe7",5,13,7
"d9d5789f074a4aaf83762bb9fb435575",10,19,7
"d9d5789f074a4aaf83762bb9fb435575",10,1,7
"dae0bb69de954b3fb110a651f7a43436",5,11,7
"dae0bb69de954b3fb110a651f7a43436",5,1,7
"db1be5b38b354a65920b027e5ea43b71",5,15,7
"db1be5b38b354a65920b027e5ea43b71",5,19,7
"db1be5b38b354a65920b027e5ea43b71",5,5,5
"db1be5b38b354a65920b027e5ea43b71",5,8,1
"db1be5b38b354a65920b027e5ea43b71",5,3,2
"db1be5b38b354a65920b027e5ea43b71",5,1,2
"db3fbea32d7d4f1fa6a2e1ab1ca399a2",10,11,7
"db5d0ba5c29b4ad0869ddf8e90201d9d",3,11,6
"db5d0ba5c29b4ad0869ddf8e90201d9d",3,3,5
"db635523a5904962828e09e34f78976c",5,4,2
"db635523a5904962828e09e34f78976c",5,3,7
"db635523a5904962828e09e34f78976c",5,23,3
"db635523a5904962828e09e34f78976c",5,19,7
"db635523a5904962828e09e34f78976c",5,21,4
"dbb3fcac935542bbb05b624c4c5f290f",8,4,6
"dbb3fcac935542bbb05b624c4c5f290f",8,5,5
"dbb3fcac935542bbb05b624c4c5f290f",8,1,6
"dbb3fcac935542bbb05b624c4c5f290f",8,11,6
"dbf651b041b5406f8df94a53523add5c",5,13,4
"dbf651b041b5406f8df94a53523add5c",5,11,4
"dbf651b041b5406f8df94a53523add5c",5,1,3
"dc307491ec2c4ae89f7eac0acec7ec50",5,4,2
"dc307491ec2c4ae89f7eac0acec7ec50",5,3,3
"dc307491ec2c4ae89f7eac0acec7ec50",5,1,7
"dc307491ec2c4ae89f7eac0acec7ec50",5,19,7
"dc323e08e922427885ea975e9bb68cee",3,1,6
"dc323e08e922427885ea975e9bb68cee",3,8,1
"dc323e08e922427885ea975e9bb68cee",3,23,3
"dc323e08e922427885ea975e9bb68cee",3,4,1
"dcab0e4bf2784240bdff1d0e5b222a99",6,19,7
"dcab0e4bf2784240bdff1d0e5b222a99",6,1,2
"dcab0e4bf2784240bdff1d0e5b222a99",6,23,7
"dcab0e4bf2784240bdff1d0e5b222a99",6,13,7
"dcab0e4bf2784240bdff1d0e5b222a99",6,9,2
"dcab0e4bf2784240bdff1d0e5b222a99",6,3,1
"dd206ad22331496e9914bfe69dc07517",5,19,7
"dd206ad22331496e9914bfe69dc07517",5,14,3
"dd206ad22331496e9914bfe69dc07517",5,10,2
"dd206ad22331496e9914bfe69dc07517",5,3,7
"dd206ad22331496e9914bfe69dc07517",5,4,7
"dd206ad22331496e9914bfe69dc07517",5,11,7
"ddb6d6a53c1f415eb12537da1221e4cb",5,13,7
"ddb6d6a53c1f415eb12537da1221e4cb",5,1,7
"ddb6d6a53c1f415eb12537da1221e4cb",5,19,7
"ddb6d6a53c1f415eb12537da1221e4cb",5,12,7
"de30713f1fa94a4f8ebea38f1d1ee317",5,9,4
"de30713f1fa94a4f8ebea38f1d1ee317",5,4,2
"de30713f1fa94a4f8ebea38f1d1ee317",5,2,4
"de338ded45464f8a966b16b718ccc1a6",6,1,5
"de338ded45464f8a966b16b718ccc1a6",6,13,1
"de338ded45464f8a966b16b718ccc1a6",6,4,2
"dfe74e541ed746b8add1788af91f3ed8",4,3,7
"dfe74e541ed746b8add1788af91f3ed8",4,19,7
"dfe74e541ed746b8add1788af91f3ed8",4,11,2
"dfe74e541ed746b8add1788af91f3ed8",4,1,2
"dfe74e541ed746b8add1788af91f3ed8",4,15,2
"e040f9b2e31f4e828b46e8f9b5367268",8,11,5
"e040f9b2e31f4e828b46e8f9b5367268",8,1,2
"e040f9b2e31f4e828b46e8f9b5367268",8,8,1
"e040f9b2e31f4e828b46e8f9b5367268",8,19,3
"e040f9b2e31f4e828b46e8f9b5367268",8,3,3
"e040f9b2e31f4e828b46e8f9b5367268",8,23,7
"e0c4f4458c6d45c3b8f5ab2aabbadc85",6,3,3
"e0c4f4458c6d45c3b8f5ab2aabbadc85",6,1,7
"e0c4f4458c6d45c3b8f5ab2aabbadc85",6,12,5
"e0c4f4458c6d45c3b8f5ab2aabbadc85",6,11,2
"e16705f59aef4668ab4b2eba8162f925",5,3,2
"e16705f59aef4668ab4b2eba8162f925",5,4,2
"e16705f59aef4668ab4b2eba8162f925",5,1,4
"e17e1ff13292417d90c4f6eafe973599",4,13,7
"e17e1ff13292417d90c4f6eafe973599",4,1,7
"e17e1ff13292417d90c4f6eafe973599",4,11,4
"e18770e2f8654cf492a5078eef55795f",9,1,2
"e18770e2f8654cf492a5078eef55795f",9,23,7
"e18770e2f8654cf492a5078eef55795f",9,19,7
"e18770e2f8654cf492a5078eef55795f",9,10,3
"e1b9ef12df374cc7a3310c77f9b2049d",11,19,7
"e1b9ef12df374cc7a3310c77f9b2049d",11,13,7
"e1b9ef12df374cc7a3310c77f9b2049d",11,10,4
"e1b9ef12df374cc7a3310c77f9b2049d",11,23,7
"e1b9ef12df374cc7a3310c77f9b2049d",11,1,7
"e1b9ef12df374cc7a3310c77f9b2049d",11,2,5
"e2129f8175624a4cb4b7928b8a3e3048",12,1,3
"e23426755e80453e923ddb805290cfa3",5,1,7
"e2420351245048bf81520b722d7a3194",3,23,7
"e2420351245048bf81520b722d7a3194",3,4,6
"e2420351245048bf81520b722d7a3194",3,11,6
"e278c7ce0c9e4918b7adf4c6cddb84a6",4,1,7
"e278c7ce0c9e4918b7adf4c6cddb84a6",4,11,7
"e278c7ce0c9e4918b7adf4c6cddb84a6",4,3,3
"e33a0702257c400f8f2f669ce637e15d",5,4,1
"e33a0702257c400f8f2f669ce637e15d",5,19,7
"e33a0702257c400f8f2f669ce637e15d",5,3,7
"e33a0702257c400f8f2f669ce637e15d",5,8,3
"e33a0702257c400f8f2f669ce637e15d",5,6,1
"e33a0702257c400f8f2f669ce637e15d",5,13,2
"e35b0fbe3fb64f5b97cc925839a08974",12,6,1
"e35b0fbe3fb64f5b97cc925839a08974",12,1,2
"e35b0fbe3fb64f5b97cc925839a08974",12,3,1
"e37faa53be254b9c95c5c35d2d3ba325",4,12,7
"e37faa53be254b9c95c5c35d2d3ba325",4,9,7
"e450e31f8aaa47a59f20bb2a1e9db4b0",3,3,2
"e4dc7edd09ac4af98798727b7f4596f6",9,5,7
"e4dc7edd09ac4af98798727b7f4596f6",9,3,7
"e4dc7edd09ac4af98798727b7f4596f6",9,11,4
"e4dc7edd09ac4af98798727b7f4596f6",9,2,7
"e4dc7edd09ac4af98798727b7f4596f6",9,1,7
"e51b48f20cbe4a4cbaec7455e00bb889",5,11,3
"e51b48f20cbe4a4cbaec7455e00bb889",5,19,7
"e51b48f20cbe4a4cbaec7455e00bb889",5,4,4
"e51b48f20cbe4a4cbaec7455e00bb889",5,23,7
"e51b48f20cbe4a4cbaec7455e00bb889",5,3,3
"e68fe982eac94d57b425805102b5849a",5,6,2
"e68fe982eac94d57b425805102b5849a",5,3,4
"e68fe982eac94d57b425805102b5849a",5,2,4
"e68fe982eac94d57b425805102b5849a",5,10,1
"e6e832392045456f831adebac8130bdb",6,11,5
"e6e832392045456f831adebac8130bdb",6,19,4
"e6e832392045456f831adebac8130bdb",6,1,7
"e6e832392045456f831adebac8130bdb",6,6,2
"e6e832392045456f831adebac8130bdb",6,3,2
"e71a3dc6e5cb473ab53e52b73b10ba4d",8,11,5
"e71a3dc6e5cb473ab53e52b73b10ba4d",8,1,7
"e71a3dc6e5cb473ab53e52b73b10ba4d",8,23,7
"e7344e1f84914899a0de39afee9bd452",6,9,7
"e7344e1f84914899a0de39afee9bd452",6,3,2
"e7344e1f84914899a0de39afee9bd452",6,11,3
"e7344e1f84914899a0de39afee9bd452",6,23,7
"e7d77ca7f81a484b91e61dc6a76f941b",6,8,2
"e7d77ca7f81a484b91e61dc6a76f941b",6,13,4
"e7d77ca7f81a484b91e61dc6a76f941b",6,1,7
"e93304fc741f48ea8ed8aa146c7cad83",11,11,5
"e93304fc741f48ea8ed8aa146c7cad83",11,1,7
"e97b81b2faab4dbebec422e026582686",8,23,7
"e97b81b2faab4dbebec422e026582686",8,3,2
"e97b81b2faab4dbebec422e026582686",8,4,2
"e97b81b2faab4dbebec422e026582686",8,1,7
"e9f9338450864a9da45d02d7c5faebb5",4,1,5
"e9f9338450864a9da45d02d7c5faebb5",4,9,2
"e9f9338450864a9da45d02d7c5faebb5",4,19,7
"e9f9338450864a9da45d02d7c5faebb5",4,3,7
"ea54282529db45b38422fe176a060105",6,11,6
"ea54282529db45b38422fe176a060105",6,1,7
"ea54282529db45b38422fe176a060105",6,23,98
"ea68815dfc924337a42328a0201bb650",7,1,2
"ea68815dfc924337a42328a0201bb650",7,19,4
"ea68815dfc924337a42328a0201bb650",7,11,4
"ea68815dfc924337a42328a0201bb650",7,3,3
"ea68815dfc924337a42328a0201bb650",7,4,2
"eb4ce2d307eb48beb5116ec9df05d2fe",3,1,2
"eb4ce2d307eb48beb5116ec9df05d2fe",3,9,4
"ebc0193e87d54628a69a3eb487d230bd",8,1,7
"ebc0193e87d54628a69a3eb487d230bd",8,19,7
"ebc0193e87d54628a69a3eb487d230bd",8,3,3
"ebc0193e87d54628a69a3eb487d230bd",8,10,3
"ebeb4068415d4c50beaf62978184a866",12,3,7
"ebeb4068415d4c50beaf62978184a866",12,19,7
"ebeb4068415d4c50beaf62978184a866",12,8,1
"ebeb4068415d4c50beaf62978184a866",12,11,4
"ec16361d869e40628761b03b6ccdcd4b",4,11,2
"ec16361d869e40628761b03b6ccdcd4b",4,3,4
"ec16361d869e40628761b03b6ccdcd4b",4,8,2
"ec60d031a9ca4f45bfc7105f11a085d5",8,12,7
"ec60d031a9ca4f45bfc7105f11a085d5",8,1,7
"ec60d031a9ca4f45bfc7105f11a085d5",8,11,4
"ecb2b965be814193a99ac136cac076db",8,1,7
"ee1feb4c08014f8f9ace130cedce1e8d",4,19,4
"ee1feb4c08014f8f9ace130cedce1e8d",4,11,5
"ee1feb4c08014f8f9ace130cedce1e8d",4,8,2
"ee1feb4c08014f8f9ace130cedce1e8d",4,3,7
"f040c1a3626f48e6870fc087ea2d733e",6,11,3
"f040c1a3626f48e6870fc087ea2d733e",6,13,7
"f040c1a3626f48e6870fc087ea2d733e",6,1,5
"f098f571aa67476d8107ae0d183c5a10",5,21,3
"f098f571aa67476d8107ae0d183c5a10",5,1,7
"f098f571aa67476d8107ae0d183c5a10",5,19,7
"f098f571aa67476d8107ae0d183c5a10",5,11,3
"f0af4f68b5094cda94c066c337e4e3f7",7,3,2
"f0af4f68b5094cda94c066c337e4e3f7",7,1,4
"f0af4f68b5094cda94c066c337e4e3f7",7,11,2
"f0c6d81726b24ec3b676a07b587b5876",9,1,7
"f0c6d81726b24ec3b676a07b587b5876",9,4,7
"f0c6d81726b24ec3b676a07b587b5876",9,10,2
"f10aaca018df42218e821c48e4dee33f",4,14,7
"f10aaca018df42218e821c48e4dee33f",4,1,1
"f10aaca018df42218e821c48e4dee33f",4,13,7
"f10aaca018df42218e821c48e4dee33f",4,15,7
"f10aaca018df42218e821c48e4dee33f",4,4,2
"f38300e74a4d44f09454ccb310dc32a4",6,3,7
"f657fad494df41ec9bf5be4ace9c692c",5,11,2
"f657fad494df41ec9bf5be4ace9c692c",5,1,2
"f69dbc80ae7443669558eed375a8a8ad",7,1,7
"f69dbc80ae7443669558eed375a8a8ad",7,3,2
"f69dbc80ae7443669558eed375a8a8ad",7,13,7
"f69dbc80ae7443669558eed375a8a8ad",7,12,2
"f69dbc80ae7443669558eed375a8a8ad",7,11,5
"f6ffe45416b2458e89ea7ab46ba9ba1e",4,21,98
"f6ffe45416b2458e89ea7ab46ba9ba1e",4,1,7
"f6ffe45416b2458e89ea7ab46ba9ba1e",4,23,7
"f6ffe45416b2458e89ea7ab46ba9ba1e",4,11,5
"f727232a3db048af8c4171b6b4120567",5,6,2
"f727232a3db048af8c4171b6b4120567",5,13,3
"f727232a3db048af8c4171b6b4120567",5,21,7
"f727232a3db048af8c4171b6b4120567",5,19,7
"f727232a3db048af8c4171b6b4120567",5,1,4
"f76f11c01e4f4efa8362b26f6947d2db",4,10,4
"f76f11c01e4f4efa8362b26f6947d2db",4,21,7
"f76f11c01e4f4efa8362b26f6947d2db",4,1,5
"f76f11c01e4f4efa8362b26f6947d2db",4,5,3
"f7867ef75feb47929fa64e3c310a8c03",6,2,2
"f7867ef75feb47929fa64e3c310a8c03",6,1,1
"f7867ef75feb47929fa64e3c310a8c03",6,3,7
"f7d124ffa36444b8a7a6da13902b137b",4,23,7
"f7d124ffa36444b8a7a6da13902b137b",4,8,1
"f7d124ffa36444b8a7a6da13902b137b",4,1,7
"f7d124ffa36444b8a7a6da13902b137b",4,11,6
"f83cdb4b49ac4f3d9c3370f0859ed906",11,13,7
"f83cdb4b49ac4f3d9c3370f0859ed906",11,11,7
"f83cdb4b49ac4f3d9c3370f0859ed906",11,4,7
"f83cdb4b49ac4f3d9c3370f0859ed906",11,1,7
"f8ca4422f362494fa2ed2aa7d6c70d48",4,1,4
"f8ca4422f362494fa2ed2aa7d6c70d48",4,11,7
"f8ca4422f362494fa2ed2aa7d6c70d48",4,3,3
"f8ca4422f362494fa2ed2aa7d6c70d48",4,4,3
"f8e7189925b64b86854b95c7bda2598b",5,11,2
"f8e7189925b64b86854b95c7bda2598b",5,1,3
"f8eb06e0daf444e8900c501f1f499a73",9,2,2
"f8eb06e0daf444e8900c501f1f499a73",9,10,4
"f8eb06e0daf444e8900c501f1f499a73",9,4,3
"f8eb06e0daf444e8900c501f1f499a73",9,11,4
"f8eb06e0daf444e8900c501f1f499a73",9,1,7
"f8eb06e0daf444e8900c501f1f499a73",9,13,2
"f90c30b4301b413881eb01cee8d9ba88",5,11,7
"f90c30b4301b413881eb01cee8d9ba88",5,3,7
"f9884870860d40ee8e4f7c19435eaacd",6,13,2
"f9884870860d40ee8e4f7c19435eaacd",6,1,4
"f9884870860d40ee8e4f7c19435eaacd",6,11,2
"fb30eb6bcfe449b2840e274f87ffe39d",7,1,2
"fb7719f379c641a493ef818ff6c38240",7,10,6
"fb7719f379c641a493ef818ff6c38240",7,21,7
"fb7719f379c641a493ef818ff6c38240",7,19,7
"fb7719f379c641a493ef818ff6c38240",7,1,7
"fb99a93f0eac43609313c3acf8aedc9a",8,1,7
"fb99a93f0eac43609313c3acf8aedc9a",8,13,2
"fb99a93f0eac43609313c3acf8aedc9a",8,21,5
"fc6c2f9be5674c1bbdc4272645ef9f6c",7,8,6
"fc6c2f9be5674c1bbdc4272645ef9f6c",7,12,7
"fc6c2f9be5674c1bbdc4272645ef9f6c",7,13,6
"fc6c2f9be5674c1bbdc4272645ef9f6c",7,1,7
"fca0e3dcae434d5483050af279bc1388",9,19,7
"fca0e3dcae434d5483050af279bc1388",9,3,3
"fca0e3dcae434d5483050af279bc1388",9,13,2
"fca0e3dcae434d5483050af279bc1388",9,6,3
"fca0e3dcae434d5483050af279bc1388",9,23,7
"fca0e3dcae434d5483050af279bc1388",9,10,4
"fca0e3dcae434d5483050af279bc1388",9,1,5
"fce051c0d2254aa2996f1e6eb13f403b",12,4,7
"fce051c0d2254aa2996f1e6eb13f403b",12,21,98
"fce051c0d2254aa2996f1e6eb13f403b",12,23,4
"fce051c0d2254aa2996f1e6eb13f403b",12,1,7
"fcea1e52b50a4fd0b3182184b990594a",4,1,7
"fcea1e52b50a4fd0b3182184b990594a",4,11,4
"fcea1e52b50a4fd0b3182184b990594a",4,4,4
"fcea1e52b50a4fd0b3182184b990594a",4,13,4
"fcea1e52b50a4fd0b3182184b990594a",4,10,4
"fd523ac8cfde4230aea1313912c16728",10,11,6
"fd523ac8cfde4230aea1313912c16728",10,3,6
"fe474d1b76a14e58ae00c93bc9916175",8,11,5
"fe474d1b76a14e58ae00c93bc9916175",8,1,2
"fe77bbfc66cb42e6a64f3486499ea65b",4,4,7
"fe77bbfc66cb42e6a64f3486499ea65b",4,1,1
"fef6a31f5c8542aead247c12573e0307",4,6,1
"fef6a31f5c8542aead247c12573e0307",4,1,5
"fef6a31f5c8542aead247c12573e0307",4,3,2
"fef6a31f5c8542aead247c12573e0307",4,11,6
"fef6a31f5c8542aead247c12573e0307",4,15,2
