"hhid","PID","s2cq1_1","s2cq2","s2cq3","programmeName","s2cq3_2","s2cq4","s2cq6","s2cq7","s2cq8"
"003ed8d32f794609919d60d2ed8813e8",3,3,2,,,,,,,
"005fbc5779014a0290b088071bde9f72",1,1,2,,,,,,,
"0060071f3f414406af7312d68eae8513",1,3,2,,,,,,,
"008c674975f24ea79f50e30cbd4ee635",1,5,1,2,,1,100000,3,2,1
"00b48fb6bcf84dd581bd7b2be5f908a0",1,1,2,,,,,,,
"0182fc7b5eb44c44aef16c3a178fb762",1,1,2,,,,,,,
"025b88ecba4a44279935bd4a0d19bccd",1,2,2,,,,,,,
"0368af34cb614bae9ef98c927741984d",2,2,2,,,,,,,
"0368af34cb614bae9ef98c927741984d",1,1,2,,,,,,,
"0397ef293012436a99a621fce6fc7471",1,1,2,,,,,,,
"0442775d8d424d59a433ab5940d510ca",5,5,2,,,,,,,
"0442775d8d424d59a433ab5940d510ca",1,5,2,,,,,,,
"0464b7af72994dea923644331716d84e",1,2,1,1,"SAGE",2,75000,3,1,1
"0495834806fb40adb50e0fd619ef5094",1,1,2,,,,,,,
"0495834806fb40adb50e0fd619ef5094",2,1,2,,,,,,,
"04b011de772e4ce08e33e461bb1741eb",1,13,2,,,,,,,
"04b011de772e4ce08e33e461bb1741eb",2,13,2,,,,,,,
"04d55903a5d448c3953d1d1ceda1084d",5,5,2,,,,,,,
"054124cd4eff40ec97bf51a44fe4a93c",6,2,2,,,,,,,
"05743465c6254f7baedf141b6381f400",1,2,2,,,,,,,
"05863e44874d4d0bbe8abdc95d9249b2",5,5,2,,,,,,,
"05b5aece409440ff8a1231a07558d979",1,1,2,,,,,,,
"05bd23b2d9d84b128c7b45db8d2da17f",1,1,2,,,,,,,
"05cef9765f92473eb465b6dc4fac72a4",1,1,2,,,,,,,
"05cef9765f92473eb465b6dc4fac72a4",2,1,2,,,,,,,
"066a75cbe6cb4de4a2ba444ec6c9a5b4",2,2,2,,,,,,,
"066a75cbe6cb4de4a2ba444ec6c9a5b4",1,2,2,,,,,,,
"06816d8d60b141418b768b356970d613",2,2,2,,,,,,,
"06816d8d60b141418b768b356970d613",1,1,2,,,,,,,
"068c76ff148d44fcbb4ab89429adcb6c",2,2,2,,,,,,,
"068c76ff148d44fcbb4ab89429adcb6c",1,2,2,,,,,,,
"074abb9330f84c72b0f136f6fc38d00d",1,1,2,,,,,,,
"076ab269f25445b78942024965446513",1,1,2,,,,,,,
"079e6812fb50405bbe8cb744b5ef6afd",2,2,2,,,,,,,
"082757b50eee4bc29551c3c3c30639da",1,4,2,,,,,,,
"082757b50eee4bc29551c3c3c30639da",2,4,2,,,,,,,
"082757b50eee4bc29551c3c3c30639da",3,4,2,,,,,,,
"0860ea9bebf44de1ac82a1e0e866a570",1,1,2,,,,,,,
"088d7d7eb37b4683b391bf34b48482d2",2,2,2,,,,,,,
"088fd07aa1784231a7b800bf54b769fd",1,1,2,,,,,,,
"089f1c1e30d94938ad4a28294030f670",1,2,2,,,,,,,
"08fbc3b8e815467dbc0727e5da6aa1c7",1,1,2,,,,,,,
"090f972306904a6d8a21853b2415b8e6",1,2,2,,,,,,,
"093cbecd77b441179f3704a9d5bb4367",1,1,2,,,,,,,
"09c9f51b98214abca30f1cc1accd7cb9",1,2,2,,,,,,,
"09c9f51b98214abca30f1cc1accd7cb9",2,3,2,,,,,,,
"09f959c903de48f1a7656b5f988d01fe",1,1,2,,,,,,,
"0a1d569220474ae5a850ea9ffecd7397",1,1,2,,,,,,,
"0aa32d2b402845b9acdd93f36a957e2a",1,1,2,,,,,,,
"0b5f5af0b2464b878ac5c214e294cf3b",1,1,1,2,,1,50000,3,2,1
"0b95a1e8ac1f432da2425f0e135e45c0",2,1,2,,,,,,,
"0b95a1e8ac1f432da2425f0e135e45c0",1,1,2,,,,,,,
"0c6412b6bb304caab71edeea852ef471",1,1,2,,,,,,,
"0ca9880b3e5a43ee9ec44c9863b2f236",1,1,2,,,,,,,
"0cac75ed84684d18b700549a520c0f1f",1,1,1,1,"SAGE",12,25000,2,1,1
"0cceefffc29f4817b783a8cd577393d7",1,4,2,,,,,,,
"0cd035c06c3647fab7f198d760f73e98",1,1,2,,,,,,,
"0d1423b6187b4666aab92778cd5e4050",1,1,2,,,,,,,
"0df97c022ab34484ba98c8f65f2ada36",1,1,2,,,,,,,
"0df97c022ab34484ba98c8f65f2ada36",2,2,2,,,,,,,
"0ef621acc60143a99dd39acdf4e1fdc6",1,1,1,1,"Sage",2,100000,3,3,3
"0f50e94a1c4846ed9fbbb1db8394476f",1,1,2,,,,,,,
"0f7c31747a9e4c5ba7b1f535b96bbf3d",1,1,2,,,,,,,
"0f96f2f08b13450f8f8534815f565d6a",1,1,2,,,,,,,
"106e62b69ccd4b5eb8be8453f362c3e4",7,1,2,,,,,,,
"1080d7ee40774255aaad103a1649b0d9",1,2,2,,,,,,,
"10bc6b069d1043d7842d42e00e77e3b3",1,2,2,,,,,,,
"10bc6b069d1043d7842d42e00e77e3b3",2,2,2,,,,,,,
"11733cd5dcc74cc8a4fbf0a4175a48cb",1,2,2,,,,,,,
"11733cd5dcc74cc8a4fbf0a4175a48cb",2,1,2,,,,,,,
"129e90e0b1534943b07e61e5b50d632b",1,1,2,,,,,,,
"12bc37b16e004845a7e6b13b4d5f6dce",1,1,1,1,"SAGE",1,100000,3,2,1
"134dea57e9e541b1a86cf5a20e5e0e39",1,,,,,,,,,
"13c0ac9e60234803a737099cd94a24c1",1,1,2,,,,,,,
"13e99b34bc8249d7a5ad165092976057",2,1,2,,,,,,,
"13e99b34bc8249d7a5ad165092976057",1,1,2,,,,,,,
"14d3e139f3ca44de9726230e53811ccb",2,2,2,,,,,,,
"14d3e139f3ca44de9726230e53811ccb",1,1,2,,,,,,,
"14d3e139f3ca44de9726230e53811ccb",4,4,2,,,,,,,
"14e10f677117459db2b9b2895e7c722e",1,1,2,,,,,,,
"150492bae7f649c09544dece19749fda",1,1,2,,,,,,,
"158d74a7b23c4793980a9fbb1e7d1495",1,1,2,,,,,,,
"165a1e8e700c4e6f9977913e11df0a97",1,1,2,,,,,,,
"16821330e76d4edcb91f14caa98a742c",7,1,2,,,,,,,
"16caa101b05c4019b6297053ddc9eafe",4,4,2,,,,,,,
"1729c4f5581e4aceb8f17d06fce15ed4",1,1,2,,,,,,,
"1772cebbea394b50ae2cb4b1d5941271",1,1,2,,,,,,,
"17b3a7f9a9bb48608d1561619d7ab66e",1,1,2,,,,,,,
"17d493f37f5240f1ab444e863bf4a430",1,1,2,,,,,,,
"1829393f16384cd39325367c3eeb12d8",1,2,2,,,,,,,
"185fa75d1dfe4935bfc03ea2af633a33",1,1,1,1,"SAGE",11,50000,2,1,1
"185fa75d1dfe4935bfc03ea2af633a33",2,1,1,1,"SAGE",11,50000,2,1,1
"189b8ce109954a3cb8c7e9df07e39927",1,1,2,,,,,,,
"189b8ce109954a3cb8c7e9df07e39927",2,1,2,,,,,,,
"191014f8dc824e02b771df097ede918b",1,2,2,,,,,,,
"191014f8dc824e02b771df097ede918b",2,2,2,,,,,,,
"1929687f2461441e8c309b794682d421",1,1,2,,,,,,,
"1929687f2461441e8c309b794682d421",2,2,2,,,,,,,
"193cf962b1a344c185c6cefba882b7d4",7,7,2,,,,,,,
"19791a37650a40e3b6310d5ce84d57d2",2,2,2,,,,,,,
"19791a37650a40e3b6310d5ce84d57d2",1,1,2,,,,,,,
"19d8258889e64f9bab864bca42de7aa9",2,1,2,,,,,,,
"1a01e7d9d0d74b5ab6f701c27ee0ff78",1,1,2,,,,,,,
"1a1a6e6fcf724e5ca55581d79b4de34b",1,1,2,,,,,,,
"1a7b65d9be58490a88575b2cdf6f9c2e",2,2,2,,,,,,,
"1c1f76468bfa437d9109f20381751066",4,2,2,,,,,,,
"1c337f7b888a44fd836b267fa7edbc2f",1,2,2,,,,,,,
"1c4214f6641e482591c91735f5d022b0",6,2,2,,,,,,,
"1c9e0c6842514df987190903df844a48",7,7,2,,,,,,,
"1d1b0112e5fc4665b6259b6538dc0939",1,2,2,,,,,,,
"1d1b0112e5fc4665b6259b6538dc0939",2,2,2,,,,,,,
"1d291ad33f6e4704b68c1b8862f7cc64",1,1,2,,,,,,,
"1d47458568984727844c852213f7ede1",2,1,2,,,,,,,
"1d47458568984727844c852213f7ede1",1,1,2,,,,,,,
"1dac5db687b34fd0b60a6254b5f9f850",3,3,2,,,,,,,
"1db04686b9954f1286e0b6fabbb95076",2,2,2,,,,,,,
"1dce683cfa83471eb797fdd419bcf82c",1,1,2,,,,,,,
"1dde61b25fcb4c269b7e1c154b83c159",6,2,2,,,,,,,
"1de1d4ac39ed48d591a6ee08f1902033",2,2,2,,,,,,,
"1de1d4ac39ed48d591a6ee08f1902033",1,2,2,,,,,,,
"1de214e5f7b0487caf7a7911f07b78d7",4,1,2,,,,,,,
"1de214e5f7b0487caf7a7911f07b78d7",1,1,2,,,,,,,
"1de214e5f7b0487caf7a7911f07b78d7",7,1,2,,,,,,,
"1e5254364a5e4079a8a51db53904c345",1,1,2,,,,,,,
"1ece1b49d0064ce4898999eeebcadb6f",4,4,2,,,,,,,
"1f6dd2604c6140a5b45c953cb18effcc",1,1,2,,,,,,,
"1feae0aafc18488bb26fd8f058eec380",1,3,2,,,,,,,
"1ff6fe0fb96849cba993a74d731af461",2,2,2,,,,,,,
"1ff6fe0fb96849cba993a74d731af461",1,2,2,,,,,,,
"2086f006420f42e7b9656c177859bc18",1,1,2,,,,,,,
"20a7447637264ac081b179d69ff666da",1,1,2,,,,,,,
"20d4447171b24acf99c377292747e50d",1,1,2,,,,,,,
"20f5ad6fc2a7428086f48a00eef0980b",2,2,2,,,,,,,
"20f5ad6fc2a7428086f48a00eef0980b",1,1,2,,,,,,,
"211c7c79c5944a7f92abbeefb202a79e",1,3,1,1,"SAGE",6,125000,3,3,1
"219f2a7d3ec84bada34f1484f4c83d40",1,1,2,,,,,,,
"21b9661e2f1d4176a54808373138ff63",2,2,2,,,,,,,
"21b9661e2f1d4176a54808373138ff63",1,1,2,,,,,,,
"223eaf0efc8f4a89a92e0835945ff65d",1,2,2,,,,,,,
"223eaf0efc8f4a89a92e0835945ff65d",2,2,2,,,,,,,
"22468fd5c0654e6fb1c9a07597d232fd",2,2,2,,,,,,,
"22468fd5c0654e6fb1c9a07597d232fd",1,2,2,,,,,,,
"225ce7a298b74c198057f0d963f53a72",1,1,2,,,,,,,
"229d2e80c4924e009daa0a7818001988",1,1,2,,,,,,,
"2327ff79e9924751be6f311583f65b3e",2,1,2,,,,,,,
"2327ff79e9924751be6f311583f65b3e",1,1,2,,,,,,,
"2327ff79e9924751be6f311583f65b3e",3,1,2,,,,,,,
"23af8c0d1355477a92ad99a557c839c0",1,1,2,,,,,,,
"23b89241ac554c5abfa5981a8a7c6d39",2,2,2,,,,,,,
"23b89241ac554c5abfa5981a8a7c6d39",3,2,2,,,,,,,
"2415bfb664dd47aa87a7abb041406378",1,2,2,,,,,,,
"2429ea144b6f4c41b194a3e6237278ac",1,1,2,,,,,,,
"242b689ce8ac46a8ad1ac1b4d235ba50",1,1,2,,,,,,,
"246c247a85b54d91bc96fbf0eff7e646",1,1,1,1,"SAGE",3,100000,2,2,1
"24986699bf914802aa52cc82ae3f08ed",1,1,2,,,,,,,
"24a4a03559fd4791a2128a52f24e0435",1,1,2,,,,,,,
"2518fc022fa74be6b43585e877e4accf",2,1,2,,,,,,,
"2518fc022fa74be6b43585e877e4accf",1,1,2,,,,,,,
"25723a685ea44c71818d35eca6ec3d87",1,1,2,,,,,,,
"25d8fe84cc5f4da8ad14c7edb29a9ba6",1,1,2,,,,,,,
"26336aadad9e4c54a2988382eb410df0",1,1,2,,,,,,,
"26336aadad9e4c54a2988382eb410df0",2,2,2,,,,,,,
"26372ce413f748b98a3b3d1b1ee64608",1,1,1,1,"SAGE",1,100000,3,1,1
"269057df6c874f1da1b7d05fd9c2907c",1,1,1,2,,6,75000,3,1,1
"26a74b4ae08b47dd8bb32c4f2017a928",1,1,2,,,,,,,
"26a74b4ae08b47dd8bb32c4f2017a928",2,1,2,,,,,,,
"26f85299131843a7b0f5a8f38b87c728",3,3,2,,,,,,,
"27a3f77de23c471d9b1e72f05e244cec",2,4,2,,,,,,,
"27a3f77de23c471d9b1e72f05e244cec",1,4,2,,,,,,,
"27b502370a394aa0ae44daede183990c",5,5,2,,,,,,,
"281c312bde9647dfb1cf585a93608ee0",1,1,2,,,,,,,
"282cd74076c2438f921c0ccf6160fdfe",1,1,2,,,,,,,
"282cd74076c2438f921c0ccf6160fdfe",2,2,2,,,,,,,
"2888a6c6ce074d8f93c49ae5f7abcc7c",1,1,2,,,,,,,
"28920737d6ee46adb1af0fb12e729fcc",1,1,2,,,,,,,
"28af7e0f8a5848d2a619672b42748bdd",2,2,2,,,,,,,
"28af7e0f8a5848d2a619672b42748bdd",1,2,2,,,,,,,
"28cfecdc40fb49b1b9bb757b7bb7626e",1,1,2,,,,,,,
"28d1746496ae4f63975319dc27f41ae4",5,1,2,,,,,,,
"2951158410a34c3fb286fcd6f5179ddc",1,2,2,,,,,,,
"2951158410a34c3fb286fcd6f5179ddc",2,2,2,,,,,,,
"29a6ed7931bf49a2bfe1f1b80e6e491a",1,1,2,,,,,,,
"29d372b1412b47f8a56376ec4cf28707",7,1,2,,,,,,,
"2a1f769cb89f47558ef4589a2ff3ac5e",1,2,2,,,,,,,
"2abee6b40eee427f9120d72d7042384c",1,1,2,,,,,,,
"2b1dcf8e46814b0d86fa770b4e497071",5,5,2,,,,,,,
"2b400e53b4d8472b98f5f9147db5b084",1,1,2,,,,,,,
"2bfa19f8b88f4d669351633766e628ae",1,2,2,,,,,,,
"2bfa19f8b88f4d669351633766e628ae",2,2,2,,,,,,,
"2c5fb73501804b39ad74d51b52188688",1,1,2,,,,,,,
"2c67277ecc1b43d8b277ad2a8ed09109",1,1,2,,,,,,,
"2c788389ef5042f1bbf453bbce1e82fb",1,2,2,,,,,,,
"2d046279a8c649f1ac617159ae75b191",1,1,2,,,,,,,
"2d1032055a2b43c6ae7d38ec2aacf301",3,2,2,,,,,,,
"2d14ac0f77fe4f4f9da392eaa4c1c155",1,2,2,,,,,,,
"2d3a68f349084c0e9cb37611f20112f0",11,2,2,,,,,,,
"2da5204de266443b8b04628888383c5f",1,2,2,,,,,,,
"2dec332ec9804d0c99abf514cc1ac2ae",2,2,2,,,,,,,
"2dec332ec9804d0c99abf514cc1ac2ae",1,1,1,1,"sage",0,100000,3,1,2
"2e1a8d093a4949cf926905e415f3a464",2,2,2,,,,,,,
"2e1a8d093a4949cf926905e415f3a464",1,1,2,,,,,,,
"2e3d46d854754424a951d6c3a4cb46bf",4,1,2,,,,,,,
"2e51386a842c4e8fb28678dcb527c9f1",1,1,2,,,,,,,
"2e52712b6bed4118b543e6d8488ee019",1,1,2,,,,,,,
"2e5c1262075443d0918c0c698680721f",10,1,2,,,,,,,
"2e6d5474c1e146cea65e257850f6f3fa",1,1,2,,,,,,,
"2eb55270221e45f089be88207c3f3140",1,1,2,,,,,,,
"2eb976486cfa4f4b992d87c52227a2d3",1,2,2,,,,,,,
"2eb976486cfa4f4b992d87c52227a2d3",2,2,2,,,,,,,
"2ec765c0b7cb43888fd93a18a79252dc",1,1,2,,,,,,,
"2ec765c0b7cb43888fd93a18a79252dc",2,2,2,,,,,,,
"2f3a098e58ac41a8b58f0fea74822b1d",2,2,2,,,,,,,
"2f3a098e58ac41a8b58f0fea74822b1d",1,1,2,,,,,,,
"2ff358bb0be240bb97c66457273a4514",1,1,2,,,,,,,
"2ff358bb0be240bb97c66457273a4514",2,1,2,,,,,,,
"3009572514c64bcfaaba2a6af4c2376d",1,1,1,2,,1,100000,3,1,1
"3042131caccc4771a12bda52c059e81c",1,4,1,1,"SAGE",7,75000,3,1,1
"3073111fdc9f45b98627887d8c05519e",1,1,2,,,,,,,
"30943541f74e40a886d71d1405dcd193",1,1,2,,,,,,,
"309a68a1a2c04e2c95fbb5342b4b28ef",6,2,2,,,,,,,
"309a68a1a2c04e2c95fbb5342b4b28ef",1,2,2,,,,,,,
"30c1e400c0c0409ea8d74e2832eeeaf9",1,1,2,,,,,,,
"3107b4e1b5494ad59fb5361298399d2d",4,1,2,,,,,,,
"3125dcaadf714253ba8896dc6ac57c70",1,1,2,,,,,,,
"31e22abbb2994739990c351e46c36d26",1,1,2,,,,,,,
"32210d6225b24aebbbf8f61bf555e553",11,4,2,,,,,,,
"32b0123765e54aa8b51604a1eac56758",2,1,2,,,,,,,
"32b0123765e54aa8b51604a1eac56758",1,1,2,,,,,,,
"32e6bcbfd8754a888300f4d94e122d08",5,4,1,1,"SAGE",1,100000,3,1,1
"32e6bcbfd8754a888300f4d94e122d08",1,4,2,,,,,,,
"3320ef7c916142e5a2bbdc984aa4cf16",5,1,2,,,,,,,
"332c00b7723640bcbd3b0df2af03f4fa",1,1,2,,,,,,,
"33a3fafffb4a474fb4621d9ae24c52b6",1,1,2,,,,,,,
"33a3fafffb4a474fb4621d9ae24c52b6",2,1,2,,,,,,,
"33b5a266a16b4b71b035bcf5479463a6",3,1,2,,,,,,,
"33cd4473e1df4304a6839a80dbd44829",1,1,2,,,,,,,
"351ff4e6c63b4f46bfe6f61bf100ba4f",1,2,2,,,,,,,
"35f31e253bb147cba3c1ba28825c2c38",1,1,2,,,,,,,
"35f31e253bb147cba3c1ba28825c2c38",2,1,2,,,,,,,
"3631ba7632f147949d4db44588d39442",1,1,2,,,,,,,
"36350959a38d46159a938020fd413b28",2,1,2,,,,,,,
"36350959a38d46159a938020fd413b28",1,1,2,,,,,,,
"3656b29d648c4432b1c273546093da60",1,1,1,1,"SAGE",2,25000,1,2,2
"367c2cf298dd45f9bce503b87ffeca1f",15,2,2,,,,,,,
"367e34a2fdf14986b45290581d0cb347",3,3,2,,,,,,,
"367e34a2fdf14986b45290581d0cb347",2,2,2,,,,,,,
"367e34a2fdf14986b45290581d0cb347",1,1,2,,,,,,,
"37cd7a15e3294dc29c63e8bb05955312",3,3,2,,,,,,,
"37d88558c2b245a7a9a8671e5f9e4e5a",1,1,2,,,,,,,
"387e2859c6e74ac58fec4dc574402a93",1,1,2,,,,,,,
"38f7d51ab573407b9e3d5f63cd6776c6",1,1,2,,,,,,,
"3a2240c1b88c480e8ad5f761daa701da",1,1,2,,,,,,,
"3a68ac8a10ff4c3c859ead75990cc409",1,1,2,,,,,,,
"3ab0f18d796a424a9874e00ccb966251",1,1,2,,,,,,,
"3ab7d02814fd4b958cead40b2e1c70a6",1,1,2,,,,,,,
"3ac163c4ce9c45c6bf0811db275ba36e",1,2,2,,,,,,,
"3af320e86e2641dc8508aea5fcc16590",1,1,2,,,,,,,
"3b1718f0d3fb4e629651cf461ee7557c",1,1,2,,,,,,,
"3b6df4237fe04c4baf345c360ea6660d",1,1,2,,,,,,,
"3b73ebe890704075a97c2d67ff10ff7f",1,1,2,,,,,,,
"3b8210365ce648f5b0f44e9cbd2d90d2",1,1,1,1,"SAGE",12,100000,3,1,1
"3b86c6ba02e04e1fa750e77add3e1805",1,2,2,,,,,,,
"3bae8a3fde124ab782cb7a39c5bdfee9",3,1,1,1,"SAGE",8,75000,3,2,2
"3bae8a3fde124ab782cb7a39c5bdfee9",2,1,1,1,"SAGE",8,75000,3,2,1
"3bae8a3fde124ab782cb7a39c5bdfee9",1,1,1,1,"SAGE",8,75000,3,1,1
"3bae8a3fde124ab782cb7a39c5bdfee9",4,1,1,1,"SAGE",8,75000,3,2,2
"3bb729a3bf1a41918e245a4f0ef36f0d",1,1,2,,,,,,,
"3bdaa8350641478ab512ae673323b9c3",9,2,2,,,,,,,
"3bfb0921c87c40648bd552e1bdd06838",2,1,2,,,,,,,
"3c264506125b425e8f086b6eab486bef",2,2,2,,,,,,,
"3c264506125b425e8f086b6eab486bef",1,1,2,,,,,,,
"3c3497e297b84aea878a303187308283",1,1,2,,,,,,,
"3c5506b13a194b8d851b8d09375dc6e2",3,3,2,,,,,,,
"3c5506b13a194b8d851b8d09375dc6e2",2,2,2,,,,,,,
"3cdd126c65ce4260b97277bad1b01633",1,1,2,,,,,,,
"3cf518201590493cb8adb71bb964e726",2,2,2,,,,,,,
"3cf518201590493cb8adb71bb964e726",1,2,2,,,,,,,
"3d13a6faf83146a7afad8da05f7828f8",1,1,2,,,,,,,
"3d2326b02ddd4b41929429061657f4b7",9,1,2,,,,,,,
"3d5b2059c4b6403ea16bb75bf2494365",1,1,2,,,,,,,
"3e04d90ac3b3463aa6c94e465a88e110",1,1,2,,,,,,,
"3e22334e29d144389bec0c64da244c9d",6,6,2,,,,,,,
"3ed06d7bcb174096be332af22154cc3d",1,1,2,,,,,,,
"3efe48fb48db43aa8d97ee037c631a49",1,1,2,,,,,,,
"3f1fed9c23804aec908748de089f1c93",1,1,2,,,,,,,
"3f6bbcf02a1149a484cc0f0f663c54db",2,2,2,,,,,,,
"3f6bbcf02a1149a484cc0f0f663c54db",1,1,2,,,,,,,
"3f9abfed2edf4cc884dcbab10db4849f",2,2,2,,,,,,,
"3fb8d4d90721432f9bd4c3e6927b3c7f",1,1,2,,,,,,,
"3fd41609787344f0801c2918325cd45c",10,10,2,,,,,,,
"3fe4eda5aca04a948d595361c0295e7c",1,1,2,,,,,,,
"40665c26f6a74711bca1c113a79fabea",13,13,2,,,,,,,
"40a695dff6b14a9aac1f00d57fdcf00a",1,1,2,,,,,,,
"40fe671de7d7403db17b5143b9400637",1,1,2,,,,,,,
"4115e61c3e4746c0a901b9884df6db5a",1,1,2,,,,,,,
"413d5b0ec93349f8979646314ed8ad97",1,1,2,,,,,,,
"416dec136ad7406f8c8760d1e9cfef88",1,2,2,,,,,,,
"416dec136ad7406f8c8760d1e9cfef88",2,2,2,,,,,,,
"419aeb8cf20b477ab14959fed173ed47",1,2,2,,,,,,,
"419aeb8cf20b477ab14959fed173ed47",3,2,2,,,,,,,
"41ba424b666041cda63b370a2a903878",1,1,2,,,,,,,
"41de39edb2fd4bba8a75e66478b9c738",1,2,1,1,"SAGE",10,75000,3,1,1
"420c5338635b4d769aa8fc629ac0b51d",1,1,2,,,,,,,
"42b460c56a684d62abac827c6bfcee5f",1,2,2,,,,,,,
"42b460c56a684d62abac827c6bfcee5f",2,2,2,,,,,,,
"43043f77f99e421aaa48b4bd6b4bb7fb",1,1,2,,,,,,,
"4310f37c41cc4282b40ed4de953b8451",1,1,2,,,,,,,
"431957a3478248aeb6c4637eda5a1ad4",7,7,2,,,,,,,
"431957a3478248aeb6c4637eda5a1ad4",1,1,1,1,"SAGE",3,50000,3,2,1
"433547d2a44d43449f3724b48dd90cb5",1,1,2,,,,,,,
"43392820ec5e41a382f503a3e366dacb",1,2,2,,,,,,,
"43641e84302e47fd8c707939df683844",1,1,2,,,,,,,
"43af06e45e854932b354795bd27ced75",1,1,1,1,"SAGE",3,70000,3,2,1
"44d4e3fbc0df4168a77b3c996ff96cee",1,1,1,1,"SAGE",12,50000,3,1,4
"44d4e3fbc0df4168a77b3c996ff96cee",2,1,2,,,,,,,
"44e140bfecf240d5acc7f78e73bf14b6",2,9,2,,,,,,,
"44e140bfecf240d5acc7f78e73bf14b6",1,9,2,,,,,,,
"44e140bfecf240d5acc7f78e73bf14b6",3,9,2,,,,,,,
"4531bc43d3934446bb799695088ca370",1,1,2,,,,,,,
"45eb1e917da9451db9e881e1fa1eaf31",1,2,2,,,,,,,
"45eb1e917da9451db9e881e1fa1eaf31",2,2,2,,,,,,,
"45fe14dbb34a4074bc0fd23c317b2177",2,2,1,2,,1,75000,3,1,1
"45fe14dbb34a4074bc0fd23c317b2177",1,1,1,2,,1,75000,3,1,1
"468d169cb02c428dbe52324c986418af",2,2,2,,,,,,,
"468d169cb02c428dbe52324c986418af",1,2,2,,,,,,,
"475ef9bd4a8844ccbc220ff21f90aa8d",2,2,2,,,,,,,
"475ef9bd4a8844ccbc220ff21f90aa8d",1,2,2,,,,,,,
"4864b552d6f54bd7957c946a94ea8f4c",2,1,2,,,,,,,
"4864b552d6f54bd7957c946a94ea8f4c",1,1,2,,,,,,,
"49aee03e5c2f45e1b99b5fc39d809bf6",1,1,2,,,,,,,
"4a7854a23d5f4fdbbc16fa68eeaef75b",1,1,2,,,,,,,
"4c1e2d5397df4f3d8be86f71385dd9b5",1,1,2,,,,,,,
"4c3aec246d9a454a89c777d51431d7ee",1,1,2,,,,,,,
"4c6bdc6e6d4d419aa1a7918d671d0e87",3,3,2,,,,,,,
"4c6bdc6e6d4d419aa1a7918d671d0e87",2,3,2,,,,,,,
"4c6ccee1737e46ffb38c5437e551e3c3",1,2,2,,,,,,,
"4c930656ec914ea9b7b0a7d3f618ffb4",1,1,2,,,,,,,
"4caade3e60ef449893243513847812a0",2,1,2,,,,,,,
"4caade3e60ef449893243513847812a0",1,1,2,,,,,,,
"4d06bd2529aa4381816fb485f8dac688",6,6,2,,,,,,,
"4d77a6468adb430faa1279387ee1a0d8",7,1,2,,,,,,,
"4d831e3912f4492d9726551c75523d5e",1,1,1,2,,2,50000,2,3,1
"4d831e3912f4492d9726551c75523d5e",2,2,2,,,,,,,
"4d9c0e82ba36408b99ae5d0f0d84c790",1,2,2,,,,,,,
"4dc1313378ca44dd848171398ffeab5a",1,1,2,,,,,,,
"4dfc5e6dea2943d39a54ec4f5c22e1e0",2,1,2,,,,,,,
"4dfc5e6dea2943d39a54ec4f5c22e1e0",1,1,2,,,,,,,
"4e357f82506240e490a9b23b571114bf",1,1,2,,,,,,,
"4eacf3a441324962bebe71deb6a484a9",1,2,2,,,,,,,
"4faea088444d454e8a3f7e7887be6b89",1,1,2,,,,,,,
"4fcac595a4bf40d69cba13807e4dfe71",2,1,2,,,,,,,
"4fcac595a4bf40d69cba13807e4dfe71",1,1,2,,,,,,,
"5080bcd282ac4ec889af3bf823de55b6",9,9,2,,,,,,,
"510913bc5f8b459d8e798d7f01ded394",1,3,2,,,,,,,
"51274a93544a49ae90b9df3214be2e14",1,1,2,,,,,,,
"5128f705459a433bbedb0a7fa3c1174c",1,7,2,,,,,,,
"515101ffb1f5495eba8eacd974f4f63a",1,1,2,,,,,,,
"519b87abc4e04a6a8046234b94b91cb3",1,1,2,,,,,,,
"52076a5ef3a04ca0a5aa60457ee9618d",1,1,2,,,,,,,
"52b1e0c2db054589afd4f57f1554d2e2",1,1,2,,,,,,,
"532dd7454bd147a992bb9f40808ff7c6",1,1,2,,,,,,,
"538bd05c2e354a7c97ae983990fbd9cd",1,1,2,,,,,,,
"53a99bc9b4cf41cbb7e38fa15a64ef34",1,2,2,,,,,,,
"53b4643ffde546d09666b0bd168c8223",1,2,2,,,,,,,
"53e066cf16e842bb923619d7a724cfc8",1,1,2,,,,,,,
"542d0511fbf14d0c840412b8c4a21e09",1,2,2,,,,,,,
"545e128f868a48fb90e83536e307e822",1,1,2,,,,,,,
"549db14fab984d75bb4096ff0d918c37",1,1,2,,,,,,,
"54be45fa86f24a8f9ecb581f78f992b8",2,2,2,,,,,,,
"54be45fa86f24a8f9ecb581f78f992b8",1,2,1,1,"SAGE",7,75000,3,1,1
"550878e14ace4f93a3e4b486d070efa8",1,1,1,1,"SAGE",2,75000,3,2,1
"555ccfcf9a0944c0866a2edf5a6903e0",1,1,2,,,,,,,
"55c3d1e4e7fa4ece8a7b30a7155ec1e2",1,1,2,,,,,,,
"5617b8c8b9b64ab98375b724978b8ff9",1,1,1,1,"SAGE",1,100000,3,1,1
"561b9da0e83b491fbe93b0b5dc93dbff",1,1,2,,,,,,,
"56791b0c00ac4630824393ed6ddea3d9",3,3,1,1,"SAGE",7,75000,2,1,2
"56791b0c00ac4630824393ed6ddea3d9",1,1,2,,,,,,,
"56d914750684421abacfdfbf45e54ab9",1,1,2,,,,,,,
"5705343aebc543d39182458fd3719c49",1,1,2,,,,,,,
"5705343aebc543d39182458fd3719c49",2,2,2,,,,,,,
"57ad19c7b77b4c01816ae792f50a11b1",2,2,2,,,,,,,
"57ad19c7b77b4c01816ae792f50a11b1",1,2,2,,,,,,,
"57dc4b8d45af456f93137c78f770b884",1,2,2,,,,,,,
"5824cf99fa5a4d309164f552396aba5a",1,1,2,,,,,,,
"585c37bc33244e8ea46c8f438f52a2e1",1,1,2,,,,,,,
"58cd527a930742bb86440a5b61fa2cba",1,1,2,,,,,,,
"5920f17454484ec0ac7a9e7973f09711",1,2,2,,,,,,,
"59753499ae3d4a3c9a41c6923c8e2bb6",1,2,2,,,,,,,
"5975db78a89b4bd4b9c8f3af0674bb4c",2,2,2,,,,,,,
"5999874f032646b1974c216a99b4e928",1,1,2,,,,,,,
"5999874f032646b1974c216a99b4e928",2,2,2,,,,,,,
"5a022b3a7584434d93d55ed0d3fc0d7c",4,7,2,,,,,,,
"5a0d083d6d4f4c929d7c8b0d68cb1923",1,1,2,,,,,,,
"5a191f4feef04101bfcf7185113a4d4c",1,1,2,,,,,,,
"5aab8576106f400ba3543587c78b65b1",2,2,2,,,,,,,
"5b19aefa64f047269f6b71eaaf4fb6af",1,1,2,,,,,,,
"5b8c0268f0024da88e6f3d6a7106fd7f",1,2,2,,,,,,,
"5b8c0268f0024da88e6f3d6a7106fd7f",2,2,2,,,,,,,
"5b982343a8884c3fa859827107caaccd",1,1,2,,,,,,,
"5bac9c3a21224229b37ea0486eee1b54",1,1,2,,,,,,,
"5be3ed39602e47449c78705712bb7ec3",1,1,2,,,,,,,
"5bf37ab366ff49729d5057050e1296bc",2,,,,,,,,,
"5c49d46d90a9479a8bc0509cd57cb5d9",1,1,2,,,,,,,
"5c6cea5512584def91e4d65c7008e83d",2,2,2,,,,,,,
"5cbb6d1f663c44869b31c22cff31d055",2,1,2,,,,,,,
"5cbb6d1f663c44869b31c22cff31d055",1,1,2,,,,,,,
"5cc4e7d7549b4c1a98ba58c4905a1422",1,1,2,,,,,,,
"5cc4e7d7549b4c1a98ba58c4905a1422",2,1,2,,,,,,,
"5d85ab9e38614958a4bea69e3d9f37d3",3,2,2,,,,,,,
"5dc3948458a4430889b165d796b79015",1,2,2,,,,,,,
"5e6c30c4feb842198343dfcb49e70b26",5,5,2,,,,,,,
"5e8f1025454b462fb3cc2252d243e5c2",7,7,2,,,,,,,
"5ed26be245584f4cbe85ac259c5db158",1,1,2,,,,,,,
"5eda5fe613e34e9890ba7d1e4aa655e4",1,1,2,,,,,,,
"5f08bbbd7d5941f3b0a9b8dde475c055",2,1,2,,,,,,,
"5f08bbbd7d5941f3b0a9b8dde475c055",1,1,2,,,,,,,
"605a80f1f3434075bb2e27a39110f431",2,1,2,,,,,,,
"608dd2f241e94df6ad75d3d2dfd1b38c",1,1,2,,,,,,,
"60afd070725d446c9fda829646f934af",1,1,2,,,,,,,
"61051cb9f67c4f9e9669a4aed1fa9c2a",1,1,2,,,,,,,
"618d7ee2c2aa4acc8a6e9519a405bf38",1,1,1,2,,5,25000,2,3,3
"61d842c6f7ae4722b43ba13499955972",1,1,2,,,,,,,
"622adfbe9fea42cf8fe649eff187b703",8,8,2,,,,,,,
"622adfbe9fea42cf8fe649eff187b703",7,8,2,,,,,,,
"625d906e24e84f58968078f302bdac2b",1,1,2,,,,,,,
"626dcc81c2af4ea782831dbc61a1a299",1,1,2,,,,,,,
"63185311cd1440bc95f7107de221dd4e",1,2,2,,,,,,,
"635bb27ada6140a3bc43667c791e65be",1,1,2,,,,,,,
"637f7c8c60204eafac30b817b7e92187",2,1,2,,,,,,,
"637f7c8c60204eafac30b817b7e92187",1,1,2,,,,,,,
"63ca9150586c41c5ae9c27f76edf38f3",7,10,2,,,,,,,
"63ca9150586c41c5ae9c27f76edf38f3",1,10,2,,,,,,,
"6404252c51564436a042729153322d07",1,1,2,,,,,,,
"64bf0240455e4312805c7f81ccb4e9f4",1,2,2,,,,,,,
"6509c7b1d78742458078ed2b20f007ef",1,2,2,,,,,,,
"650bd6cdf96b448ba5d51fa62a58df9f",1,1,2,,,,,,,
"658d1dae722246879b876bbd32bddf37",1,1,2,,,,,,,
"66680e3225a443c3a67b5aaf028ae98a",1,1,2,,,,,,,
"66713c3781bc4160b16041bce254320e",1,1,2,,,,,,,
"66713c3781bc4160b16041bce254320e",2,1,2,,,,,,,
"66abd4724ed4491da204f92b700f0558",1,1,2,,,,,,,
"67a814c6e3414b42a0c734cff8aa986f",1,1,2,,,,,,,
"67ac2b319baf4ac9af655894c41dd2e4",1,2,2,,,,,,,
"6868bd77f5f4458b91be5765df749a12",1,1,2,,,,,,,
"68ae406a1dab46618e3e9d79e8665341",4,2,2,,,,,,,
"68bc682cc7354719a05d8bc39b570d0b",2,1,2,,,,,,,
"6903f35aa6d34bc5bd61ceb790941361",1,1,2,,,,,,,
"694d8f1dc18e4712817b9b2e64a7177b",3,3,2,,,,,,,
"6a059d75db964ac6a7860e236f1d62e2",7,2,2,,,,,,,
"6a059d75db964ac6a7860e236f1d62e2",1,2,2,,,,,,,
"6a9afb18981c48a5be73377c0d912420",2,1,2,,,,,,,
"6a9afb18981c48a5be73377c0d912420",1,1,2,,,,,,,
"6b77c8585b324fc193c8c153b09da898",11,1,2,,,,,,,
"6b933522aebf44aba40be62e8c363617",1,1,2,,,,,,,
"6baa9c6af64a468db600889b96edef1a",1,1,2,,,,,,,
"6ce9ee577648413ea819a60d0cf9be1c",2,2,2,,,,,,,
"6d47738e82664d03ae4d14c89e1ee385",2,1,2,,,,,,,
"6d47738e82664d03ae4d14c89e1ee385",1,1,2,,,,,,,
"6e04e53535bf48cfb16764bac0e548ba",4,4,2,,,,,,,
"6eb57c6c1531470ba5838165e31fce37",1,1,2,,,,,,,
"6f3eb330bca44c80b0a4d4374b5ddfd7",1,1,2,,,,,,,
"6f741a82d8eb467a81a053a28f77fb29",2,2,2,,,,,,,
"6f969d5f76874fa18b9fc77d1a1164a4",1,2,2,,,,,,,
"6fcada408b6d4416bface5d5b2171df9",1,1,2,,,,,,,
"6ffeea870e95443698777385119094a6",1,1,2,,,,,,,
"70b60b0e8e8c437dba5ccfac3fcbd53d",4,4,1,1,"SAGE",12,75000,3,1,2
"70e72b90340941679bd789a808b7deff",1,2,2,,,,,,,
"70e77305baeb4d5fba7abf802061f297",1,1,2,,,,,,,
"70f668b607b7446795d84da9d8165d78",1,1,2,,,,,,,
"722465d40f8c49de978abbfbf4fe14e4",2,2,2,,,,,,,
"722465d40f8c49de978abbfbf4fe14e4",1,2,2,,,,,,,
"72350d5ac8dc45f0923528f570a75aee",1,2,2,,,,,,,
"72e51647b2d2439498cfccdc03c23ada",1,1,2,,,,,,,
"72febb41ac1c4f2a9fa2be189e0e7f76",1,1,2,,,,,,,
"7318634693994a539d10cadecdb1b8f3",2,2,2,,,,,,,
"736e5276e4b94fc89956d384eea28b5f",4,4,2,,,,,,,
"7386def11c4047cdba7a05b145d25d68",1,2,2,,,,,,,
"73e3f311ad944cd9bb1dec551f54ced2",1,1,2,,,,,,,
"73ff9329663140de9a89bc95b39d9f74",2,1,2,,,,,,,
"73ff9329663140de9a89bc95b39d9f74",1,1,2,,,,,,,
"74e97ee0b77b41ce9c9b4e708de2a641",1,1,2,,,,,,,
"74f09658ca464d54906c2d9d1e28fe64",1,1,2,,,,,,,
"7580e61b27b34b51a8f7cf011686a360",1,1,2,,,,,,,
"7580e61b27b34b51a8f7cf011686a360",2,1,2,,,,,,,
"767f08f5e6004182b5fb28bdd5139634",1,1,2,,,,,,,
"76a33d413aeb4c2aaa7e86a7f0a462ad",1,1,2,,,,,,,
"7711396f0a3445d6a83d171b4bf8a221",1,1,2,,,,,,,
"77b390e9c443445399a4a550bf07339c",1,1,2,,,,,,,
"77d41607dfec47c2a240cce5b6fc0e46",2,2,2,,,,,,,
"77d41607dfec47c2a240cce5b6fc0e46",1,2,2,,,,,,,
"79246f20eab24d72a7e15e5bfec5937f",1,1,2,,,,,,,
"79656e7dfe6c4124ad8a4cfe8bed745a",1,1,2,,,,,,,
"79ad3173b33b47f29d370cebca78c352",1,1,2,,,,,,,
"79ad7222b89b41499f43700a4565208f",1,1,2,,,,,,,
"79b20da3593c4354aade9d9c373c1137",1,,,,,,,,,
"79f968b9dc9a40bcaba75ea2b8178e0b",1,1,2,,,,,,,
"7abe5d30e6a8498d8aa3cc57d71486d4",8,1,2,,,,,,,
"7b2d0bd131984190b2ddc24b24b68a21",1,1,2,,,,,,,
"7b3d4f4a755e4fc7ba0aa659654c6185",1,2,2,,,,,,,
"7be52d943c5048959c66f344c364618d",1,1,2,,,,,,,
"7c12e0ea1d4e4715b33ca829365fc859",1,3,2,,,,,,,
"7c3571bb48c1453ba75e1aaadf1e1a3c",2,2,1,2,,5,75000,3,3,3
"7c7115928f384b168929bfd6dd4c511b",4,4,2,,,,,,,
"7c9c792164324355bc54668032488e66",1,1,2,,,,,,,
"7c9c792164324355bc54668032488e66",2,2,2,,,,,,,
"7cb66aeeb60e4ee49698c72777425cb2",2,1,2,,,,,,,
"7cb66aeeb60e4ee49698c72777425cb2",1,1,2,,,,,,,
"7cf749ee04a24567b3756af1452f44b4",2,2,2,,,,,,,
"7d1ecacefc7f46078dc41dde6359a2d8",1,2,2,,,,,,,
"7d2eeffe41d5436e965adcc184b35a80",1,1,1,1,"POST BANK",10,70000,3,1,1
"7d41679b9a7e47f2a724889bef4d175f",1,2,2,,,,,,,
"7d41679b9a7e47f2a724889bef4d175f",2,2,2,,,,,,,
"7d9cc29e99d342b69da54fac681858b8",1,3,1,1,"SAGE",3,28000,2,2,3
"7de8e459d1b54fd5b32c23c2b181b043",2,3,2,,,,,,,
"7e08b7dbbab14a8b9c0c73accf382d65",1,7,2,,,,,,,
"7e08b7dbbab14a8b9c0c73accf382d65",7,7,2,,,,,,,
"7e4528b57a214c61bd02ec1894d08bbe",1,1,2,,,,,,,
"7e9c6f268eb644c086c31500db4d969a",1,1,2,,,,,,,
"7ed3d60f89f14690ab5b011e1fe42c6a",1,1,2,,,,,,,
"7f86a2edc5d649d78edb9106de25a7c4",1,1,2,,,,,,,
"7f86a2edc5d649d78edb9106de25a7c4",2,2,2,,,,,,,
"7ff0a48d3d1e4ec2a5f27d437483da61",1,2,2,,,,,,,
"8061af8f56ab42b18859520dd44e8172",1,1,2,,,,,,,
"80ad9da8adb04130b3c68966c4d4470d",1,1,2,,,,,,,
"80d08b55339d4d22ae79cc5024d01366",1,1,2,,,,,,,
"80ea906e31b54324add561338e3a116d",1,1,2,,,,,,,
"80ea906e31b54324add561338e3a116d",2,2,2,,,,,,,
"810eb772f3fc4ab8a0d6494ed4f1cc97",1,1,2,,,,,,,
"81ddea255d6f4a7ba39b34aad9469ec8",1,1,1,2,,2,75000,3,1,1
"81e156743cb7492587703913b1d5c2c6",1,1,2,,,,,,,
"81f6d67769af427296d5f81c345beeb0",1,1,2,,,,,,,
"820e7fa8a4584720b8c5654cf0472d66",1,1,2,,,,,,,
"826daf363c504002a2ebdf09954e1772",1,1,1,1,"SAGE",1,750000,3,2,1
"826daf363c504002a2ebdf09954e1772",2,2,1,1,"SAGE",1,750000,3,2,2
"82d8faa62d3b44ffb93c714c713651a3",8,2,2,,,,,,,
"836e6e47d3964bfdb8facde0f3f2e624",2,2,2,,,,,,,
"8395061c8526434ca0a44b5651bdb5e0",1,1,2,,,,,,,
"8395188b792442009a34da609a07fcdf",1,1,2,,,,,,,
"83e732e22aa2449e86337eb8d6905ffb",2,1,2,,,,,,,
"83e732e22aa2449e86337eb8d6905ffb",1,1,2,,,,,,,
"840c4404f7a048b0a272668392b8150e",1,2,1,1,"SAGE",3,75000,1,1,1
"840c4404f7a048b0a272668392b8150e",2,2,2,,,,,,,
"84b9c4e3761d4a6d9e4408ac725672ac",1,2,2,,,,,,,
"84cd658cc8f24a47ab58eafb75b6d8a1",3,1,2,,,,,,,
"8578ed2ee7044479b4a1354a5db411b2",2,3,2,,,,,,,
"857a44ffdbb54af39313f5015ef302c8",1,1,2,,,,,,,
"86044ba9aa2a4b678462720ea21a3219",1,1,2,,,,,,,
"87893bf3fcdc4100bfcccd7e3d8fc162",1,1,2,,,,,,,
"878feadf5d0f41e194da96936cf9b8ca",1,1,2,,,,,,,
"878feadf5d0f41e194da96936cf9b8ca",2,1,2,,,,,,,
"879c792bde2a499e99d9bc5a5b53dddb",1,1,2,,,,,,,
"88ca05130f6b429db4f3807b50dadee1",1,1,2,,,,,,,
"88fff82431af4ee09f848082a77dace7",1,1,2,,,,,,,
"8956185e1f994c14aaf73ae617430727",1,1,2,,,,,,,
"89af0090c4f744cfb4b79ca8536a24d2",1,1,2,,,,,,,
"8a40dd76b0084606b063c880ca2ab855",1,1,1,2,,4,75000,3,2,1
"8a9c30a2720449788e06b3c6b9a1c9ed",1,2,2,,,,,,,
"8a9c30a2720449788e06b3c6b9a1c9ed",2,2,2,,,,,,,
"8ac1830c403043aba5752609d91c5e9e",1,1,2,,,,,,,
"8ac1830c403043aba5752609d91c5e9e",2,2,2,,,,,,,
"8acd20054dcf4e5896b5942c4dda7d3f",1,4,2,,,,,,,
"8ad5bed15b194c8297d459dd075109df",1,1,2,,,,,,,
"8b1c5ba2b25f4346819c64e49ba40ca8",5,11,2,,,,,,,
"8b4c03200f674e4d975bc2d8954ecef3",1,1,2,,,,,,,
"8b79adbce0d2462d95424a84a94e165a",1,1,2,,,,,,,
"8ba30b564d1a40bc867dad9460534b26",2,2,2,,,,,,,
"8ba30b564d1a40bc867dad9460534b26",1,1,2,,,,,,,
"8c0334a08af04b09af805a3b2ddd21d8",1,1,2,,,,,,,
"8c6bdb5fb00a45dc90aa7ae00a9ea2ae",1,2,2,,,,,,,
"8c98d02a4c84498eba0bb400ba0206f7",1,1,2,,,,,,,
"8ceaeb1f41a84f689dfb8129239ba0ec",5,1,2,,,,,,,
"8e13731385e74c8faf7727c1d73ef7f6",3,1,2,,,,,,,
"8e13731385e74c8faf7727c1d73ef7f6",1,1,2,,,,,,,
"8e1a4eaba5964506ac960adce546137d",1,2,2,,,,,,,
"8e4d650733684da3b8b7cd226ee93841",1,1,2,,,,,,,
"8e4d650733684da3b8b7cd226ee93841",4,1,2,,,,,,,
"8e9b2ef65bc143e69c9919dd1cbb7eea",2,2,2,,,,,,,
"8f2805c60faf40a892daedeb952b0629",1,1,2,,,,,,,
"8f787b24190d42ebb39560122cc3105a",2,2,2,,,,,,,
"8f8c64fa798c4e5e8490b8cca7bbd057",1,1,2,,,,,,,
"8fdeaf355324427ba72ed2c96460b611",1,1,2,,,,,,,
"908b17ed0b964e90b22afa865690df5d",1,1,2,,,,,,,
"908dd494e84b4c94b3ed8e96ccd543c5",1,1,2,,,,,,,
"90a14f8125044834aa6bad070999e7f0",1,1,2,,,,,,,
"90ed3532efb0474b9df999ce192aafb7",1,1,2,,,,,,,
"91450e2292dc4a4c85423c6d96788120",3,3,1,2,,1,100000,3,2,1
"914c5519c55a4df18a820696f62c1c80",1,3,2,,,,,,,
"91977dd048b34793bdf31105e251b0af",1,1,2,,,,,,,
"91e639b11610463fba9ff19245108149",5,1,1,1,"SAGE",1,50000,1,1,1
"91e639b11610463fba9ff19245108149",1,1,2,,,,,,,
"91fd38789bc34bc2af4ee06597ace130",7,2,2,,,,,,,
"9224d9c4332e49849ad81a29a411da67",1,1,2,,,,,,,
"922a6b03b6944ace85f527966675c16e",1,2,2,,,,,,,
"92415a109bfe421fa88385ffb5d9bbe5",1,1,1,1,"SAGE",6,120000,3,2,2
"926d44a6d212443b8abc252fbd067da0",1,2,2,,,,,,,
"926d44a6d212443b8abc252fbd067da0",2,2,2,,,,,,,
"929d02626fc0431fbe0633ef46d8af3b",1,1,2,,,,,,,
"92b17392f39b4c83a4ce4aa8994b963a",1,2,2,,,,,,,
"931c48581659420bafaa0a8102dd9b7f",1,1,2,,,,,,,
"9343875f2ea24dad9bae4f85d4322375",1,1,2,,,,,,,
"935f6e08397a4a71a1f2e843d3c8c141",1,1,2,,,,,,,
"945540415d914164bf9aac642e474d26",3,2,2,,,,,,,
"947e53b6adde4a45ab842744d8b8eb77",2,2,2,,,,,,,
"947e53b6adde4a45ab842744d8b8eb77",1,2,2,,,,,,,
"968b6b1311ed442fb36a243ce8db25e9",1,1,2,,,,,,,
"968f190cbd2e4f60b1d37fcd3c8cecc5",1,1,2,,,,,,,
"96a49d2f0bf44b789c3a7fe6264dd842",1,1,2,,,,,,,
"98cd4133a87f4d19a136b137ffb686a7",1,2,2,,,,,,,
"98e1379ae63c4ab4aa9d59c44b66d4ca",1,1,2,,,,,,,
"98e418f037464d3291bf751f1067d916",1,2,2,,,,,,,
"98fed05dfd214896b6e6ad88447ba173",1,1,2,,,,,,,
"99d201e8843b451da1c4e183b9f5a11d",1,1,2,,,,,,,
"9a69bb01aec54a0e85841539501a3ad0",6,6,2,,,,,,,
"9a69bb01aec54a0e85841539501a3ad0",3,6,1,1,"SAGE",9,75000,3,2,1
"9a77599d61bf47dcbf93b7807f2975c5",1,1,2,,,,,,,
"9a9edd843b7e44cca55f3b6b42ac0d94",1,2,2,,,,,,,
"9a9edd843b7e44cca55f3b6b42ac0d94",2,2,2,,,,,,,
"9bbb958c03ec4a389217d56bc53182ec",1,1,2,,,,,,,
"9bd1860b508146b3884cd20046df32cc",3,2,2,,,,,,,
"9c53e5a4d54a44e68778cb51b6fc40ae",1,2,2,,,,,,,
"9c836313ac414ff3942db65defab726f",1,5,2,,,,,,,
"9ca4f0e0d23a46e2ad1e2765fa85878f",1,1,2,,,,,,,
"9ce14d1635fd4fe78ab5a5cccfbcddfc",2,1,2,,,,,,,
"9ce14d1635fd4fe78ab5a5cccfbcddfc",1,1,2,,,,,,,
"9d94bc4df700422e9871c90bae9858b1",1,1,2,,,,,,,
"9d94bc4df700422e9871c90bae9858b1",2,2,2,,,,,,,
"9dfa261f071f4bea941f85a00131b209",1,1,2,,,,,,,
"9e47a5951ea1431e813d916b9aa600a3",1,5,2,,,,,,,
"9e6b3a11bb654bc8aeae3a9f14180788",1,2,2,,,,,,,
"9e6b3a11bb654bc8aeae3a9f14180788",3,2,2,,,,,,,
"9e960379cd1d4a61b8caf792d5b610cd",1,1,2,,,,,,,
"9f198ca574884c7091adc9cd134a3ea3",1,1,2,,,,,,,
"9f2173b43a5d48a38d0598ab9c2dd4b9",1,1,2,,,,,,,
"9f2b19d489c64381aaddfb4cce02568d",3,2,1,1,"SOCIAL ASSISTANCE GRANT FOR EMPOWERMENT",1,75000,3,1,1
"9f2b19d489c64381aaddfb4cce02568d",2,2,1,1,"SOCIAL ASSISTANCE GRANT FOR EMPOWERMENT",1,75000,3,1,1
"9f6e5cc31cff4887aab71e590f1b042a",1,1,2,,,,,,,
"9f80522ee9de40008a38c9e4a25ec6ca",1,2,2,,,,,,,
"9f88cdbe9120482eb342fabcd8cc942e",6,6,2,,,,,,,
"9fab9456d6564f0199e9d3bddef4d6da",1,1,1,2,,1,15000,4,3,3
"9fb78c3c78404927b8f33d3a6aafdbaf",1,1,2,,,,,,,
"9fcd129c95c544e69efeca0bd3c3b8d8",1,1,2,,,,,,,
"9fd857088d244d02842c0e7f0f0d774e",7,1,2,,,,,,,
"9fd857088d244d02842c0e7f0f0d774e",6,1,1,2,,9,55000,3,1,1
"9fddb7f5bc8049d6a47683f9ee9f059b",1,1,1,1,"SAGE",4,75000,3,2,1
"a09fcceb110d4fbd94291a67ff6db4dd",1,2,1,2,,2,75000,3,1,1
"a0c97672aa9a451dbca797f24ef2ea8f",1,2,2,,,,,,,
"a0eebd7a23d247bb98143b7343562c0f",1,2,2,,,,,,,
"a0eebd7a23d247bb98143b7343562c0f",2,2,2,,,,,,,
"a10070397462429aa7bba3447710a8be",1,2,2,,,,,,,
"a138dfb2f8d64c30b1284f156a032990",1,1,2,,,,,,,
"a1eb89c276174cec88ee6cfbaaa3ac7a",1,3,2,,,,,,,
"a34811ae5dc5429aa501aa90e10fca56",1,1,2,,,,,,,
"a34811ae5dc5429aa501aa90e10fca56",5,1,2,,,,,,,
"a3bb8e0be4ae482fa1b966785d45ecc4",1,1,2,,,,,,,
"a3f3ee1c2a1b48ca86fd6faf9922f72a",3,3,2,,,,,,,
"a470f17e5d5842248fbbd8a30de5ef5b",1,1,2,,,,,,,
"a5712e96e4db498384f3d7469078d847",1,1,2,,,,,,,
"a6dfcd52178f4df38c63f9b8de7cc0b4",1,1,2,,,,,,,
"a6e1dbbb1c59467787fc64ffa5068b3e",1,1,2,,,,,,,
"a707bcb84ef641a98fc303e1ec5c6472",1,1,2,,,,,,,
"a70bc5a3415c4931a7838a03ed27fcf1",5,1,2,,,,,,,
"a712dd31d92242d1bc853de7972460ad",1,1,2,,,,,,,
"a75a0f25487947518decdc92c75b0daa",1,2,2,,,,,,,
"a7813791ed3e4fc88d7aaf44b987abe3",1,1,2,,,,,,,
"a8547d88b9084fd2986c67b5ee20b9d2",2,1,2,,,,,,,
"a8547d88b9084fd2986c67b5ee20b9d2",1,1,2,,,,,,,
"a8b1fb8599ea4624997929d194df9851",1,1,2,,,,,,,
"a8b1fb8599ea4624997929d194df9851",2,1,2,,,,,,,
"a9645d5b9bda47f780c1333f9f59af34",1,2,2,,,,,,,
"aa136df8e8504d02a32269f50817d1b3",1,1,2,,,,,,,
"aa83e1cf46b94f75b9c21e14e5148cfa",1,1,2,,,,,,,
"aa88e2861d72422c9383e39a28cd6b18",1,1,2,,,,,,,
"aaf20234393e4b348471518086ecc9ae",1,1,2,,,,,,,
"aaf20234393e4b348471518086ecc9ae",2,1,2,,,,,,,
"ab6172b948584ebe8fbc79736257ce9e",2,3,2,,,,,,,
"ab6172b948584ebe8fbc79736257ce9e",1,3,2,,,,,,,
"abba7c9d177a4a199469c6fa95c053fb",1,2,2,,,,,,,
"abba7c9d177a4a199469c6fa95c053fb",3,2,2,,,,,,,
"abf364c5626d4e649ac20f4e8cef6935",1,1,2,,,,,,,
"ac2a25517e0242418fc38f028b3d521d",1,2,2,,,,,,,
"ac2a25517e0242418fc38f028b3d521d",2,2,2,,,,,,,
"ac4fef7c8179461385ba9aed679d4dcb",1,1,2,,,,,,,
"ac6e0ef78e9b4d72ae477124a87e24b9",1,1,1,1,"SAGE",3,50000,1,2,1
"ad59cb3bb3fa4b73bc012cdde2e9ddb9",1,2,2,,,,,,,
"adc8d19d7b854ad2b55080dcea3f17dc",5,5,1,1,"BUGEMA BOARD MEMBER  CONCESSION",3,750000,2,1,1
"ae2acf470b7d4d12b14203c2265d9f62",1,1,2,,,,,,,
"ae384fee2c1d4529863770b806fff9f4",1,2,2,,,,,,,
"ae384fee2c1d4529863770b806fff9f4",2,2,2,,,,,,,
"ae48ed56320d4bae9844060b5138bd17",2,1,2,,,,,,,
"ae48ed56320d4bae9844060b5138bd17",1,1,2,,,,,,,
"ae7493d6dc7f40b789c0b725e8f3ab45",1,1,2,,,,,,,
"aeb4faa95e384022a498144775c18344",1,1,2,,,,,,,
"aef5c74f575e4c658e5d0c37ca3bd8ff",1,1,2,,,,,,,
"af79d5f295974d1ebe382a12aae45219",1,2,2,,,,,,,
"aff7542ceb094dd7ae8a988ffa992e0e",1,1,2,,,,,,,
"b0013a5fffb049cbb0e93b737aa1b31c",1,1,2,,,,,,,
"b0166821df2b407d812f4c70a4a4e1eb",1,1,1,1,"SAGE",4,50000,2,2,1
"b0719444cd0e4635918bca132a618497",1,1,2,,,,,,,
"b09a045bf22d4d7aa98ab4463f8612e4",2,1,2,,,,,,,
"b16831c1847e455fa0ca1812b1b79b39",1,3,1,1,"sage",4,100000,1,3,1
"b1892d6e238f4153a2ddedf5dbafee9e",1,1,2,,,,,,,
"b19717862cb64ba69ce3562d2390f834",1,3,2,,,,,,,
"b1ba139be20a476a92f80354da057d69",7,1,2,,,,,,,
"b1ba139be20a476a92f80354da057d69",6,1,2,,,,,,,
"b216b38acae14b0fa6f203c0281e1251",1,1,2,,,,,,,
"b21dd9c657fa4b43814e9d4ebc1330a2",1,1,2,,,,,,,
"b25338e731d649f39ae383e5650f0fa1",1,1,2,,,,,,,
"b25fa7e0585447939c37bedcb2b795de",1,2,2,,,,,,,
"b25fa7e0585447939c37bedcb2b795de",2,2,2,,,,,,,
"b2c20200638749669e0a8205da4d5777",1,1,2,,,,,,,
"b2c20200638749669e0a8205da4d5777",2,2,2,,,,,,,
"b2cf8e520bcf4bcbade9e01df5cefd25",5,5,2,,,,,,,
"b2cf8e520bcf4bcbade9e01df5cefd25",1,5,2,,,,,,,
"b304b9aac6f64ce2bbd169da0b8566fd",5,1,2,,,,,,,
"b34609868f5447a6b3b3952c13a6ed01",1,3,2,,,,,,,
"b3cf8f97e1874ccdba4f9a7dbbb7e279",1,1,2,,,,,,,
"b4309d1edc87496e83d28b1134440537",1,2,2,,,,,,,
"b48da5e20cd345118cc7a64425e6ec16",1,1,2,,,,,,,
"b48da5e20cd345118cc7a64425e6ec16",2,2,2,,,,,,,
"b4aed428c59b457c92208cffc092a768",1,1,2,,,,,,,
"b4d4897bfba04a22a0ad2a26171fb80b",2,1,2,,,,,,,
"b56b92649652412db607fe86d3d5d5be",5,5,2,,,,,,,
"b6fec56ac9ed432092bdd5af2f5e0fb7",2,1,2,,,,,,,
"b6fec56ac9ed432092bdd5af2f5e0fb7",1,1,2,,,,,,,
"b7412a03686641798ffd83930c93e675",2,2,2,,,,,,,
"b7412a03686641798ffd83930c93e675",1,1,2,,,,,,,
"b76a3b02d1bc47b0b3855cd6a90aa9ae",1,1,2,,,,,,,
"b7b342d19fba48e5bfe3e0f080e60b26",1,1,2,,,,,,,
"b7c3c20b684745119a23634fd117ae88",1,1,2,,,,,,,
"b7ec73634f8a4bc592dc38ea1898ba0e",1,1,2,,,,,,,
"b7f34ce760a3409bbfffd7d641e9120d",1,1,2,,,,,,,
"b8308fefffb84ef6afc50afd4c1e88f5",1,1,2,,,,,,,
"b8449cee447b48e1bebe3cc96a19a51d",1,1,2,,,,,,,
"b85980ed05a54f8fbc252ff4e23cefb4",1,3,2,,,,,,,
"b85980ed05a54f8fbc252ff4e23cefb4",3,3,2,,,,,,,
"b86eb2626ec2482e8df54c31d089f3ea",1,1,2,,,,,,,
"b86eb2626ec2482e8df54c31d089f3ea",2,1,2,,,,,,,
"b885cb150f8f43c78a66e4b3fd15d7ab",1,2,2,,,,,,,
"b885cb150f8f43c78a66e4b3fd15d7ab",2,2,2,,,,,,,
"b92a0b68bfd8486396d2cdaceb524ec4",1,1,2,,,,,,,
"b95c3f256b444b43b39196be9d7b4dcc",2,2,2,,,,,,,
"b95c3f256b444b43b39196be9d7b4dcc",1,1,2,,,,,,,
"b96eb55f18e548919c2745e935785593",1,1,2,,,,,,,
"b99143ca74184f33a91ebc8db49f3ef9",1,1,2,,,,,,,
"b99303e6cfd04d169e3c5816bebd8aa0",1,1,2,,,,,,,
"b9ff3bfd5fd147168b5fcc0ce3e89583",1,1,2,,,,,,,
"ba2ce38d51a74c28a29bf26bd79e8e86",1,1,2,,,,,,,
"ba81be4a3ee64134b255a3f8956baf6e",1,1,1,2,,3,75000,3,2,1
"baa1137dc2a14b808dc19162fdd0b69a",2,3,2,,,,,,,
"bab4ac8a059844a69cfc95aa39c4fbfa",1,1,2,,,,,,,
"bb2f433ee23341c386a88d9932949166",1,1,2,,,,,,,
"bb46540a20634fac8da2b0f642491fbe",1,1,2,,,,,,,
"bbfcdd7904cf47f09f984394a4611b0b",1,1,1,2,,4,150000,3,1,3
"bce2cbdf226842779f36c61b8f757fa9",1,2,2,,,,,,,
"bd0999e0527a44a685f525c83388d4d4",1,1,2,,,,,,,
"bd7f6a475cac41cea98b2ce0f43d9c9b",6,6,2,,,,,,,
"bd958d37bb45409d8796ee5de9a75ee6",2,2,2,,,,,,,
"bd958d37bb45409d8796ee5de9a75ee6",4,2,2,,,,,,,
"bdb4e1273cf948b59b09ae2d8b907fa7",1,1,2,,,,,,,
"bdc980caf79846869af8048b704a6997",4,5,2,,,,,,,
"bdc980caf79846869af8048b704a6997",5,5,2,,,,,,,
"bdfde6bf76fa4e6690cc3f692657de57",2,2,2,,,,,,,
"bdfde6bf76fa4e6690cc3f692657de57",1,1,2,,,,,,,
"be88971398b34b26bafc41624920e7e5",2,2,2,,,,,,,
"be88971398b34b26bafc41624920e7e5",1,2,2,,,,,,,
"bed473acc27844feb5141ea3784501de",1,1,2,,,,,,,
"bf72a91253c842b68d0dd23b776d4313",1,1,1,1,"SAGE",6,50000,2,2,1
"bf72a91253c842b68d0dd23b776d4313",2,1,1,1,"SAGE",6,50000,2,3,1
"bfbf1e4818414221b069ef352d8a1964",1,1,2,,,,,,,
"c01cead2bfe64a6d81549572f0a83340",2,1,2,,,,,,,
"c01cead2bfe64a6d81549572f0a83340",1,1,2,,,,,,,
"c0869f127ed3419f887a4753a8e80f63",1,1,2,,,,,,,
"c0869f127ed3419f887a4753a8e80f63",2,1,2,,,,,,,
"c0d1b04857314dd488addfd633f906d3",1,1,2,,,,,,,
"c105276c77a147689a5b0e4b1a860c11",1,1,2,,,,,,,
"c19b80977d444d4baea4229850d6883e",2,2,1,2,,2,125000,2,3,1
"c1cab02df2844dada988b3f8b20be4c6",1,1,1,2,,2,50000,2,2,1
"c1cab02df2844dada988b3f8b20be4c6",2,2,1,2,,2,50000,2,2,1
"c1d89c0ae646439ba17d94c3581ebb41",1,1,2,,,,,,,
"c27fb44de024448e8d117488de51b37b",2,2,2,,,,,,,
"c27fb44de024448e8d117488de51b37b",1,1,2,,,,,,,
"c2916169a1454f23aa529b07689da248",1,1,2,,,,,,,
"c29ccb7007c14dc1a36acf811a01839c",1,2,2,,,,,,,
"c29ccb7007c14dc1a36acf811a01839c",2,2,2,,,,,,,
"c2aca8d760cb43078a7f97c91fdaaeb9",2,2,2,,,,,,,
"c2aca8d760cb43078a7f97c91fdaaeb9",1,2,2,,,,,,,
"c2d4e5e48dc14e2bbea835b367432777",1,2,2,,,,,,,
"c355925c84ec4dc5a94e976ba1f06102",2,2,2,,,,,,,
"c355925c84ec4dc5a94e976ba1f06102",1,2,2,,,,,,,
"c3e2341ab5334952b63af694bed6d456",1,1,2,,,,,,,
"c3eb26f27f1f4d5586980720c0a7f4f5",1,1,2,,,,,,,
"c3fa2a71206342448acd05c76dd1608a",1,1,2,,,,,,,
"c4594434467a4b8cbf8dab6c5c2a69a7",1,1,2,,,,,,,
"c51efef6d096409fb216b851ce3f6f20",1,1,2,,,,,,,
"c5267533e49e433f8474eabc153c6cf4",2,1,2,,,,,,,
"c542d7add8214420897df6776abab710",1,1,1,2,,1,100000,3,1,2
"c542d7add8214420897df6776abab710",2,1,1,2,,1,100000,3,1,2
"c558d59ecde74d658c636825086bab14",2,1,2,,,,,,,
"c5f280c7955f41b1a064d07555caf989",1,1,2,,,,,,,
"c691fbfb9e0a433aa0d5a8f0d09d7436",1,1,2,,,,,,,
"c6e6881d681f46af9efc2f27e64fcdc4",2,1,2,,,,,,,
"c6e6881d681f46af9efc2f27e64fcdc4",1,1,2,,,,,,,
"c6e697e328b142b0bd4cbb9135607b2c",1,2,2,,,,,,,
"c6fdaea274514bceab3e47e3b5ecf171",1,1,2,,,,,,,
"c750b07c2ad94e189166ce5e4e05951a",1,1,2,,,,,,,
"c75b833712cc44b39d08fd45d1b9db63",3,1,2,,,,,,,
"c799f641078c40128b46b30b0306b96f",1,1,2,,,,,,,
"c799f641078c40128b46b30b0306b96f",2,1,2,,,,,,,
"c8c4a9e0dbad4d3188d4482fca26d9fc",1,1,2,,,,,,,
"ca3049d03e9d4308af3b97fdce46877a",1,2,2,,,,,,,
"ca96344198ba45f6b48f93b23762e2a1",2,1,1,1,"SAGE",5,150000,3,2,1
"ca96344198ba45f6b48f93b23762e2a1",1,1,1,1,"SAGE",5,150000,3,3,1
"cae9af900516474093792d96be2231f4",1,1,2,,,,,,,
"cb087d6f21c94da4bcb1a7be7b2d729d",1,1,2,,,,,,,
"cb0bb26e396f4a4a9463674eb15ac239",1,1,2,,,,,,,
"cb7501fa2a384213805aae2a9b815d49",1,1,2,,,,,,,
"cb988146f4464defae9ec18a644f7135",1,1,2,,,,,,,
"cc7b0a5dd3bb48a6b319aebc44ab71f9",1,2,2,,,,,,,
"cc7b0a5dd3bb48a6b319aebc44ab71f9",2,2,2,,,,,,,
"cca67714dc9445bb8b4d1d2e697f0524",1,8,2,,,,,,,
"cd277a80d89b479aa6b5e7c605db0fd8",1,1,2,,,,,,,
"cd388b074b3d442e8503d546f47a8219",1,3,2,,,,,,,
"cd465dbb23334472aefd11c762f945e2",1,2,2,,,,,,,
"cd69d221c2734b0b96a39a5c1c78920a",1,1,2,,,,,,,
"cd7d1e66e898489eb998eea7bf94ec5a",9,9,2,,,,,,,
"ceb691ba786d4dd2b60a4413237a0f9a",1,2,1,2,,3,75000,3,1,1
"ced83c7775e347deb58fe7b087362fa5",1,1,1,1,"SAGE",3,70000,3,1,1
"cf14f86035f849ae92d30fd485c90b93",1,7,1,2,,8,150000,3,4,4
"cf14f86035f849ae92d30fd485c90b93",2,2,2,,,,,,,
"cf74ceb67a8645fbbae60ee11e5288e3",2,1,2,,,,,,,
"cf74ceb67a8645fbbae60ee11e5288e3",1,1,2,,,,,,,
"cfcd1080942b4232b02f8e83e8cc3fb1",3,3,2,,,,,,,
"cff81da8a11f4200ad21b8736a13bcb4",1,1,2,,,,,,,
"d09d53ce3b15410a90e09d60ce5b5231",1,1,2,,,,,,,
"d0b9ed3d036e43079d3c417e5ec7f5cd",1,1,2,,,,,,,
"d0f8bfb36d7d416ca67c524754d7fa37",1,1,2,,,,,,,
"d10fd5dd0dcc48debca29216afc59117",2,2,2,,,,,,,
"d122c29d957e4862a4a2275f4aeb520e",1,1,2,,,,,,,
"d134bae779a94a009e5bdecebae4c5c3",1,1,2,,,,,,,
"d1aec0c1425748a99900fdd3086cf25e",3,3,1,1,"SAGE",0,50000,2,2,2
"d1b9c2c55df64dfda53d3a301e862459",1,1,2,,,,,,,
"d203e903f2764530a80a945a32915a99",1,1,2,,,,,,,
"d24b1c6ea62344818922336d6cb4b1f2",1,1,2,,,,,,,
"d280128af2574524b12539956289f40d",2,2,2,,,,,,,
"d280128af2574524b12539956289f40d",1,1,2,,,,,,,
"d28c5dd29dc345d18a5472e108df3259",1,1,2,,,,,,,
"d2c0aad97ef745bdb24668c04a3e98d5",2,2,2,,,,,,,
"d2c0aad97ef745bdb24668c04a3e98d5",1,1,2,,,,,,,
"d3054d08e9d1450485bf1fdffb8b1ff1",1,1,2,,,,,,,
"d32b478937e446ae93d056b7c07c890b",1,1,1,1,"SOCIAL ASSISTANCE GRANT TO THE ELDERLY",1,100000,1,2,4
"d36a1f2a9ee24ef095a9080b6295736d",1,1,2,,,,,,,
"d3dad89557414332ab02a977427e6792",4,4,2,,,,,,,
"d3dad89557414332ab02a977427e6792",1,4,2,,,,,,,
"d403ac8f822e4a2aab13b54f6aed3121",2,2,2,,,,,,,
"d403ac8f822e4a2aab13b54f6aed3121",1,2,2,,,,,,,
"d428cab36c444168abc85f2ff42a7b02",1,1,2,,,,,,,
"d439ff1ed93849ca8b819693eb37a212",1,1,2,,,,,,,
"d55a25a8cfc2440089eb0d6cce3ff72f",1,1,2,,,,,,,
"d58c453a9a5e4b0b96775533c8ea8842",1,1,2,,,,,,,
"d595ca941ebe4e3bb7cfe6717fccfbc1",1,1,2,,,,,,,
"d5b9ae454eed49158f9a85f03e0e3938",1,1,2,,,,,,,
"d5b9ae454eed49158f9a85f03e0e3938",2,1,2,,,,,,,
"d69fea69f0524be2adc321d63274a680",1,1,2,,,,,,,
"d6b06414026c413a815f93b5a0be0a6c",3,3,2,,,,,,,
"d6f87e9d6ea445c7b467edbd9a43d572",1,1,1,1,"money for widows",10,5500,4,4,4
"d73c7896e8df453fbf6c60ecb6cd221c",1,1,2,,,,,,,
"d7c13215572f4d70acc4de60318c1e83",1,1,2,,,,,,,
"d7d359c3b4d843659029b4ae9a3a2bd9",1,1,2,,,,,,,
"d8181d3e4c42463081979f6ea493581c",1,2,2,,,,,,,
"d839c9a5032942198fe95b2b90b9cf01",6,1,1,1,"SAGE",6,75000,3,1,1
"d85364f667764e2b8cb3582793802ba6",1,2,1,2,,3,75000,3,1,1
"d88719baee534a4abf3db5292bf266ac",1,2,2,,,,,,,
"d88dba25dca0447192adcc15ba4c7c7e",1,2,1,2,,10,50000,2,1,1
"d88dba25dca0447192adcc15ba4c7c7e",2,2,2,,,,,,,
"d8dbdd6a08d240e59a1dd515b8e93dea",1,3,2,,,,,,,
"d8dbdd6a08d240e59a1dd515b8e93dea",3,3,2,,,,,,,
"d8ebd301501f41f89b7530526badcce1",10,2,2,,,,,,,
"d9067e6a03b94115b31731b2f1931cc4",3,3,2,,,,,,,
"d954e17bd5304637aaa3711cb8336fa9",2,1,2,,,,,,,
"d954e17bd5304637aaa3711cb8336fa9",1,1,2,,,,,,,
"d995e65d44684ff7bd8814c4477b6ebe",1,1,1,1,"SAGE",1,75000,3,1,1
"da3c77de7ece491ca79188e62b4e2078",1,2,2,,,,,,,
"daf55418aa484a618b1e2a660c3e0a67",1,1,2,,,,,,,
"db3eff7939cb415299d01db1c37016dd",1,2,2,,,,,,,
"db3fbea32d7d4f1fa6a2e1ab1ca399a2",1,1,2,,,,,,,
"db5bc412d6e449a8879c576f069d2728",4,4,2,,,,,,,
"db5d0ba5c29b4ad0869ddf8e90201d9d",4,4,2,,,,,,,
"dc6b60dc0d9049f98c71adbdef0ea7bb",1,1,2,,,,,,,
"dc6b60dc0d9049f98c71adbdef0ea7bb",2,2,2,,,,,,,
"dcd95ba0e9b64beb88152cb57697b4f2",2,1,2,,,,,,,
"dcd95ba0e9b64beb88152cb57697b4f2",1,1,2,,,,,,,
"dd10ba0dc99341458a25c7b81a5b01ef",1,1,2,,,,,,,
"dd3480cc81654f49a0ce00b49c030744",2,2,2,,,,,,,
"dd3480cc81654f49a0ce00b49c030744",1,1,2,,,,,,,
"ddce84cb5ed84dcc88102b30fea18f47",1,1,2,,,,,,,
"de5ae2c27aba4940a130e76e7cf0b8e0",2,2,2,,,,,,,
"de5ae2c27aba4940a130e76e7cf0b8e0",1,1,1,1,"SAGE",1,100000,3,1,1
"df0b22f356fa42a0a3acfb7ff92c46f5",1,2,2,,,,,,,
"df0f502196f94b519d8093519a257361",1,1,2,,,,,,,
"df1f06cda66b44f38e4c6ba5b626820e",1,1,2,,,,,,,
"dfb72584ff1640ff96149dd0a8f2cd48",1,2,2,,,,,,,
"dfb72584ff1640ff96149dd0a8f2cd48",2,2,2,,,,,,,
"dff53ebbe2fd4e7d857dc50551335e45",4,4,2,,,,,,,
"e0529a18fd5a48ee8dbca44714f819e4",5,1,2,,,,,,,
"e0a35de7a3ab4506a26d478156e03755",1,1,2,,,,,,,
"e0b5fe1eb205460ead057db6f7860994",1,1,2,,,,,,,
"e0b7a6329e394fb8a9432b1088ebb369",1,1,1,2,,3,50000,2,3,1
"e10fa4e77e8b4e9494057c0ff03d5a4f",1,2,2,,,,,,,
"e134efcd428440bf9679a2776f189fbf",2,1,1,1,"SAGE",4,100000,2,1,1
"e134efcd428440bf9679a2776f189fbf",1,4,2,,,,,,,
"e1574e4773b548a090ee537919713b0c",2,1,2,,,,,,,
"e1574e4773b548a090ee537919713b0c",1,1,1,1,"GOVERNMENT  OF UGANDA",9,75000,3,1,1
"e16430700605483094eb2241798d8b12",2,2,2,,,,,,,
"e16430700605483094eb2241798d8b12",1,2,2,,,,,,,
"e184bc900fb54a7fa6852141914fe848",3,3,2,,,,,,,
"e1b4ec4ceb7748b3aaff2448cbaa4006",1,1,2,,,,,,,
"e33b089d785d45cb89f2f599ec2c8014",1,1,2,,,,,,,
"e35912d0f2b044809b9cb69683b13745",3,1,2,,,,,,,
"e35912d0f2b044809b9cb69683b13745",1,1,2,,,,,,,
"e38c6169570d41019dd68ea2cdbe44f7",5,1,2,,,,,,,
"e3a9d55a6dbf48179d42053358378fac",1,1,2,,,,,,,
"e3a9d55a6dbf48179d42053358378fac",2,2,2,,,,,,,
"e4a757a91e4648b1b029ecf7dd3a8380",1,1,2,,,,,,,
"e4f39acd480c4e609c102b49c2fdbd66",1,5,2,,,,,,,
"e581fc059ecd49cdb939876a3ce4c8c8",1,1,2,,,,,,,
"e5a999aba16d499292df3e91f4a0357a",8,8,2,,,,,,,
"e5ed530dd88641a1a20c7bd15da7a472",2,2,2,,,,,,,
"e65772b68645431e84b79eb1c8a40696",1,2,1,1,"SAGE",1,75000,3,2,1
"e67c4afb41e34c399d4b8c191fd1eeb8",1,1,2,,,,,,,
"e67c4afb41e34c399d4b8c191fd1eeb8",2,1,2,,,,,,,
"e736bcb6cbfb4c64b6b9f29f9010ba6a",1,1,2,,,,,,,
"e7736d681f304a2e8a352dd2bd571227",1,1,2,,,,,,,
"e8a411bfd7c2447786c98774ee1141e9",1,2,2,,,,,,,
"e9672f81fee64055b5f64b7c1a6b7877",1,1,2,,,,,,,
"e972e0a055404061a245cfe41d97ad8f",1,1,2,,,,,,,
"e9bca1b73b4747489c36e6fbbef75df6",2,2,2,,,,,,,
"ea3f64282dec45d0ac1f208d47bb864a",1,9,1,1,"SAGE",2020,100000,1,2,1
"ea3f64282dec45d0ac1f208d47bb864a",9,9,1,1,"SAGE",2020,100000,3,2,1
"ea68815dfc924337a42328a0201bb650",1,1,2,,,,,,,
"eb1176eebac742c8bc3197c4562bff4c",1,1,2,,,,,,,
"eb48e110606540e2a20e0e53b55f3ba9",1,1,2,,,,,,,
"ebc7593e3bb245278d64c8b778f16188",2,2,2,,,,,,,
"ebc7593e3bb245278d64c8b778f16188",1,2,2,,,,,,,
"ebe9024cda2c457199f42334c99bc0e1",1,2,2,,,,,,,
"ebe9024cda2c457199f42334c99bc0e1",2,2,2,,,,,,,
"ec06fa5313c74da893df368fb6ea31e3",1,1,2,,,,,,,
"ec757c338d2a4d41a98729e3fd1667c8",1,2,2,,,,,,,
"ec757c338d2a4d41a98729e3fd1667c8",2,2,2,,,,,,,
"ecde7f67c5a645b4aa4e10fc13dfe256",2,2,2,,,,,,,
"ecde7f67c5a645b4aa4e10fc13dfe256",1,2,2,,,,,,,
"ed4104e086db496a82f8399bf1cc6fb9",2,1,2,,,,,,,
"ed423aeba23f4e3fa6071235bb8b0d30",1,1,2,,,,,,,
"ee36fa57cb6d4605b9f68594ab365125",1,1,2,,,,,,,
"eebacd4a1e944411a7c22e017fc4a86c",1,1,2,,,,,,,
"eebb9fb0770e4f3fbc946be8ec9b3221",3,3,2,,,,,,,
"eebd9c02e4734a699bdedce972b62997",1,1,2,,,,,,,
"eef6cf10e723440d97c6e62a0aa8c834",1,1,2,,,,,,,
"efe385efe16344d3a8575b23a84b8e8a",4,4,2,,,,,,,
"efe385efe16344d3a8575b23a84b8e8a",3,4,2,,,,,,,
"f007f200e725440eb1a91446fa8e8410",1,1,2,,,,,,,
"f0126b881e10446aba73ec9b7b04d60a",2,1,2,,,,,,,
"f0293cd185b34a4a946ab1b2fcda62b8",1,2,2,,,,,,,
"f0a874e9e24144bc81cb11bb22f5e6f9",5,1,2,,,,,,,
"f0c6d81726b24ec3b676a07b587b5876",1,1,2,,,,,,,
"f13922ff0d4c4c47a59fd6636ebc85dc",1,1,2,,,,,,,
"f1537f5ea95d4d959ec54619ab6155b0",1,1,2,,,,,,,
"f1f4dfae64ae44059ac6c0a0e317756d",1,1,2,,,,,,,
"f263258652d14019a52c5e93cf7534b4",1,1,2,,,,,,,
"f2d85c98d2604389b4dd5232f1274d74",1,1,2,,,,,,,
"f3500470a3d04cefa59a3157c34c1d54",1,2,2,,,,,,,
"f35dbdb99fea42939321b23fcb13f79b",1,2,2,,,,,,,
"f38300e74a4d44f09454ccb310dc32a4",1,1,2,,,,,,,
"f38300e74a4d44f09454ccb310dc32a4",2,2,2,,,,,,,
"f393d386e8ff4962997d9e2f461c102f",1,1,2,,,,,,,
"f39c780683064d9fa3cf16948fab8360",2,2,2,,,,,,,
"f39c780683064d9fa3cf16948fab8360",1,1,2,,,,,,,
"f3a0c5bac8584f529c6dcd3c7d7124c0",1,5,2,,,,,,,
"f3b1e622720347379a4d317552a5ca26",1,1,2,,,,,,,
"f3f51829df004c009a9ced4738d7f322",1,1,2,,,,,,,
"f4051f6bf98a4360aab6caa95fdb55ba",1,1,2,,,,,,,
"f42c0fdf3a1b49528c19b94008b05d0c",1,1,2,,,,,,,
"f43132b1c6bd482083bd9c621c0070b1",1,1,2,,,,,,,
"f45c2a602e0d4609abdd5d9c8224734f",1,1,2,,,,,,,
"f45e47063a174cd796397077ac56afec",1,1,2,,,,,,,
"f48fbbf7649d4fdebbd984b8a303ec89",2,2,2,,,,,,,
"f577c7c7a66a4af6b4327b06712c7e59",1,1,2,,,,,,,
"f5fd515d32b4403488623e489e453c66",12,12,2,,,,,,,
"f69dbc80ae7443669558eed375a8a8ad",1,2,2,,,,,,,
"f6c7716b58434f9c92b8291847988daa",10,1,2,,,,,,,
"f6dc696ba9b84b73b901a97cf99b128d",1,7,2,,,,,,,
"f7135239b02b4e8aa34325d16ea995b9",1,1,2,,,,,,,
"f71eb7fb0fec4e54ae5e51ca8bc0e340",9,1,2,,,,,,,
"f744cf091afd4da0af258f7158b9e1d0",6,1,2,,,,,,,
"f77028676e6f408d8e001187b5b96907",2,2,2,,,,,,,
"f842938c09db47bdb2806d9bc7828627",1,1,2,,,,,,,
"f884bdb7825942c5880be87cfff0a37a",1,1,2,,,,,,,
"f924435ee08340a98ff2939787e62f98",1,2,2,,,,,,,
"f934698bf42c49d99e3a1637056cbe73",1,1,2,,,,,,,
"f936f7a35d3d4521a62ba17e0c499d7d",1,2,1,1,"sage",8,75000,3,2,1
"f936f7a35d3d4521a62ba17e0c499d7d",2,2,1,1,"sage",8,75000,3,1,1
"f975d624824c43d8993aa9510575254b",6,1,2,,,,,,,
"f982654e062548a7abdd19c6ad16abcd",1,1,2,,,,,,,
"f9c4d4b3872f44048412db5b182f1053",1,1,2,,,,,,,
"f9d72814a2ab4930a8368352921aa0aa",1,2,2,,,,,,,
"fae255f3472340588340c9ea2e571e2e",1,1,2,,,,,,,
"fb0217ed00834304a53bc081e9ad0c31",11,2,2,,,,,,,
"fb42b5065cf34237901fb562d644013e",1,1,2,,,,,,,
"fb99e0f23d0f46a5bd0fcbe868825ddb",4,1,2,,,,,,,
"fbb36752459745fabed1bd2f20b9e31c",1,1,2,,,,,,,
"fc56b0b1736e4dccab3ec46405f01b25",1,1,2,,,,,,,
"fc902145370345608005224efc21629e",1,1,2,,,,,,,
"fc9d9d0ef91c48e99045243af67c62de",1,1,2,,,,,,,
"fca6ecc0302f456fb1496008dac881a4",1,1,2,,,,,,,
"fcd2d738207b45cbb90ac2d2da45d1e6",2,2,2,,,,,,,
"fd5f4e0e0d494b53bbc6d4b90a34a20b",1,1,2,,,,,,,
"fdd9a2eefd064addade5401dc596b2fe",2,2,1,1,"SAGE",2,75000,3,2,1
"fdd9a2eefd064addade5401dc596b2fe",1,1,1,1,"SAGE",2,75000,3,1,1
"fdfd8a1519ef47b0b31a1c80d7132610",2,2,2,,,,,,,
"fdfd8a1519ef47b0b31a1c80d7132610",1,2,2,,,,,,,
"fe15143e2b5d4120925b94f883908c60",2,2,2,,,,,,,
"fe15143e2b5d4120925b94f883908c60",1,2,2,,,,,,,
"fe537220cbee4e32802dba218198f92d",1,1,1,1,"SAGE",1,100000,3,1,1
"fe5da3d6ff3444ce993a3e1e4d3427df",2,1,2,,,,,,,
"fe5da3d6ff3444ce993a3e1e4d3427df",1,1,2,,,,,,,
"fe7c53bc0495482388518df8a3eee5a3",2,1,2,,,,,,,
"fec6f0f8f73b414fbe7047c1017a4820",1,2,2,,,,,,,
"ff5869d3420643fbbdb7897ea89d009f",1,1,2,,,,,,,
"ff77648719664071a4e363956db92c08",1,1,2,,,,,,,
"ff99120027c9426ea4707315f2c312b2",1,1,2,,,,,,,
"ff99120027c9426ea4707315f2c312b2",6,6,2,,,,,,,
"ffb33b3ededa4019a02be24224ab0440",1,2,2,,,,,,,
"ffec87c6ae87498f956723afe69266b9",1,1,2,,,,,,,
"0d7289cae2764986bbda9ba03d3c2b5f",7,7,2,,,,,,,
"43bac0bfd7ee426194c740ee447ad4d0",1,1,2,,,,,,,
"c3ddd061cabf4789a892cac3aba2da07",1,2,2,,,,,,,
"f10aaca018df42218e821c48e4dee33f",1,3,2,,,,,,,
