"HHID","a7q1","a7q2","a7q3","a7q4"
"1013000201","Veterinary serv",3,1,70000
"1021000113","Other expenses",4,,
"1021000113","Livestock/poult",2,,
"1021000113","Veterinary serv",3,,
"1021000113","Hired Labour fo",1,,
"1021000711","Other expenses",4,1,13500
"1021000807","Other expenses",4,1,60000
"1021000807","Veterinary serv",3,1,400000
"1021000807","Hired Labour fo",1,1,360000
"102100080803","Hired Labour fo",1,1,40000
"102100080803","Other expenses",4,1,10000
"1021001109","Veterinary serv",3,1,100000
"1021001804","Veterinary serv",3,1,300000
"1021001907","Veterinary serv",3,1,30000
"1021001910","Other expenses",4,1,2400
"1021002610","Veterinary serv",3,1,10000
"1021002611","Hired Labour fo",1,,
"1021002611","Other expenses",4,,
"1021002611","Veterinary serv",3,,
"1021002611","Livestock/poult",2,,
"1021002801","Livestock/poult",2,1,300000
"1021002804","Other expenses",4,,
"1021002804","Livestock/poult",2,,
"1021002804","Veterinary serv",3,,
"1021002804","Hired Labour fo",1,,
"1021002810","Other expenses",4,,
"1021002810","Livestock/poult",2,,
"1021002810","Veterinary serv",3,,
"1021002810","Hired Labour fo",1,,
"1033000301","Veterinary serv",3,1,3000
"1033000301","Other expenses",4,1,2000
"1033000304","Other expenses",4,1,3500
"1033000308","Other expenses",4,1,200
"1033000505","Veterinary serv",3,1,57600
"1033000505","Hired Labour fo",1,1,360000
"1033000506","Veterinary serv",3,1,41000
"1033000506","Hired Labour fo",1,1,360000
"1033000506","Other expenses",4,1,12000
"1033000507","Veterinary serv",3,1,3000
"1033000509","Other expenses",4,1,500
"1033000511","Veterinary serv",3,1,30000
"1033000511","Other expenses",4,1,20000
"103300051102","Livestock/poult",2,1,72000
"103300051102","Veterinary serv",3,1,16000
"1041000209","Veterinary serv",3,1,64000
"1041000209","Livestock/poult",2,1,500000
"1043000403","Veterinary serv",3,1,3000
"1043000409","Other expenses",4,1,10000
"1043000409","Veterinary serv",3,1,55000
"104300040906","Veterinary serv",3,1,35000
"104300040908","Veterinary serv",3,1,94000
"104300040908","Other expenses",4,1,45000
"1043000410","Veterinary serv",3,1,1200000
"1043000410","Other expenses",4,1,480000
"1043000410","Hired Labour fo",1,1,180000
"1043000602","Veterinary serv",3,1,3000
"1043000604","Other expenses",4,1,1000
"1043000604","Veterinary serv",3,1,6000
"1043000604","Livestock/poult",2,1,10000
"1043000605","Other expenses",4,1,2000
"1043000607","Veterinary serv",3,1,1000
"1043000610","Veterinary serv",3,1,28000
"1043000611","Livestock/poult",2,1,76000
"1043000611","Veterinary serv",3,1,6000
"1043000802","Veterinary serv",3,1,1000
"1043000805","Veterinary serv",3,1,1200
"1043000806","Other expenses",4,1,15000
"1043000806","Veterinary serv",3,1,150000
"1043000807","Other expenses",4,1,6000
"1043000807","Veterinary serv",3,1,8000
"1043000808","Livestock/poult",2,1,20000
"1043000809","Livestock/poult",2,1,6000
"1043000810","Veterinary serv",3,1,18000
"1051000109","Livestock/poult",2,1,360000
"1051000109","Veterinary serv",3,1,50000
"1051000109","Other expenses",4,1,35000
"1051000110","Veterinary serv",3,1,100000
"1051000110","Other expenses",4,1,5000
"1053000403","Veterinary serv",3,1,12000
"105300040607","Other expenses",4,1,10000
"105300040607","Hired Labour fo",1,1,25000
"105300040607","Veterinary serv",3,1,50000
"1053000407","Veterinary serv",3,1,21000
"1053000408","Other expenses",4,1,1000
"1053000408","Veterinary serv",3,1,2000
"1053000410","Veterinary serv",3,1,30000
"1053000410","Other expenses",4,1,12000
"1053000801","Hired Labour fo",1,1,6000
"1053000801","Veterinary serv",3,1,47000
"1053000802","Hired Labour fo",1,1,360000
"1053000802","Veterinary serv",3,1,450000
"1053000804","Other expenses",4,1,40000
"1053000804","Veterinary serv",3,1,70000
"1053000804","Livestock/poult",2,1,10000
"1053000804","Hired Labour fo",1,1,60000
"1053000805","Other expenses",4,1,300
"1053000805","Veterinary serv",3,1,500
"1053000808","Veterinary serv",3,1,50000
"1053000808","Other expenses",4,1,15600
"1053000808","Hired Labour fo",1,1,60000
"1053000809","Other expenses",4,1,6000
"1053000809","Veterinary serv",3,1,8000
"1053000809","Livestock/poult",2,1,20000
"1053001204","Veterinary serv",3,1,6000
"1053001206","Veterinary serv",3,1,200000
"1053001208","Veterinary serv",3,1,30000
"1053001208","Livestock/poult",2,1,60000
"1053001208","Other expenses",4,1,40000
"1053001209","Other expenses",4,1,75000
"1053001209","Livestock/poult",2,1,12500
"1053001209","Veterinary serv",3,1,60000
"1053001210","Veterinary serv",3,1,1000
"1053001503","Other expenses",4,1,500
"1053001505","Veterinary serv",3,1,500
"1053001505","Other expenses",4,1,2000
"1053001507","Veterinary serv",3,1,10000
"1053001510","Veterinary serv",3,1,50000
"1053001510","Other expenses",4,1,10000
"105300151301","Veterinary serv",3,1,10000
"105300151301","Other expenses",4,1,5000
"105300151303","Veterinary serv",3,1,1000
"1053001908","Other expenses",4,1,6000
"1053002305","Livestock/poult",2,1,3000
"1053002307","Other expenses",4,1,2000
"1053002307","Veterinary serv",3,1,4000
"1053002310","Veterinary serv",3,1,6000
"1053002602","Other expenses",4,1,2400
"1053002605","Veterinary serv",3,1,12000
"1053002607","Other expenses",4,1,35000
"1053002607","Veterinary serv",3,1,25000
"1053002610","Veterinary serv",3,1,38000
"1053003003","Other expenses",4,1,5000
"1053003003","Veterinary serv",3,1,25000
"1053003003","Livestock/poult",2,1,100000
"1053003005","Other expenses",4,1,5000
"1053003005","Veterinary serv",3,1,8000
"1053003009","Veterinary serv",3,1,15000
"1053003009","Other expenses",4,1,12000
"1053003309","Veterinary serv",3,1,30000
"1053003309","Other expenses",4,1,5000
"1053003310","Other expenses",4,1,2000
"1053003310","Veterinary serv",3,1,6000
"1053003310","Livestock/poult",2,1,20000
"1053003312","Veterinary serv",3,1,40000
"1053003312","Other expenses",4,1,7000
"105300331202","Other expenses",4,1,2000
"105300331202","Veterinary serv",3,1,5000
"1063000301","Other expenses",4,1,50000
"1063000301","Veterinary serv",3,1,200000
"1063000305","Livestock/poult",2,1,260000
"1063000305","Veterinary serv",3,1,80000
"106300030511","Other expenses",4,1,4000
"106300030511","Veterinary serv",3,1,5000
"106300030514","Other expenses",4,1,5000
"1063000307","Veterinary serv",3,1,1000
"1063000307","Livestock/poult",2,1,2000
"1063000310","Veterinary serv",3,1,190000
"1063000310","Other expenses",4,1,500000
"1063000311","Veterinary serv",3,1,2000
"1063000502","Other expenses",4,1,50000
"1063000502","Veterinary serv",3,1,45000
"1063000503","Other expenses",4,1,15000
"1063000503","Veterinary serv",3,1,50000
"106300051004","Other expenses",4,1,3000
"106300051004","Veterinary serv",3,1,5000
"106300051008","Veterinary serv",3,1,1000
"1063000701","Livestock/poult",2,1,2000
"1063000702","Other expenses",4,1,5000
"1063000702","Veterinary serv",3,1,10000
"1063000703","Veterinary serv",3,1,30000
"1063000703","Other expenses",4,1,15000
"1063000705","Other expenses",4,,
"1063000705","Livestock/poult",2,,
"1063000705","Hired Labour fo",1,,
"1063000705","Veterinary serv",3,,
"1063000709","Veterinary serv",3,1,2000
"1063000710","Other expenses",4,1,12000
"1063000710","Veterinary serv",3,1,25000
"1063000711","Veterinary serv",3,1,10000
"1063000902","Veterinary serv",3,1,50000
"1063000905","Veterinary serv",3,1,15000
"1063000905","Other expenses",4,1,7000
"1063000908","Veterinary serv",3,1,30000
"1063000908","Other expenses",4,1,6000
"1063000909","Other expenses",4,1,1000
"1063000909","Veterinary serv",3,1,30000
"1063000909","Livestock/poult",2,1,10000
"1071000101","Livestock/poult",2,,
"1071000101","Hired Labour fo",1,,
"1071000101","Other expenses",4,,
"1071000101","Veterinary serv",3,,
"1071000103","Livestock/poult",2,1,30000
"1071000103","Veterinary serv",3,1,100000
"1071000103","Other expenses",4,1,20000
"1071000110","Veterinary serv",3,1,480000
"1071000110","Other expenses",4,1,100000
"1071000110","Hired Labour fo",1,1,1500000
"1071000201","Livestock/poult",2,1,180000
"1071000201","Veterinary serv",3,1,32000
"1071000206","Veterinary serv",3,1,17000
"1071000207","Veterinary serv",3,1,150000
"1071000208","Veterinary serv",3,1,22000
"1071000208","Livestock/poult",2,1,70000
"1071000209","Veterinary serv",3,1,120000
"1071000209","Livestock/poult",2,1,1100000
"1071000210","Other expenses",4,1,10000
"1071000210","Veterinary serv",3,1,40000
"1071000210","Livestock/poult",2,1,30000
"1073000801","Veterinary serv",3,1,200000
"1073000807","Veterinary serv",3,1,300000
"1073000807","Other expenses",4,1,45000
"1073000808","Veterinary serv",3,1,60000
"1073000808","Hired Labour fo",1,1,20000
"1073001203","Other expenses",4,1,20000
"1073001205","Veterinary serv",3,,
"1073001205","Livestock/poult",2,,
"1073001205","Hired Labour fo",1,,
"1073001205","Other expenses",4,,
"1073001207","Veterinary serv",3,1,1000
"1073001207","Livestock/poult",2,1,2000
"1073001210","Veterinary serv",3,1,100000
"1073001210","Other expenses",4,1,5000
"1073001210","Livestock/poult",2,1,120000
"1073001605","Veterinary serv",3,1,20000
"1073001605","Other expenses",4,1,3000
"1073001608","Livestock/poult",2,,
"1073001608","Veterinary serv",3,,
"1073001608","Hired Labour fo",1,,
"1073001608","Other expenses",4,,
"1073001609","Veterinary serv",3,1,20000
"1073001609","Other expenses",4,1,1000
"1073001610","Veterinary serv",3,1,2000
"1073001610","Hired Labour fo",1,1,36000
"1073001611","Other expenses",4,1,2000
"1073002002","Veterinary serv",3,1,200
"107300200304","Hired Labour fo",1,1,8000
"107300200304","Veterinary serv",3,1,80000
"1073002004","Veterinary serv",3,1,600
"1073002005","Veterinary serv",3,1,30000
"1073002006","Livestock/poult",2,1,160000
"1073002006","Veterinary serv",3,1,200000
"1073002007","Livestock/poult",2,1,8000
"1073002007","Other expenses",4,1,1000
"1073002007","Veterinary serv",3,1,5000
"1073002009","Veterinary serv",3,1,10000
"1073002010","Veterinary serv",3,1,60000
"1073002010","Hired Labour fo",1,1,480000
"1073002011","Other expenses",4,1,300
"1073002301","Livestock/poult",2,,
"1073002301","Hired Labour fo",1,,
"1073002301","Other expenses",4,,
"1073002301","Veterinary serv",3,,
"1073002304","Veterinary serv",3,1,200
"1073002304","Other expenses",4,1,600
"1073002307","Livestock/poult",2,,
"1073002307","Hired Labour fo",1,,
"1073002307","Other expenses",4,,
"1073002307","Veterinary serv",3,,
"1073002308","Veterinary serv",3,1,900
"1073002309","Other expenses",4,1,40000
"1073002309","Hired Labour fo",1,1,40000
"1073002309","Livestock/poult",2,1,50000
"1073002309","Veterinary serv",3,1,50000
"1073002702","Veterinary serv",3,1,1000
"1081000202","Other expenses",4,1,20000
"1081000202","Livestock/poult",2,1,42000
"1081000211","Hired Labour fo",1,1,60000
"1081000211","Veterinary serv",3,1,25000
"1081000214","Other expenses",4,1,5000
"1081000214","Veterinary serv",3,1,90000
"1081000307","Veterinary serv",3,1,84000
"1081000307","Livestock/poult",2,1,400000
"1081000307","Other expenses",4,1,10000
"1081000307","Hired Labour fo",1,1,1080000
"1081000309","Veterinary serv",3,1,18000
"1081000310","Other expenses",4,1,24000
"1081000310","Veterinary serv",3,1,50000
"1081000310","Hired Labour fo",1,1,300000
"1083000603","Veterinary serv",3,1,5000
"1083000603","Other expenses",4,1,1000
"1083000604","Livestock/poult",2,1,15000
"1083000609","Other expenses",4,1,2000
"1083000609","Veterinary serv",3,1,70000
"1083000610","Veterinary serv",3,1,480000
"1083000610","Other expenses",4,1,500000
"1083000610","Hired Labour fo",1,1,600000
"1083000908","Other expenses",4,1,4000
"1083000910","Other expenses",4,1,10000
"1083000910","Veterinary serv",3,1,15000
"1083000910","Hired Labour fo",1,1,48000
"1083001303","Veterinary serv",3,1,5000
"1083001306","Other expenses",4,1,3000
"1083001306","Veterinary serv",3,1,10000
"1083001307","Veterinary serv",3,1,10000
"1083001309","Livestock/poult",2,1,500000
"1083001309","Other expenses",4,1,3000
"1083001309","Hired Labour fo",1,1,364000
"1083001309","Veterinary serv",3,1,100000
"1083001310","Veterinary serv",3,1,10000
"1083001311","Veterinary serv",3,1,5000
"1083001604","Veterinary serv",3,1,6000
"1083001608","Veterinary serv",3,1,17000
"1083001610","Veterinary serv",3,1,13000
"1083002004","Veterinary serv",3,1,10000
"1083002008","Veterinary serv",3,1,5000
"1083002008","Other expenses",4,1,5000
"1083002010","Livestock/poult",2,1,6000
"1083002010","Hired Labour fo",1,1,840000
"1083002010","Veterinary serv",3,1,80000
"1083002307","Other expenses",4,1,401000
"1083002307","Hired Labour fo",1,1,600000
"1083002307","Veterinary serv",3,1,922500
"1083002704","Veterinary serv",3,1,30000
"1083002704","Livestock/poult",2,1,50000
"1083002709","Veterinary serv",3,1,2000
"1083002710","Veterinary serv",3,1,28000
"1083003006","Veterinary serv",3,1,15000
"1083003007","Other expenses",4,1,2000
"1083003008","Other expenses",4,1,3000
"1083003008","Veterinary serv",3,1,18000
"1083003010","Other expenses",4,1,15000
"1083003303","Other expenses",4,1,6000
"1083003308","Other expenses",4,1,5000
"1083003308","Veterinary serv",3,1,6000
"1093000401","Veterinary serv",3,1,80000
"1093000402","Veterinary serv",3,1,200000
"1093000402","Hired Labour fo",1,1,360000
"1093000403","Veterinary serv",3,1,642000
"1093000403","Hired Labour fo",1,1,90000
"1093000403","Other expenses",4,1,54000
"1093000406","Veterinary serv",3,1,20000
"1093000408","Veterinary serv",3,1,60000
"1093000408","Other expenses",4,1,40000
"109300040903","Veterinary serv",3,1,30000
"1093000410","Hired Labour fo",1,1,1200000
"1093000410","Other expenses",4,1,500000
"1093000410","Veterinary serv",3,1,576000
"1101000102","Other expenses",4,1,2000
"1101000102","Hired Labour fo",1,1,140000
"1101000102","Veterinary serv",3,1,15000
"110100010203","Hired Labour fo",1,1,240000
"110100010203","Other expenses",4,1,10000
"110100010203","Veterinary serv",3,1,65000
"110100010204","Livestock/poult",2,1,135000
"110100010204","Hired Labour fo",1,1,48000
"110100010204","Veterinary serv",3,1,28000
"1101000103","Livestock/poult",2,1,2000
"1103000503","Other expenses",4,1,4800
"1103000503","Veterinary serv",3,1,4000
"1103000504","Livestock/poult",2,1,50000
"1103000507","Veterinary serv",3,1,9000
"1103000507","Other expenses",4,1,3000
"1103000703","Livestock/poult",2,1,500000
"1103000703","Veterinary serv",3,1,64000
"1103000705","Veterinary serv",3,1,22000
"1103000709","Veterinary serv",3,1,15000
"1103000709","Veterinary serv",3,1,10000
"1103000709","Other expenses",4,1,8000
"1103000709","Other expenses",4,1,6000
"1103000901","Other expenses",4,1,2000
"1103000902","Veterinary serv",3,1,2000
"1103000903","Livestock/poult",2,,
"1103000903","Other expenses",4,,
"1103000903","Hired Labour fo",1,,
"1103000903","Veterinary serv",3,,
"1103000904","Veterinary serv",3,1,5000
"1103000905","Other expenses",4,1,1500
"1103000909","Hired Labour fo",1,1,2000
"1103001202","Other expenses",4,1,8000
"1103001202","Veterinary serv",3,1,15000
"1103001203","Veterinary serv",3,1,40000
"1103001203","Other expenses",4,1,30000
"1103001205","Veterinary serv",3,,
"1103001205","Other expenses",4,,
"1103001205","Livestock/poult",2,,
"1103001205","Hired Labour fo",1,,
"1103001209","Livestock/poult",2,1,25000
"1103001211","Other expenses",4,1,5000
"1103001211","Veterinary serv",3,1,20000
"1113000101","Veterinary serv",3,1,600000
"1113000101","Other expenses",4,1,150000
"1113000106","Veterinary serv",3,1,350000
"1113000107","Veterinary serv",3,1,110000
"1113000107","Other expenses",4,1,18500
"111300010801","Other expenses",4,1,43000
"111300010801","Veterinary serv",3,1,100000
"111300010801","Hired Labour fo",1,1,45000
"1113000109","Veterinary serv",3,1,280000
"1113000110","Veterinary serv",3,1,60000
"1113000110","Other expenses",4,1,28000
"1113000302","Other expenses",4,1,2000
"1113000302","Livestock/poult",2,1,30000
"1113000302","Veterinary serv",3,1,45000
"111300030205","Veterinary serv",3,1,30000
"1113000304","Livestock/poult",2,1,50000
"1113000304","Veterinary serv",3,1,40000
"1113000306","Veterinary serv",3,1,24000
"1113000308","Veterinary serv",3,1,2200
"1113000311","Veterinary serv",3,1,50000
"1113000311","Other expenses",4,1,10000
"1113000505","Livestock/poult",2,1,4000
"1113000505","Other expenses",4,1,2400
"1113000508","Livestock/poult",2,1,12000
"1113000510","Veterinary serv",3,1,2000
"1113000510","Livestock/poult",2,1,30000
"111300051004","Veterinary serv",3,1,300
"1121000104","Livestock/poult",2,1,1200
"1121000104","Veterinary serv",3,1,900
"1121000107","Livestock/poult",2,1,8000
"1121000108","Other expenses",4,1,30000
"1121000108","Veterinary serv",3,1,70000
"1121000108","Livestock/poult",2,1,200000
"1123000301","Veterinary serv",3,1,1000
"1123000302","Veterinary serv",3,1,3000
"1123000305","Livestock/poult",2,1,45000
"1123000305","Veterinary serv",3,1,55000
"1123000308","Veterinary serv",3,1,1000
"1123000310","Other expenses",4,,
"1123000310","Livestock/poult",2,,
"1123000310","Veterinary serv",3,,
"1123000609","Veterinary serv",3,1,500
"1123000610","Veterinary serv",3,1,3000
"1123000610","Livestock/poult",2,1,12000
"1123000610","Other expenses",4,1,2000
"1131000207","Livestock/poult",2,1,300000
"1131000207","Veterinary serv",3,1,70000
"1131000208","Veterinary serv",3,1,5000
"1131000210","Veterinary serv",3,1,5000
"1131000710","Veterinary serv",3,1,12000
"1133000801","Veterinary serv",3,1,9000
"1133000801","Other expenses",4,1,10000
"1133000802","Other expenses",4,1,5000
"1133000802","Veterinary serv",3,1,18000
"1133000807","Veterinary serv",3,1,20000
"1133000808","Veterinary serv",3,1,5000
"1133000809","Other expenses",4,1,10000
"1133000809","Veterinary serv",3,1,10000
"1133000810","Other expenses",4,1,10000
"1133000810","Livestock/poult",2,1,10000
"1133000810","Veterinary serv",3,1,60000
"113300120702","Veterinary serv",3,1,918000
"113300120702","Hired Labour fo",1,1,1280000
"1133001210","Hired Labour fo",1,1,200000
"1133001210","Livestock/poult",2,1,800000
"1133001210","Veterinary serv",3,1,100000
"1133001211","Livestock/poult",2,1,500000
"1133001211","Veterinary serv",3,1,300000
"1133001211","Hired Labour fo",1,1,300000
"1133001406","Livestock/poult",2,1,400000
"1133001407","Livestock/poult",2,1,10000
"1133001407","Other expenses",4,1,2000
"1133001607","Veterinary serv",3,1,35000
"1133001607","Livestock/poult",2,1,300000
"1133001610","Veterinary serv",3,1,35000
"1133001610","Livestock/poult",2,1,100000
"1133001909","Other expenses",4,1,2000
"1133002305","Veterinary serv",3,,
"1133002305","Livestock/poult",2,,
"1133002305","Hired Labour fo",1,,
"1133002305","Other expenses",4,,
"1133002502","Veterinary serv",3,1,100000
"1133002502","Livestock/poult",2,1,2200000
"114300030505","Veterinary serv",3,1,150000
"114300030505","Other expenses",4,1,830000
"114300030505","Hired Labour fo",1,1,240000
"1143000306","Hired Labour fo",1,1,40000
"1143000306","Veterinary serv",3,1,38000
"1143000307","Livestock/poult",2,1,10000
"1143000307","Veterinary serv",3,1,50000
"1143000309","Veterinary serv",3,1,100000
"1143000309","Hired Labour fo",1,1,300000
"1153000405","Other expenses",4,1,40000
"1153000405","Veterinary serv",3,1,500000
"1153000407","Other expenses",4,1,40000
"1153000407","Veterinary serv",3,1,40000
"1153000410","Other expenses",4,1,3000
"1153000410","Veterinary serv",3,1,5000
"1153002701","Veterinary serv",3,1,40000
"1153002701","Other expenses",4,1,2000
"1153002704","Veterinary serv",3,1,17700
"1153002704","Other expenses",4,1,4000
"1153002705","Veterinary serv",3,1,20000
"1153002706","Veterinary serv",3,1,1000
"1153002708","Veterinary serv",3,1,1000
"1153002708","Other expenses",4,1,400
"1153002709","Other expenses",4,1,1500
"1153002709","Veterinary serv",3,1,15000
"1153002710","Veterinary serv",3,1,10000
"1153002710","Other expenses",4,1,2500
"1153003106","Veterinary serv",3,1,198000
"1153003106","Other expenses",4,1,70000
"1153003107","Other expenses",4,1,5000
"1153003107","Veterinary serv",3,1,10000
"1163001102","Other expenses",4,1,2400
"1163001102","Livestock/poult",2,1,10000
"1163001102","Veterinary serv",3,1,5000
"1163001103","Other expenses",4,1,3500
"1163001103","Veterinary serv",3,1,5000
"116300110402","Other expenses",4,1,30000
"116300110402","Veterinary serv",3,1,80000
"1163001107","Hired Labour fo",1,1,36000
"1163001107","Veterinary serv",3,1,45000
"1163001107","Other expenses",4,1,15000
"1163001108","Veterinary serv",3,1,20000
"1163001109","Other expenses",4,1,12000
"1163001109","Veterinary serv",3,1,40000
"1163001305","Hired Labour fo",1,1,180000
"1163001305","Other expenses",4,1,25000
"1163001305","Veterinary serv",3,1,60000
"2013000601","Other expenses",4,,
"2013000601","Veterinary serv",3,,
"2013000601","Livestock/poult",2,,
"2013000601","Hired Labour fo",1,,
"2013000602","Livestock/poult",2,1,8000
"2013000602","Veterinary serv",3,1,4000
"2013000603","Livestock/poult",2,1,10000
"2013000603","Veterinary serv",3,1,15000
"2013000604","Veterinary serv",3,1,75000
"2013000805","Veterinary serv",3,1,10000
"2013000808","Veterinary serv",3,,
"2013000808","Other expenses",4,,
"2013000808","Livestock/poult",2,,
"2013000808","Hired Labour fo",1,,
"2013000809","Veterinary serv",3,1,35000
"2013000910","Veterinary serv",3,1,30000
"2023000506","Other expenses",4,,
"2023000508","Veterinary serv",3,1,15000
"2031000114","Veterinary serv",3,,
"2031000114","Other expenses",4,,
"2031000114","Hired Labour fo",1,,
"2031000114","Livestock/poult",2,,
"2031000405","Veterinary serv",3,1,50000
"2031000410","Veterinary serv",3,1,150000
"2031000410","Hired Labour fo",1,1,600000
"2031000410","Other expenses",4,1,480000
"2031000410","Livestock/poult",2,1,2700000
"2033000801","Veterinary serv",3,,
"2033000801","Other expenses",4,,
"2033000801","Hired Labour fo",1,,
"2033000801","Livestock/poult",2,,
"2033000802","Veterinary serv",3,1,2000
"2033000802","Livestock/poult",2,1,2000
"2033000803","Veterinary serv",3,1,50000
"203300080303","Veterinary serv",3,1,10000
"2033001804","Veterinary serv",3,1,50000
"203300180403","Livestock/poult",2,1,50000
"203300180403","Veterinary serv",3,1,40000
"2033001805","Other expenses",4,,
"2033001805","Hired Labour fo",1,,
"2033001805","Livestock/poult",2,,
"2033001805","Veterinary serv",3,,
"2033001806","Veterinary serv",3,1,25000
"2033001807","Veterinary serv",3,,
"2033001807","Livestock/poult",2,,
"2033001807","Other expenses",4,,
"2033001807","Hired Labour fo",1,,
"2033001808","Veterinary serv",3,,
"2033001808","Other expenses",4,,
"2033001808","Livestock/poult",2,,
"2033001808","Hired Labour fo",1,,
"203300180804","Hired Labour fo",1,,
"203300180804","Veterinary serv",3,,
"203300180804","Livestock/poult",2,,
"203300180804","Other expenses",4,,
"2033002301","Veterinary serv",3,1,6000
"2033002310","Livestock/poult",2,1,30000
"2033002310","Veterinary serv",3,1,15000
"2033002803","Veterinary serv",3,1,10000
"2033002805","Veterinary serv",3,1,20000
"2033002808","Veterinary serv",3,1,4000
"2033002808","Livestock/poult",2,1,20000
"2033003302","Livestock/poult",2,,
"2033003302","Veterinary serv",3,,
"2033003302","Other expenses",4,,
"2033003302","Hired Labour fo",1,,
"2033003303","Veterinary serv",3,1,100000
"2033003303","Livestock/poult",2,1,70000
"2033003304","Other expenses",4,,
"2033003304","Livestock/poult",2,,
"2033003304","Veterinary serv",3,,
"2033003305","Veterinary serv",3,1,150000
"2033003305","Hired Labour fo",1,1,480000
"2033003307","Livestock/poult",2,1,7000
"2033003307","Veterinary serv",3,1,3000
"2033003308","Veterinary serv",3,1,10000
"2033003310","Veterinary serv",3,1,30000
"2041000908","Hired Labour fo",1,,
"2041000908","Livestock/poult",2,,
"2041000908","Other expenses",4,,
"2041000908","Veterinary serv",3,,
"2043001205","Veterinary serv",3,,
"2043001205","Other expenses",4,,
"2043001205","Hired Labour fo",1,,
"2043001205","Livestock/poult",2,,
"2043001206","Veterinary serv",3,1,5000
"2043001206","Livestock/poult",2,1,40000
"2043001207","Veterinary serv",3,,
"2043001207","Hired Labour fo",1,,
"2043001207","Other expenses",4,,
"2043001207","Livestock/poult",2,,
"2043001210","Veterinary serv",3,1,16000
"2043001212","Veterinary serv",3,1,3000
"2043001403","Veterinary serv",3,1,40000
"2043001405","Veterinary serv",3,1,2000
"2043001406","Veterinary serv",3,1,7000
"2043001406","Livestock/poult",2,1,10000
"2043001411","Veterinary serv",3,1,100000
"2043001507","Livestock/poult",2,,
"2043001507","Veterinary serv",3,,
"2043001507","Other expenses",4,,
"2043001508","Hired Labour fo",1,1,144000
"2043001510","Hired Labour fo",1,,
"2043001510","Livestock/poult",2,,
"2043001510","Other expenses",4,,
"2043001510","Veterinary serv",3,,
"2051000109","Veterinary serv",3,1,100000
"2051000112","Veterinary serv",3,,
"2051000112","Livestock/poult",2,,
"2051000112","Other expenses",4,,
"2051000112","Hired Labour fo",1,,
"2053000401","Veterinary serv",3,1,4000
"2053000403","Veterinary serv",3,1,30000
"2053000403","Livestock/poult",2,1,10000
"2053000404","Veterinary serv",3,1,30000
"2053000406","Veterinary serv",3,1,10000
"2053000407","Veterinary serv",3,1,5000
"2053000409","Veterinary serv",3,1,100000
"2053000410","Veterinary serv",3,1,150000
"2053000410","Livestock/poult",2,1,30000
"2053000410","Hired Labour fo",1,1,30000
"2053000906","Veterinary serv",3,1,250000
"205300090611","Hired Labour fo",1,1,30000
"205300090611","Veterinary serv",3,1,100000
"2053000909","Veterinary serv",3,1,100000
"2053000910","Veterinary serv",3,1,20000
"2053001302","Hired Labour fo",1,1,84000
"2053001302","Veterinary serv",3,1,100000
"2053001303","Veterinary serv",3,1,150000
"2053001303","Hired Labour fo",1,1,200000
"2053001306","Veterinary serv",3,1,6000
"2053001308","Veterinary serv",3,1,8000
"205300130910","Veterinary serv",3,1,5000
"205300130910","Other expenses",4,1,10000
"2053001702","Veterinary serv",3,1,60000
"2053001706","Veterinary serv",3,1,140000
"2053001709","Veterinary serv",3,1,100000
"2053003006","Veterinary serv",3,1,40000
"2053003007","Veterinary serv",3,1,24000
"2053003008","Veterinary serv",3,1,50000
"2063000301","Other expenses",4,1,2000
"2063000301","Veterinary serv",3,1,30000
"2063000306","Veterinary serv",3,1,5000
"2063000306","Other expenses",4,1,3000
"2063000307","Other expenses",4,,
"2063000307","Veterinary serv",3,,
"2063000307","Livestock/poult",2,,
"2063000310","Veterinary serv",3,1,40000
"207300050204","Veterinary serv",3,1,100000
"2073000504","Veterinary serv",3,1,50000
"2073000504","Other expenses",4,1,10000
"2073000505","Veterinary serv",3,1,2000
"2073000507","Veterinary serv",3,1,9500
"2073000507","Other expenses",4,1,8000
"2073000509","Veterinary serv",3,1,4000
"2073000509","Hired Labour fo",1,1,4500
"2073000510","Veterinary serv",3,1,12000
"2073000602","Veterinary serv",3,1,25000
"2073000603","Other expenses",4,1,5000
"2073000604","Veterinary serv",3,1,12000
"2073000605","Veterinary serv",3,1,30000
"2073000607","Other expenses",4,1,10000
"2073000607","Veterinary serv",3,1,105000
"2073000607","Hired Labour fo",1,1,21000
"2073000608","Veterinary serv",3,1,25000
"2073000609","Veterinary serv",3,1,50000
"2073000610","Veterinary serv",3,1,800000
"2073000610","Other expenses",4,1,20000
"2073000610","Hired Labour fo",1,1,480000
"2081000101","Livestock/poult",2,1,500000
"2081000101","Veterinary serv",3,1,60000
"2081000101","Other expenses",4,1,15000
"2081000106","Veterinary serv",3,1,30000
"2081000106","Livestock/poult",2,1,5000
"2081000109","Veterinary serv",3,1,220000
"2081000110","Veterinary serv",3,1,50000
"2081000111","Hired Labour fo",1,1,250000
"2081000111","Veterinary serv",3,1,50000
"2081000111","Livestock/poult",2,1,144000
"2083000501","Veterinary serv",3,1,12000
"2083000501","Other expenses",4,1,5000
"208300050203","Veterinary serv",3,1,50000
"2083000503","Veterinary serv",3,1,6000
"2083000503","Other expenses",4,1,2000
"2083000504","Other expenses",4,1,10000
"2083000504","Veterinary serv",3,1,15000
"2083000505","Veterinary serv",3,1,48000
"2083000505","Livestock/poult",2,1,5000
"2083000506","Livestock/poult",2,1,7000
"2083000506","Veterinary serv",3,1,30000
"2083000507","Veterinary serv",3,1,30000
"2083000508","Veterinary serv",3,1,126000
"2083000509","Other expenses",4,1,5000
"208300050903","Veterinary serv",3,1,7000
"208300050912","Veterinary serv",3,1,10000
"2083000510","Veterinary serv",3,1,30000
"2083000702","Veterinary serv",3,1,11000
"208300070203","Veterinary serv",3,1,20000
"2083000703","Veterinary serv",3,1,9000
"2083000704","Veterinary serv",3,1,20000
"208300070403","Other expenses",4,1,500
"2083000705","Veterinary serv",3,1,18000
"2083000705","Other expenses",4,1,8000
"2083000706","Veterinary serv",3,1,50000
"2083000707","Veterinary serv",3,1,2000
"2083000708","Other expenses",4,1,12000
"2083000708","Veterinary serv",3,1,10000
"2083000709","Other expenses",4,1,10000
"2083000709","Veterinary serv",3,1,10000
"2083000710","Livestock/poult",2,1,10000
"2083000710","Veterinary serv",3,1,30000
"2083000801","Veterinary serv",3,1,20000
"2083000802","Veterinary serv",3,1,15000
"2083000802","Other expenses",4,1,16000
"2083000803","Veterinary serv",3,1,60000
"2083000804","Veterinary serv",3,1,50000
"208300080502","Veterinary serv",3,1,10000
"208300080502","Other expenses",4,1,2000
"2083000806","Veterinary serv",3,1,4000
"2083000806","Other expenses",4,1,15000
"2083000807","Other expenses",4,1,24000
"2083000807","Veterinary serv",3,1,20000
"2083000808","Livestock/poult",2,1,25000
"2083000809","Veterinary serv",3,1,30000
"2083000810","Other expenses",4,1,15000
"2083000810","Veterinary serv",3,1,90000
"2093003305","Veterinary serv",3,1,5000
"2093003309","Veterinary serv",3,1,60000
"2093003309","Livestock/poult",2,1,50000
"2103000402","Veterinary serv",3,1,8000
"2103000408","Veterinary serv",3,1,500
"2103000410","Veterinary serv",3,1,5000
"2103000603","Livestock/poult",2,1,424000
"2103000606","Veterinary serv",3,1,10000
"2103000704","Veterinary serv",3,1,5000
"2103000709","Veterinary serv",3,1,60000
"2103000709","Hired Labour fo",1,1,300000
"210300070904","Other expenses",4,,
"210300070904","Livestock/poult",2,,
"210300070904","Hired Labour fo",1,,
"210300070904","Veterinary serv",3,,
"2103300030402","Veterinary serv",3,1,30000
"2104300080608","Veterinary serv",3,1,100000
"2104300080608","Other expenses",4,1,6000
"2105300080810","Hired Labour fo",1,1,120000
"2105300080810","Veterinary serv",3,1,500000
"2111000304","Veterinary serv",3,1,5000
"2111000307","Veterinary serv",3,1,30000
"211100030706","Veterinary serv",3,1,45000
"211100030706","Other expenses",4,1,23000
"2111000308","Veterinary serv",3,1,100000
"2113000401","Veterinary serv",3,1,6000
"2113000403","Veterinary serv",3,1,100000
"2113000404","Other expenses",4,1,60000
"2113000404","Veterinary serv",3,1,10000
"2113000405","Veterinary serv",3,1,12000
"2113000408","Veterinary serv",3,1,12000
"2113000409","Veterinary serv",3,1,10000
"2113000409","Other expenses",4,1,2000
"2113000410","Veterinary serv",3,1,200000
"2113000410","Other expenses",4,1,40000
"2113000606","Livestock/poult",2,1,600000
"2113000606","Veterinary serv",3,1,27800
"2113000608","Veterinary serv",3,1,5000
"2113000701","Veterinary serv",3,1,20000
"2113000702","Veterinary serv",3,1,10000
"2113000704","Veterinary serv",3,1,5000
"2113000705","Veterinary serv",3,1,20000
"2113000707","Veterinary serv",3,1,48000
"2113000708","Other expenses",4,1,2000
"2113000708","Veterinary serv",3,1,2000
"211300070906","Veterinary serv",3,1,45000
"2113000710","Veterinary serv",3,1,5000
"2113000710","Other expenses",4,1,20000
"2113000902","Other expenses",4,1,2000
"2113000906","Veterinary serv",3,1,10000
"2113000907","Veterinary serv",3,1,8000
"2113000908","Other expenses",4,1,10000
"2113000908","Veterinary serv",3,1,100000
"2113000909","Veterinary serv",3,1,50000
"2113000910","Veterinary serv",3,1,50000
"2116300130203","Veterinary serv",3,1,4500
"2116300130203","Livestock/poult",2,1,30000
"2123000802","Veterinary serv",3,1,30000
"2123000810","Veterinary serv",3,1,16000
"2123000902","Veterinary serv",3,1,10000
"2123000902","Hired Labour fo",1,1,36000
"2123000904","Veterinary serv",3,1,10000
"2123000909","Veterinary serv",3,1,50000
"2123000910","Other expenses",4,,
"2123000910","Veterinary serv",3,1,20000
"212300091004","Veterinary serv",3,1,100000
"212300091005","Other expenses",4,1,4000
"212300091005","Veterinary serv",3,1,4000
"2123001104","Hired Labour fo",1,1,20000
"2123001104","Veterinary serv",3,1,28000
"2123001301","Other expenses",4,,
"2123001301","Hired Labour fo",1,,
"2123001301","Veterinary serv",3,,
"2123001301","Livestock/poult",2,,
"2123001310","Veterinary serv",3,1,20000
"2143000202","Veterinary serv",3,1,10000
"214300020802","Other expenses",4,,
"214300020802","Hired Labour fo",1,,
"214300020802","Livestock/poult",2,,
"214300020802","Veterinary serv",3,,
"214300020808","Veterinary serv",3,1,50000
"2143000308","Livestock/poult",2,,
"2143000308","Veterinary serv",3,,
"2143000308","Hired Labour fo",1,,
"2143000308","Other expenses",4,,
"2143000309","Livestock/poult",2,,
"2143000309","Veterinary serv",3,,
"2143000309","Other expenses",4,,
"2143000309","Hired Labour fo",1,,
"2151000109","Veterinary serv",3,1,20000
"2153000202","Hired Labour fo",1,1,150000
"2153000202","Veterinary serv",3,1,1900
"2153000206","Veterinary serv",3,1,30000
"2153000209","Veterinary serv",3,1,5000
"2153000211","Veterinary serv",3,1,30000
"2153000402","Veterinary serv",3,1,30000
"2153000406","Veterinary serv",3,1,3500
"2153000406","Other expenses",4,1,3000
"2153000408","Veterinary serv",3,1,10000
"2153000409","Veterinary serv",3,1,3000
"2153000411","Livestock/poult",2,,
"2153000411","Hired Labour fo",1,,
"2153000411","Veterinary serv",3,,
"2153000411","Other expenses",4,,
"215300060705","Veterinary serv",3,1,1200
"215300060705","Livestock/poult",2,1,800
"2153000609","Veterinary serv",3,1,3000
"2153000610","Hired Labour fo",1,1,600000
"2153000610","Veterinary serv",3,1,30000
"2153000702","Hired Labour fo",1,1,6000
"2153000703","Hired Labour fo",1,1,6000
"2153000703","Veterinary serv",3,1,11500
"2153000706","Hired Labour fo",1,1,72000
"2153000706","Veterinary serv",3,1,1000
"2153000707","Veterinary serv",3,1,600
"2153000708","Other expenses",4,1,4000
"2153000708","Veterinary serv",3,1,4000
"2153000710","Veterinary serv",3,1,9000
"2163000302","Veterinary serv",3,1,10000
"2163000302","Other expenses",4,1,12000
"2163000307","Veterinary serv",3,1,30000
"2163000307","Other expenses",4,1,20000
"2163000308","Veterinary serv",3,1,20000
"2163000310","Hired Labour fo",1,1,30000
"2163000310","Veterinary serv",3,1,100000
"2173000904","Other expenses",4,1,600
"2173000905","Veterinary serv",3,1,6000
"2173000907","Veterinary serv",3,1,2000
"2173000908","Veterinary serv",3,1,9000
"2173000912","Veterinary serv",3,1,5000
"2183003705","Veterinary serv",3,1,10000
"2183003709","Veterinary serv",3,1,10000
"2183003709","Hired Labour fo",1,1,248000
"2183003710","Veterinary serv",3,1,1200
"2193000306","Veterinary serv",3,1,10000
"2193000306","Other expenses",4,1,3000
"2193000308","Veterinary serv",3,1,1000
"2193000309","Livestock/poult",2,1,36000
"2193000309","Veterinary serv",3,1,105000
"2203000107","Veterinary serv",3,1,5000
"2203000107","Other expenses",4,1,3000
"2203000109","Veterinary serv",3,1,20000
"2203000110","Veterinary serv",3,1,75000
"2212300091005","Veterinary serv",3,1,30000
"2213000601","Veterinary serv",3,,
"2213000601","Livestock/poult",2,,
"2213000601","Hired Labour fo",1,,
"2213000601","Other expenses",4,,
"2213000604","Other expenses",4,1,2000
"2213000608","Other expenses",4,,
"2213000609","Livestock/poult",2,,
"2213000609","Veterinary serv",3,,
"2213000609","Other expenses",4,,
"2213000609","Hired Labour fo",1,,
"2213000610","Veterinary serv",3,1,9000
"2223002205","Veterinary serv",3,,
"2223002205","Other expenses",4,,
"2223002205","Hired Labour fo",1,,
"2223002205","Livestock/poult",2,,
"2223002207","Veterinary serv",3,1,7000
"2223002210","Other expenses",4,1,16000
"2223002210","Veterinary serv",3,1,3500
"2223002210","Hired Labour fo",1,1,360000
"2223002210","Livestock/poult",2,1,3000
"222300221018","Veterinary serv",3,1,15000
"222300221024","Veterinary serv",3,1,50000
"2223002607","Veterinary serv",3,,
"2223002607","Livestock/poult",2,,
"2223002607","Hired Labour fo",1,,
"2223002607","Other expenses",4,,
"2223002608","Veterinary serv",3,1,4000
"2223002609","Veterinary serv",3,1,4000
"2223002610","Veterinary serv",3,1,30000
"2223002611","Livestock/poult",2,,
"2223002611","Veterinary serv",3,,
"2223002611","Hired Labour fo",1,,
"2223002611","Other expenses",4,,
"2233001103","Veterinary serv",3,1,4000
"2233001104","Other expenses",4,1,1000
"2233001108","Veterinary serv",3,1,900
"2233001110","Veterinary serv",3,1,10000
"2233001402","Veterinary serv",3,1,3000
"2233001403","Other expenses",4,1,5000
"2233001403","Veterinary serv",3,1,5000
"2233001803","Veterinary serv",3,1,8000
"2233001804","Veterinary serv",3,1,1000
"2233001806","Other expenses",4,1,1000
"2233001806","Veterinary serv",3,1,200
"2233001807","Veterinary serv",3,1,1000
"2233001809","Veterinary serv",3,1,10000
"2233002201","Veterinary serv",3,1,2000
"2233002205","Veterinary serv",3,1,800
"2233002207","Other expenses",4,1,5000
"2233002208","Veterinary serv",3,1,20000
"2233002209","Other expenses",4,1,2000
"2233002209","Veterinary serv",3,1,30000
"2233002610","Other expenses",4,1,3000
"2233002610","Livestock/poult",2,1,5000
"2233002610","Veterinary serv",3,1,3000
"2233002901","Veterinary serv",3,1,30000
"2233002902","Veterinary serv",3,1,7000
"2243001302","Veterinary serv",3,1,20000
"2243001305","Veterinary serv",3,,
"2243001305","Other expenses",4,,
"2243001305","Hired Labour fo",1,,
"2243001305","Livestock/poult",2,,
"2243001306","Other expenses",4,,
"2243001306","Hired Labour fo",1,,
"2243001306","Veterinary serv",3,,
"2243001306","Livestock/poult",2,,
"2243001309","Veterinary serv",3,1,70000
"224300131003","Veterinary serv",3,1,8500
"2302300080110","Other expenses",4,1,10000
"2302300080110","Veterinary serv",3,1,2000
"2302300080111","Veterinary serv",3,1,12000
"2302300160108","Hired Labour fo",1,1,720000
"2302300160108","Veterinary serv",3,1,880000
"2302300351202","Hired Labour fo",1,,
"2302300351202","Veterinary serv",3,,
"2302300351202","Livestock/poult",2,,
"2302300351202","Other expenses",4,,
"2307300220102","Hired Labour fo",1,,
"2307300220102","Veterinary serv",3,,
"2307300220102","Livestock/poult",2,,
"2307300220102","Other expenses",4,,
"2321300210606","Veterinary serv",3,1,3000
"3013000302","Veterinary serv",3,1,15400
"3013000302","Other expenses",4,1,7500
"3013000304","Livestock/poult",2,,
"3013000304","Veterinary serv",3,,
"3013000304","Other expenses",4,,
"3013000304","Hired Labour fo",1,,
"3013000306","Livestock/poult",2,,
"3013000306","Veterinary serv",3,,
"3013000306","Other expenses",4,,
"3013000306","Hired Labour fo",1,,
"3013000308","Veterinary serv",3,1,40000
"3013000308","Other expenses",4,1,5000
"3013000309","Veterinary serv",3,1,6000
"3013000309","Other expenses",4,1,12000
"3013000310","Other expenses",4,1,3000
"3013000310","Veterinary serv",3,1,20000
"3021000201","Veterinary serv",3,1,45000
"3021000205","Veterinary serv",3,,
"3021000205","Other expenses",4,,
"3021000205","Livestock/poult",2,,
"3021000205","Hired Labour fo",1,,
"3021000207","Veterinary serv",3,1,21000
"3021000210","Veterinary serv",3,1,50000
"3021000211","Veterinary serv",3,1,15000
"3021000213","Veterinary serv",3,1,5000
"3021000213","Other expenses",4,1,4000
"3023000303","Veterinary serv",3,1,3000
"302300030303","Veterinary serv",3,1,6000
"302300030303","Other expenses",4,1,3000
"3023000305","Veterinary serv",3,1,15000
"3023000305","Other expenses",4,1,6500
"3023000307","Veterinary serv",3,1,3000
"3023000308","Other expenses",4,1,3000
"3023000309","Veterinary serv",3,1,15000
"3023000310","Veterinary serv",3,1,29000
"3023000310","Other expenses",4,1,9000
"3023000502","Veterinary serv",3,1,15000
"3023000502","Other expenses",4,1,4000
"3023000507","Veterinary serv",3,1,4500
"3023000509","Veterinary serv",3,1,20000
"3023000510","Veterinary serv",3,1,9000
"3023000510","Veterinary serv",3,1,116000
"3023000801","Veterinary serv",3,1,4000
"3023000803","Veterinary serv",3,1,8000
"3023000803","Other expenses",4,1,7000
"3023000807","Veterinary serv",3,1,10000
"3023000807","Veterinary serv",3,1,7000
"3023000808","Other expenses",4,1,2500
"3023000808","Veterinary serv",3,1,5000
"3023000809","Other expenses",4,1,900
"3023000809","Hired Labour fo",1,1,7500
"3023000809","Other expenses",4,1,12000
"3023000809","Veterinary serv",3,1,60000
"3023000809","Hired Labour fo",1,1,75000
"3023000811","Veterinary serv",3,1,1600
"3023001004","Veterinary serv",3,1,18000
"3023001006","Veterinary serv",3,1,16000
"3023001007","Other expenses",4,1,600
"3023001304","Veterinary serv",3,1,25000
"3023001307","Veterinary serv",3,1,4000
"3023001310","Veterinary serv",3,1,8000
"3023001310","Other expenses",4,1,5000
"3023001311","Livestock/poult",2,,
"3023001311","Hired Labour fo",1,,
"3023001311","Veterinary serv",3,,
"3023001311","Other expenses",4,,
"3023001312","Other expenses",4,1,2000
"3023001312","Veterinary serv",3,1,6000
"3023001313","Veterinary serv",3,1,12000
"3023001601","Veterinary serv",3,1,6000
"302300160107","Veterinary serv",3,1,17000
"3023001603","Veterinary serv",3,1,15000
"3023001604","Veterinary serv",3,1,7000
"3023001604","Other expenses",4,1,4000
"3023001606","Hired Labour fo",1,1,168000
"3023001606","Veterinary serv",3,1,5000
"3023001608","Other expenses",4,1,12000
"3023001610","Veterinary serv",3,1,460000
"3023001812","Veterinary serv",3,1,15000
"3023003501","Other expenses",4,1,3000
"3023003503","Other expenses",4,1,10000
"3023003503","Veterinary serv",3,1,4000
"3023003504","Other expenses",4,1,20000
"3023003504","Veterinary serv",3,1,3000
"3023003505","Other expenses",4,1,16000
"3023003507","Veterinary serv",3,1,30000
"3023003508","Veterinary serv",3,1,6500
"3023003508","Hired Labour fo",1,1,480000
"3023003510","Veterinary serv",3,1,12000
"3023003512","Veterinary serv",3,1,10000
"3031000202","Other expenses",4,1,6000
"3031000204","Veterinary serv",3,1,30000
"3031000204","Other expenses",4,1,15000
"3031000206","Livestock/poult",2,,
"3031000206","Veterinary serv",3,,
"3031000206","Other expenses",4,,
"3031000206","Hired Labour fo",1,,
"3031000210","Veterinary serv",3,,
"3031000210","Hired Labour fo",1,,
"3031000210","Livestock/poult",2,,
"3031000210","Other expenses",4,,
"3031000211","Other expenses",4,1,8000
"3031000213","Other expenses",4,1,4000
"3031000213","Veterinary serv",3,1,13000
"3033000601","Veterinary serv",3,1,500
"3033000601","Other expenses",4,1,4500
"3033000605","Other expenses",4,1,27000
"3033000605","Veterinary serv",3,1,5000
"3033000606","Other expenses",4,1,4500
"3033000607","Veterinary serv",3,1,2000
"3033000608","Other expenses",4,1,9000
"3033000608","Veterinary serv",3,1,2000
"3033000609","Other expenses",4,1,10800
"3033000609","Veterinary serv",3,1,900
"3033000610","Veterinary serv",3,1,9000
"3033000610","Other expenses",4,1,9000
"3033000903","Livestock/poult",2,1,40000
"3033000903","Veterinary serv",3,1,5000
"3033000910","Hired Labour fo",1,1,2000000
"3033000910","Veterinary serv",3,1,100000
"3033001501","Other expenses",4,1,50000
"3033001502","Veterinary serv",3,1,20000
"3033001502","Hired Labour fo",1,1,300000
"3033001502","Other expenses",4,1,10000
"3033001504","Other expenses",4,1,7000
"3033001504","Veterinary serv",3,1,10000
"3033001505","Other expenses",4,1,4500
"3033001507","Veterinary serv",3,1,10000
"3033001508","Veterinary serv",3,,
"3033001508","Livestock/poult",2,,
"3033001508","Other expenses",4,,
"3033001508","Hired Labour fo",1,,
"3033001509","Hired Labour fo",1,1,200000
"3033001509","Veterinary serv",3,1,36000
"3033001509","Other expenses",4,1,3000
"3033001512","Other expenses",4,1,20000
"3033001512","Veterinary serv",3,1,15000
"3033001512","Hired Labour fo",1,1,100000
"3033001513","Veterinary serv",3,1,20000
"3033002110","Other expenses",4,1,10000
"30330030004","Other expenses",4,1,5000
"30330030004","Veterinary serv",3,1,10000
"3033003301","Other expenses",4,1,2000
"3033003306","Other expenses",4,1,3900
"3033003307","Other expenses",4,1,12000
"3033003307","Veterinary serv",3,1,6000
"3033003308","Other expenses",4,1,5000
"3033003309","Other expenses",4,1,28800
"3033003311","Other expenses",4,1,25000
"3033003311","Veterinary serv",3,1,5000
"3041000202","Veterinary serv",3,1,125000
"3041000208","Hired Labour fo",1,,
"3041000208","Veterinary serv",3,,
"3041000208","Livestock/poult",2,,
"3041000208","Other expenses",4,,
"3041000402","Other expenses",4,,
"3041000402","Livestock/poult",2,,
"3041000402","Veterinary serv",3,,
"3041000402","Hired Labour fo",1,,
"304100070102","Other expenses",4,1,1200
"304100070102","Veterinary serv",3,1,2000
"304100070105","Other expenses",4,1,3000
"3041000703","Other expenses",4,,
"3041000703","Livestock/poult",2,,
"3041000703","Hired Labour fo",1,,
"3041000703","Veterinary serv",3,,
"3041000705","Other expenses",4,1,5000
"3041000705","Veterinary serv",3,1,7000
"3041000706","Veterinary serv",3,1,8000
"3041000706","Other expenses",4,1,2000
"304100070802","Livestock/poult",2,,
"304100070802","Veterinary serv",3,,
"304100070802","Other expenses",4,,
"304100070802","Hired Labour fo",1,,
"3041000710","Other expenses",4,1,3000
"3043000901","Veterinary serv",3,1,72000
"3043000901","Other expenses",4,1,15000
"3043000904","Other expenses",4,1,1000
"3043000905","Other expenses",4,1,4000
"3043000906","Veterinary serv",3,1,3000
"3043000910","Veterinary serv",3,,
"3043000910","Hired Labour fo",1,,
"3043000910","Livestock/poult",2,,
"3043000910","Other expenses",4,,
"3043001403","Other expenses",4,1,11000
"3043001405","Veterinary serv",3,1,9000
"3043001406","Veterinary serv",3,1,15000
"3043001408","Veterinary serv",3,1,30000
"3043001409","Veterinary serv",3,1,10000
"3051000102","Veterinary serv",3,1,15000
"3051000102","Livestock/poult",2,1,10000
"3051000105","Veterinary serv",3,1,10000
"3051000108","Veterinary serv",3,1,36000
"3051000109","Veterinary serv",3,1,80000
"3071000207","Veterinary serv",3,1,14000
"3071000207","Other expenses",4,1,4000
"3071000211","Veterinary serv",3,1,5000
"307100050306","Veterinary serv",3,1,28000
"307100050307","Veterinary serv",3,1,15000
"307100050307","Other expenses",4,1,20000
"307100050702","Veterinary serv",3,1,6000
"3071000508","Veterinary serv",3,1,30000
"3071000701","Veterinary serv",3,,
"3071000701","Hired Labour fo",1,,
"3071000701","Other expenses",4,,
"3071000701","Livestock/poult",2,,
"3071000702","Veterinary serv",3,1,120000
"3071000702","Hired Labour fo",1,1,160000
"3071000703","Veterinary serv",3,1,1000
"3071000703","Hired Labour fo",1,1,150000
"3071000703","Other expenses",4,1,5000
"3071000704","Other expenses",4,1,3500
"3071000704","Veterinary serv",3,1,16000
"307100070403","Hired Labour fo",1,,
"307100070403","Other expenses",4,,
"307100070403","Livestock/poult",2,,
"307100070403","Veterinary serv",3,,
"3071000706","Veterinary serv",3,,
"3071000706","Hired Labour fo",1,,
"3071000706","Livestock/poult",2,,
"3071000706","Other expenses",4,,
"3071000714","Veterinary serv",3,1,9000
"3071000714","Livestock/poult",2,1,18000
"3073001204","Other expenses",4,1,600
"3073001206","Veterinary serv",3,1,3000
"3073001210","Veterinary serv",3,1,18000
"3073001701","Veterinary serv",3,1,600
"3073001707","Veterinary serv",3,1,6000
"3073001710","Veterinary serv",3,1,20000
"3073001714","Veterinary serv",3,1,40000
"3073001801","Other expenses",4,1,1000
"3073001802","Other expenses",4,1,6000
"3073001804","Veterinary serv",3,1,800
"3073001805","Other expenses",4,1,10000
"3073001806","Other expenses",4,1,3500
"3073001806","Veterinary serv",3,1,1500
"3073001808","Veterinary serv",3,1,31000
"3073001811","Other expenses",4,1,5000
"3073001811","Veterinary serv",3,1,4500
"307300220105","Veterinary serv",3,1,6000
"307300220105","Other expenses",4,1,6000
"3073002203","Veterinary serv",3,1,15000
"3073002204","Veterinary serv",3,1,3000
"3073002205","Veterinary serv",3,1,4000
"3073002207","Other expenses",4,1,4500
"3073002207","Veterinary serv",3,1,10000
"3073002209","Veterinary serv",3,1,8000
"3073002210","Veterinary serv",3,1,30000
"3073002210","Other expenses",4,1,15000
"3073002301","Veterinary serv",3,,
"3073002301","Hired Labour fo",1,,
"3073002301","Other expenses",4,,
"3073002301","Livestock/poult",2,,
"3073002302","Veterinary serv",3,1,1600
"3073002303","Livestock/poult",2,,
"3073002303","Veterinary serv",3,,
"3073002303","Other expenses",4,,
"3073002303","Hired Labour fo",1,,
"3073002304","Livestock/poult",2,,
"3073002304","Veterinary serv",3,,
"3073002304","Hired Labour fo",1,,
"3073002304","Other expenses",4,,
"3073002305","Veterinary serv",3,1,9000
"307300230503","Other expenses",4,,
"307300230503","Livestock/poult",2,,
"307300230503","Hired Labour fo",1,,
"307300230503","Veterinary serv",3,,
"3073002306","Other expenses",4,1,400
"3073002307","Veterinary serv",3,1,18000
"3073002307","Other expenses",4,1,4000
"3073002308","Veterinary serv",3,1,21000
"3073002308","Other expenses",4,1,16000
"3073002309","Veterinary serv",3,1,15000
"3073002310","Veterinary serv",3,1,4000
"3073002502","Veterinary serv",3,1,6000
"3073002504","Veterinary serv",3,1,20000
"3073002507","Veterinary serv",3,1,5000
"3073002508","Veterinary serv",3,1,30000
"3073002510","Veterinary serv",3,1,2000
"3093000102","Hired Labour fo",1,,
"3093000102","Livestock/poult",2,,
"3093000102","Other expenses",4,,
"3093000102","Veterinary serv",3,,
"3093000103","Livestock/poult",2,,
"3093000103","Hired Labour fo",1,,
"3093000103","Other expenses",4,,
"3093000103","Veterinary serv",3,,
"3093000104","Other expenses",4,,
"3093000104","Veterinary serv",3,,
"3093000104","Livestock/poult",2,,
"3093000104","Hired Labour fo",1,,
"3093000105","Hired Labour fo",1,,
"3093000105","Veterinary serv",3,,
"3093000105","Livestock/poult",2,,
"3093000105","Other expenses",4,,
"3093000106",,,,
"3093000107","Other expenses",4,1,1500
"3093000108","Other expenses",4,1,3600
"3093000108","Veterinary serv",3,1,12000
"3093000109","Hired Labour fo",1,,
"3093000109","Veterinary serv",3,,
"3093000109","Livestock/poult",2,,
"3093000109","Other expenses",4,,
"3093000110","Hired Labour fo",1,,
"3093000110","Livestock/poult",2,,
"3093000110","Other expenses",4,,
"3093000110","Veterinary serv",3,,
"3093000201","Other expenses",4,1,600
"3093000203","Other expenses",4,1,10000
"3093000203","Veterinary serv",3,1,15000
"3093000204","Other expenses",4,,
"3093000204","Hired Labour fo",1,,
"3093000204","Veterinary serv",3,,
"3093000204","Livestock/poult",2,,
"3093000205","Veterinary serv",3,1,30000
"3093000205","Other expenses",4,1,20000
"3093000206","Other expenses",4,1,1000
"3093000207","Other expenses",4,1,66000
"3093000207","Veterinary serv",3,1,30000
"309300020703","Other expenses",4,1,5000
"309300020703","Veterinary serv",3,1,18000
"309300020706","Veterinary serv",3,,
"309300020706","Livestock/poult",2,,
"309300020706","Other expenses",4,,
"309300020706","Hired Labour fo",1,,
"3093000208","Hired Labour fo",1,,
"3093000208","Livestock/poult",2,,
"3093000208","Veterinary serv",3,,
"3093000208","Other expenses",4,,
"3093000210","Other expenses",4,1,1200
"3093000210","Veterinary serv",3,1,9000
"3101000102","Other expenses",4,1,2500
"3101000103","Other expenses",4,1,4000
"3101000105","Other expenses",4,1,3600
"3101000107","Veterinary serv",3,1,2500
"3101000107","Other expenses",4,1,9000
"3101000108","Other expenses",4,1,6000
"310100010807","Other expenses",4,,
"310100010807","Veterinary serv",3,,
"310100010807","Hired Labour fo",1,,
"310100010807","Livestock/poult",2,,
"3101000109","Other expenses",4,1,5000
"3101000401","Hired Labour fo",1,1,200000
"3101000404","Other expenses",4,1,2400
"3101000409","Other expenses",4,1,1500
"3101000410","Veterinary serv",3,,
"3101000410","Other expenses",4,1,5000
"3101000410","Livestock/poult",2,,
"3101000410","Hired Labour fo",1,,
"3103000601","Other expenses",4,1,1500
"3103000602","Veterinary serv",3,1,61000
"3103000609","Other expenses",4,1,30000
"3103000701","Other expenses",4,1,2800
"3103000703","Other expenses",4,,
"3103000703","Livestock/poult",2,,
"3103000703","Veterinary serv",3,,
"3103000703","Hired Labour fo",1,,
"3103000708",,,,
"3103000709","Other expenses",4,1,1000
"3103000710","Veterinary serv",3,1,60000
"3103000710","Other expenses",4,1,20000
"3103000710","Other expenses",4,1,15000
"3103000710","Hired Labour fo",1,1,30000
"3103000710","Hired Labour fo",1,1,300000
"3103000710","Veterinary serv",3,1,240000
"3103000802","Livestock/poult",2,,
"3103000802","Other expenses",4,,
"3103000802","Veterinary serv",3,,
"3103000802","Hired Labour fo",1,,
"3103000804","Other expenses",4,1,12000
"3103000807","Veterinary serv",3,,
"3103000807","Other expenses",4,,
"3103000807","Hired Labour fo",1,,
"3103000807","Livestock/poult",2,,
"3103000809","Other expenses",4,1,1500
"3103000811","Other expenses",4,1,16200
"3103000811","Veterinary serv",3,1,34000
"3103000902","Other expenses",4,1,5000
"3103000903","Other expenses",4,1,3000
"3103000904","Livestock/poult",2,,
"3103000904","Hired Labour fo",1,,
"3103000904","Other expenses",4,,
"3103000904","Veterinary serv",3,,
"3103000905","Other expenses",4,1,15000
"3103000907","Other expenses",4,1,5000
"3103000910","Other expenses",4,1,18000
"31030010011","Other expenses",4,1,3000
"31030010011","Hired Labour fo",1,,
"3103001003","Livestock/poult",2,,
"3103001003","Other expenses",4,,
"3103001003","Hired Labour fo",1,,
"3103001003","Veterinary serv",3,,
"3103001003","Other expenses",4,1,400
"310300100301","Other expenses",4,1,12000
"310300100303","Other expenses",4,1,5000
"310300100308","Other expenses",4,,
"310300100308","Veterinary serv",3,,
"310300100308","Hired Labour fo",1,,
"310300100308","Livestock/poult",2,,
"310300100403","Veterinary serv",3,,
"310300100403","Other expenses",4,,
"310300100403","Livestock/poult",2,,
"310300100403","Hired Labour fo",1,,
"310300100407","Other expenses",4,1,15000
"3103001005","Other expenses",4,1,600
"3103001006","Other expenses",4,1,1500
"3103001008","Other expenses",4,1,1000
"3103001011","Other expenses",4,1,3000
"3103001201","Other expenses",4,1,3600
"310300120102","Other expenses",4,1,600
"3103001202","Other expenses",4,,
"3103001202","Hired Labour fo",1,,
"3103001202","Livestock/poult",2,,
"3103001202","Veterinary serv",3,,
"3103001203","Other expenses",4,1,1000
"3103001207","Other expenses",4,1,3000
"3103001209","Veterinary serv",3,1,20000
"3103001209","Other expenses",4,1,20000
"3103001210","Other expenses",4,1,5000
"3113000401","Veterinary serv",3,1,50000
"3113000402","Veterinary serv",3,1,60000
"3113000405","Veterinary serv",3,1,30000
"3113000409","Veterinary serv",3,1,12000
"3133000102","Veterinary serv",3,1,5000
"3133000102","Other expenses",4,1,2000
"313300010206","Other expenses",4,1,15000
"313300010206","Veterinary serv",3,1,1000
"3133000104","Veterinary serv",3,,
"3133000104","Other expenses",4,,
"3133000104","Hired Labour fo",1,,
"3133000104","Livestock/poult",2,,
"3133000106","Other expenses",4,1,5000
"3133000106","Veterinary serv",3,1,6000
"3133000108","Other expenses",4,1,12000
"3133000109","Veterinary serv",3,1,30000
"3133000109","Other expenses",4,1,22000
"3133000111","Other expenses",4,1,25000
"3133000111","Veterinary serv",3,1,10000
"3133000201","Hired Labour fo",1,,
"3133000201","Other expenses",4,,
"3133000201","Veterinary serv",3,,
"3133000201","Livestock/poult",2,,
"3133000202","Veterinary serv",3,1,12000
"3133000202","Other expenses",4,1,10000
"3133000204","Veterinary serv",3,1,15000
"3133000204","Other expenses",4,1,12000
"3133000204","Hired Labour fo",1,1,60000
"3133000205","Veterinary serv",3,1,300
"3133000205","Other expenses",4,1,3000
"3133000206","Veterinary serv",3,1,1000
"3133000206","Other expenses",4,1,600
"3133000208","Other expenses",4,,
"3133000208","Livestock/poult",2,,
"3133000208","Veterinary serv",3,,
"3133000208","Hired Labour fo",1,,
"3133000210","Other expenses",4,1,41400
"3133000210","Veterinary serv",3,1,8100
"3133000301","Veterinary serv",3,1,55000
"3133000301","Other expenses",4,1,55000
"3133000302","Veterinary serv",3,1,15000
"3133000302","Other expenses",4,1,4800
"3133000303","Other expenses",4,1,2000
"3133000304","Other expenses",4,1,5000
"3133000308","Other expenses",4,1,10000
"3133000308","Veterinary serv",3,1,1500
"3133000309","Other expenses",4,1,18000
"3153001602","Other expenses",4,1,3500
"3153001602","Veterinary serv",3,1,1500
"3153001603","Veterinary serv",3,1,1500
"3153001603","Other expenses",4,1,3800
"3153001605","Veterinary serv",3,1,10000
"3153001606","Veterinary serv",3,1,29000
"3153001609","Veterinary serv",3,1,120000
"3153001610","Veterinary serv",3,1,50000
"3163001603","Other expenses",4,1,4800
"3163001607","Veterinary serv",3,,
"3163001607","Livestock/poult",2,,
"3163001607","Hired Labour fo",1,,
"3163001607","Other expenses",4,,
"3163001608","Hired Labour fo",1,,
"3163001608","Other expenses",4,,
"3163001608","Veterinary serv",3,,
"3163001608","Livestock/poult",2,,
"3173000901","Veterinary serv",3,1,35000
"3173000901","Other expenses",4,1,17000
"3173000906","Veterinary serv",3,1,12000
"3173000909","Veterinary serv",3,1,24000
"3173000910","Other expenses",4,1,5000
"3173000910","Veterinary serv",3,1,5000
"317300091004","Veterinary serv",3,1,12000
"317300091005","Veterinary serv",3,1,13000
"3173000911","Veterinary serv",3,1,18000
"3173001003","Veterinary serv",3,1,6000
"3173001004","Veterinary serv",3,1,3000
"3173001004","Other expenses",4,1,2000
"3173001005","Veterinary serv",3,1,2500
"3173001005","Other expenses",4,1,2000
"3173001006","Veterinary serv",3,1,10000
"3173001007","Hired Labour fo",1,,
"3173001007","Other expenses",4,,
"3173001007","Veterinary serv",3,,
"3173001007","Livestock/poult",2,,
"3173001008","Other expenses",4,1,750
"3173001009","Veterinary serv",3,1,2000
"3173001010","Veterinary serv",3,1,1500
"3173001010","Other expenses",4,1,2000
"3173001102","Other expenses",4,1,2400
"3173001102","Veterinary serv",3,1,3800
"3173001105","Hired Labour fo",1,,
"3173001105","Veterinary serv",3,,
"3173001105","Livestock/poult",2,,
"3173001105","Other expenses",4,,
"3173001109","Other expenses",4,1,10000
"3173001109","Veterinary serv",3,1,15000
"3173001110","Veterinary serv",3,1,72000
"3183000309","Veterinary serv",3,1,5000
"3183000310","Veterinary serv",3,1,15000
"3183000403","Livestock/poult",2,,
"3183000403","Veterinary serv",3,,
"3183000403","Hired Labour fo",1,,
"3183000403","Other expenses",4,,
"3183000409","Veterinary serv",3,1,6000
"3191000501","Veterinary serv",3,1,10000
"3191000501","Other expenses",4,1,36000
"3191000502","Livestock/poult",2,,
"3191000502","Hired Labour fo",1,,
"3191000502","Veterinary serv",3,,
"3191000502","Other expenses",4,,
"3191000506","Other expenses",4,,
"3191000506","Hired Labour fo",1,,
"3191000506","Livestock/poult",2,,
"3191000506","Veterinary serv",3,,
"3191000509","Other expenses",4,1,6800
"3191000509","Veterinary serv",3,1,1500
"3193001202","Other expenses",4,1,6000
"3193001202","Veterinary serv",3,1,3000
"319300120202","Other expenses",4,1,24000
"319300120202","Veterinary serv",3,1,34000
"3193001203","Other expenses",4,1,63000
"3193001203","Veterinary serv",3,1,14000
"3193001204","Other expenses",4,1,10000
"3193001204","Veterinary serv",3,1,5000
"3193001205","Veterinary serv",3,,
"3193001205","Other expenses",4,,
"3193001205","Livestock/poult",2,,
"3193001205","Hired Labour fo",1,,
"3193001207","Other expenses",4,1,10000
"3193001207","Veterinary serv",3,1,35000
"3193001209","Veterinary serv",3,,
"3193001209","Hired Labour fo",1,,
"3193001209","Livestock/poult",2,,
"3193001209","Other expenses",4,,
"3193001210","Other expenses",4,1,30000
"3193001210","Veterinary serv",3,1,3000
"3193001211","Other expenses",4,1,4000
"3203001802","Veterinary serv",3,1,3000
"3203001802","Other expenses",4,1,2400
"3203001804","Veterinary serv",3,1,10000
"3203001804","Other expenses",4,1,30000
"320300180503","Veterinary serv",3,1,25000
"320300180503","Other expenses",4,1,30000
"3203001806","Other expenses",4,1,300
"3203001809","Veterinary serv",3,1,1000
"3203001809","Other expenses",4,1,5000
"3203001810","Veterinary serv",3,1,12000
"3203001810","Other expenses",4,1,13600
"3203002102","Other expenses",4,1,12000
"3203002104","Veterinary serv",3,1,5000
"3203002104","Other expenses",4,1,15000
"3203002105","Other expenses",4,1,19000
"3203002105","Veterinary serv",3,1,4500
"3203002106","Other expenses",4,1,25000
"3203002106","Livestock/poult",2,1,6500
"3203002106","Veterinary serv",3,1,12000
"3203002107","Other expenses",4,1,3000
"3203002108","Veterinary serv",3,1,3000
"3203002108","Other expenses",4,1,5000
"3203002109","Hired Labour fo",1,1,20000
"3203002109","Other expenses",4,1,10000
"3203002109","Veterinary serv",3,1,11000
"3203002111","Other expenses",4,1,400
"3203002401","Other expenses",4,1,2400
"3203002401","Veterinary serv",3,1,1200
"3203002402","Other expenses",4,1,12000
"3203002402","Veterinary serv",3,1,10000
"3203002403","Veterinary serv",3,1,2100
"3203002404","Veterinary serv",3,1,3000
"3203002404","Other expenses",4,1,4500
"3203002405","Livestock/poult",2,,
"3203002405","Other expenses",4,,
"3203002405","Veterinary serv",3,,
"3203002405","Hired Labour fo",1,,
"3203002406","Other expenses",4,1,5000
"3203002406","Veterinary serv",3,1,3000
"3203002407","Other expenses",4,1,6000
"3203002407","Veterinary serv",3,1,7000
"3203002408","Other expenses",4,1,27000
"3203002408","Veterinary serv",3,1,3000
"3203002410","Other expenses",4,1,10000
"3203002410","Veterinary serv",3,1,4500
"320300241004","Veterinary serv",3,1,50000
"320300241004","Other expenses",4,1,50000
"320300241007","Other expenses",4,1,6000
"3203002701","Other expenses",4,1,25000
"3203002701","Veterinary serv",3,1,33000
"3203002703","Veterinary serv",3,1,35000
"3203002703","Other expenses",4,1,10000
"3203002703","Hired Labour fo",1,1,350000
"3203002705","Veterinary serv",3,1,7000
"3203002705","Other expenses",4,1,6000
"3203002707","Veterinary serv",3,1,11000
"3203002707","Other expenses",4,1,13000
"320300270708","Veterinary serv",3,1,31000
"3203002708","Other expenses",4,1,10000
"3203002709","Other expenses",4,1,6000
"3203002709","Veterinary serv",3,1,4000
"3203003003","Veterinary serv",3,1,3000
"3203003003","Other expenses",4,1,10000
"3203003005","Other expenses",4,1,10000
"3203003005","Veterinary serv",3,1,5000
"3203003006","Veterinary serv",3,1,15000
"3203003006","Other expenses",4,1,10000
"3203003007","Other expenses",4,1,5000
"3203003009","Other expenses",4,1,7500
"3203003009","Veterinary serv",3,1,25000
"3203003010","Other expenses",4,1,15000
"3203003010","Veterinary serv",3,1,4000
"320300301003","Other expenses",4,1,5000
"3213002101","Other expenses",4,1,43000
"3213002102","Veterinary serv",3,1,1500
"3213002104","Other expenses",4,1,2000
"3213002105","Veterinary serv",3,1,13500
"3213002106","Other expenses",4,1,100
"3213002109","Veterinary serv",3,1,60000
"3213002109","Other expenses",4,1,10000
"3213002110","Other expenses",4,1,5000
"3213002302","Veterinary serv",3,1,4000
"3213002304","Veterinary serv",3,1,10000
"3213002305","Veterinary serv",3,1,8000
"3213002308","Veterinary serv",3,1,18000
"3213002308","Other expenses",4,1,8000
"3213002310","Veterinary serv",3,1,100000
"3213002801","Other expenses",4,1,80000
"3213002801","Veterinary serv",3,1,160000
"321300280103","Other expenses",4,1,300
"3213002802","Veterinary serv",3,1,7500
"3213002802","Other expenses",4,1,8000
"3213002807","Veterinary serv",3,1,3000
"3213002808","Veterinary serv",3,1,3000
"321300280803","Other expenses",4,1,2000
"3213003001","Other expenses",4,1,2000
"3213003002","Other expenses",4,1,6000
"3213003002","Veterinary serv",3,1,30000
"3213003003","Veterinary serv",3,1,25000
"3213003004","Veterinary serv",3,1,33000
"3213003005","Livestock/poult",2,,
"3213003005","Other expenses",4,,
"3213003005","Veterinary serv",3,,
"3213003005","Hired Labour fo",1,,
"3213003006","Other expenses",4,1,20000
"3213003006","Veterinary serv",3,1,96000
"3213003007","Other expenses",4,1,80000
"3213003007","Veterinary serv",3,1,96000
"3213003009","Veterinary serv",3,1,8000
"3213003009","Other expenses",4,1,6000
"4013000301","Other expenses",4,,
"4013000301","Veterinary serv",3,,
"4013000301","Livestock/poult",2,,
"4013000301","Hired Labour fo",1,,
"4013000303","Hired Labour fo",1,,
"4013000303","Other expenses",4,,
"4013000303","Veterinary serv",3,,
"4013000303","Livestock/poult",2,,
"4013000304","Other expenses",4,1,60000
"401300030903","Livestock/poult",2,,
"401300030903","Hired Labour fo",1,,
"401300030903","Veterinary serv",3,,
"401300030903","Other expenses",4,,
"4013000501","Other expenses",4,1,2000
"4013000510","Veterinary serv",3,1,50000
"4013000510","Other expenses",4,1,10000
"4021000202","Other expenses",4,1,10000
"4021000202","Veterinary serv",3,1,45000
"4021000203","Livestock/poult",2,,
"4021000203","Other expenses",4,,
"4021000203","Hired Labour fo",1,,
"4021000203","Veterinary serv",3,,
"4021000204","Veterinary serv",3,1,20000
"4021000205","Veterinary serv",3,1,240000
"4021000206","Veterinary serv",3,,
"4021000206","Other expenses",4,,
"4021000206","Hired Labour fo",1,,
"4021000206","Livestock/poult",2,,
"402100020901","Livestock/poult",2,,
"402100020901","Veterinary serv",3,,
"402100020901","Hired Labour fo",1,,
"402100020901","Other expenses",4,,
"4023000702","Other expenses",4,1,6800
"4023000702","Veterinary serv",3,1,30000
"402300070203","Veterinary serv",3,1,3000
"402300070203","Other expenses",4,1,2000
"4023000703","Veterinary serv",3,1,8000
"4023000703","Other expenses",4,1,3000
"4023000707","Veterinary serv",3,1,40000
"4023000707","Hired Labour fo",1,1,200000
"4023000708","Hired Labour fo",1,1,840000
"4023000708","Veterinary serv",3,1,15000
"4023000708","Other expenses",4,1,50000
"4023000709","Veterinary serv",3,1,70000
"4023001108","Veterinary serv",3,1,10000
"4023001110","Other expenses",4,1,2000
"4023001608","Livestock/poult",2,,
"4023001608","Other expenses",4,,
"4023001608","Veterinary serv",3,,
"4023001608","Hired Labour fo",1,,
"4023001609","Other expenses",4,1,3000
"402300160903","Other expenses",4,,
"402300160903","Livestock/poult",2,,
"402300160903","Hired Labour fo",1,,
"402300160903","Veterinary serv",3,,
"4023002002","Livestock/poult",2,1,25000
"4023002002","Other expenses",4,1,30000
"4023002002","Veterinary serv",3,1,50000
"4023002003","Veterinary serv",3,1,50000
"4023002003","Hired Labour fo",1,1,100000
"4023002004","Veterinary serv",3,,
"4023002004","Livestock/poult",2,,
"4023002004","Other expenses",4,,
"4023002004","Hired Labour fo",1,,
"4023002005","Other expenses",4,1,6000
"4023002005","Livestock/poult",2,1,30000
"4023002005","Veterinary serv",3,1,225000
"4023002006","Other expenses",4,1,20000
"4023002006","Veterinary serv",3,1,48000
"4023002007","Other expenses",4,1,20000
"4023002007","Veterinary serv",3,1,30000
"4023002008","Livestock/poult",2,1,35000
"4023002008","Veterinary serv",3,1,90000
"4023002009","Veterinary serv",3,1,150000
"4023002009","Hired Labour fo",1,1,200000
"4023002509","Other expenses",4,1,20000
"4023002509","Veterinary serv",3,1,35000
"4023002509","Hired Labour fo",1,1,360000
"4023003002","Hired Labour fo",1,1,360000
"4023003002","Veterinary serv",3,1,150000
"4023003003","Veterinary serv",3,1,60000
"4023003005","Veterinary serv",3,1,20000
"4023003007","Veterinary serv",3,1,20000
"4023003009","Veterinary serv",3,1,120000
"4031000207","Veterinary serv",3,1,4000
"4031000208","Other expenses",4,,
"4031000208","Hired Labour fo",1,,
"4031000208","Veterinary serv",3,,
"4031000208","Livestock/poult",2,,
"4031000209","Other expenses",4,1,9000
"4031000210","Other expenses",4,1,15000
"4031000210","Veterinary serv",3,1,20000
"4033000402","Veterinary serv",3,1,15000
"4033000402","Other expenses",4,1,2000
"4033000408","Other expenses",4,1,500
"4033000410","Veterinary serv",3,1,10000
"4033000410","Other expenses",4,1,3000
"4033000411","Other expenses",4,,
"4033000411","Veterinary serv",3,,
"4033000411","Hired Labour fo",1,,
"4033000411","Livestock/poult",2,,
"4033000603","Other expenses",4,1,2400
"4033000604","Veterinary serv",3,1,900
"4033000604","Other expenses",4,1,900
"4033000605","Veterinary serv",3,1,200000
"4033000605","Other expenses",4,1,1000
"4033000609","Other expenses",4,1,1500
"4033000609","Veterinary serv",3,1,18000
"4033000702","Other expenses",4,1,6000
"4033000705","Livestock/poult",2,,
"4033000705","Veterinary serv",3,,
"4033000705","Other expenses",4,,
"4033000705","Hired Labour fo",1,,
"4033000708","Other expenses",4,1,2500
"4033000903","Hired Labour fo",1,,
"4033000903","Other expenses",4,,
"4033000903","Veterinary serv",3,,
"4033000903","Livestock/poult",2,,
"4033000906","Other expenses",4,1,2000
"4033000907","Other expenses",4,1,5000
"4033000910","Veterinary serv",3,1,15000
"4033000910","Other expenses",4,1,5000
"4033000911","Other expenses",4,1,4600
"403300091103","Other expenses",4,1,1000
"4033000916","Veterinary serv",3,1,25000
"4033000916","Other expenses",4,1,5000
"4041000309","Livestock/poult",2,1,30000
"4041000309","Veterinary serv",3,1,100000
"4043000604","Livestock/poult",2,,
"4043000604","Hired Labour fo",1,,
"4043000604","Other expenses",4,,
"4043000604","Veterinary serv",3,,
"4043000607","Veterinary serv",3,1,40000
"4043000608","Livestock/poult",2,1,10000
"4043000609","Livestock/poult",2,,
"4043000609","Hired Labour fo",1,,
"4043000609","Veterinary serv",3,,
"4043000609","Other expenses",4,,
"4043000610","Hired Labour fo",1,1,720000
"4043000610","Veterinary serv",3,1,800000
"4043000610","Livestock/poult",2,1,100000
"4043000802","Veterinary serv",3,1,30000
"4043000803","Livestock/poult",2,,
"4043000803","Veterinary serv",3,,
"4043000803","Other expenses",4,,
"4043000803","Hired Labour fo",1,,
"4043000804","Livestock/poult",2,,
"4043000804","Veterinary serv",3,,
"4043000804","Other expenses",4,,
"4043000804","Hired Labour fo",1,,
"4043000806","Veterinary serv",3,1,15000
"4043000810","Veterinary serv",3,1,9000
"404300081003","Other expenses",4,,
"404300081003","Hired Labour fo",1,,
"404300081003","Veterinary serv",3,,
"404300081003","Livestock/poult",2,,
"404300081006","Veterinary serv",3,,
"404300081006","Hired Labour fo",1,,
"404300081006","Other expenses",4,,
"404300081006","Livestock/poult",2,,
"4043001003","Hired Labour fo",1,1,45000
"404300100304","Other expenses",4,1,5000
"404300100304","Veterinary serv",3,1,8000
"4043001004","Veterinary serv",3,1,20000
"4043001004","Other expenses",4,1,8000
"4043001204","Other expenses",4,1,1000
"4043001204","Veterinary serv",3,1,5000
"4043001204","Hired Labour fo",1,1,20000
"4043001205","Other expenses",4,1,6000
"4043001205","Veterinary serv",3,1,8000
"4043001206","Veterinary serv",3,1,20000
"4043001206","Other expenses",4,1,7000
"4043001210","Other expenses",4,1,26000
"4043001210","Hired Labour fo",1,1,60000
"4043001210","Veterinary serv",3,1,150000
"4051000204","Veterinary serv",3,1,100000
"4051000204","Other expenses",4,1,8000
"4051000207","Hired Labour fo",1,,
"4051000207","Other expenses",4,,
"4051000207","Livestock/poult",2,,
"4051000207","Veterinary serv",3,,
"4051000208","Other expenses",4,,
"4051000208","Veterinary serv",3,,
"4051000208","Livestock/poult",2,,
"4051000208","Hired Labour fo",1,,
"4051000210","Veterinary serv",3,1,60000
"4051000210","Hired Labour fo",1,1,360000
"4051000210","Other expenses",4,1,50000
"4051000502","Veterinary serv",3,,
"4051000502","Other expenses",4,,
"4051000502","Hired Labour fo",1,,
"4051000502","Livestock/poult",2,,
"4051000503","Veterinary serv",3,1,1000
"4051000504","Other expenses",4,1,4000
"4051000506","Veterinary serv",3,,
"4051000506","Other expenses",4,,
"4051000506","Hired Labour fo",1,,
"4051000506","Livestock/poult",2,,
"4051000507","Livestock/poult",2,,
"4051000507","Hired Labour fo",1,,
"4051000507","Other expenses",4,,
"4051000507","Veterinary serv",3,,
"4051000510","Other expenses",4,1,3000
"4053000605","Other expenses",4,1,5000
"4053000607","Other expenses",4,1,500
"4053000609","Other expenses",4,1,3000
"4053001002","Other expenses",4,1,3000
"4053001002","Veterinary serv",3,1,5000
"4053001003","Veterinary serv",3,,
"4053001003","Other expenses",4,,
"4053001003","Livestock/poult",2,,
"4053001003","Hired Labour fo",1,,
"4053001004","Other expenses",4,1,6000
"4053001006","Other expenses",4,1,5000
"4053001007","Other expenses",4,1,4400
"4053001007","Veterinary serv",3,1,8000
"4053001009","Veterinary serv",3,1,4000
"4053001010","Other expenses",4,1,10000
"4061000309","Veterinary serv",3,,
"4061000309","Livestock/poult",2,,
"4061000309","Hired Labour fo",1,,
"4061000309","Other expenses",4,,
"4061000311","Other expenses",4,,
"4061000311","Hired Labour fo",1,,
"4061000311","Livestock/poult",2,,
"4061000311","Veterinary serv",3,,
"4063000801","Other expenses",4,1,6000
"4063000802","Other expenses",4,1,2000
"4063000803","Other expenses",4,,
"4063000803","Hired Labour fo",1,,
"4063000803","Veterinary serv",3,,
"4063000803","Livestock/poult",2,,
"4063000804","Veterinary serv",3,,
"4063000804","Livestock/poult",2,,
"4063000804","Other expenses",4,,
"4063000804","Hired Labour fo",1,,
"4063000808","Hired Labour fo",1,,
"4063000808","Veterinary serv",3,,
"4063000808","Other expenses",4,,
"4063000808","Livestock/poult",2,,
"4063000809","Livestock/poult",2,,
"4063000809","Veterinary serv",3,,
"4063000809","Hired Labour fo",1,,
"4063000809","Other expenses",4,,
"4063000810","Hired Labour fo",1,,
"4063000810","Livestock/poult",2,,
"4063000810","Veterinary serv",3,,
"4063000810","Other expenses",4,,
"4063001001","Other expenses",4,,
"4063001001","Veterinary serv",3,,
"4063001001","Hired Labour fo",1,,
"4063001001","Livestock/poult",2,,
"4063001007","Other expenses",4,1,3900
"4063001009","Other expenses",4,1,5000
"4063001101","Other expenses",4,,
"4063001101","Hired Labour fo",1,,
"4063001101","Veterinary serv",3,,
"4063001101","Livestock/poult",2,,
"4063001102","Other expenses",4,1,2000
"4063001105","Other expenses",4,,
"4063001105","Veterinary serv",3,,
"4063001105","Hired Labour fo",1,,
"4063001105","Livestock/poult",2,,
"4063001108","Livestock/poult",2,,
"4063001108","Other expenses",4,,
"4063001108","Veterinary serv",3,,
"4063001108","Hired Labour fo",1,,
"4063001110","Hired Labour fo",1,,
"4063001110","Livestock/poult",2,,
"4063001110","Veterinary serv",3,,
"4063001110","Other expenses",4,,
"4063001305","Other expenses",4,1,1000
"4063001306","Veterinary serv",3,,
"4063001306","Other expenses",4,,
"4063001306","Livestock/poult",2,,
"4063001306","Hired Labour fo",1,,
"4063001307","Other expenses",4,1,4000
"4063001309","Hired Labour fo",1,,
"4063001309","Livestock/poult",2,,
"4063001309","Veterinary serv",3,,
"4063001309","Other expenses",4,,
"4063001310","Other expenses",4,1,6000
"4073000303","Other expenses",4,1,2500
"4073000304","Other expenses",4,1,3000
"4073000305","Other expenses",4,1,3000
"4073000306","Other expenses",4,1,20000
"4073000307","Livestock/poult",2,,
"4073000307","Other expenses",4,,
"4073000307","Veterinary serv",3,,
"4073000307","Hired Labour fo",1,,
"4073000308","Other expenses",4,1,2000
"4073000308","Veterinary serv",3,1,1000
"4073000309","Veterinary serv",3,1,25000
"4073000309","Other expenses",4,1,10000
"4073000502","Veterinary serv",3,,
"4073000502","Hired Labour fo",1,,
"4073000502","Livestock/poult",2,,
"4073000502","Other expenses",4,,
"4073000506","Other expenses",4,1,3000
"4073000506","Veterinary serv",3,1,5000
"4073000509","Veterinary serv",3,1,24000
"4073000509","Other expenses",4,1,2500
"4073000510","Other expenses",4,1,5000
"4073000710","Other expenses",4,1,20000
"4073000710","Veterinary serv",3,1,100000
"4073000902","Other expenses",4,1,2000
"4073000902","Veterinary serv",3,1,1500
"4073000904","Other expenses",4,1,2000
"4073000908","Other expenses",4,1,5000
"4073000908","Veterinary serv",3,1,30000
"4073000909","Other expenses",4,1,2000
"4083000210","Other expenses",4,1,10000
"4083000210","Veterinary serv",3,1,50000
"4083000210","Livestock/poult",2,1,20000
"4083000401","Hired Labour fo",1,,
"4083000401","Veterinary serv",3,,
"4083000401","Livestock/poult",2,,
"4083000401","Other expenses",4,,
"4083000402","Hired Labour fo",1,,
"4083000402","Other expenses",4,,
"4083000402","Livestock/poult",2,,
"4083000402","Veterinary serv",3,,
"4083000406","Veterinary serv",3,1,2500
"4091000202","Other expenses",4,,
"4091000202","Hired Labour fo",1,,
"4091000202","Livestock/poult",2,,
"4091000202","Veterinary serv",3,,
"4091000206","Veterinary serv",3,1,70000
"4091000206","Other expenses",4,1,8000
"4093000905","Other expenses",4,1,200
"4093000906","Other expenses",4,1,2000
"4101000102","Hired Labour fo",1,1,1200000
"4101000102","Veterinary serv",3,1,1000000
"4101000109","Other expenses",4,1,3900
"4103002610","Hired Labour fo",1,1,540000
"4103002610","Livestock/poult",2,1,24000
"4103002610","Veterinary serv",3,1,140000
"4103002612","Veterinary serv",3,1,208000
"4103002612","Hired Labour fo",1,1,480000
"4103002612","Other expenses",4,1,100000
"4103002904","Other expenses",4,1,20000
"4103002904","Veterinary serv",3,1,45000
"4103002905","Veterinary serv",3,1,30000
"410300290506","Veterinary serv",3,,
"410300290506","Other expenses",4,,
"410300290506","Livestock/poult",2,,
"410300290506","Hired Labour fo",1,,
"4103002906","Livestock/poult",2,1,20000
"4103002906","Veterinary serv",3,1,30000
"4103002907","Veterinary serv",3,1,700000
"4103002909","Veterinary serv",3,1,60000
"4103002910","Veterinary serv",3,1,100000
"4103002910","Other expenses",4,1,10000
"4103003802","Veterinary serv",3,1,90000
"4103003803","Veterinary serv",3,1,200000
"4103003805","Other expenses",4,1,30000
"4103003805","Veterinary serv",3,1,60000
"4103003806","Veterinary serv",3,1,2000
"4103003807","Other expenses",4,1,9000
"4103003807","Veterinary serv",3,1,25000
"4103003808","Hired Labour fo",1,,
"4103003808","Veterinary serv",3,1,20000
"4103003808","Other expenses",4,1,100000
"4103003809","Veterinary serv",3,1,10000
"4103003812","Veterinary serv",3,1,4300
"4111000202","Veterinary serv",3,1,350000
"4111000202","Other expenses",4,1,50000
"4111000202","Hired Labour fo",1,1,600000
"4111000210","Veterinary serv",3,1,300000
"4111000211","Other expenses",4,1,20000
"4111000211","Veterinary serv",3,1,100000
"4113000402","Veterinary serv",3,1,30000
"4113000408","Veterinary serv",3,1,30000
"411300060107","Veterinary serv",3,1,100000
"4113000603","Veterinary serv",3,1,8000
"4113000608","Veterinary serv",3,1,2000
"4113000608","Other expenses",4,1,3000
"4113000609","Livestock/poult",2,1,10000
"4113000609","Other expenses",4,1,5000
"4113000609","Veterinary serv",3,1,50000
"411300070603","Hired Labour fo",1,1,60000
"411300070603","Livestock/poult",2,1,20000
"411300070603","Veterinary serv",3,1,40000
"411300070603","Other expenses",4,1,75000
"4113000707","Hired Labour fo",1,,
"4113000707","Livestock/poult",2,,
"4113000707","Other expenses",4,,
"4113000707","Veterinary serv",3,,
"4113000709","Veterinary serv",3,1,100000
"4113000711","Livestock/poult",2,,
"4113000711","Hired Labour fo",1,,
"4113000711","Other expenses",4,,
"4113000711","Veterinary serv",3,,
"4113000901","Livestock/poult",2,,
"4113000901","Other expenses",4,,
"4113000901","Hired Labour fo",1,,
"4113000901","Veterinary serv",3,,
"4113000905","Veterinary serv",3,1,4000
"4113000905","Other expenses",4,1,3000
"4113000906","Veterinary serv",3,1,15000
"4113000907","Livestock/poult",2,,
"4113000907","Veterinary serv",3,,
"4113000907","Hired Labour fo",1,,
"4113000907","Other expenses",4,,
"4113000909","Other expenses",4,1,4000
"4113000909","Veterinary serv",3,1,25000
"4113000910","Veterinary serv",3,1,300000
"4123000306","Other expenses",4,1,5800
"4123000306","Veterinary serv",3,1,2800
"4123000307","Veterinary serv",3,1,10000
"4123000307","Other expenses",4,1,5000
"4123000310","Veterinary serv",3,1,10000
"4133000203","Livestock/poult",2,,
"4133000203","Other expenses",4,,
"4133000203","Hired Labour fo",1,,
"4133000203","Veterinary serv",3,,
"4133000205","Other expenses",4,1,5000
"4133000208","Other expenses",4,1,700
"4133000209","Other expenses",4,1,2800
"4133000209","Veterinary serv",3,1,27000
"413300021007","Other expenses",4,,
"413300021007","Livestock/poult",2,,
"413300021007","Veterinary serv",3,,
"413300021007","Hired Labour fo",1,,
"4133000301","Other expenses",4,1,1500
"4133000302","Other expenses",4,1,12000
"4133000303","Other expenses",4,1,3000
"4133000304","Other expenses",4,1,6000
"4133000304","Veterinary serv",3,1,120000
"4133000307","Veterinary serv",3,1,200
"4133000307","Other expenses",4,1,1000
"4133000507","Veterinary serv",3,,
"4133000507","Other expenses",4,,
"4133000507","Livestock/poult",2,,
"4133000507","Hired Labour fo",1,,
"4133000513","Other expenses",4,1,5000
"4141000104","Veterinary serv",3,1,3000
"4141000104","Other expenses",4,1,2000
"4141000109","Other expenses",4,,
"4141000109","Livestock/poult",2,,
"4141000109","Hired Labour fo",1,,
"4141000109","Veterinary serv",3,,
"4141000110","Other expenses",4,1,15000
"4141000110","Livestock/poult",2,1,120000
"4141000110","Veterinary serv",3,1,350000
"4143000304","Livestock/poult",2,,
"4143000304","Other expenses",4,,
"4143000304","Hired Labour fo",1,,
"4143000304","Veterinary serv",3,,
"4143000307","Other expenses",4,1,2000
"4143000310","Veterinary serv",3,1,25000
"4143000503","Other expenses",4,1,3000
"4143000503","Veterinary serv",3,1,5000
"4143000506","Veterinary serv",3,1,15000
"4143000506","Other expenses",4,1,1000
"414300050605","Veterinary serv",3,1,20000
"4143000509","Veterinary serv",3,1,30000
"4143000509","Other expenses",4,1,10000
"4143000510","Veterinary serv",3,1,50000
"4153000407","Other expenses",4,1,500
"4153000407","Veterinary serv",3,1,250
"4153000408","Livestock/poult",2,,
"4153000408","Other expenses",4,,
"4153000408","Hired Labour fo",1,,
"4153000408","Veterinary serv",3,,
"4153000602","Hired Labour fo",1,,
"4153000602","Other expenses",4,,
"4153000602","Livestock/poult",2,,
"4153000602","Veterinary serv",3,,
"4153000605","Other expenses",4,1,1600
"4153000606","Other expenses",4,1,6000
"4153000607","Veterinary serv",3,1,10000
"4153000607","Other expenses",4,1,8000
"4153000609","Hired Labour fo",1,1,10000
"4153000609","Veterinary serv",3,1,35000
"4153000610","Other expenses",4,1,50000
"4153000610","Hired Labour fo",1,1,480000
"4153000610","Veterinary serv",3,1,1200000
"4153000703","Veterinary serv",3,1,500000
"4153000703","Other expenses",4,1,12000
"4153000703","Hired Labour fo",1,1,15000
"4153000704","Other expenses",4,1,26000
"4153000704","Veterinary serv",3,1,140000
"4153000705","Other expenses",4,1,3000
"4153000706","Other expenses",4,1,2000
"4153000706","Veterinary serv",3,1,75000
"4153000708","Other expenses",4,1,3000
"4153000708","Veterinary serv",3,1,10000
"4153000709","Veterinary serv",3,1,5000
"4153000710","Hired Labour fo",1,1,240000
"4153000710","Veterinary serv",3,1,200000
"4153000710","Other expenses",4,1,12000
"4153000901","Other expenses",4,1,5000
"4153000902","Other expenses",4,1,5000
"4153000902","Veterinary serv",3,1,70000
"4153000903","Veterinary serv",3,1,50000
"4153000903","Other expenses",4,1,6000
"4153000904","Hired Labour fo",1,,
"4153000904","Veterinary serv",3,,
"4153000904","Livestock/poult",2,,
"4153000904","Other expenses",4,,
"4153000906","Other expenses",4,1,12000
"4153000906","Veterinary serv",3,1,68000
"4153000907","Veterinary serv",3,,
"4153000907","Other expenses",4,,
"4153000907","Hired Labour fo",1,,
"4153000907","Livestock/poult",2,,
"4153000909","Other expenses",4,1,2000
"4163000703","Livestock/poult",2,,
"4163000703","Hired Labour fo",1,,
"4163000703","Veterinary serv",3,,
"4163000703","Other expenses",4,,
"4163000705","Other expenses",4,1,12000
"4163000705","Other expenses",4,1,40000
"4171000802","Other expenses",4,1,10000
"4171000802","Hired Labour fo",1,1,240000
"4171000802","Veterinary serv",3,1,80000
"4171000803","Veterinary serv",3,1,20000
"4171000809","Hired Labour fo",1,1,210000
"4171000810","Veterinary serv",3,1,130000
"4171000810","Hired Labour fo",1,1,160000
"4173001403","Other expenses",4,1,2000
"4173001403","Veterinary serv",3,1,3000
"4173001405","Hired Labour fo",1,,
"4173001405","Livestock/poult",2,,
"4173001405","Veterinary serv",3,,
"4173001405","Other expenses",4,,
"4173001406","Veterinary serv",3,1,8000
"4173001407","Other expenses",4,1,2000
"4173001410","Veterinary serv",3,1,40000
"4173001410","Other expenses",4,1,20000
"4173001411","Other expenses",4,1,44000
"4173001411","Veterinary serv",3,1,40000
"4173001702","Hired Labour fo",1,,
"4173001702","Other expenses",4,,
"4173001702","Veterinary serv",3,,
"4173001702","Livestock/poult",2,,
"4173001703","Veterinary serv",3,,
"4173001703","Livestock/poult",2,,
"4173001703","Other expenses",4,,
"4173001703","Hired Labour fo",1,,
"4173001704","Veterinary serv",3,1,15000
"4173001708","Other expenses",4,,
"4173001708","Veterinary serv",3,,
"4173001708","Livestock/poult",2,,
"4173001708","Hired Labour fo",1,,
"4173001709","Veterinary serv",3,1,96000
"4173001709","Veterinary serv",3,1,40000
"417300170903","Veterinary serv",3,1,96000
"4183001101","Livestock/poult",2,,
"4183001101","Veterinary serv",3,,
"4183001101","Other expenses",4,,
"4183001101","Hired Labour fo",1,,
"4183001104","Veterinary serv",3,,
"4183001104","Livestock/poult",2,,
"4183001104","Other expenses",4,,
"4183001104","Hired Labour fo",1,,
"4183001109","Hired Labour fo",1,1,70000
"4183001109","Veterinary serv",3,1,21000
"4183002003","Veterinary serv",3,1,100000
"4183002003","Hired Labour fo",1,1,240000
"4183002006","Veterinary serv",3,1,75000
"4183002006","Hired Labour fo",1,1,360000
"4183002007","Hired Labour fo",1,,
"4183002007","Other expenses",4,,
"4183002007","Veterinary serv",3,,
"4183002007","Livestock/poult",2,,
"4183002009","Other expenses",4,1,60000
"4183002009","Veterinary serv",3,1,120000
"4183002308","Veterinary serv",3,1,5000
"4183002308","Other expenses",4,1,3500
"4183002310","Livestock/poult",2,1,70000
"4183002310","Veterinary serv",3,1,30000
"4193003203","Other expenses",4,1,80000
"4193003203","Veterinary serv",3,1,23000
"4193003203","Hired Labour fo",1,1,70000
"4193003203","Livestock/poult",2,1,23000
"4193003205","Hired Labour fo",1,,
"4193003205","Livestock/poult",2,,
"4193003205","Veterinary serv",3,,
"4193003205","Other expenses",4,,
"4193003206","Veterinary serv",3,1,4000
"4193003207","Veterinary serv",3,1,200000
"4193003210","Veterinary serv",3,1,360000
"4193003210","Other expenses",4,1,360000
"4193003210","Hired Labour fo",1,1,480000
"4193003211","Veterinary serv",3,1,320000
"4193003211","Livestock/poult",2,1,100000
"4193003211","Other expenses",4,1,50000
"4193003211","Hired Labour fo",1,1,360000
"4193003212","Other expenses",4,1,58000
"4193003212","Veterinary serv",3,1,240000
"4193003212","Hired Labour fo",1,1,80000
"4193003502","Other expenses",4,1,5000
"4193003502","Veterinary serv",3,1,20000
"4193003503","Veterinary serv",3,1,200000
"4193003504","Veterinary serv",3,1,40000
"4193003506","Veterinary serv",3,1,250000
"4193003506","Other expenses",4,1,15000
"4193003506","Livestock/poult",2,1,50000
"4193003507","Veterinary serv",3,1,20000
"4193003507","Other expenses",4,1,4000
"4193003509","Veterinary serv",3,1,80000
"4193003509","Other expenses",4,,
"4193003509","Other expenses",4,1,7200
"4193003509","Veterinary serv",3,,
"4193003509","Livestock/poult",2,,
"4193003509","Hired Labour fo",1,,
"4193003510","Veterinary serv",3,1,600000
"4193003510","Hired Labour fo",1,1,200000
