"year","comcod","c4q1","c4q2","c4q4","c4q5","c4q6","c4q7"
2009,"1020001","KISENYI HEALTH CENTRE",78,1,1,1,2
2009,"1020002","KISENYI",78,1,1,1,2
2009,"1020003","K.C.C DISPENSERY",33,1,5,1,2
2009,"1020004","KAWEMPE",3,3,3,1,3
2009,"1020006","KAWEMPE H/C",3,1,1,1,3
2009,"1020007","KOMAMBOGO H/C III",117,1,2,1,2
2009,"1020008","KAWEMPE HEALTH CENTRE",3,3,3,1,3
2009,"1020010","MULAGO",,,,,
2009,"1020011","RIBBE CLINIC",,,,,
2009,"1020012","SIMBA GENERAL CLINIC",,2,5,3,8
2009,"1020014","ST ANTHONY'S CLINC",111,1,21,2,8
2009,"1020015","K.C.C DISPENSARY",33,1,5,1,2
2009,"1020017","KIRUDO BUZIGA HEALTH CENTRE 3",83,1,6,1,2
2009,"1020018","ST ANDREW.",,3,1,2,8
2009,"1020019","KANSANGA MEDICAL CENTRE",534,3,3,2,8
2009,"1020022","KYANJA COMMUNITY H/C",,1,0,8,2
2009,"1020023","GOOD SAMARITAN",,3,3,2,
2009,"1020024","KISWA H/C 111",23,3,6,1,2
2009,"1020025","KISWA HEALTH CENTRE III",,,,,
2009,"1020026","DEMBE MEDICAL CENTRE",,8,1,2,8
2009,"1020027","KITEBI HEALTH CENTER",16,4,3,1,2
2009,"1020028","KAWAALA H/C",84,4,4,1,2
2009,"1020031","MIREMBE MEDICAL CENTRE",,1,12,2,8
2009,"1020033","NATEETE ARCHDEALOCONRY MOBILE CLINIC",,3,20,3,1
2009,"1020034","KITEBI HEALTH CENTRE 111",86,8,2,1,2
2009,"1030003","LWAMATA HEALTH CENTRE III",15,4,5,1,2
2009,"1030005","NTWETWE HC IV",20,3,19,1,3
2009,"1040002","MIREMBE CLINIC",,8,1,2,8
2009,"1040004","KALAGALA HEALTH CENTRE IV",20,3,0,1,3
2009,"1040006","ZIROBWE HEALTH CENTRE III",23,3,4,1,2
2009,"1040008","KYALUGONDO HC III",47,1,2,1,2
2009,"1050003","LUKAYA H/C III",35,8,1,1,2
2009,"1050004","BIGASA HEALTH CENTRE III",25,1,9,1,2
2009,"1050008","ST.YOANA MARIA MUZEEYI H/C",26,1,1,3,2
2009,"1050012","KINONI HC III",1,3,8,1,2
2009,"1050015","KYAZANGA HEALTH CENTRE IV",10,3,3,1,3
2009,"1050019","MAKONDO HEALTH CENTRE II",63,1,4,3,1
2009,"1050023","KAYANJA HEALTH CENTRE II",63,1,9,1,1
2009,"1050026","MPUGWE H/C 111",16,8,6,1,2
2009,"1050030","KIRAGGA HEALTH CENTRE III",85,8,1,1,2
2009,"1050033","KALUNGU HC III",31,8,4,1,2
2009,"1060003","KIFAMPA HC III",25,1,4,1,2
2009,"1060005","MADDU HEALTH CENTRE IV",35,1,9,1,3
2009,"1060007","ST.ANTHONY MITALA MARIA HC",36,1,0,3,2
2009,"1060009","KAFUMU HEALTH CENTRE II",,8,2,1,1
2009,"1070001","MUBENDE HOSPITAL",,5,2,1,8
2009,"1070002","MAGALA HEALTH CENTRE III",11,3,3,1,2
2009,"1070016","BUKUYA HC III",2,3,15,1,2
2009,"1070020","KYANAMUGERA HEALTH CENTRE",71,1,1,3,1
2009,"1070023","KIKANDWA HC II",18,1,8,1,1
2009,"1080002","KAWOLO HOSPITAL",,5,5,1,8
2009,"1080003","NAMWEZI HEALTH CENTRE III",103,1,7,1,2
2009,"1080006","MAKONGE HC III",51,1,13,3,2
2009,"1080009","BUWAGAJJO HEALTH CENTRE III",10,1,5,1,2
2009,"1080013","BUWAGAJJO HC III",10,3,3,1,2
2009,"1080020","KATOOGO HEALTH CENTRE III",108,8,9,1,2
2009,"1080023","GOMA HC III",13,1,2,1,2
2009,"1080027","KASANA H/C II KIYAGI",91,8,8,1,1
2009,"1080030","KASAWO HEALTH CNTRE III",16,8,2,1,2
2009,"1080033","KYABAZAALA HEALTH CENTRE III",25,4,9,1,2
2009,"1090004","MULONZI HEALTH CENTRE II",140,8,3,1,1
2009,"1100001","KYOTERA MOSLEM HEALTH CENTRE",75,8,2,3,2
2009,"1100005","GWANDA HEALTH CENTRE II",85,1,2,1,1
2009,"1100007","KACHEERA HC III",31,4,0,1,2
2009,"1100009","KIBUKA HC II",11,1,5,1,1
2009,"1100012","BUYIISA H/C II",,8,3,1,1
2009,"1110001","NTUUSI HC IV",5,8,0,1,3
2009,"1110003","MIREMBE CLINIC",,1,,,
2009,"1120001","KAYUNGA HOSPITAL",11,5,15,1,8
2009,"1120003","WABWOKO HEALTH CENTRE III",16,8,4,1,2
2009,"1120006","BUSAALE HEALTH CENTRE II",18,4,1,1,1
2009,"1130002","ENTEBBE HOSPITAL",10,2,5,1,8
2009,"1130003","KAJJANSI HEALTH CENTRE III",18,1,4,1,2
2009,"1130004","BWEYOGERERE HC II",,1,2,1,1
2009,"1130006","NABWERU H/C III",168,8,2,1,2
2009,"1130007","TUSUBIRA CLINIC AND MATERNITY HOME",,1,11,2,8
2009,"1130008","BUUSI HC II",7,3,7,1,1
2009,"1130010","NALUGALA HEALTH CENTRE II",18,4,0,1,1
2009,"1130012","KYENGERA HEALTH CENTRE II",,1,1,1,1
2009,"1130016","KAWUZI HC II",,2,11,2,1
2009,"1130019","KIRINYA HEALTH CENTRE II",32,1,2,1,1
2009,"1130021","NABWERU HC III",168,8,2,1,2
2009,"1130023","NDEJE HEALTH CENTRE IV",214,3,3,1,3
2009,"1130025","MENGO DOCTORS' CLINIC NDEJJE BRANCH",,1,2,2,1
2009,"1140003","MPUMUDDE HEALTH CENTRE III",36,3,3,1,2
2009,"1150004","MAANYI H/C III",25,4,4,1,2
2009,"1150027","KABULE HEALTH CENTRE",7,3,2,1,2
2009,"1150031","BUSUNJU HEALTH CENTRE II",9,1,3,1,1
2009,"1160011","NAMUSAALE HEALTH CENTRE II",,4,1,3,1
2009,"1160013","NGOMA H/C IV",5,8,3,1,3
2009,"2010004","BULUWE H/C 11",104,1,2,1,1
2009,"2010006","BUNYIKA HEALTH CENTRE",44,1,5,1,3
2009,"2010008","WANGOBO H/C 111",75,1,1,1,1
2009,"2010009","SSIGULU H/C 111",135,3,9,1,2
2009,"2020001","BUSIA HEALTH CENTRE IV",5,3,8,1,3
2009,"2020005","BUTEBA HEALTH CENTRE III",9,1,6,1,2
2009,"2020007","BUMUNJI HEALTH CENTRE II",22,1,4,1,1
2009,"2030001","IGANGA TOWN COUNCIL H/C 111",54,1,5,1,2
2009,"2030004","IGANGA T/C HEALTH CENTRE",,4,4,1,2
2009,"2030018","NAWANSIGE H/C 11",,8,2,1,1
2009,"2030023","IGANGA MAIN HOSPITAL(NAKAVULE)",,,,,
2009,"2030028","IKUMBYA H/CENTRE 111",56,8,12,1,2
2009,"2030033","KIYUNGA H/C IV",85,8,6,1,3
2009,"2040002","JINJA REFERAL HOSPITAL",,,,,
2009,"2040006","MASESE PORT",68,1,1,1,1
2009,"2040009","BUGEMBE HEALTH CENTRE",,3,2,1,3
2009,"2040012","BUSSEDE HEALTH CENTRE 111",19,1,1,1,2
2009,"2040015","NAWAMPANDA H/C 11",1,1,4,3,1
2009,"2050001","LUBAGA MISSION HOSPITAL",,,,,
2009,"2050004","BUYENDE H/C 111",19,3,1,1,2
2009,"2050009","KIGULU H/C 11",75,8,4,1,1
2009,"2050013","NAMASAGALI H/C 111",30,8,7,1,2
2009,"2050017","KAMULI GENERAL HOSPITAL",,1,3,1,8
2009,"2050030","KIYUNGA H/C 11",63,8,6,1,1
2009,"2070005","AKOBOI H/C  11",22,3,2,1,1
2009,"2070006","AKURAO H/C",,3,0,1,1
2009,"2080001","KUMI H/C",14,8,1,1,2
2009,"2080005","KANYUM 'NGO' H/C 11",9,3,2,3,1
2009,"2080007","ONGINO H/C 1V[O4]",25,1,3,1,2
2009,"2080008","MUKURA H/C111[OGET]",19,1,0,1,2
2009,"2090003","NAMATALA HEALTH CENTRE",28,1,7,1,2
2009,"2090006","NAMAKWEKWE HEALTH CENTRE II",26,1,1,1,2
2009,"2090033","NAIKU HEALTH CENTRE III",24,4,1,1,2
2009,"2100002","PALLISA T.C HEALTH CENTRE III",54,4,1,1,2
2009,"2100004","KADERUNA HEALTH CENTRE III",4,1,2,1,2
2009,"2100006","AGULE HEALTH CENTRE III",1,1,1,1,2
2009,"2100007","KAMEKE HEALTH CENTRE",22,3,17,1,2
2009,"2110003","WESTERN DIV.H/C 111",21,1,4,1,2
2009,"2110004","KAMOD H/C",12,3,2,1,1
2009,"2110006","KYERE H/C 111",17,3,0,1,2
2009,"2110007","ARAPAI H/C 11",61,3,2,1,1
2009,"2110009","OPUYO H/C 11",62,3,1,1,1
2009,"2120003","KYAMWENULA HEALTH CENTRE II",11,4,0,1,1
2009,"2120008","MERIKIT HEALTH CENTRE III",26,4,0,1,2
2009,"2120009","OSUKURU HEALTH CENTRE III",34,1,1,1,2
2009,"2120011","MULANDA HEALTH CENTRE IV",30,3,6,1,3
2009,"2120013","PANYANGASI HEALTH CENTRE III",6,1,7,1,1
2009,"2140002","ST.FRANCIS BULUBA HOSPITAL",6,1,9,3,8
2009,"2140003","KIGANDALO HC IV",22,3,6,1,3
2009,"2150001","SIRONKO HEALTH CENTRE",30,8,1,1,2
2009,"2150002","BUMULISHA HEALTH CENTRE III",3,1,0,1,2
2009,"2150004","BUWASA HEALTH CENTRE IV",22,3,15,1,3
2009,"2150006","BULUGANYA HEALTH CENTRE III",9,1,5,1,2
2009,"2150007","BUNAMBUTYE HEALTH CENTRE III",17,3,6,1,2
2009,"2160003","ABEKO H/C.",,1,2,1,1
2009,"2170009","KATIRA HEALTH CENTRE III",31,8,3,1,2
2009,"2180037","BUSHIKA HEALTH CENTRE III",25,4,3,1,2
2009,"2190003","KACHUMBALA H/C 111",6,3,3,1,2
2009,"2200001","KAMET HEALTH CENTRE 11",5,1,2,1,1
2009,"2210006","NABIGANDA HEALTH CENTRE III",32,4,13,1,2
2009,"2220022","NAWAIKOKE H/C",,,,,
2009,"2220026","NAWAIKOKE H/C",17,8,12,1,2
2009,"2230011","BUTIRU HEALTH CENTRE III",29,4,0,1,2
2009,"2230014","NABITSIKHI HEALTH CENTRE III",37,3,0,1,2
2009,"2230022","BUBUTU HEALTH CENTRE",46,3,3,1,2
2009,"2230029","MAGALE HEALTH CENTRE IV",43,8,0,1,3
2009,"2240013","IVUKULA H/C 111",60,1,3,1,2
2009,"3010003","DZAIPI HEALTH CENTRE",4,1,6,1,2
2009,"3020002","APAC HOSPITAL",17,1,2,1,3
2009,"3020003","ABOKE H/C IV",3,5,3,1,3
2009,"3020005","ALITO H/C",15,8,2,1,2
2009,"3020008","ALITO HEALTH CENTRE",15,8,2,1,2
2009,"3020010","BALA H/C",22,4,3,1,2
2009,"3020013","ADUKU H/C",7,8,6,1,3
2009,"3020016","ALENGA H/C III",14,8,0,3,2
2009,"3020018","AKOKORO H/C",12,8,1,1,2
2009,"3020035","IBUJE H/C",24,1,2,1,2
2009,"3030006","AROI H/C III",61,4,3,1,2
2009,"3030009","ORIVU H/C II",65,3,4,1,1
2009,"3030015","OKOLLO",41,1,1,1,2
2009,"3030033","LAZEBU H/C",5,1,0,1,1
2009,"3040002","COMMUNITY HEALTH CARE CENTRE",,8,8,2,8
2009,"3040004","AYWEE",16,3,5,1,2
2009,"3040007","LAROO H/C III",62,1,1,1,1
2009,"3040009","PUNENA H/C II",52,3,0,3,1
2009,"3040014","ST JOSEPH MINAKULU",42,8,4,3,1
2009,"3050001","BREGMA MEDICAL CENTRE",,8,6,2,8
2009,"3060006","KOTIDO H/C 1V",18,1,10,1,3
2009,"3060007","RENGEN H/C 111",,1,1,1,2
2009,"3070002","OBER H.C III",79,1,1,1,2
2009,"3070012","AYAGO H/C",0,1,1,1,2
2009,"3070017","ABAKO H/C III",45,8,1,1,2
2009,"3070018","ABAKO H/C III",45,8,1,1,2
2009,"3070020","APALA",18,1,4,1,2
2009,"3070022","ONWAKO H/C",42,1,5,1,1
2009,"3070023","AGALI H/C III",5,1,1,1,2
2009,"3070025","ONGICA H/C III",42,1,1,1,2
2009,"3080001","IRIIRI HEALTH CENTER 111",4,3,5,1,2
2009,"3080002","LOTOME H/C",13,3,3,1,2
2009,"3080004","NADUNGET H/C",16,4,1,1,2
2009,"3090001","OBONGI HEALTH CENTRE",10,1,4,1,3
2009,"3090002","IBAKWE HEALTH CENTRE",,1,3,1,1
2009,"3100004","PAIDHA HEALTH CENTRE",27,1,1,1,2
2009,"3100006","PANYIGORO H/C",35,1,1,1,2
2009,"3100007","THER-URU",,1,0,1,1
2009,"3100008","PADEA H/C II",25,8,10,3,1
2009,"3100009","ZOMBO HEALTH CENTRE",44,1,1,3,2
2009,"3100010","ZEU  H/C",43,4,7,1,2
2009,"3100012","KOCH",49,1,2,1,1
2009,"3110001","NAKAPIRPIRIT H/C 111",,3,0,1,2
2009,"3110003","LORENGEDWAT H/C 111",12,1,8,1,2
2009,"3110004","LEMSUMUI H/C 11",8,1,6,1,1
2009,"3130001","LOBE H/C",21,8,2,1,1
2009,"3130002","KULIKULIGA",6,1,1,1,2
2009,"3130003","ARIWA H/C",1,3,3,1,2
2009,"3150016","APUTI H/C III",3,3,3,1,2
2009,"3160016","KALADIMA H/C III",,8,2,1,2
2009,"3170009","AGWATA H/C III",6,8,3,1,2
2009,"3170010","BATTA HEALTH CENTRE III",26,4,0,1,2
2009,"3170011","KANGAI H/C",30,1,2,1,2
2009,"3180001","KAABONG HOSPITAL",3,2,2,1,
2009,"3180002","KAPEDO",5,8,2,1,2
2009,"3180003","KATHILE H/C 111",4,3,0,1,2
2009,"3180004","KAABONG HOSPITAL",101,8,3,1,8
2009,"3190005","KOBOKO HEALTH CENTRE IV",1,3,12,1,3
2009,"3190012","KOBOKO HEALTH CENTRE IV",1,3,10,1,3
2009,"3200018","YIVU ABEA H/C",,1,6,3,1
2009,"3200021","OLEBA HEALTH CENTRE III",12,1,2,1,2
2009,"3200024","WANDI HEALTH CENTRE",59,1,8,1,2
2009,"3200027","NICU H/C III",,1,3,1,1
2009,"3200030","ST,FRANCIS HEALTH CENTRE",57,1,0,3,2
2009,"3210021","ZAMBIA HEALTH CENTRE II",36,1,0,1,1
2009,"3210023","AKWANGI H/C",9,1,0,1,1
2009,"3210028","ATIPE H/C II",15,1,0,1,1
2009,"3210030","LORO HEALTH CENTRE II",46,8,4,1,1
2009,"4010003","KAYENJE HEALTH CENTER",2,3,9,1,1
2009,"4010005","KARUGUTU HEALTH CENTER",9,3,3,1,3
2009,"4020007","BUTARE HEALTH CENTRE III",7,4,2,1,2
2009,"4020011","BUTOHA HEALTH CENTRE",80,1,0,1,1
2009,"4020016","NYABUBARE HEALTH CENTRE III",35,1,10,1,2
2009,"4020020","KYEIZOOBA HEALTH CENTRE III",28,3,4,1,2
2009,"4020025","IRARAMIRA HEALTH CENTRE II",,1,0,2,1
2009,"4020030","KIZIBA HEALTH CENTRE II",,1,1,1,1
2009,"4030004","BUTEMA HEALTH CENTER",9,3,9,1,2
2009,"4030006","DWOLI HEALTH CENTER",11,3,9,1,2
2009,"4030007","BUGAMBE H/C",1,4,4,1,2
2009,"4030009","KYANGWALI HEALTH CENTER",26,8,4,1,2
2009,"4040003","RUTOOMA HEALTH CENTERE II",50,8,5,1,1
2009,"4040006","KYANAMIRA HEALTH CENTRE",45,3,9,1,2
2009,"4040008","BUTANDA HEALTH CENTRE III",5,4,0,1,2
2009,"4040010","KAARA HEALTH CENTRE II",47,1,2,1,1
2009,"4040012","NYARURAMBI HEALTH CENTRE II",57,1,3,1,1
2009,"4050002","KATARAKA HEALTH CENTER",24,8,0,1,2
2009,"4050005","KASUSU HEALTH CENTER",3,3,1,1,2
2009,"4050006","KABONERO HEALTH CENTER",38,3,0,1,1
2009,"4050008","KUMBYA H/CENTRE 111",,1,21,2,1
2009,"4050010","MUGUSU HEALTH CENTER",51,3,1,1,2
2009,"4060003","KASESE TC H/C",26,1,0,1,2
2009,"4060008","NYABUGANDO HEALTH CENTER",2,1,0,1,2
2009,"4060010","KINYAMASEKE HEALTH CENTER",42,4,2,1,2
2009,"4060011","IBANADA HEALTH CENTER",98,1,2,1,1
2009,"4060013","KITABU ST FRANCIS OF ASSIS",8,3,1,2,2
2009,"4070003","KAKINDO HEALTH CENTER",8,8,4,1,3
2009,"4070005","BWIKARA HEALTH CENTER",3,3,14,1,2
2009,"4070009","KYEBANDO HEALTH CENTER",16,3,1,1,2
2009,"4080002","BUSANZA HEALTH CENTRE IV",2,8,0,1,3
2009,"4080004","CHAHAFI HEALTH CENTRE IV",3,1,2,1,3
2009,"4090005","KINYARA H C",7,5,2,2,2
2009,"4090009","KILANYI HEALTH CENTER",18,1,0,1,1
2009,"4090011","DIIMA HEALTH CENTRE",32,1,6,1,2
2009,"4100001","MBARARA MUNICIPAL COUNCIL HEALTH CENTRE",54,1,0,1,3
2009,"4100005","KAMUKUZI DIVISION HEALTH CENTRE II",113,1,1,1,1
2009,"4100029","NYABISIRIRA HEALTH CENTRE II",,1,3,1,1
2009,"4100038","NDEIJA HEALTH CENTRE III",18,1,3,1,2
2009,"4110002","NTUNGAMO HEALTH CENTRE III",15,1,1,1,2
2009,"4110004","RWAMABONDO HEALTH CENTRE II",13,1,0,1,1
2009,"4110006","KIYOORA HEALTH CENTRE II",27,1,8,1,1
2009,"4110007","KITWE HEALTH CENTRE IV",11,1,1,1,3
2009,"4110009","NYANGA HEALTH CENTRE II",38,1,0,1,1
2009,"4120005","KIKONGI HEALTH CENTRE II",51,4,2,1,1
2009,"4130002","BUSIRIBA HEALTH CENTER",16,3,1,1,1
2009,"4130003","KABAMBIRO HEALTH CENTER",187,3,0,1,1
2009,"4130005","MAHYORO HEALTH CENTER",105,3,2,1,2
2009,"4140001","KANUNGU HEALTH CENTRE IV /HSD",5,1,0,1,3
2009,"4140003","KIHEMBE HEALTH CENTRE II",15,8,1,8,1
2009,"4140005","RUGYEYO HEALTH CENTRE III",25,1,2,1,2
2009,"4150002","KYENJOJO HEALTH CENTER",1,3,0,1,3
2009,"4150004","ST THEREZA WEKOMIRE",600,3,0,3,2
2009,"4150006","NYAKARONGO HEALTH CENTER",0,1,3,1,1
2009,"4150007","KATOOKE HEALTH CENTRE",25,4,1,1,2
2009,"4150009","NYANKWANZI HEALTH CENTER",,3,0,1,2
2009,"4160007","AVOGERA HEALTH CENTER",35,3,0,1,1
2009,"4170008","BUFUNDA HEALTH CENTRE III",3,4,4,1,2
2009,"4170014","BUGARAMA HEALTH CENTRE II",26,1,1,1,1
2009,"4170017","MABONWA HEALTH CENTRE II",38,1,0,1,1
2009,"4180011","KAGAAGA HEALTH CENTRE II",,1,0,1,1
2009,"4180020","KAMURI HEALTH CENTRE II",,1,4,1,1
2009,"4180023","RUHIIRA HEALTH CENTRE III",165,4,2,1,2
2009,"4190032","BURUNGA HEALTH CENTRE III",2,4,4,1,2
2009,"4190035","KIKATSI HEALTHY CENTRE",12,1,0,1,2
