"Year","Comcod","C3aq1","C3aq2","C3aq4","C3aq5","C3aq6","C3aq7"
2009,"1020001","BAT VALLEY PRIMARY SCHHOL","003112",2,6,1,1
2009,"1020002","HOSANA PRIMARY SCHOOL","3186",1,10,2,1
2009,"1020004","KAZO MIXED P/S","008179",2,2,1,1
2009,"1020005","ST.PETER'S PRIMARY SCHOOL","003144",1,5,1,1
2009,"1020006","KIBEDI",,8,4,2,1
2009,"1020007","KIKULU PRIMARY SCHOOL","130405",1,5,2,1
2009,"1020008","EDINANCE PRIMARY SCHOOL",,2,7,2,1
2009,"1020010","ST MARTIN MULAGO P/S","130038",1,1,1,1
2009,"1020011","BUKASA P/S","003068",2,6,1,1
2009,"1020012","ST JOHN BAPTIST KABALAGALA","003192",1,14,3,1
2009,"1020013","MAKINDYE COMMUNITY PRIMARY SCHOOL",,1,3,2,1
2009,"1020018","ST PETERS NSAMBYA","003267",1,0,1,1
2009,"1020019","K.C.C KANSNAGA P/S","003199",1,4,1,1
2009,"1020020","KCC PRIMARY SCHOOL KAMWOKYA","3085",2,2,1,1
2009,"1020021","KALINABIRI PRIMARY SCHOOL","003292",1,5,1,1
2009,"1020022","SEERS P/S","NONE",8,8,2,1
2009,"1020023","MBUYA C.O.U","003317",1,5,1,1
2009,"1020024","KISWA P/S",,,,,
2009,"1020025","NAGURU KATALI","003337",1,9,1,1
2009,"1020026","KCC BUSEGA COMMUNITY PRIMARY SCHOOL","003378",1,4,1,1
2009,"1020028","GOOD TIMES INFANT SCHOOL","003344",2,10,2,1
2009,"1020031","LITTLE STARS /TENDERNESS PRIMARY SCHOOL",,2,3,2,1
2009,"1020033","MACKAY MEMORIAL PRIMARY SCHOOL","003410",1,5,1,1
2009,"1020034","KITEBI PRIMARY SCHOOL(DAY AND BOARDING","003394",2,1,1,1
2009,"1030003","KIJJUMAGGWA  PRIMARY SCHOOL","011290",1,1,1,1
2009,"1030005","HILL VIEW NURSERY AND PRIMARY SCHOOL","NOT YET REGISTERED",8,2,3,2
2009,"1040002","WOBULENZI PUBLIC SCHOOL","005203",2,0,1,1
2009,"1040004","KITANDA R.C PRIMARY SCHOOL","005388",1,3,1,1
2009,"1040006","KALERE C/U PRIMARY SCHOOL","005436",1,1,1,1
2009,"1040008","LUKOMERA C.U PRIMARY SCHOOL","005126",1,1,8,1
2009,"1050001","BLESSED SACRAMENT KIMANYA P.SCHOOL","005760",1,3,1,1
2009,"1050003","ST.JUDE P.S","005748",3,5,1,1
2009,"1050004","GGINGO PRIMARY SCHOOL","005477",1,7,1,1
2009,"1050008","BUYOGA MIXED P.S","005503",2,4,1,1
2009,"1050015","LYANGOMA PRIMARY SCHOOL","005631",1,5,1,1
2009,"1050019","KYEYAGALILE UMEA PRIMARY SCHOOL","005849",1,10,1,1
2009,"1050023","LWAGULWE MIXED PRI SCHOOL [ST.LUCIA]","005573",2,2,1,1
2009,"1050026","KINYERERE C/U P.S","210162",2,3,1,1
2009,"1050030","KYAGAMBIDWA MUSLIM PRIMARY SCHOOL","005735",3,6,1,1
2009,"1050033","KITAMBA PRIMARY SCHOOL","5689",2,3,1,1
2009,"1060003","ST.CHARLES LWANGA","7903",1,3,1,1
2009,"1060005","KIGEZI CATHOLIC PRIMARY SCHOOL","270246",1,3,1,1
2009,"1060009","KAFUUMA PRIMARY SCHOOL","008373",2,10,1,1
2009,"1070001","KASENYI COU PRI SCHOOL","008598",1,6,1,1
2009,"1070002","ST.ANNE JUNIOR PRIMARY SCHOOL","008814",2,5,2,2
2009,"1070012","MUBENDE TIGER ARMY PRIMARY SCHOOL","280115",2,2,1,1
2009,"1070016","ST.GABRIEL KALAATA P.SCHOOL","008605",1,1,1,1
2009,"1070020","KAKINDU C/U PRIMARY SCHOOL","198",2,4,1,1
2009,"1080002","LUGAZI WEST PRIMARY SCHOOL","008980",1,2,1,1
2009,"1080003","ST.APOLLO NAKIBIZI C/U PRIMARY SCHOOL","009065",1,1,8,1
2009,"1080006","MAKONGE PRIMARY SCHOOL","009150",1,10,3,1
2009,"1080009","SSESEBUGOLO PRIMARY SCHOOL","009080",1,2,8,2
2009,"1080013","SSESE BUGOLO PRIMARY SCHOOL","009080",1,3,1,1
2009,"1080016","KIREWE PRIMARY SCHOOL",,2,13,1,1
2009,"1080020","ST.PONSIANO NGONDWE PRIMARY SCHOOL","09265",1,6,1,1
2009,"1080027","NDESE C/U P.S","009441",3,4,1,2
2009,"1080030","KITALE PRIMARY SCHOOL","009506",1,5,1,1
2009,"1080033","KYABAZAALA PUBLIC PRIMARY SCHOOL","009523",8,2,1,1
2009,"1090004","MULONZI PRIMARY SCHOOL","012652",1,2,1,1
2009,"1100001","KYOTERA PRIMARY SCHOOL","010128",1,10,1,1
2009,"1100005","MISOOZI PRIMARY SCHOOL","009951",1,2,1,1
2009,"1100007","LYAKISANA PRIMARY SCHOOL","009975",1,1,1,1
2009,"1100009","KIWUMULO KOOKI P.SCHOOL","010013",1,0,1,1
2009,"1100012","ST.STEPHEN BUYIISA P.S","010109",8,2,1,1
2009,"1110001","KABUKONGOTE PRIMARY SCHOOL","450390",1,4,1,1
2009,"1110003","LWAMATENGO PRIMARY SCHOOL","012738",3,4,1,1
2009,"1110005","LUGUSULU COMMUNITY PRIMARY SCHOOL",,1,5,1,1
2009,"1120001","GLORY INTEGRATED PRIMARY SCHOOL","NEW SCHOOL-NO NUMBER",8,0,2,2
2009,"1120003","NAMABUGA PRIMARY SCHOOL","008921",1,4,1,1
2009,"1120006","MUGEMA PRIMARY SCHOOL","09586",2,3,1,1
2009,"1130002","KIWAFU PRIMARY SCHOOL","7456",2,24,1,1
2009,"1130003","KITENDE C.O.U PRIMARY SCHOOL","550059",1,0,1,1
2009,"1130004","LORD'S CARE NURSERY AND PRIMARY SCHOOL",,1,4,2,1
2009,"1130007","ST.MARY'S PRIMARY SCHOOL",,2,5,2,1
2009,"1130008","BUSSI MODERN PRIMARY SCHOOL","007510",1,0,1,1
2009,"1130010","ST.PAUL BULEGA C.U","007564",1,4,1,1
2009,"1130012","MUGONGO PRIMARY SCHOOL","DK",1,0,1,1
2009,"1130016","BBIRA DAY AND BOARDING SCHOOL","007808",2,7,1,
2009,"1130019","KIRINYA C/U","008057",1,2,1,1
2009,"1130021","NANSANA COU PRIMARY SCHOOL","008192",2,5,1,1
2009,"1130023","GGANGU MODEL PRIMARY SCHOOL",,1,9,2,1
2009,"1130025","NDEJJE VIEW PRIMARY SCHOOL","008149",1,8,2,1
2009,"1140003","NAKASEETA ST.THERESA PRIMARY SCHOOL","9901",2,4,1,1
2009,"1150004","KABAYENGA SDA PRIMARY SCHOOL","790392",1,3,1,1
2009,"1150027","ST.KIZITO KITO-GWAFU P.SCH","290065",1,0,1,1
2009,"1150031","ST.JOSEPH PRIMARY SCHOOL BUSUNJU","008831",2,12,1,1
2009,"1160011","BAMUSUUTA PRIMARY SCHOOL","1045",2,7,1,1
2009,"1160013","NGOMA C.U PRIMARY SCHOOL","770170",2,3,1,1
2009,"2010004","BULUWE PRIMARY SCHOOL","012112",1,5,1,1
2009,"2010006","BUNYIKA PRIMARY SCHOOL","012169",3,6,1,1
2009,"2010008","WANGOBO P/S","012233",2,5,1,1
2009,"2010009","NAMUGONGO P/S","012266",2,4,1,1
2009,"2020005","AKOBWAIT PRIMARY SCHOOL","430012",1,5,1,1
2009,"2030001","IGANGA TOWN COUNCIL PRIMARY SCHOOL",,,,,
2009,"2030004","IGANGA TOWN COUNCIL P/S","002005",1,9,1,1
2009,"2030018","BUDHWEGE P.S","001980",2,2,2,1
2009,"2030023","BUKYAYE P/S","070473",3,5,1,1
2009,"2030033","KITIKYAMBOGO P/S",,,,,
2009,"2040002","NARAMBHAI PRIMARY SCHOOL","620035",1,12,1,1
2009,"2040006","LAKESITE P/S","002311",1,2,1,1
2009,"2040009","NAKANYONYI PRIMARY SCHOOL","002264",2,8,1,1
2009,"2040012","NAMAGANGA P/S","002234",1,5,1,1
2009,"2040014","KIBIBI PRIMARY SCHOOL","080054",2,6,1,1
2009,"2040015","BUSSONA","002343",3,16,1,1
2009,"2050001","ST.THERESA LUBAGA DIVISION",,,,,
2009,"2050004","NDOLWA PRIMARY SCHOOL","003465",1,0,1,1
2009,"2050009","KAGULU PRIMARY SCHOOL","003480",2,15,1,1
2009,"2050013","KAVULE PRIMARY SCHOOL","130110",2,10,1,1
2009,"2050017","REV.NAYENGA P.S","003575",1,3,1,1
2009,"2050030","KIYUNGA P/SCHOOL","003707",1,1,1,1
2009,"2060003","KAPKWAI PRIMARY SCHOOL","003845",2,13,1,2
2009,"2070005","GETOM P/S","012497",2,17,1,1
2009,"2070006","AKURAO P/S","012533",2,20,1,1
2009,"2080005","OMURANG PRIMARY SCHOOL","4628",2,10,1,1
2009,"2080008","KAMODOKIMA P/S","040706",1,1,1,1
2009,"2090003","NABUYONGA PRIMARY SCHOOL","006619",2,1,1,1
2009,"2090006","NORTH ROAD PRIMARY SCHOOL","006603",2,6,1,1
2009,"2090033","NABIRI PRIMARY SCHOOL","006455",1,2,1,1
2009,"2100002","KALAKI PRIMARY SCHOOL","011749",1,9,1,1
2009,"2100004","KODIRI PRIMARY SCHOOL","011581",2,19,1,1
2009,"2100006","NYAGUO PRIMARY SCHOOL","011703",2,5,1,1
2009,"2110003","NAKATUNYA P/S","010721",2,8,1,1
2009,"2110004","OLOBAI KASILO P/S","010577",2,4,1,2
2009,"2110006","SAPIR P/S","010624",2,12,1,1
2009,"2110007","ARAPAI","010734",1,2,3,1
2009,"2110009","OPUYO P/S","010695",2,0,1,2
2009,"2120008","MALIRI PRIMARY SCHOOL","010966",1,2,1,1
2009,"2120009","UTRO PRIMARY SCHOOL","010989",2,9,1,1
2009,"2120011","MULANDA PRIMARY SCHOOL","010882",2,6,1,2
2009,"2120013","KIDERA PRIMARY SCHOOL","010933",3,15,1,1
2009,"2140002","BULUBA DAY AND BOARDING PRIMARY SCHOOL","1764",2,4,1,1
2009,"2150001","SIRONKO TOWNSHIP PRIMARY SCHOOL","6325",2,7,1,1
2009,"2150002","BUMULISHA PRIMARY SCHOOL","06230",2,18,1,1
2009,"2150006","NABUWUTULU PRIMARY SCHOOL","006355",2,15,1,1
2009,"2150007","BUYAKA PRIMARY SCHOOL","006377",1,10,1,1
2009,"2160003","OGWARAT P/S","O12428",1,4,1,1
2009,"2170009","KATIRA PRIMARY SCHOOL","0115653",1,4,1,1
2009,"2180037","BUBUYERA PRIMARY SCHOOL","006566",2,2,1,1
2009,"2190003","KOMELEKES P/S","004572",1,2,1,2
2009,"2200001","KAMET PRIMARY SCHOOL","003761",1,1,1,1
2009,"2210006","NABIGANDA PRIMARY SCHOOL","010807",1,3,1,1
2009,"2220022","BULUYA PARENTS P/S","146231",1,2,1,1
2009,"2220026","NSAMULE PRIMARY SCHOOL","003684",2,3,1,2
2009,"2230011","SISUNI PRIMARY SCHOOL","06158",1,4,1,2
2009,"2230014","NABITSIKHI PRIMARY SCHOOL","006086",1,0,1,1
2009,"2230018","KABOYI PRIMARY SCHOOL","006198",2,2,1,2
2009,"2230022","MARESI PRIMARY SCHOOL","006088",2,9,1,1
2009,"2230026","ST JOHNS MAGALE PRIMARY SCHOOL","06096",1,7,1,1
2009,"2230029","BUWAMBINGWA PRIMARY SCHOOL","006095",1,0,1,1
2009,"2240013","KISOWOZI P/S","001914",2,7,1,1
2009,"3010003","DZAIPI PRIMRY SCHOOL","012040",1,2,1,1
2009,"3020002","APAC P.7","000152",1,8,1,1
2009,"3020003","APEDI PRIMARY SCHOOL","000006",2,13,1,1
2009,"3020005","ALITO LAPER P/S","45",1,3,1,1
2009,"3020008","ONYUT PRIMARY","00000085",3,8,1,2
2009,"3020010","DAMATIRA PRIMARY","000059",1,3,1,1
2009,"3020013","IKWERA PRIMARY","086",1,14,1,1
2009,"3020016","AWILA PRIMARY","000129",2,6,1,1
2009,"3020018","KWIBALE ANNEX P/S",,2,1,1,1
2009,"3020035","IBUJE PRIMARY SCHOOL","178",2,2,1,1
2009,"3030002","AWINDIRI P.7 SCHOOL","000375",1,2,1,1
2009,"3030006","ALIBA PRIMARY SCHOOL","000404",1,1,1,1
2009,"3030009","ARUA DEMONSTRATION SCHOOL","000417",1,10,1,1
2009,"3030015","OKOLLO P.7 SCHOOL","000531",3,3,1,1
2009,"3030033","OLAKA PRIMARY SCHOOL","020384",1,0,1,1
2009,"3040002","LABOUR LINE PRIMARY SCHOOL","060042",2,5,1,1
2009,"3040004","CUBU PRIMARY SCHOOL","060005",1,6,1,1
2009,"3040007","PECE P.7 SCHOOL","001400",1,3,1,1
2009,"3040009","BUNGATIRA P.7 SCHOOL","001337",1,2,1,1
2009,"3040014","MINAKULU P/S ST THOMAS","001478",1,0,1,1
2009,"3050001","KITGUM BOYS P/S ST MARYS","334",2,2,1,1
2009,"3060007","KAKULOI P/S",,1,0,1,1
2009,"3070002","LIRA PRIMARY SCHOOL","4949",1,10,1,1
2009,"3070005","STARCH FACTORY P/S","200058",2,4,1,1
2009,"3070007","IREDA P.7 PRIMARY SCHOOL","004942",1,0,1,1
2009,"3070012","ST PAUL PRIMARY","004798",2,1,1,1
2009,"3070017","ARWOT PRIMARY SCHOOL","004955",2,12,1,2
2009,"3070018","OJUL PRIMARY SCHOOL","004966",2,8,1,1
2009,"3070020","ABONGODYANG P/S","005002",1,10,1,1
2009,"3070022","ATIRA P/S","200014",1,7,1,1
2009,"3070023","AGALI P/S","004811",1,0,1,1
2009,"3070025","IWAL PRIMARY","004807",2,2,1,1
2009,"3080001","KAURIKIAKINE P/S","7286",1,2,1,2
2009,"3080002","LOMUNO P/S","7298",1,0,1,1
2009,"3080004","NAITAKWAE P/S","250030",1,9,1,1
2009,"3090001","OBONGI TOWN P/S","00270007",1,3,1,1
2009,"3090002","ANDRA MARI","7382",1,2,1,1
2009,"3100001","PUBIDHI P/S","009841",1,0,1,1
2009,"3100004","MUNGU UPPER P.7 SCHOOL","310032",1,5,1,1
2009,"3100006","PANYIGORO PRIMARY SCHOOL","009696",2,0,1,1
2009,"3100007","ELIBU PRIMARY SCHOOL","020147",1,3,1,1
2009,"3100008","PADEA PRIMARY SCHOOL","009725",2,9,1,1
2009,"3100009","ZOMBO HEALTH CENTRE","9749",3,2,1,1
2009,"3100010","NGUME PRIMARY SCHOOL","009780",3,6,1,1
2009,"3100012","KOCH P.7 SCHOOL","009840",1,0,1,1
2009,"3110001","NAMOROTOT P/S","520024",3,2,1,1
2009,"3110004","KAKABOK PRIMARY SCHOOL","260003",1,3,1,1
2009,"3130001","AWOBA PRIMARY SCHOOL","000286",1,2,1,1
2009,"3130002","WETIKORO PRIMARY SCHOOL","540016",1,6,1,1
2009,"3130003","ARIWA P/S","000332",1,5,1,1
2009,"3150016","AMAI PRIMARY SCHOOL","200041",1,3,1,1
2009,"3160016","KALADIMA PRIMARY SCHOOL","001433",1,6,1,1
2009,"3170009","ADWOKI P/S","004739",2,10,1,1
2009,"3170010","AWIELEM","004754",2,6,1,1
2009,"3170011","ADEKNINO P/S","004778",1,4,1,1
2009,"3180002","KOMOLICHER P/S","170030",3,3,1,1
2009,"3180003","KAMACHARIKOL P/S","730012",1,2,1,1
2009,"3180004","LOMUSIAN P/S","3959",2,2,1,1
2009,"3190005","NYARILO PRIMARY SCHOOL","496",2,4,1,1
2009,"3190012","MEDIA PRIMARY SCHOOL","000476",1,0,1,1
2009,"3200018","OLIVU PRIMARY SCHOOL","000610",2,3,1,1
2009,"3200021","BURA PRIMARY SCHOOL","000574",2,8,1,1
2009,"3200024","YOLE PRIMARY SCHOOL","000645",2,8,1,1
2009,"3200027","KAIGO P.7 SCHOOL","643",1,2,1,1
2009,"3200030","CAKAI  P/S","NONE",1,1,8,1
2009,"3210021","APALA B PRIMARY SCHOOL","000188",1,2,1,1
2009,"3210023","AKWANGI P/S","226",1,5,1,1
2009,"3210028","DOGAPIO PRIMARY","208",2,2,1,1
2009,"3210030","ALUTKOT PRIMARY SCHOOL(LORO ANNEX)","800004",1,5,1,1
2009,"4010003","NUMUGONGO PRIMARY SCHOOL","762",1,5,1,1
2009,"4010005","KYABANDARA PRIMARY SCHOOL","821",1,0,1,1
2009,"4020002","KANYAMABONA PRIMARY SCHOOL","000960",1,1,1,2
2009,"4020007","RWOMUSHOJWA PRIMARY SCHOOL","000878",1,8,1,1
2009,"4020011","BUTOHA PRIMARY SCHOOL","000909",1,3,1,1
2009,"4020016","KIHUNGYE PRIMARY SCHOOL","001078",1,0,1,1
2009,"4020025","KISIIZI PRIMARY SCHOOL","01092",1,4,1,1
2009,"4020030","RWENGANDO PRIMARY SCHOOL","001208",1,2,1,1
2009,"4030002","ST BERNADETTE PRIMARY SCHOOL","00157",2,14,2,1
2009,"4030004","KABURAMURRO PRIMARY","1543",2,6,1,1
2009,"4030006","PARAJWOKI PS","001596",2,10,1,1
2009,"4030009","KAMWOKYA PRIMARY SCHOOL","071039",1,10,2,1
2009,"4040003","KIJUGUTA PRIMARY SCHOOL","002380",1,4,1,1
2009,"4040006","NYABUSHABI PRIMARY SCHOOL","002478",2,4,1,1
2009,"4040008","KAHUNGYE PRIMARY SCHOOL","002506",1,5,1,1
2009,"4040010","KAARA PRIMARY SCHOOL","002613",1,2,1,1
2009,"4040012","MUGAMBISA PRIMARY SCHOOL","002695",2,20,1,1
2009,"4050002","NYAKAGONGO PRIMARY SCHOOL","2805",2,3,1,1
2009,"4050005","KINYAMASIKA PRIMARY SCHOOL","002818",1,11,1,1
2009,"4050006","RWANO PRIMARY SCHOOL","002714",1,2,1,1
2009,"4050010","MAGUNGA PRIMARY SCHOOL","00002779",2,2,1,1
2009,"4060003","ST PETERS PRIMARY SCHOOL","15011",8,1,1,1
2009,"4060008","KAMUKUMBI PRIMARY SCHOOL","003889",2,2,1,1
2009,"4060010","KATANDA PRIMARY SCHOOL","003978",1,1,1,1
2009,"4060011","IBANDA PRIMARY SCHOOL","003991",1,0,1,1
2009,"4060013","KYAAPA PRIMARY SCHOOL","004081",1,2,1,1
2009,"4070002","KAGADI PRIMARY SCHOOL","011097",1,3,1,1
2009,"4070003","KIKWAYA PRIMARY SCHOOL","011024",1,1,1,1
2009,"4070005","KAMUKOLE PRIMARY SCHOOL","011092",3,,1,1
2009,"4070007","KABUKANGA PRIMARY SCHOOL","360032",1,0,1,1
2009,"4070009","KISALIZI PRIMARY SCHOOL","011247",1,1,1,1
2009,"4080002","KABURASAZI PRIMARY SCHOOL","011424",3,5,1,1
2009,"4080004","KANYAMAHORO PRIMARY SCHOOL","011527",2,5,1,1
2009,"4090002","KABALEGA PRIMARY SCHOOL",,1,4,1,1
2009,"4090009","NYAKYANIKA PRIMARY SCHOOL","006001",1,0,1,1
2009,"4090011","COMBONI PARENTS PS","230013",1,3,1,1
2009,"4100001","MBARARA MUNICIPAL PRIMARY SCHOOL","0707",1,5,1,1
2009,"4100005","MBARARA UNITED PENTECOSTAL PRIMARY SCHOOL","007076",1,1,1,1
2009,"4100026","RWEBISHURI PRIMARY SCHOOL","006921",1,0,1,1
2009,"4100029","KASHONGI I PRIMARY SCHOOL","07108",1,1,1,1
2009,"4100038","KIBUBA PRIMARY SCHOOL","240544",3,10,1,1
2009,"4110004","KIBATSI CENTRAL SCHOOL","011806",2,6,1,1
2009,"4110006","KATARAAKA PRIMARY SCHOOL","011852",2,2,1,1
2009,"4110007","RWEMBOGO PRIMARY SCHOOL","011867",2,1,1,1
2009,"4110009","KIYOMBERO MOSLEM PRIMARY SCHOOL","400036",3,0,1,1
2009,"4120003","NGOMA PRIMARY SCHOOL","010339",1,1,1,1
2009,"4120005","IHIMBO PRIMARY SCHOOL","010413",1,1,1,1
2009,"4130003","BWERANYANGE PS","002843",1,1,1,1
2009,"4130005","KITONZI PRIMARY SCHOOL","002896",3,8,1,1
2009,"4140001","MAKIRO PRIMARY SCHOOL","010225",1,0,1,1
2009,"4140005","RUGYEYO PRIMARY SCHOOL","10242",1,4,1,1
2009,"4150002","NYANTUNGO PS","003038",2,6,1,1
2009,"4150004","ISANGA PRIMARY SCHOOL",,2,1,1,1
2009,"4150006","RWABAGANDA P S","2798",1,6,1,1
2009,"4150007","BWAHURRO PS","002997",1,13,1,1
2009,"4160007","NGWENDO PRIMARY SCHOOL","005923",2,3,1,1
2009,"4170008","IBANDA INTERGRATED PRIMARY SCHOOL","006772",1,2,1,1
2009,"4170017","MABONA CATHOLIC PRIMARY SCHOOL","006761",1,5,1,1
2009,"4180011","KAJUNGU PRIMARY SCHOOL","006643",2,4,1,1
2009,"4180023","RUHIIRA PRIMARY SCHOOL","006876",1,1,1,1
