"year","comcod","c3hsn","c3hq42","c3hq43a","c3hq43b"
2009,"1010002",1,"Grade V and above",,
2009,"1010002",2,"Grade III",,
2009,"1010002",3,"Untrained / unlicens",,
2009,"1020001",1,"Grade V and above",18,0
2009,"1020001",2,"Grade III",14,0
2009,"1020001",3,"Untrained / unlicens",0,0
2009,"1020002",1,"Grade V and above",3,0
2009,"1020002",2,"Grade III",8,0
2009,"1020002",3,"Untrained / unlicens",0,0
2009,"1020003",1,"Grade V and above",,
2009,"1020003",2,"Grade III",,
2009,"1020003",3,"Untrained / unlicens",,
2009,"1020004",1,"Grade V and above",11,2
2009,"1020004",2,"Grade III",5,0
2009,"1020004",3,"Untrained / unlicens",0,0
2009,"1020005",1,"Grade V and above",4,1
2009,"1020005",2,"Grade III",7,1
2009,"1020005",3,"Untrained / unlicens",0,
2009,"1020006",1,"Grade V and above",4,
2009,"1020006",2,"Grade III",10,
2009,"1020006",3,"Untrained / unlicens",0,
2009,"1020007",1,"Grade V and above",1,0
2009,"1020007",2,"Grade III",15,0
2009,"1020007",3,"Untrained / unlicens",1,0
2009,"1020008",1,"Grade V and above",4,0
2009,"1020008",2,"Grade III",11,0
2009,"1020008",3,"Untrained / unlicens",0,0
2009,"1020010",1,"Grade V and above",5,0
2009,"1020010",2,"Grade III",12,2
2009,"1020010",3,"Untrained / unlicens",0,
2009,"1020011",1,"Grade V and above",1,0
2009,"1020011",2,"Grade III",12,5
2009,"1020011",3,"Untrained / unlicens",0,0
2009,"1020012",1,"Grade V and above",3,0
2009,"1020012",2,"Grade III",11,0
2009,"1020012",3,"Untrained / unlicens",0,0
2009,"1020013",1,"Grade V and above",2,12
2009,"1020013",2,"Grade III",6,
2009,"1020013",3,"Untrained / unlicens",0,0
2009,"1020014",1,"Grade V and above",,
2009,"1020014",2,"Grade III",,
2009,"1020014",3,"Untrained / unlicens",,
2009,"1020015",1,"Grade V and above",,
2009,"1020015",2,"Grade III",,
2009,"1020015",3,"Untrained / unlicens",,
2009,"1020017",1,"Grade V and above",,
2009,"1020017",2,"Grade III",,
2009,"1020017",3,"Untrained / unlicens",,
2009,"1020018",1,"Grade V and above",27,0
2009,"1020018",2,"Grade III",36,0
2009,"1020018",3,"Untrained / unlicens",0,0
2009,"1020019",1,"Grade V and above",5,0
2009,"1020019",2,"Grade III",11,1
2009,"1020019",3,"Untrained / unlicens",0,0
2009,"1020020",1,"Grade V and above",15,
2009,"1020020",2,"Grade III",8,
2009,"1020020",3,"Untrained / unlicens",,
2009,"1020021",1,"Grade V and above",14,0
2009,"1020021",2,"Grade III",19,0
2009,"1020021",3,"Untrained / unlicens",0,0
2009,"1020022",1,"Grade V and above",1,0
2009,"1020022",2,"Grade III",9,0
2009,"1020022",3,"Untrained / unlicens",3,0
2009,"1020023",1,"Grade V and above",12,0
2009,"1020023",2,"Grade III",7,1
2009,"1020023",3,"Untrained / unlicens",0,0
2009,"1020024",1,"Grade V and above",,
2009,"1020024",2,"Grade III",,
2009,"1020024",3,"Untrained / unlicens",,
2009,"1020025",1,"Grade V and above",14,0
2009,"1020025",2,"Grade III",13,2
2009,"1020025",3,"Untrained / unlicens",0,0
2009,"1020026",1,"Grade V and above",4,1
2009,"1020026",2,"Grade III",8,0
2009,"1020026",3,"Untrained / unlicens",0,
2009,"1020027",1,"Grade V and above",,
2009,"1020027",2,"Grade III",,
2009,"1020027",3,"Untrained / unlicens",,
2009,"1020028",1,"Grade V and above",10,0
2009,"1020028",2,"Grade III",30,1
2009,"1020028",3,"Untrained / unlicens",0,0
2009,"1020030",1,"Grade V and above",,
2009,"1020030",2,"Grade III",,
2009,"1020030",3,"Untrained / unlicens",,
2009,"1020031",1,"Grade V and above",2,
2009,"1020031",2,"Grade III",9,
2009,"1020031",3,"Untrained / unlicens",4,
2009,"1020032",1,"Grade V and above",,
2009,"1020032",2,"Grade III",,
2009,"1020032",3,"Untrained / unlicens",,
2009,"1020033",1,"Grade V and above",7,0
2009,"1020033",2,"Grade III",11,1
2009,"1020033",3,"Untrained / unlicens",0,0
2009,"1020034",1,"Grade V and above",16,0
2009,"1020034",2,"Grade III",15,0
2009,"1020034",3,"Untrained / unlicens",0,0
2009,"1030003",1,"Grade V and above",2,0
2009,"1030003",2,"Grade III",7,1
2009,"1030003",3,"Untrained / unlicens",0,0
2009,"1030005",1,"Grade V and above",2,
2009,"1030005",2,"Grade III",1,3
2009,"1030005",3,"Untrained / unlicens",11,
2009,"1040002",1,"Grade V and above",14,
2009,"1040002",2,"Grade III",16,
2009,"1040002",3,"Untrained / unlicens",3,
2009,"1040004",1,"Grade V and above",4,0
2009,"1040004",2,"Grade III",6,0
2009,"1040004",3,"Untrained / unlicens",0,0
2009,"1040006",1,"Grade V and above",3,1
2009,"1040006",2,"Grade III",5,0
2009,"1040006",3,"Untrained / unlicens",0,0
2009,"1040008",1,"Grade V and above",4,0
2009,"1040008",2,"Grade III",8,0
2009,"1040008",3,"Untrained / unlicens",0,
2009,"1050001",1,"Grade V and above",10,0
2009,"1050001",2,"Grade III",9,0
2009,"1050001",3,"Untrained / unlicens",0,0
2009,"1050003",1,"Grade V and above",3,0
2009,"1050003",2,"Grade III",15,3
2009,"1050003",3,"Untrained / unlicens",0,0
2009,"1050004",1,"Grade V and above",3,0
2009,"1050004",2,"Grade III",7,0
2009,"1050004",3,"Untrained / unlicens",0,
2009,"1050008",1,"Grade V and above",3,0
2009,"1050008",2,"Grade III",10,1
2009,"1050008",3,"Untrained / unlicens",0,0
2009,"1050012",1,"Grade V and above",,
2009,"1050012",2,"Grade III",,
2009,"1050012",3,"Untrained / unlicens",,
2009,"1050015",1,"Grade V and above",41,0
2009,"1050015",2,"Grade III",9,0
2009,"1050015",3,"Untrained / unlicens",0,0
2009,"1050019",1,"Grade V and above",4,
2009,"1050019",2,"Grade III",9,3
2009,"1050019",3,"Untrained / unlicens",0,
2009,"1050023",1,"Grade V and above",5,0
2009,"1050023",2,"Grade III",12,4
2009,"1050023",3,"Untrained / unlicens",0,0
2009,"1050026",1,"Grade V and above",3,
2009,"1050026",2,"Grade III",9,
2009,"1050026",3,"Untrained / unlicens",0,
2009,"1050030",1,"Grade V and above",3,
2009,"1050030",2,"Grade III",9,
2009,"1050030",3,"Untrained / unlicens",0,
2009,"1050033",1,"Grade V and above",13,
2009,"1050033",2,"Grade III",5,0
2009,"1050033",3,"Untrained / unlicens",0,0
2009,"1060003",1,"Grade V and above",3,0
2009,"1060003",2,"Grade III",11,2
2009,"1060003",3,"Untrained / unlicens",0,0
2009,"1060005",1,"Grade V and above",1,0
2009,"1060005",2,"Grade III",9,4
2009,"1060005",3,"Untrained / unlicens",0,0
2009,"1060007",1,"Grade V and above",,
2009,"1060007",2,"Grade III",,
2009,"1060007",3,"Untrained / unlicens",,
2009,"1060009",1,"Grade V and above",1,0
2009,"1060009",2,"Grade III",6,2
2009,"1060009",3,"Untrained / unlicens",0,0
2009,"1070001",1,"Grade V and above",7,0
2009,"1070001",2,"Grade III",8,5
2009,"1070001",3,"Untrained / unlicens",0,0
2009,"1070002",1,"Grade V and above",3,0
2009,"1070002",2,"Grade III",12,0
2009,"1070002",3,"Untrained / unlicens",0,0
2009,"1070008",1,"Grade V and above",,
2009,"1070008",2,"Grade III",,
2009,"1070008",3,"Untrained / unlicens",,
2009,"1070012",1,"Grade V and above",31,0
2009,"1070012",2,"Grade III",3,0
2009,"1070012",3,"Untrained / unlicens",2,0
2009,"1070016",1,"Grade V and above",2,0
2009,"1070016",2,"Grade III",5,0
2009,"1070016",3,"Untrained / unlicens",2,0
2009,"1070020",1,"Grade V and above",3,0
2009,"1070020",2,"Grade III",9,0
2009,"1070020",3,"Untrained / unlicens",0,0
2009,"1070023",1,"Grade V and above",,
2009,"1070023",2,"Grade III",,
2009,"1070023",3,"Untrained / unlicens",,
2009,"1080002",1,"Grade V and above",5,0
2009,"1080002",2,"Grade III",13,0
2009,"1080002",3,"Untrained / unlicens",0,0
2009,"1080003",1,"Grade V and above",6,
2009,"1080003",2,"Grade III",8,5
2009,"1080003",3,"Untrained / unlicens",0,
2009,"1080006",1,"Grade V and above",4,0
2009,"1080006",2,"Grade III",19,0
2009,"1080006",3,"Untrained / unlicens",0,0
2009,"1080009",1,"Grade V and above",1,0
2009,"1080009",2,"Grade III",7,1
2009,"1080009",3,"Untrained / unlicens",2,0
2009,"1080013",1,"Grade V and above",1,0
2009,"1080013",2,"Grade III",6,2
2009,"1080013",3,"Untrained / unlicens",1,0
2009,"1080016",1,"Grade V and above",1,0
2009,"1080016",2,"Grade III",0,5
2009,"1080016",3,"Untrained / unlicens",5,0
2009,"1080020",1,"Grade V and above",3,0
2009,"1080020",2,"Grade III",6,0
2009,"1080020",3,"Untrained / unlicens",0,0
2009,"1080023",1,"Grade V and above",,
2009,"1080023",2,"Grade III",,
2009,"1080023",3,"Untrained / unlicens",,
2009,"1080027",1,"Grade V and above",4,0
2009,"1080027",2,"Grade III",14,6
2009,"1080027",3,"Untrained / unlicens",0,0
2009,"1080030",1,"Grade V and above",6,9
2009,"1080030",2,"Grade III",4,10
2009,"1080030",3,"Untrained / unlicens",0,0
2009,"1080033",1,"Grade V and above",5,2
2009,"1080033",2,"Grade III",3,
2009,"1080033",3,"Untrained / unlicens",2,
2009,"1090004",1,"Grade V and above",2,0
2009,"1090004",2,"Grade III",4,2
2009,"1090004",3,"Untrained / unlicens",0,0
2009,"1100001",1,"Grade V and above",4,0
2009,"1100001",2,"Grade III",12,0
2009,"1100001",3,"Untrained / unlicens",0,0
2009,"1100005",1,"Grade V and above",3,0
2009,"1100005",2,"Grade III",5,0
2009,"1100005",3,"Untrained / unlicens",2,0
2009,"1100007",1,"Grade V and above",2,0
2009,"1100007",2,"Grade III",10,1
2009,"1100007",3,"Untrained / unlicens",0,0
2009,"1100009",1,"Grade V and above",1,0
2009,"1100009",2,"Grade III",13,0
2009,"1100009",3,"Untrained / unlicens",0,0
2009,"1100012",1,"Grade V and above",2,0
2009,"1100012",2,"Grade III",11,0
2009,"1100012",3,"Untrained / unlicens",1,0
2009,"1110001",1,"Grade V and above",2,
2009,"1110001",2,"Grade III",4,
2009,"1110001",3,"Untrained / unlicens",0,
2009,"1110003",1,"Grade V and above",5,
2009,"1110003",2,"Grade III",8,4
2009,"1110003",3,"Untrained / unlicens",0,
2009,"1110005",1,"Grade V and above",2,
2009,"1110005",2,"Grade III",4,
2009,"1110005",3,"Untrained / unlicens",1,
2009,"1120001",1,"Grade V and above",0,
2009,"1120001",2,"Grade III",2,
2009,"1120001",3,"Untrained / unlicens",2,
2009,"1120003",1,"Grade V and above",3,0
2009,"1120003",2,"Grade III",7,0
2009,"1120003",3,"Untrained / unlicens",0,0
2009,"1120006",1,"Grade V and above",4,0
2009,"1120006",2,"Grade III",11,0
2009,"1120006",3,"Untrained / unlicens",0,0
2009,"1130002",1,"Grade V and above",9,
2009,"1130002",2,"Grade III",23,
2009,"1130002",3,"Untrained / unlicens",0,0
2009,"1130003",1,"Grade V and above",5,0
2009,"1130003",2,"Grade III",10,0
2009,"1130003",3,"Untrained / unlicens",0,0
2009,"1130004",1,"Grade V and above",0,1
2009,"1130004",2,"Grade III",10,1
2009,"1130004",3,"Untrained / unlicens",1,0
2009,"1130006",1,"Grade V and above",,
2009,"1130006",2,"Grade III",,
2009,"1130006",3,"Untrained / unlicens",,
2009,"1130007",1,"Grade V and above",4,0
2009,"1130007",2,"Grade III",8,0
2009,"1130007",3,"Untrained / unlicens",0,0
2009,"1130008",1,"Grade V and above",1,0
2009,"1130008",2,"Grade III",3,6
2009,"1130008",3,"Untrained / unlicens",3,0
2009,"1130010",1,"Grade V and above",4,0
2009,"1130010",2,"Grade III",4,2
2009,"1130010",3,"Untrained / unlicens",0,0
2009,"1130012",1,"Grade V and above",4,6
2009,"1130012",2,"Grade III",15,0
2009,"1130012",3,"Untrained / unlicens",0,0
2009,"1130014",1,"Grade V and above",,
2009,"1130014",2,"Grade III",,
2009,"1130014",3,"Untrained / unlicens",,
2009,"1130016",1,"Grade V and above",11,0
2009,"1130016",2,"Grade III",6,0
2009,"1130016",3,"Untrained / unlicens",0,
2009,"1130019",1,"Grade V and above",6,3
2009,"1130019",2,"Grade III",10,0
2009,"1130019",3,"Untrained / unlicens",0,0
2009,"1130021",1,"Grade V and above",4,0
2009,"1130021",2,"Grade III",13,0
2009,"1130021",3,"Untrained / unlicens",0,0
2009,"1130023",1,"Grade V and above",2,0
2009,"1130023",2,"Grade III",7,0
2009,"1130023",3,"Untrained / unlicens",4,0
2009,"1130025",1,"Grade V and above",4,0
2009,"1130025",2,"Grade III",16,0
2009,"1130025",3,"Untrained / unlicens",1,0
2009,"1140003",1,"Grade V and above",1,0
2009,"1140003",2,"Grade III",9,3
2009,"1140003",3,"Untrained / unlicens",0,0
2009,"1150004",1,"Grade V and above",0,
2009,"1150004",2,"Grade III",8,2
2009,"1150004",3,"Untrained / unlicens",0,
2009,"1150027",1,"Grade V and above",2,0
2009,"1150027",2,"Grade III",8,0
2009,"1150027",3,"Untrained / unlicens",0,0
2009,"1150031",1,"Grade V and above",5,0
2009,"1150031",2,"Grade III",9,1
2009,"1150031",3,"Untrained / unlicens",1,0
2009,"1160011",1,"Grade V and above",1,0
2009,"1160011",2,"Grade III",5,2
2009,"1160011",3,"Untrained / unlicens",0,0
2009,"1160013",1,"Grade V and above",1,
2009,"1160013",2,"Grade III",5,
2009,"1160013",3,"Untrained / unlicens",5,
2009,"2010004",1,"Grade V and above",1,0
2009,"2010004",2,"Grade III",7,7
2009,"2010004",3,"Untrained / unlicens",0,0
2009,"2010006",1,"Grade V and above",2,0
2009,"2010006",2,"Grade III",6,2
2009,"2010006",3,"Untrained / unlicens",0,0
2009,"2010008",1,"Grade V and above",4,0
2009,"2010008",2,"Grade III",3,7
2009,"2010008",3,"Untrained / unlicens",0,0
2009,"2010009",1,"Grade V and above",1,0
2009,"2010009",2,"Grade III",4,2
2009,"2010009",3,"Untrained / unlicens",1,0
2009,"2020001",1,"Grade V and above",,
2009,"2020001",2,"Grade III",,
2009,"2020001",3,"Untrained / unlicens",,
2009,"2020005",1,"Grade V and above",2,0
2009,"2020005",2,"Grade III",7,0
2009,"2020005",3,"Untrained / unlicens",0,0
2009,"2020007",1,"Grade V and above",,
2009,"2020007",2,"Grade III",,
2009,"2020007",3,"Untrained / unlicens",,
2009,"2030001",1,"Grade V and above",,
2009,"2030001",2,"Grade III",,
2009,"2030001",3,"Untrained / unlicens",,
2009,"2030004",1,"Grade V and above",10,0
2009,"2030004",2,"Grade III",21,3
2009,"2030004",3,"Untrained / unlicens",0,0
2009,"2030018",1,"Grade V and above",6,0
2009,"2030018",2,"Grade III",7,0
2009,"2030018",3,"Untrained / unlicens",0,0
2009,"2030023",1,"Grade V and above",4,0
2009,"2030023",2,"Grade III",12,0
2009,"2030023",3,"Untrained / unlicens",0,0
2009,"2030028",1,"Grade V and above",,
2009,"2030028",2,"Grade III",,
2009,"2030028",3,"Untrained / unlicens",,
2009,"2030033",1,"Grade V and above",,
2009,"2030033",2,"Grade III",,
2009,"2030033",3,"Untrained / unlicens",,
2009,"2040002",1,"Grade V and above",20,0
2009,"2040002",2,"Grade III",7,0
2009,"2040002",3,"Untrained / unlicens",0,0
2009,"2040006",1,"Grade V and above",7,0
2009,"2040006",2,"Grade III",10,4
2009,"2040006",3,"Untrained / unlicens",0,0
2009,"2040009",1,"Grade V and above",8,
2009,"2040009",2,"Grade III",29,5
2009,"2040009",3,"Untrained / unlicens",0,
2009,"2040012",1,"Grade V and above",6,0
2009,"2040012",2,"Grade III",17,5
2009,"2040012",3,"Untrained / unlicens",0,0
2009,"2040014",1,"Grade V and above",5,
2009,"2040014",2,"Grade III",5,5
2009,"2040014",3,"Untrained / unlicens",0,
2009,"2040015",1,"Grade V and above",7,0
2009,"2040015",2,"Grade III",16,0
2009,"2040015",3,"Untrained / unlicens",0,0
2009,"2050001",1,"Grade V and above",,
2009,"2050001",2,"Grade III",,
2009,"2050001",3,"Untrained / unlicens",,
2009,"2050004",1,"Grade V and above",4,0
2009,"2050004",2,"Grade III",4,9
2009,"2050004",3,"Untrained / unlicens",3,0
2009,"2050009",1,"Grade V and above",5,0
2009,"2050009",2,"Grade III",6,10
2009,"2050009",3,"Untrained / unlicens",0,0
2009,"2050013",1,"Grade V and above",3,0
2009,"2050013",2,"Grade III",3,7
2009,"2050013",3,"Untrained / unlicens",0,0
2009,"2050017",1,"Grade V and above",6,0
2009,"2050017",2,"Grade III",8,0
2009,"2050017",3,"Untrained / unlicens",0,0
2009,"2050030",1,"Grade V and above",3,0
2009,"2050030",2,"Grade III",8,2
2009,"2050030",3,"Untrained / unlicens",0,0
2009,"2060003",1,"Grade V and above",4,0
2009,"2060003",2,"Grade III",9,1
2009,"2060003",3,"Untrained / unlicens",0,
2009,"2070005",1,"Grade V and above",3,0
2009,"2070005",2,"Grade III",7,0
2009,"2070005",3,"Untrained / unlicens",0,
2009,"2070006",1,"Grade V and above",1,0
2009,"2070006",2,"Grade III",6,3
2009,"2070006",3,"Untrained / unlicens",0,0
2009,"2080001",1,"Grade V and above",,
2009,"2080001",2,"Grade III",,
2009,"2080001",3,"Untrained / unlicens",,
2009,"2080005",1,"Grade V and above",3,0
2009,"2080005",2,"Grade III",7,1
2009,"2080005",3,"Untrained / unlicens",0,0
2009,"2080007",1,"Grade V and above",,
2009,"2080007",2,"Grade III",,
2009,"2080007",3,"Untrained / unlicens",,
2009,"2080008",1,"Grade V and above",2,0
2009,"2080008",2,"Grade III",11,0
2009,"2080008",3,"Untrained / unlicens",0,0
2009,"2090003",1,"Grade V and above",15,5
2009,"2090003",2,"Grade III",17,20
2009,"2090003",3,"Untrained / unlicens",0,0
2009,"2090006",1,"Grade V and above",20,5
2009,"2090006",2,"Grade III",26,14
2009,"2090006",3,"Untrained / unlicens",,
2009,"2090033",1,"Grade V and above",3,5
2009,"2090033",2,"Grade III",7,0
2009,"2090033",3,"Untrained / unlicens",0,
2009,"2100002",1,"Grade V and above",7,0
2009,"2100002",2,"Grade III",13,0
2009,"2100002",3,"Untrained / unlicens",0,0
2009,"2100004",1,"Grade V and above",4,1
2009,"2100004",2,"Grade III",11,0
2009,"2100004",3,"Untrained / unlicens",0,0
2009,"2100006",1,"Grade V and above",3,2
2009,"2100006",2,"Grade III",13,2
2009,"2100006",3,"Untrained / unlicens",0,0
2009,"2100007",1,"Grade V and above",,
2009,"2100007",2,"Grade III",,
2009,"2100007",3,"Untrained / unlicens",,
2009,"2110003",1,"Grade V and above",14,0
2009,"2110003",2,"Grade III",11,0
2009,"2110003",3,"Untrained / unlicens",0,
2009,"2110004",1,"Grade V and above",4,0
2009,"2110004",2,"Grade III",7,2
2009,"2110004",3,"Untrained / unlicens",0,0
2009,"2110006",1,"Grade V and above",11,0
2009,"2110006",2,"Grade III",13,0
2009,"2110006",3,"Untrained / unlicens",0,
2009,"2110007",1,"Grade V and above",3,0
2009,"2110007",2,"Grade III",16,3
2009,"2110007",3,"Untrained / unlicens",0,0
2009,"2110009",1,"Grade V and above",5,0
2009,"2110009",2,"Grade III",11,0
2009,"2110009",3,"Untrained / unlicens",0,
2009,"2120003",1,"Grade V and above",,
2009,"2120003",2,"Grade III",,
2009,"2120003",3,"Untrained / unlicens",,
2009,"2120008",1,"Grade V and above",4,0
2009,"2120008",2,"Grade III",11,0
2009,"2120008",3,"Untrained / unlicens",0,0
2009,"2120009",1,"Grade V and above",2,2
2009,"2120009",2,"Grade III",12,0
2009,"2120009",3,"Untrained / unlicens",0,0
2009,"2120011",1,"Grade V and above",5,0
2009,"2120011",2,"Grade III",13,0
2009,"2120011",3,"Untrained / unlicens",0,0
2009,"2120013",1,"Grade V and above",7,1
2009,"2120013",2,"Grade III",6,2
2009,"2120013",3,"Untrained / unlicens",0,0
2009,"2140002",1,"Grade V and above",28,0
2009,"2140002",2,"Grade III",6,0
2009,"2140002",3,"Untrained / unlicens",0,0
2009,"2140003",1,"Grade V and above",,
2009,"2140003",2,"Grade III",,
2009,"2140003",3,"Untrained / unlicens",,
2009,"2150001",1,"Grade V and above",5,0
2009,"2150001",2,"Grade III",14,0
2009,"2150001",3,"Untrained / unlicens",0,0
2009,"2150002",1,"Grade V and above",7,1
2009,"2150002",2,"Grade III",11,2
2009,"2150002",3,"Untrained / unlicens",0,0
2009,"2150004",1,"Grade V and above",,
2009,"2150004",2,"Grade III",,
2009,"2150004",3,"Untrained / unlicens",,
2009,"2150006",1,"Grade V and above",4,0
2009,"2150006",2,"Grade III",10,0
2009,"2150006",3,"Untrained / unlicens",0,0
2009,"2150007",1,"Grade V and above",3,0
2009,"2150007",2,"Grade III",10,0
2009,"2150007",3,"Untrained / unlicens",0,0
2009,"2160003",1,"Grade V and above",1,0
2009,"2160003",2,"Grade III",8,3
2009,"2160003",3,"Untrained / unlicens",0,0
2009,"2170009",1,"Grade V and above",8,0
2009,"2170009",2,"Grade III",12,1
2009,"2170009",3,"Untrained / unlicens",0,0
2009,"2180037",1,"Grade V and above",1,1
2009,"2180037",2,"Grade III",7,1
2009,"2180037",3,"Untrained / unlicens",0,0
2009,"2190003",1,"Grade V and above",2,0
2009,"2190003",2,"Grade III",7,3
2009,"2190003",3,"Untrained / unlicens",0,0
2009,"2200001",1,"Grade V and above",3,4
2009,"2200001",2,"Grade III",7,0
2009,"2200001",3,"Untrained / unlicens",0,
2009,"2210006",1,"Grade V and above",2,2
2009,"2210006",2,"Grade III",14,2
2009,"2210006",3,"Untrained / unlicens",0,0
2009,"2220022",1,"Grade V and above",1,0
2009,"2220022",2,"Grade III",7,2
2009,"2220022",3,"Untrained / unlicens",0,0
2009,"2220026",1,"Grade V and above",2,0
2009,"2220026",2,"Grade III",9,2
2009,"2220026",3,"Untrained / unlicens",0,0
2009,"2230011",1,"Grade V and above",3,0
2009,"2230011",2,"Grade III",9,1
2009,"2230011",3,"Untrained / unlicens",1,0
2009,"2230014",1,"Grade V and above",5,7
2009,"2230014",2,"Grade III",15,0
2009,"2230014",3,"Untrained / unlicens",0,0
2009,"2230018",1,"Grade V and above",2,0
2009,"2230018",2,"Grade III",16,0
2009,"2230018",3,"Untrained / unlicens",0,0
2009,"2230022",1,"Grade V and above",5,4
2009,"2230022",2,"Grade III",9,0
2009,"2230022",3,"Untrained / unlicens",0,0
2009,"2230026",1,"Grade V and above",9,0
2009,"2230026",2,"Grade III",18,0
2009,"2230026",3,"Untrained / unlicens",0,0
2009,"2230029",1,"Grade V and above",3,0
2009,"2230029",2,"Grade III",14,0
2009,"2230029",3,"Untrained / unlicens",0,0
2009,"2240013",1,"Grade V and above",4,0
2009,"2240013",2,"Grade III",6,6
2009,"2240013",3,"Untrained / unlicens",0,0
2009,"3010003",1,"Grade V and above",3,11
2009,"3010003",2,"Grade III",4,0
2009,"3010003",3,"Untrained / unlicens",5,0
2009,"3020002",1,"Grade V and above",,
2009,"3020002",2,"Grade III",,
2009,"3020002",3,"Untrained / unlicens",,
2009,"3020003",1,"Grade V and above",4,0
2009,"3020003",2,"Grade III",19,2
2009,"3020003",3,"Untrained / unlicens",0,0
2009,"3020005",1,"Grade V and above",8,0
2009,"3020005",2,"Grade III",8,4
2009,"3020005",3,"Untrained / unlicens",0,0
2009,"3020008",1,"Grade V and above",10,0
2009,"3020008",2,"Grade III",4,0
2009,"3020008",3,"Untrained / unlicens",0,0
2009,"3020010",1,"Grade V and above",3,0
2009,"3020010",2,"Grade III",14,74
2009,"3020010",3,"Untrained / unlicens",0,0
2009,"3020013",1,"Grade V and above",7,0
2009,"3020013",2,"Grade III",16,0
2009,"3020013",3,"Untrained / unlicens",1,0
2009,"3020016",1,"Grade V and above",5,0
2009,"3020016",2,"Grade III",10,5
2009,"3020016",3,"Untrained / unlicens",0,0
2009,"3020018",1,"Grade V and above",0,0
2009,"3020018",2,"Grade III",2,3
2009,"3020018",3,"Untrained / unlicens",1,0
2009,"3020035",1,"Grade V and above",3,0
2009,"3020035",2,"Grade III",10,17
2009,"3020035",3,"Untrained / unlicens",0,0
2009,"3030002",1,"Grade V and above",20,0
2009,"3030002",2,"Grade III",21,0
2009,"3030002",3,"Untrained / unlicens",0,0
2009,"3030006",1,"Grade V and above",6,0
2009,"3030006",2,"Grade III",16,4
2009,"3030006",3,"Untrained / unlicens",0,0
2009,"3030009",1,"Grade V and above",24,0
2009,"3030009",2,"Grade III",4,0
2009,"3030009",3,"Untrained / unlicens",0,0
2009,"3030015",1,"Grade V and above",6,2
2009,"3030015",2,"Grade III",8,0
2009,"3030015",3,"Untrained / unlicens",0,0
2009,"3030033",1,"Grade V and above",3,0
2009,"3030033",2,"Grade III",8,0
2009,"3030033",3,"Untrained / unlicens",0,0
2009,"3040002",1,"Grade V and above",3,0
2009,"3040002",2,"Grade III",16,0
2009,"3040002",3,"Untrained / unlicens",0,0
2009,"3040004",1,"Grade V and above",3,0
2009,"3040004",2,"Grade III",15,0
2009,"3040004",3,"Untrained / unlicens",0,0
2009,"3040007",1,"Grade V and above",13,0
2009,"3040007",2,"Grade III",24,5
2009,"3040007",3,"Untrained / unlicens",0,0
2009,"3040009",1,"Grade V and above",12,0
2009,"3040009",2,"Grade III",13,1
2009,"3040009",3,"Untrained / unlicens",0,0
2009,"3040014",1,"Grade V and above",2,0
2009,"3040014",2,"Grade III",12,9
2009,"3040014",3,"Untrained / unlicens",1,0
2009,"3050001",1,"Grade V and above",7,0
2009,"3050001",2,"Grade III",15,0
2009,"3050001",3,"Untrained / unlicens",0,0
2009,"3060006",1,"Grade V and above",,
2009,"3060006",2,"Grade III",,
2009,"3060006",3,"Untrained / unlicens",,
2009,"3060007",1,"Grade V and above",1,0
2009,"3060007",2,"Grade III",0,4
2009,"3060007",3,"Untrained / unlicens",2,0
2009,"3070002",1,"Grade V and above",14,9
2009,"3070002",2,"Grade III",19,0
2009,"3070002",3,"Untrained / unlicens",0,0
2009,"3070005",1,"Grade V and above",11,0
2009,"3070005",2,"Grade III",12,0
2009,"3070005",3,"Untrained / unlicens",0,0
2009,"3070007",1,"Grade V and above",21,0
2009,"3070007",2,"Grade III",8,1
2009,"3070007",3,"Untrained / unlicens",0,0
2009,"3070012",1,"Grade V and above",7,0
2009,"3070012",2,"Grade III",18,0
2009,"3070012",3,"Untrained / unlicens",0,0
2009,"3070017",1,"Grade V and above",3,0
2009,"3070017",2,"Grade III",7,1
2009,"3070017",3,"Untrained / unlicens",0,0
2009,"3070018",1,"Grade V and above",2,0
2009,"3070018",2,"Grade III",6,3
2009,"3070018",3,"Untrained / unlicens",0,0
2009,"3070020",1,"Grade V and above",5,0
2009,"3070020",2,"Grade III",11,5
2009,"3070020",3,"Untrained / unlicens",0,0
2009,"3070022",1,"Grade V and above",3,0
2009,"3070022",2,"Grade III",4,1
2009,"3070022",3,"Untrained / unlicens",0,0
2009,"3070023",1,"Grade V and above",2,0
2009,"3070023",2,"Grade III",4,3
2009,"3070023",3,"Untrained / unlicens",1,0
2009,"3070025",1,"Grade V and above",3,0
2009,"3070025",2,"Grade III",12,2
2009,"3070025",3,"Untrained / unlicens",0,0
2009,"3080001",1,"Grade V and above",1,0
2009,"3080001",2,"Grade III",2,5
2009,"3080001",3,"Untrained / unlicens",1,0
2009,"3080002",1,"Grade V and above",2,0
2009,"3080002",2,"Grade III",3,3
2009,"3080002",3,"Untrained / unlicens",0,0
2009,"3080004",1,"Grade V and above",3,0
2009,"3080004",2,"Grade III",6,4
2009,"3080004",3,"Untrained / unlicens",0,0
2009,"3090001",1,"Grade V and above",3,0
2009,"3090001",2,"Grade III",2,0
2009,"3090001",3,"Untrained / unlicens",0,0
2009,"3090002",1,"Grade V and above",1,0
2009,"3090002",2,"Grade III",4,0
2009,"3090002",3,"Untrained / unlicens",0,0
2009,"3100001",1,"Grade V and above",,
2009,"3100001",2,"Grade III",7,0
2009,"3100001",3,"Untrained / unlicens",,
2009,"3100004",1,"Grade V and above",3,0
2009,"3100004",2,"Grade III",8,0
2009,"3100004",3,"Untrained / unlicens",0,0
2009,"3100006",1,"Grade V and above",1,2
2009,"3100006",2,"Grade III",8,0
2009,"3100006",3,"Untrained / unlicens",2,0
2009,"3100007",1,"Grade V and above",3,0
2009,"3100007",2,"Grade III",12,0
2009,"3100007",3,"Untrained / unlicens",0,0
2009,"3100008",1,"Grade V and above",4,3
2009,"3100008",2,"Grade III",11,4
2009,"3100008",3,"Untrained / unlicens",2,0
2009,"3100009",1,"Grade V and above",2,1
2009,"3100009",2,"Grade III",12,5
2009,"3100009",3,"Untrained / unlicens",0,0
2009,"3100010",1,"Grade V and above",2,0
2009,"3100010",2,"Grade III",7,0
2009,"3100010",3,"Untrained / unlicens",2,0
2009,"3100012",1,"Grade V and above",3,0
2009,"3100012",2,"Grade III",5,0
2009,"3100012",3,"Untrained / unlicens",2,0
2009,"3110001",1,"Grade V and above",1,0
2009,"3110001",2,"Grade III",4,3
2009,"3110001",3,"Untrained / unlicens",1,0
2009,"3110003",1,"Grade V and above",,
2009,"3110003",2,"Grade III",,
2009,"3110003",3,"Untrained / unlicens",,
2009,"3110004",1,"Grade V and above",0,
2009,"3110004",2,"Grade III",4,1
2009,"3110004",3,"Untrained / unlicens",2,0
2009,"3130001",1,"Grade V and above",3,0
2009,"3130001",2,"Grade III",11,0
2009,"3130001",3,"Untrained / unlicens",4,0
2009,"3130002",1,"Grade V and above",3,2
2009,"3130002",2,"Grade III",4,2
2009,"3130002",3,"Untrained / unlicens",3,0
2009,"3130003",1,"Grade V and above",1,0
2009,"3130003",2,"Grade III",9,4
2009,"3130003",3,"Untrained / unlicens",0,0
2009,"3150016",1,"Grade V and above",3,0
2009,"3150016",2,"Grade III",7,0
2009,"3150016",3,"Untrained / unlicens",0,0
2009,"3160016",1,"Grade V and above",1,0
2009,"3160016",2,"Grade III",7,1
2009,"3160016",3,"Untrained / unlicens",1,0
2009,"3170009",1,"Grade V and above",5,0
2009,"3170009",2,"Grade III",9,1
2009,"3170009",3,"Untrained / unlicens",0,0
2009,"3170010",1,"Grade V and above",3,0
2009,"3170010",2,"Grade III",9,1
2009,"3170010",3,"Untrained / unlicens",0,0
2009,"3170011",1,"Grade V and above",3,0
2009,"3170011",2,"Grade III",14,1
2009,"3170011",3,"Untrained / unlicens",0,0
2009,"3180001",1,"Grade V and above",,
2009,"3180001",2,"Grade III",,
2009,"3180001",3,"Untrained / unlicens",,
2009,"3180002",1,"Grade V and above",0,0
2009,"3180002",2,"Grade III",7,4
2009,"3180002",3,"Untrained / unlicens",2,0
2009,"3180003",1,"Grade V and above",1,0
2009,"3180003",2,"Grade III",9,2
2009,"3180003",3,"Untrained / unlicens",3,0
2009,"3180004",1,"Grade V and above",0,0
2009,"3180004",2,"Grade III",9,0
2009,"3180004",3,"Untrained / unlicens",0,0
2009,"3190005",1,"Grade V and above",6,5
2009,"3190005",2,"Grade III",36,0
2009,"3190005",3,"Untrained / unlicens",2,0
2009,"3190012",1,"Grade V and above",3,0
2009,"3190012",2,"Grade III",4,0
2009,"3190012",3,"Untrained / unlicens",0,0
2009,"3200018",1,"Grade V and above",6,1
2009,"3200018",2,"Grade III",10,0
2009,"3200018",3,"Untrained / unlicens",1,0
2009,"3200021",1,"Grade V and above",10,6
2009,"3200021",2,"Grade III",13,6
2009,"3200021",3,"Untrained / unlicens",0,0
2009,"3200024",1,"Grade V and above",7,0
2009,"3200024",2,"Grade III",10,0
2009,"3200024",3,"Untrained / unlicens",0,0
2009,"3200027",1,"Grade V and above",2,0
2009,"3200027",2,"Grade III",6,3
2009,"3200027",3,"Untrained / unlicens",2,0
2009,"3200030",1,"Grade V and above",1,0
2009,"3200030",2,"Grade III",6,0
2009,"3200030",3,"Untrained / unlicens",7,0
2009,"3210021",1,"Grade V and above",2,0
2009,"3210021",2,"Grade III",13,0
2009,"3210021",3,"Untrained / unlicens",0,0
2009,"3210023",1,"Grade V and above",4,0
2009,"3210023",2,"Grade III",11,1
2009,"3210023",3,"Untrained / unlicens",0,0
2009,"3210028",1,"Grade V and above",6,0
2009,"3210028",2,"Grade III",13,0
2009,"3210028",3,"Untrained / unlicens",0,0
2009,"3210030",1,"Grade V and above",2,0
2009,"3210030",2,"Grade III",6,4
2009,"3210030",3,"Untrained / unlicens",0,0
2009,"4010003",1,"Grade V and above",1,8
2009,"4010003",2,"Grade III",8,3
2009,"4010003",3,"Untrained / unlicens",0,0
2009,"4010005",1,"Grade V and above",1,9
2009,"4010005",2,"Grade III",9,0
2009,"4010005",3,"Untrained / unlicens",0,0
2009,"4020002",1,"Grade V and above",6,3
2009,"4020002",2,"Grade III",3,0
2009,"4020002",3,"Untrained / unlicens",0,0
2009,"4020007",1,"Grade V and above",0,0
2009,"4020007",2,"Grade III",10,2
2009,"4020007",3,"Untrained / unlicens",0,0
2009,"4020011",1,"Grade V and above",2,4
2009,"4020011",2,"Grade III",2,4
2009,"4020011",3,"Untrained / unlicens",2,0
2009,"4020016",1,"Grade V and above",6,7
2009,"4020016",2,"Grade III",3,0
2009,"4020016",3,"Untrained / unlicens",0,0
2009,"4020020",1,"Grade V and above",,
2009,"4020020",2,"Grade III",,
2009,"4020020",3,"Untrained / unlicens",,
2009,"4020025",1,"Grade V and above",7,0
2009,"4020025",2,"Grade III",5,4
2009,"4020025",3,"Untrained / unlicens",0,0
2009,"4020030",1,"Grade V and above",8,0
2009,"4020030",2,"Grade III",7,0
2009,"4020030",3,"Untrained / unlicens",0,0
2009,"4030002",1,"Grade V and above",9,10
2009,"4030002",2,"Grade III",19,0
2009,"4030002",3,"Untrained / unlicens",0,0
2009,"4030004",1,"Grade V and above",3,5
2009,"4030004",2,"Grade III",2,0
2009,"4030004",3,"Untrained / unlicens",0,0
2009,"4030006",1,"Grade V and above",7,2
2009,"4030006",2,"Grade III",1,0
2009,"4030006",3,"Untrained / unlicens",0,0
2009,"4030007",1,"Grade V and above",,
2009,"4030007",2,"Grade III",,
2009,"4030007",3,"Untrained / unlicens",,
2009,"4030009",1,"Grade V and above",0,2
2009,"4030009",2,"Grade III",0,4
2009,"4030009",3,"Untrained / unlicens",6,0
2009,"4040003",1,"Grade V and above",7,8
2009,"4040003",2,"Grade III",8,0
2009,"4040003",3,"Untrained / unlicens",1,0
2009,"4040006",1,"Grade V and above",12,4
2009,"4040006",2,"Grade III",2,0
2009,"4040006",3,"Untrained / unlicens",2,0
2009,"4040008",1,"Grade V and above",8,8
2009,"4040008",2,"Grade III",8,0
2009,"4040008",3,"Untrained / unlicens",0,0
2009,"4040010",1,"Grade V and above",5,0
2009,"4040010",2,"Grade III",8,0
2009,"4040010",3,"Untrained / unlicens",0,0
2009,"4040012",1,"Grade V and above",1,6
2009,"4040012",2,"Grade III",7,0
2009,"4040012",3,"Untrained / unlicens",0,0
2009,"4050002",1,"Grade V and above",9,0
2009,"4050002",2,"Grade III",3,0
2009,"4050002",3,"Untrained / unlicens",0,0
2009,"4050005",1,"Grade V and above",11,11
2009,"4050005",2,"Grade III",11,0
2009,"4050005",3,"Untrained / unlicens",0,0
2009,"4050006",1,"Grade V and above",0,12
2009,"4050006",2,"Grade III",10,0
2009,"4050006",3,"Untrained / unlicens",0,0
2009,"4050010",1,"Grade V and above",2,3
2009,"4050010",2,"Grade III",13,5
2009,"4050010",3,"Untrained / unlicens",1,0
2009,"4060003",1,"Grade V and above",3,17
2009,"4060003",2,"Grade III",17,0
2009,"4060003",3,"Untrained / unlicens",0,0
2009,"4060008",1,"Grade V and above",3,12
2009,"4060008",2,"Grade III",12,0
2009,"4060008",3,"Untrained / unlicens",0,0
2009,"4060010",1,"Grade V and above",3,10
2009,"4060010",2,"Grade III",6,0
2009,"4060010",3,"Untrained / unlicens",0,0
2009,"4060011",1,"Grade V and above",6,13
2009,"4060011",2,"Grade III",13,0
2009,"4060011",3,"Untrained / unlicens",0,0
2009,"4060013",1,"Grade V and above",5,10
2009,"4060013",2,"Grade III",7,0
2009,"4060013",3,"Untrained / unlicens",0,0
2009,"4070002",1,"Grade V and above",10,4
2009,"4070002",2,"Grade III",5,0
2009,"4070002",3,"Untrained / unlicens",0,0
2009,"4070003",1,"Grade V and above",3,0
2009,"4070003",2,"Grade III",5,2
2009,"4070003",3,"Untrained / unlicens",0,0
2009,"4070005",1,"Grade V and above",1,7
2009,"4070005",2,"Grade III",5,2
2009,"4070005",3,"Untrained / unlicens",0,0
2009,"4070007",1,"Grade V and above",1,2
2009,"4070007",2,"Grade III",2,2
2009,"4070007",3,"Untrained / unlicens",1,0
2009,"4070009",1,"Grade V and above",4,8
2009,"4070009",2,"Grade III",8,0
2009,"4070009",3,"Untrained / unlicens",0,0
2009,"4080002",1,"Grade V and above",2,7
2009,"4080002",2,"Grade III",7,0
2009,"4080002",3,"Untrained / unlicens",0,0
2009,"4080004",1,"Grade V and above",2,2
2009,"4080004",2,"Grade III",3,3
2009,"4080004",3,"Untrained / unlicens",0,0
2009,"4090002",1,"Grade V and above",14,7
2009,"4090002",2,"Grade III",7,0
2009,"4090002",3,"Untrained / unlicens",0,0
2009,"4090005",1,"Grade V and above",,
2009,"4090005",2,"Grade III",,
2009,"4090005",3,"Untrained / unlicens",,
2009,"4090009",1,"Grade V and above",1,5
2009,"4090009",2,"Grade III",9,0
2009,"4090009",3,"Untrained / unlicens",0,0
2009,"4090011",1,"Grade V and above",1,12
2009,"4090011",2,"Grade III",12,0
2009,"4090011",3,"Untrained / unlicens",1,0
2009,"4100001",1,"Grade V and above",37,0
2009,"4100001",2,"Grade III",20,19
2009,"4100001",3,"Untrained / unlicens",0,0
2009,"4100005",1,"Grade V and above",3,0
2009,"4100005",2,"Grade III",11,0
2009,"4100005",3,"Untrained / unlicens",0,0
2009,"4100026",1,"Grade V and above",6,0
2009,"4100026",2,"Grade III",4,2
2009,"4100026",3,"Untrained / unlicens",2,0
2009,"4100029",1,"Grade V and above",6,7
2009,"4100029",2,"Grade III",7,0
2009,"4100029",3,"Untrained / unlicens",0,0
2009,"4100038",1,"Grade V and above",2,6
2009,"4100038",2,"Grade III",6,1
2009,"4100038",3,"Untrained / unlicens",0,0
2009,"4110002",1,"Grade V and above",,
2009,"4110002",2,"Grade III",,
2009,"4110002",3,"Untrained / unlicens",,
2009,"4110004",1,"Grade V and above",10,10
2009,"4110004",2,"Grade III",9,0
2009,"4110004",3,"Untrained / unlicens",1,0
2009,"4110006",1,"Grade V and above",4,0
2009,"4110006",2,"Grade III",6,2
2009,"4110006",3,"Untrained / unlicens",0,0
2009,"4110007",1,"Grade V and above",2,3
2009,"4110007",2,"Grade III",6,0
2009,"4110007",3,"Untrained / unlicens",2,0
2009,"4110009",1,"Grade V and above",2,0
2009,"4110009",2,"Grade III",5,0
2009,"4110009",3,"Untrained / unlicens",0,0
2009,"4120003",1,"Grade V and above",2,1
2009,"4120003",2,"Grade III",10,0
2009,"4120003",3,"Untrained / unlicens",0,0
2009,"4120005",1,"Grade V and above",3,7
2009,"4120005",2,"Grade III",7,0
2009,"4120005",3,"Untrained / unlicens",0,0
2009,"4130002",1,"Grade V and above",,
2009,"4130002",2,"Grade III",,
2009,"4130002",3,"Untrained / unlicens",,
2009,"4130003",1,"Grade V and above",2,0
2009,"4130003",2,"Grade III",6,5
2009,"4130003",3,"Untrained / unlicens",2,0
2009,"4130005",1,"Grade V and above",1,6
2009,"4130005",2,"Grade III",20,0
2009,"4130005",3,"Untrained / unlicens",1,0
2009,"4140001",1,"Grade V and above",3,16
2009,"4140001",2,"Grade III",10,0
2009,"4140001",3,"Untrained / unlicens",1,0
2009,"4140003",1,"Grade V and above",,
2009,"4140003",2,"Grade III",,
2009,"4140003",3,"Untrained / unlicens",,
2009,"4140005",1,"Grade V and above",4,2
2009,"4140005",2,"Grade III",6,2
2009,"4140005",3,"Untrained / unlicens",0,0
2009,"4150002",1,"Grade V and above",5,5
2009,"4150002",2,"Grade III",5,0
2009,"4150002",3,"Untrained / unlicens",0,0
2009,"4150004",1,"Grade V and above",0,2
2009,"4150004",2,"Grade III",2,3
2009,"4150004",3,"Untrained / unlicens",0,0
2009,"4150006",1,"Grade V and above",1,7
2009,"4150006",2,"Grade III",7,0
2009,"4150006",3,"Untrained / unlicens",0,0
2009,"4150007",1,"Grade V and above",1,3
2009,"4150007",2,"Grade III",10,1
2009,"4150007",3,"Untrained / unlicens",0,0
2009,"4150009",1,"Grade V and above",,
2009,"4150009",2,"Grade III",,
2009,"4150009",3,"Untrained / unlicens",,
2009,"4160007",1,"Grade V and above",2,7
2009,"4160007",2,"Grade III",11,7
2009,"4160007",3,"Untrained / unlicens",1,0
2009,"4170008",1,"Grade V and above",5,1
2009,"4170008",2,"Grade III",10,0
2009,"4170008",3,"Untrained / unlicens",0,0
2009,"4170014",1,"Grade V and above",,
2009,"4170014",2,"Grade III",,
2009,"4170014",3,"Untrained / unlicens",,
2009,"4170017",1,"Grade V and above",4,3
2009,"4170017",2,"Grade III",11,0
2009,"4170017",3,"Untrained / unlicens",1,0
2009,"4180011",1,"Grade V and above",2,1
2009,"4180011",2,"Grade III",7,0
2009,"4180011",3,"Untrained / unlicens",0,0
2009,"4180020",1,"Grade V and above",,
2009,"4180020",2,"Grade III",,
2009,"4180020",3,"Untrained / unlicens",,
2009,"4180023",1,"Grade V and above",1,0
2009,"4180023",2,"Grade III",8,0
2009,"4180023",3,"Untrained / unlicens",0,0
2009,"4190032",1,"Grade V and above",,
2009,"4190032",2,"Grade III",,
2009,"4190032",3,"Untrained / unlicens",,
2009,"4190035",1,"Grade V and above",,
2009,"4190035",2,"Grade III",,
2009,"4190035",3,"Untrained / unlicens",,
