"year","comcod","c5q2","c5q3b","c5q3a"
2009,"1020001","SENIOR CIVIL ENGINEER",2,8
2009,"1020002","SENIOR CIVIL ENGINEER",2,8
2009,"1020003","DIVISION ENGINEER",2,8
2009,"1020004","ASS.DIVISION ENGINEER",2,11
2009,"1020006","ASS.DIVISION ENGINEER",2,1
2009,"1020007","ASS.ENGINEER",2,0
2009,"1020008","ASS.DIVISION ENGINEER",2,1
2009,"1020010","ASSISTANT DIVISION ENGINEER",2,0
2009,"1020012","DIVISION ENGINEER",1,5
2009,"1020013","DIVISION ENGINEER",1,0
2009,"1020018","DIVISION ENGINEER",1,5
2009,"1020019","DIVISION ENGINEER",1,5
2009,"1020020","SENIOR ASSISTANT TOWN CLERK",3,0
2009,"1030003","SUB-COUNTY CHIEF",0,5
2009,"1030005","LC III CHAIRMAN",9,1
2009,"1040002","ASS CIVIL ENGINEERING OFFICER WOBULENZI T.C",7,6
2009,"1040004","SUB COUNTY CHIEF",6,6
2009,"1040006","PARISH-CHIEF",11,1
2009,"1040008","SUB-COUNTY CHIEF",1,10
2009,"1050001","MUNICIPAL ENGINEER",1,0
2009,"1050004","SUB-COUNTY CHIEF -BIGASA",1,2
2009,"1050008","SUB-COUNTY CHIEF",5,2
2009,"1050012","SUB-COUNTY CHIEF",2,3
2009,"1050015","SUB COUNTY CHIEF",6,8
2009,"1050023","SUB COUNTY CHIEF",2,6
2009,"1050026","SUB-COUNTY CHIEF",3,2
2009,"1050030","SUB-COUNTY CHIEF",1,4
2009,"1050033","SENIOR ADMINISTRATIVE SECRETARY",2,4
2009,"1060003","SENIOR ASST SECRETARY",9,4
2009,"1060005","SUB-COUNTY CHIEF",0,1
2009,"1060007","SENIOR ADMINISTRATIVE ASSISTANT",3,1
2009,"1060009","TOWN ENGINEER",1,3
2009,"1070001","DEPUTY MAYOR",3,4
2009,"1070002","TOWN ENGINEER",11,0
2009,"1070008","LC V COUNCILLOR FOR KASAMBYA S/COUNTY",7,0
2009,"1070016","SENIOR ASSISTANT SECRETARY",5,
2009,"1070020","SUB COUNTY CHIEF",2,2
2009,"1070023","SENIOR ASSISTANT SECRETARY",1,6
2009,"1080002","ROAD WORKS ASSISTANT",4,6
2009,"1080003","TOWN ENGINEER",15,3
2009,"1080006","SENIOR ASSISTANT SECRETARY",15,3
2009,"1080009","SUB-COUNTY CHIEF",4,10
2009,"1080013","SENIOR ADMINISTRATIVE SECRETARY",4,6
2009,"1080020","SUB COUNTY CHIEF [SAS]",,2
2009,"1080023","SEC. FOR WORKS AND TECHNICAL SERVICES",2,1
2009,"1080033","SUB-COUNTY CHIEF",0,4
2009,"1090004","LC III CHAIRMAN",14,7
2009,"1100001","TOWN CLERK",9,1
2009,"1100005","SUB COUNTY CHIEF",0,7
2009,"1100012","SUB-COUNTY CHIEF",1,9
2009,"1110001","SUB",8,2
2009,"1110003","CDO- COMMUNITY DEVELOPMENT OFFICER",3,6
2009,"1110005","CHAIRMAN  LC III  MIJWALA SUB-COUNTY",3,5
2009,"1120001","CHAIRMAN LC III KAYUNGA TOWN COUNCIL",3,4
2009,"1120003","PARISH CHIEF",6,5
2009,"1120006","CHAIRMAN LC III",3,4
2009,"1130003","LC III CHAIRMAN",8,6
2009,"1130008","SENIOR ADMINISTRATIVE SECRETARY",0,2
2009,"1130010","SUB COUNTY CHIEF",0,7
2009,"1130012","SENIOR ADMINISTRATIVE ASSISTANT",16,4
2009,"1130016","SENIOR ADMINISTRATIVE ASSISTANT",20,4
2009,"1130019","town engineer",2,8
2009,"1130021","TOWN ENGINEER",5,0
2009,"1130023","SENIOR ASSISTANT SECRETARY",8,4
2009,"1140003","MPUMUDDE SUB-COUNTY CHIEF",0,1
2009,"1150031","SUB COUNTY CHIEF",3,0
2009,"1160011","SUB-COUNTY CHIEF",0,3
2009,"2010006","SENIOR ACCTS.ASSISTANT",12,2
2009,"2020001","TOWN ENGINEER",3,8
2009,"2020005","SUB COUNTY CHIEF",1,0
2009,"2020007","SUB-COUNTY",1,2
2009,"2030023","SENIOR ASSISTANT SECRETARY",0,2
2009,"2040002","DIVISION ENGINEER",5,3
2009,"2040012","CHAIRPERSON LC 111",10,0
2009,"2050004","CHAIRMAN LC 111 BUYENDE SUB COUNTY",4,0
2009,"2050013","SENIOR ADMINISTRATIVE SECRETARY",2,8
2009,"2070006","SUB COUNTY CHIEF",0,1
2009,"2080001","TOWN CLERK",3,0
2009,"2080005","SUB-COUNTY",0,8
2009,"2080007","VET OFFICER",7,3
2009,"2090003","SENIOR ASSISTANT TOWN CLERK",1,0
2009,"2090033","SUB-COUNTY CHIEF",1,3
2009,"2100002","TOWN ENGINEER",5,0
2009,"2100004","L.C III",2,1
2009,"2100006","SUBCOUNTY CHIEF",0,5
2009,"2100007","SUBCOUNTY CHIEF",0,3
2009,"2110003","SEN .ASS.TOWN CLERK",13,0
2009,"2110004","NAADS COODINATOR",0,3
2009,"2110007","S.A.S",2,10
2009,"2110009","SUB-COUNTY CHIEF",5,
2009,"2120003","DIVISION ENGINEER",3,4
2009,"2120008","SUB COUNTY CHIEF",2,4
2009,"2120009","SUBCOUNTY CHIEF",3,0
2009,"2120011","SUBCOUNTY CHIEF",2,6
2009,"2120013","ASSISTANT SUBCOUNTY CHIEF",5,0
2009,"2150001","ASSISTANT ENGINEERING OFFICER",3,2
2009,"2150002","SUB-COUNTY CHIEF",3,2
2009,"2150004","SUBCOUNTY CHIEF",0,4
2009,"2150006","SUBCOUNTY CHIEF",0,6
2009,"2160003","SUB ACCOUNTANT",3,10
2009,"2170009","SUBCOUNTY CHIEF",10,3
2009,"2180037","SUB COUNTY CHIEF",3,1
2009,"2200001","SUBCOUNTY CHIEF",1,2
2009,"2230011","SUBCOUNTY CHIEF",2,1
2009,"2240013","SENIOR ADMINISTRATIVE SECRETARY",0,2
2009,"3010003","SUB-COUNTY CHIEF (SENIOR ASS. SECRETARY)",7,11
2009,"3020002","TOWN CLERK",0,8
2009,"3020003","IN-CHARGE OF PLANNING ABOKE SUB-COUNTY",5,
2009,"3020005","SUB-COUNTY CHIEF",5,6
2009,"3020008","SUB-COUNTY CHIEF",5,6
2009,"3020010","LC III",4,4
2009,"3020013","S/C CHIEF",6,3
2009,"3020018","LC 111 C/PERSON",12,11
2009,"3020035","SUB-COUNTY CHIEF",4,5
2009,"3030002","ASSISTANT ENGINEER",3,0
2009,"3030006","VICE CHAIRPERSON LC III",8,3
2009,"3030009","ACTING SUB-COUNTY CHIEF",1,2
2009,"3030015","SAS",5,0
2009,"3030033","PARISH CHIEF (ANYAVU)",11,0
2009,"3040002","LC III PECE DIVISION",3,6
2009,"3040007","ENGINEERING ASSISTANT",5,4
2009,"3040009","LC III",3,11
2009,"3040014","ACTING SUB-COUNTY CHIEF(PARISH CHIEF)",0,5
2009,"3050001","TOWN ENGINEER",2,6
2009,"3060006","SENIOR ASSISTANT SECRETARY",2,5
2009,"3060007","S.C.A.O",4,6
2009,"3070002","ASSISTANT TOWN CLERK",8,7
2009,"3070005","LC III",24,0
2009,"3070007","SENIOR ASSISTANT TOWN CLERK",0,8
2009,"3070012","SUB-COUNTY CHIEF",2,6
2009,"3070017","SUB-COUNTY CHIEF",2,0
2009,"3070018","SUB-COUNTY CHIEF",2,0
2009,"3070020","AG. S/C CHIEF(PARISH CHIEF ABITING)",3,0
2009,"3070022","LC III",8,6
2009,"3070023","SUB-COUNTY CHIEF",3,8
2009,"3070025","SUB-COUNTY CHIEF",2,6
2009,"3080002","L.C.3 CHAIRMAN",4,5
2009,"3080004","SUB-ACCOUNTANT",2,2
2009,"3090001","SUB-COUNTY CHIEF(ACTING)",1,2
2009,"3090002","CDO",2,2
2009,"3100001","COUNCIL ENGINEER",2,2
2009,"3100004","ASS.ENG.OFFICER T.C",13,8
2009,"3100006","ACTING SUB-COUNTYCHIEF",10,5
2009,"3100007","LCIII C/PERSON",8,3
2009,"3100008","SUB-COUNTY CHIEF",0,7
2009,"3100009","SUB-COUNTY CHIEF",1,5
2009,"3100010","ADMINISTRATIVE ASSISTANT",7,8
2009,"3100012","SUB-COUNTY CHIEF(SAS)",1,6
2009,"3110001","PRINCIPAL TOWN CLEREK",8,0
2009,"3110003","COMMUNITY DEVELOPMENT OFFICER",0,8
2009,"3130001","CDO/SAS",1,0
2009,"3130002","SEC. FOR WORKS/VICE CHAIRPERSON LCIII",3,3
2009,"3130003","SEC.FOR WORKS/VICE C/PERSON LCIII",3,5
2009,"3150016","SUB-COUNTY CHIEF",0,1
2009,"3160016","AG.SUB-COUNTY CHIEF(CDO-COMMUNITY DEV`T OFFICER)",3,11
2009,"3170009","LC III CHAIRPERSON",3,1
2009,"3170010","LC III C/M",3,10
2009,"3170011","LC III",11,9
2009,"3180001","TOWN CLERK",6,2
2009,"3180002","SUB COUNTY CHIEF",0,6
2009,"3180003","SUB-ACCOUNTANT",0,1
2009,"3180004","SUB COUNTY CHIEF",3,4
2009,"3190005","TOWN ENGINEER",10,11
2009,"3190012","SUB-CUNTY CHIEF",2,4
2009,"3200018","LC III CHAIRMAN",3,5
2009,"3200021","SUB-COUNTY CHIEF",0,2
2009,"3200024","SENIOR ASSISTANT SECRETARY (SUB-COUNTY CHIEF)",3,10
2009,"3200027","SENIOR ASSISTANT SECRETARY (CHIEF)",3,10
2009,"3200030","SUB-COUNTY CHIEF",1,11
2009,"3210021","ACTING SUB-COUNTY CHIEF",7,0
2009,"3210023","ACTING SUB-COUNTY CHIEF",9,0
2009,"3210028","SUB-COUNTY CHIEF",1,10
2009,"3210030","LC III",9,8
2009,"4010003","VICE CHAIR MAN LC111",3,6
2009,"4020002","LAND SUPERVISOR",12,10
2009,"4020007","COMMUNITY DEVELOPMENT ASSISTANT",0,1
2009,"4020011","CHAIRMAN LC III",11,0
2009,"4020016","CHAIRMAN LC III",4,8
2009,"4020020","CHAIRMAN LC III",8,5
2009,"4020025","SUB COUNTY CHIEF",2,0
2009,"4020030","CHAIRMAN LC III",9,4
2009,"4030006","LC111 CHAIR PERSON",10,0
2009,"4040003","SENIOR ASSISTANT TOWN CLERK",4,6
2009,"4040006","SUB COUNTY CHIEF",0,8
2009,"4040008","SUB COUNTY CHIEF",0,8
2009,"4040010","SUB COUNTY CHIEF",2,0
2009,"4040012","CHAIRMAN LC III",5,0
2009,"4050005","LC111 CHAIRPERSON",9,1
2009,"4050006","SECRETARY FOR FINANCE/VICE LC111 CHAIRPERSON",,
2009,"4050010","LC111 CHAIRMAN",8,4
2009,"4060008","VICE LC111 CHAIRPERSON",2,7
2009,"4060010","LC111 CHAIR PERSON",5,0
2009,"4060011","LC111 CHAIRPERSON",3,9
2009,"4060013","LC111 CHAIRPERSON",,
2009,"4070003","LC111 CHAIR PERSON",3,4
2009,"4070005","LCIII CHAIR PERSON",7,
2009,"4070007","LC111 CHAIRMAN",3,0
2009,"4080002","CHAIRMAN LC III",13,6
2009,"4080004","SUB COUNTY CHIEF (SAS)",2,3
2009,"4090005","LC111 CHAIRMAN",11,
2009,"4090011","LC111 CHAIR PERSON",2,8
2009,"4100001","CHAIRMAN LC III",8,6
2009,"4100005","SENIOR ENGINEETING ASSISTANT",7,4
2009,"4100026","SUB COUNTY CHIEF",0,7
2009,"4100029","VICE CHAIRMAN LC III",4,2
2009,"4100038","SUB COUNTY CHIEF",0,5
2009,"4110002","TOWN CLERK",8,4
2009,"4110004","SUB COUNTY SECRETARY",3,8
2009,"4110006","SUB ACCOUNTANT",3,0
2009,"4110007","SUB COUNTY CHIEF",1,6
2009,"4110009","SUBCOUNTY CHIEF/SAS",0,10
2009,"4120003","CHAIRMAN LC III",9,2
2009,"4120005","SUB COUNTY CHIFE",1,2
2009,"4130002","LC111 CHAIRMAN",0,3
2009,"4130003","VICE CHAIR PERSON LC111",4,0
2009,"4130005","LC111 CHAIRMAN",7,
2009,"4140001","TOWN ENGINEER",3,6
2009,"4140003","CHAIRMAN LOCAL COUNCIL III",4,8
2009,"4140005","SUB COUNTY CHIEF RUGYEYO",0,1
2009,"4150002","LC111 CHAIR PERSON TC",4,1
2009,"4150006","LC111 CHAIR PERSON",2,5
2009,"4150007","PARISH CHIEF RWAMUKOORA",14,
2009,"4150009","SUBCOUNTY CHIEF",0,0
2009,"4170008","ACTING TOWN CLERK",3,0
2009,"4170014","ASSITANT COMMUNITY DEVELOPMENT OFFICER",3,5
2009,"4170017","SUB COUNTY CHIEF (SAS)",2,3
2009,"4180011","SUB ACCOUNTS",2,3
2009,"4180020","TOWN ENGINEER",2,1
2009,"4190032","CHAIRMAN LC III",9,2
2009,"4190035","SUB COUNTY CHIEF",8,0
