"year","comcod","c3isn","c3iq44","c3iq45","c3iq46a","c3iq46b","c3iq47"
2009,"1010002",1,"District Educati",,,,
2009,"1010002",2,"District Inspect",,,,
2009,"1010002",3,"Center Coordinat",,,,
2009,"1010002",4,"Other 1 (Specify",,,,
2009,"1010002",5,"Other 2 (Specify",,,,
2009,"1020002",1,"District Educati",2,2,2010,8
2009,"1020002",2,"District Inspect",1,9,2009,8
2009,"1020002",3,"Center Coordinat",2,4,2010,8
2009,"1020002",4,"Other 1 (Specify",2,,,
2009,"1020002",5,"Other 2 (Specify",2,,,
2009,"1020003",1,"District Educati",,,,
2009,"1020003",2,"District Inspect",,,,
2009,"1020003",3,"Center Coordinat",,,,
2009,"1020003",4,"Other 1 (Specify",,,,
2009,"1020003",5,"Other 2 (Specify",,,,
2009,"1020004",1,"District Educati",1,4,2010,1
2009,"1020004",2,"District Inspect",1,5,2010,1
2009,"1020004",3,"Center Coordinat",1,6,2010,1
2009,"1020004",4,"Other 1 (Specify",1,6,2010,2
2009,"1020004",5,"Other 2 (Specify",1,6,2010,1
2009,"1020005",1,"District Educati",1,4,2010,2
2009,"1020005",2,"District Inspect",1,6,2010,4
2009,"1020005",3,"Center Coordinat",1,6,2010,2
2009,"1020005",4,"Other 1 (Specify",1,6,2010,2
2009,"1020005",5,"Other 2 (Specify",1,4,2010,2
2009,"1020006",1,"District Educati",2,,,
2009,"1020006",2,"District Inspect",2,,,
2009,"1020006",3,"Center Coordinat",2,,,
2009,"1020006",4,"Other 1 (Specify",1,9,2009,4
2009,"1020006",5,"Other 2 (Specify",2,,,
2009,"1020008",1,"District Educati",1,9,2009,2
2009,"1020008",2,"District Inspect",1,9,2009,2
2009,"1020008",3,"Center Coordinat",2,,,
2009,"1020008",4,"Other 1 (Specify",1,9,2009,8
2009,"1020008",5,"Other 2 (Specify",2,,,
2009,"1020010",1,"District Educati",1,6,2010,2
2009,"1020010",2,"District Inspect",1,6,2010,2
2009,"1020010",3,"Center Coordinat",1,5,2010,1
2009,"1020010",4,"Other 1 (Specify",1,4,2010,1
2009,"1020010",5,"Other 2 (Specify",,,,
2009,"1020011",1,"District Educati",1,7,2010,1
2009,"1020011",2,"District Inspect",1,7,2010,1
2009,"1020011",3,"Center Coordinat",1,6,2010,1
2009,"1020011",4,"Other 1 (Specify",1,4,2010,1
2009,"1020011",5,"Other 2 (Specify",,,,
2009,"1020012",1,"District Educati",1,11,2009,2
2009,"1020012",2,"District Inspect",1,11,2009,2
2009,"1020012",3,"Center Coordinat",1,11,2009,2
2009,"1020012",4,"Other 1 (Specify",1,11,2009,2
2009,"1020012",5,"Other 2 (Specify",,,,
2009,"1020014",1,"District Educati",,,,
2009,"1020014",2,"District Inspect",,,,
2009,"1020014",3,"Center Coordinat",,,,
2009,"1020014",4,"Other 1 (Specify",,,,
2009,"1020014",5,"Other 2 (Specify",,,,
2009,"1020015",1,"District Educati",,,,
2009,"1020015",2,"District Inspect",,,,
2009,"1020015",3,"Center Coordinat",,,,
2009,"1020015",4,"Other 1 (Specify",,,,
2009,"1020015",5,"Other 2 (Specify",,,,
2009,"1020017",1,"District Educati",,,,
2009,"1020017",2,"District Inspect",,,,
2009,"1020017",3,"Center Coordinat",,,,
2009,"1020017",4,"Other 1 (Specify",,,,
2009,"1020017",5,"Other 2 (Specify",,,,
2009,"1020018",1,"District Educati",1,2,2010,1
2009,"1020018",2,"District Inspect",1,2,2010,1
2009,"1020018",3,"Center Coordinat",1,2,2010,1
2009,"1020018",4,"Other 1 (Specify",1,10,2009,2
2009,"1020018",5,"Other 2 (Specify",,,,
2009,"1020020",1,"District Educati",1,9,2009,8
2009,"1020020",2,"District Inspect",1,8,2009,8
2009,"1020020",3,"Center Coordinat",1,10,2009,8
2009,"1020020",4,"Other 1 (Specify",1,10,2009,8
2009,"1020020",5,"Other 2 (Specify",1,8,2009,3
2009,"1020021",1,"District Educati",1,10,2009,2
2009,"1020021",2,"District Inspect",1,9,2009,2
2009,"1020021",3,"Center Coordinat",1,8,2009,3
2009,"1020021",4,"Other 1 (Specify",2,,,
2009,"1020021",5,"Other 2 (Specify",2,,,
2009,"1020022",1,"District Educati",1,3,2010,2
2009,"1020022",2,"District Inspect",1,2,2010,2
2009,"1020022",3,"Center Coordinat",1,5,2010,1
2009,"1020022",4,"Other 1 (Specify",,,,
2009,"1020022",5,"Other 2 (Specify",,,,
2009,"1020023",1,"District Educati",1,4,2010,2
2009,"1020023",2,"District Inspect",1,4,2010,2
2009,"1020023",3,"Center Coordinat",1,7,2010,1
2009,"1020023",4,"Other 1 (Specify",1,6,2010,2
2009,"1020023",5,"Other 2 (Specify",1,4,2010,1
2009,"1020024",1,"District Educati",,,,
2009,"1020024",2,"District Inspect",,,,
2009,"1020024",3,"Center Coordinat",,,,
2009,"1020024",4,"Other 1 (Specify",,,,
2009,"1020024",5,"Other 2 (Specify",,,,
2009,"1020026",1,"District Educati",1,10,2009,2
2009,"1020026",2,"District Inspect",1,9,2009,2
2009,"1020026",3,"Center Coordinat",1,9,2009,2
2009,"1020026",4,"Other 1 (Specify",2,4,2010,3
2009,"1020026",5,"Other 2 (Specify",2,,,
2009,"1020027",1,"District Educati",,,,
2009,"1020027",2,"District Inspect",,,,
2009,"1020027",3,"Center Coordinat",,,,
2009,"1020027",4,"Other 1 (Specify",,,,
2009,"1020027",5,"Other 2 (Specify",,,,
2009,"1020028",1,"District Educati",1,6,2010,1
2009,"1020028",2,"District Inspect",1,6,2010,1
2009,"1020028",3,"Center Coordinat",1,6,2010,1
2009,"1020028",4,"Other 1 (Specify",,,,
2009,"1020028",5,"Other 2 (Specify",,,,
2009,"1020030",1,"District Educati",,,,
2009,"1020030",2,"District Inspect",,,,
2009,"1020030",3,"Center Coordinat",,,,
2009,"1020030",4,"Other 1 (Specify",,,,
2009,"1020030",5,"Other 2 (Specify",,,,
2009,"1020032",1,"District Educati",,,,
2009,"1020032",2,"District Inspect",,,,
2009,"1020032",3,"Center Coordinat",,,,
2009,"1020032",4,"Other 1 (Specify",,,,
2009,"1020032",5,"Other 2 (Specify",,,,
2009,"1020033",1,"District Educati",1,10,2009,1
2009,"1020033",2,"District Inspect",2,,,
2009,"1020033",3,"Center Coordinat",1,10,2009,1
2009,"1020033",4,"Other 1 (Specify",1,10,2009,2
2009,"1020033",5,"Other 2 (Specify",2,,,
2009,"1020034",1,"District Educati",1,3,2010,3
2009,"1020034",2,"District Inspect",1,2,2010,2
2009,"1020034",3,"Center Coordinat",1,3,2010,2
2009,"1020034",4,"Other 1 (Specify",1,4,2010,8
2009,"1020034",5,"Other 2 (Specify",1,9,2009,4
2009,"1030005",1,"District Educati",2,,,8
2009,"1030005",2,"District Inspect",2,,,8
2009,"1030005",3,"Center Coordinat",1,4,2009,4
2009,"1030005",4,"Other 1 (Specify",1,9,2009,4
2009,"1030005",5,"Other 2 (Specify",2,,,
2009,"1040002",1,"District Educati",1,7,2009,8
2009,"1040002",2,"District Inspect",1,8,2009,8
2009,"1040002",3,"Center Coordinat",1,9,2009,8
2009,"1040002",4,"Other 1 (Specify",1,10,2009,1
2009,"1040002",5,"Other 2 (Specify",,,,
2009,"1040004",1,"District Educati",1,3,2009,1
2009,"1040004",2,"District Inspect",1,7,2009,2
2009,"1040004",3,"Center Coordinat",1,7,2009,1
2009,"1040004",4,"Other 1 (Specify",1,6,2009,8
2009,"1040004",5,"Other 2 (Specify",1,8,2009,3
2009,"1040006",1,"District Educati",2,,,
2009,"1040006",2,"District Inspect",1,6,2009,3
2009,"1040006",3,"Center Coordinat",2,,,
2009,"1040006",4,"Other 1 (Specify",1,11,2009,4
2009,"1040006",5,"Other 2 (Specify",2,,,
2009,"1040008",1,"District Educati",1,2,2009,8
2009,"1040008",2,"District Inspect",1,9,2009,1
2009,"1040008",3,"Center Coordinat",1,10,2009,8
2009,"1040008",4,"Other 1 (Specify",1,9,2009,8
2009,"1040008",5,"Other 2 (Specify",2,,,
2009,"1050001",1,"District Educati",1,2,2010,2
2009,"1050001",2,"District Inspect",1,7,2009,3
2009,"1050001",3,"Center Coordinat",1,11,2009,2
2009,"1050001",4,"Other 1 (Specify",1,11,2009,3
2009,"1050001",5,"Other 2 (Specify",2,,,
2009,"1050003",1,"District Educati",1,3,2010,2
2009,"1050003",2,"District Inspect",1,6,2010,4
2009,"1050003",3,"Center Coordinat",1,6,2010,2
2009,"1050003",4,"Other 1 (Specify",1,3,2010,2
2009,"1050003",5,"Other 2 (Specify",1,6,2010,4
2009,"1050004",1,"District Educati",1,11,2008,4
2009,"1050004",2,"District Inspect",1,3,2009,4
2009,"1050004",3,"Center Coordinat",1,7,2009,1
2009,"1050004",4,"Other 1 (Specify",,,,
2009,"1050004",5,"Other 2 (Specify",,,,
2009,"1050008",1,"District Educati",1,9,2009,3
2009,"1050008",2,"District Inspect",1,6,2009,3
2009,"1050008",3,"Center Coordinat",1,9,2009,2
2009,"1050008",4,"Other 1 (Specify",1,9,2009,3
2009,"1050008",5,"Other 2 (Specify",1,10,2009,8
2009,"1050012",1,"District Educati",,,,
2009,"1050012",2,"District Inspect",,,,
2009,"1050012",3,"Center Coordinat",,,,
2009,"1050012",4,"Other 1 (Specify",,,,
2009,"1050012",5,"Other 2 (Specify",,,,
2009,"1050015",1,"District Educati",1,9,2009,3
2009,"1050015",2,"District Inspect",1,10,2009,3
2009,"1050015",3,"Center Coordinat",1,10,2009,3
2009,"1050015",4,"Other 1 (Specify",1,9,2009,4
2009,"1050015",5,"Other 2 (Specify",2,,,
2009,"1050019",1,"District Educati",1,6,2010,4
2009,"1050019",2,"District Inspect",2,,,
2009,"1050019",3,"Center Coordinat",2,,,
2009,"1050019",4,"Other 1 (Specify",2,,,
2009,"1050019",5,"Other 2 (Specify",2,,,
2009,"1050026",1,"District Educati",2,,,
2009,"1050026",2,"District Inspect",1,2,2009,4
2009,"1050026",3,"Center Coordinat",2,,,
2009,"1050026",4,"Other 1 (Specify",2,4,2010,2
2009,"1050026",5,"Other 2 (Specify",2,3,2010,4
2009,"1050030",1,"District Educati",1,9,2009,8
2009,"1050030",2,"District Inspect",1,6,2009,8
2009,"1050030",3,"Center Coordinat",1,9,2009,8
2009,"1050030",4,"Other 1 (Specify",1,1,2009,8
2009,"1050030",5,"Other 2 (Specify",,,,
2009,"1050033",1,"District Educati",1,4,2009,2
2009,"1050033",2,"District Inspect",2,,,
2009,"1050033",3,"Center Coordinat",1,6,2009,2
2009,"1050033",4,"Other 1 (Specify",1,5,2009,4
2009,"1050033",5,"Other 2 (Specify",,,,
2009,"1060003",1,"District Educati",1,9,2009,2
2009,"1060003",2,"District Inspect",2,,,
2009,"1060003",3,"Center Coordinat",1,11,2009,1
2009,"1060003",4,"Other 1 (Specify",1,7,2009,4
2009,"1060003",5,"Other 2 (Specify",2,,,
2009,"1060007",1,"District Educati",,,,
2009,"1060007",2,"District Inspect",,,,
2009,"1060007",3,"Center Coordinat",,,,
2009,"1060007",4,"Other 1 (Specify",,,,
2009,"1060007",5,"Other 2 (Specify",,,,
2009,"1060009",1,"District Educati",1,8,2009,2
2009,"1060009",2,"District Inspect",1,7,2009,2
2009,"1060009",3,"Center Coordinat",1,6,2009,1
2009,"1060009",4,"Other 1 (Specify",1,6,2009,1
2009,"1060009",5,"Other 2 (Specify",2,,,
2009,"1070002",1,"District Educati",1,10,2009,2
2009,"1070002",2,"District Inspect",1,10,2009,2
2009,"1070002",3,"Center Coordinat",1,9,2009,2
2009,"1070002",4,"Other 1 (Specify",1,9,2009,2
2009,"1070002",5,"Other 2 (Specify",1,8,2009,3
2009,"1070008",1,"District Educati",,,,
2009,"1070008",2,"District Inspect",,,,
2009,"1070008",3,"Center Coordinat",,,,
2009,"1070008",4,"Other 1 (Specify",,,,
2009,"1070008",5,"Other 2 (Specify",,,,
2009,"1070012",1,"District Educati",1,9,2009,1
2009,"1070012",2,"District Inspect",1,2,2010,2
2009,"1070012",3,"Center Coordinat",1,9,2009,1
2009,"1070012",4,"Other 1 (Specify",1,10,2009,1
2009,"1070012",5,"Other 2 (Specify",2,6,2010,3
2009,"1070016",1,"District Educati",1,7,2009,4
2009,"1070016",2,"District Inspect",1,11,2009,2
2009,"1070016",3,"Center Coordinat",1,11,2009,1
2009,"1070016",4,"Other 1 (Specify",1,9,2009,2
2009,"1070016",5,"Other 2 (Specify",2,,,
2009,"1070023",1,"District Educati",,,,
2009,"1070023",2,"District Inspect",,,,
2009,"1070023",3,"Center Coordinat",,,,
2009,"1070023",4,"Other 1 (Specify",,,,
2009,"1070023",5,"Other 2 (Specify",,,,
2009,"1080002",1,"District Educati",1,9,2009,2
2009,"1080002",2,"District Inspect",1,9,2009,8
2009,"1080002",3,"Center Coordinat",1,9,2009,1
2009,"1080002",4,"Other 1 (Specify",1,10,2009,2
2009,"1080002",5,"Other 2 (Specify",1,9,2009,2
2009,"1080003",1,"District Educati",2,8,2010,2
2009,"1080003",2,"District Inspect",1,9,2009,8
2009,"1080003",3,"Center Coordinat",1,10,2009,8
2009,"1080003",4,"Other 1 (Specify",1,6,2009,8
2009,"1080003",5,"Other 2 (Specify",1,10,2009,4
2009,"1080006",1,"District Educati",1,6,2009,2
2009,"1080006",2,"District Inspect",1,9,2009,2
2009,"1080006",3,"Center Coordinat",2,,,
2009,"1080006",4,"Other 1 (Specify",2,,,
2009,"1080006",5,"Other 2 (Specify",,,,
2009,"1080013",1,"District Educati",1,8,2009,2
2009,"1080013",2,"District Inspect",1,8,2009,2
2009,"1080013",3,"Center Coordinat",2,,,
2009,"1080013",4,"Other 1 (Specify",1,6,2009,8
2009,"1080013",5,"Other 2 (Specify",2,,,
2009,"1080016",1,"District Educati",2,,,
2009,"1080016",2,"District Inspect",2,,,
2009,"1080016",3,"Center Coordinat",2,,,
2009,"1080016",4,"Other 1 (Specify",2,,,
2009,"1080016",5,"Other 2 (Specify",2,,,
2009,"1080020",1,"District Educati",1,7,2010,3
2009,"1080020",2,"District Inspect",2,,,
2009,"1080020",3,"Center Coordinat",1,6,2010,1
2009,"1080020",4,"Other 1 (Specify",1,7,2010,2
2009,"1080020",5,"Other 2 (Specify",2,,,
2009,"1080023",1,"District Educati",,,,
2009,"1080023",2,"District Inspect",,,,
2009,"1080023",3,"Center Coordinat",,,,
2009,"1080023",4,"Other 1 (Specify",,,,
2009,"1080023",5,"Other 2 (Specify",,,,
2009,"1080027",1,"District Educati",1,11,2009,4
2009,"1080027",2,"District Inspect",1,11,2009,8
2009,"1080027",3,"Center Coordinat",1,10,2009,8
2009,"1080027",4,"Other 1 (Specify",1,12,2009,1
2009,"1080027",5,"Other 2 (Specify",1,10,2009,8
2009,"1080030",1,"District Educati",1,3,2010,8
2009,"1080030",2,"District Inspect",1,5,2010,8
2009,"1080030",3,"Center Coordinat",1,5,2010,1
2009,"1080030",4,"Other 1 (Specify",1,6,2010,8
2009,"1080030",5,"Other 2 (Specify",,,,
2009,"1090004",1,"District Educati",1,6,2010,3
2009,"1090004",2,"District Inspect",1,6,2010,3
2009,"1090004",3,"Center Coordinat",2,,,
2009,"1090004",4,"Other 1 (Specify",2,,,
2009,"1090004",5,"Other 2 (Specify",2,,,
2009,"1100001",1,"District Educati",2,,,
2009,"1100001",2,"District Inspect",1,10,2009,4
2009,"1100001",3,"Center Coordinat",1,9,2009,2
2009,"1100001",4,"Other 1 (Specify",1,10,2009,1
2009,"1100001",5,"Other 2 (Specify",1,8,2009,3
2009,"1100005",1,"District Educati",1,10,2009,2
2009,"1100005",2,"District Inspect",1,11,2009,2
2009,"1100005",3,"Center Coordinat",1,,2008,4
2009,"1100005",4,"Other 1 (Specify",1,10,2009,3
2009,"1100005",5,"Other 2 (Specify",,,,
2009,"1100007",1,"District Educati",1,7,2009,3
2009,"1100007",2,"District Inspect",1,7,2009,3
2009,"1100007",3,"Center Coordinat",1,11,2009,8
2009,"1100007",4,"Other 1 (Specify",1,6,2009,8
2009,"1100007",5,"Other 2 (Specify",2,,,
2009,"1100012",1,"District Educati",2,,,
2009,"1100012",2,"District Inspect",1,5,2010,4
2009,"1100012",3,"Center Coordinat",1,4,2010,8
2009,"1100012",4,"Other 1 (Specify",1,6,2009,3
2009,"1100012",5,"Other 2 (Specify",2,,,
2009,"1110001",1,"District Educati",1,10,2009,8
2009,"1110001",2,"District Inspect",1,10,2009,1
2009,"1110001",3,"Center Coordinat",1,10,2009,1
2009,"1110001",4,"Other 1 (Specify",1,9,2009,8
2009,"1110001",5,"Other 2 (Specify",1,10,2009,2
2009,"1110003",1,"District Educati",1,3,2010,8
2009,"1110003",2,"District Inspect",1,2,2010,3
2009,"1110003",3,"Center Coordinat",1,3,2010,8
2009,"1110003",4,"Other 1 (Specify",1,3,2010,8
2009,"1110003",5,"Other 2 (Specify",2,,,
2009,"1110005",1,"District Educati",1,11,2009,8
2009,"1110005",2,"District Inspect",1,10,2009,8
2009,"1110005",3,"Center Coordinat",1,11,2009,8
2009,"1110005",4,"Other 1 (Specify",1,10,2009,8
2009,"1110005",5,"Other 2 (Specify",2,,,
2009,"1120003",1,"District Educati",2,,,
2009,"1120003",2,"District Inspect",1,10,2009,2
2009,"1120003",3,"Center Coordinat",1,7,2009,3
2009,"1120003",4,"Other 1 (Specify",2,7,2010,8
2009,"1120003",5,"Other 2 (Specify",2,,,
2009,"1120006",1,"District Educati",1,3,2010,3
2009,"1120006",2,"District Inspect",1,4,2010,3
2009,"1120006",3,"Center Coordinat",1,4,2010,2
2009,"1120006",4,"Other 1 (Specify",2,,,
2009,"1120006",5,"Other 2 (Specify",,,,
2009,"1130002",1,"District Educati",1,3,2010,3
2009,"1130002",2,"District Inspect",1,3,2010,3
2009,"1130002",3,"Center Coordinat",1,4,2010,1
2009,"1130002",4,"Other 1 (Specify",2,,,
2009,"1130002",5,"Other 2 (Specify",,,,
2009,"1130003",1,"District Educati",2,,,
2009,"1130003",2,"District Inspect",1,10,2009,1
2009,"1130003",3,"Center Coordinat",1,7,2009,4
2009,"1130003",4,"Other 1 (Specify",,,,
2009,"1130003",5,"Other 2 (Specify",,,,
2009,"1130004",1,"District Educati",1,9,2009,
2009,"1130004",2,"District Inspect",1,9,2009,4
2009,"1130004",3,"Center Coordinat",2,,,
2009,"1130004",4,"Other 1 (Specify",2,,,
2009,"1130004",5,"Other 2 (Specify",2,,,
2009,"1130006",1,"District Educati",,,,
2009,"1130006",2,"District Inspect",,,,
2009,"1130006",3,"Center Coordinat",,,,
2009,"1130006",4,"Other 1 (Specify",,,,
2009,"1130006",5,"Other 2 (Specify",,,,
2009,"1130007",1,"District Educati",2,,,
2009,"1130007",2,"District Inspect",1,3,2009,4
2009,"1130007",3,"Center Coordinat",1,6,2009,8
2009,"1130007",4,"Other 1 (Specify",1,7,2009,4
2009,"1130007",5,"Other 2 (Specify",1,11,2009,4
2009,"1130010",1,"District Educati",1,99,2009,2
2009,"1130010",2,"District Inspect",1,99,2009,8
2009,"1130010",3,"Center Coordinat",1,99,2009,8
2009,"1130010",4,"Other 1 (Specify",1,99,2009,2
2009,"1130010",5,"Other 2 (Specify",,,,
2009,"1130012",1,"District Educati",1,9,2009,1
2009,"1130012",2,"District Inspect",1,10,2009,1
2009,"1130012",3,"Center Coordinat",1,9,2009,1
2009,"1130012",4,"Other 1 (Specify",1,9,2009,2
2009,"1130012",5,"Other 2 (Specify",2,,,
2009,"1130014",1,"District Educati",,,,
2009,"1130014",2,"District Inspect",,,,
2009,"1130014",3,"Center Coordinat",,,,
2009,"1130014",4,"Other 1 (Specify",,,,
2009,"1130014",5,"Other 2 (Specify",,,,
2009,"1130016",1,"District Educati",1,11,2009,4
2009,"1130016",2,"District Inspect",1,4,2009,8
2009,"1130016",3,"Center Coordinat",1,8,2009,4
2009,"1130016",4,"Other 1 (Specify",1,11,2009,8
2009,"1130016",5,"Other 2 (Specify",,,,
2009,"1130021",1,"District Educati",1,4,2010,3
2009,"1130021",2,"District Inspect",1,5,2010,3
2009,"1130021",3,"Center Coordinat",1,5,2010,8
2009,"1130021",4,"Other 1 (Specify",1,11,2009,3
2009,"1130021",5,"Other 2 (Specify",,,,
2009,"1130023",1,"District Educati",1,3,2009,2
2009,"1130023",2,"District Inspect",1,7,2009,2
2009,"1130023",3,"Center Coordinat",1,2,2009,3
2009,"1130023",4,"Other 1 (Specify",1,3,2009,3
2009,"1130023",5,"Other 2 (Specify",2,,,
2009,"1130025",1,"District Educati",2,,,
2009,"1130025",2,"District Inspect",1,3,2010,3
2009,"1130025",3,"Center Coordinat",1,7,2010,2
2009,"1130025",4,"Other 1 (Specify",1,6,2010,2
2009,"1130025",5,"Other 2 (Specify",,,,
2009,"1140003",1,"District Educati",1,4,2009,3
2009,"1140003",2,"District Inspect",1,9,2009,2
2009,"1140003",3,"Center Coordinat",1,9,2009,8
2009,"1140003",4,"Other 1 (Specify",1,9,2009,8
2009,"1140003",5,"Other 2 (Specify",2,,,
2009,"1150004",1,"District Educati",1,6,2010,8
2009,"1150004",2,"District Inspect",2,,,
2009,"1150004",3,"Center Coordinat",1,3,2010,8
2009,"1150004",4,"Other 1 (Specify",1,7,2010,8
2009,"1150004",5,"Other 2 (Specify",2,,,
2009,"1150027",1,"District Educati",1,8,2009,4
2009,"1150027",2,"District Inspect",1,10,2009,1
2009,"1150027",3,"Center Coordinat",1,8,2009,1
2009,"1150027",4,"Other 1 (Specify",2,,,
2009,"1150027",5,"Other 2 (Specify",2,,,
2009,"1150031",1,"District Educati",1,99,2009,8
2009,"1150031",2,"District Inspect",1,99,2009,8
2009,"1150031",3,"Center Coordinat",1,99,2009,1
2009,"1150031",4,"Other 1 (Specify",2,,,
2009,"1150031",5,"Other 2 (Specify",,,,
2009,"1160011",1,"District Educati",2,,,
2009,"1160011",2,"District Inspect",1,10,2009,2
2009,"1160011",3,"Center Coordinat",1,9,2009,3
2009,"1160011",4,"Other 1 (Specify",1,9,2009,4
2009,"1160011",5,"Other 2 (Specify",2,,,
2009,"1160013",1,"District Educati",1,4,2010,4
2009,"1160013",2,"District Inspect",2,,,
2009,"1160013",3,"Center Coordinat",2,,,
2009,"1160013",4,"Other 1 (Specify",1,9,2009,8
2009,"1160013",5,"Other 2 (Specify",2,,,
2009,"2010004",1,"District Educati",1,4,2010,2
2009,"2010004",2,"District Inspect",1,4,2010,2
2009,"2010004",3,"Center Coordinat",1,7,2009,2
2009,"2010004",4,"Other 1 (Specify",2,,,
2009,"2010004",5,"Other 2 (Specify",2,,,
2009,"2010008",1,"District Educati",1,2,2007,4
2009,"2010008",2,"District Inspect",1,10,2009,4
2009,"2010008",3,"Center Coordinat",1,5,2009,4
2009,"2010008",4,"Other 1 (Specify",1,3,2010,2
2009,"2010008",5,"Other 2 (Specify",,,,
2009,"2010009",1,"District Educati",1,7,2010,2
2009,"2010009",2,"District Inspect",1,4,2010,2
2009,"2010009",3,"Center Coordinat",1,8,2010,2
2009,"2010009",4,"Other 1 (Specify",1,7,2010,1
2009,"2010009",5,"Other 2 (Specify",2,,,
2009,"2020001",1,"District Educati",,,,
2009,"2020001",2,"District Inspect",,,,
2009,"2020001",3,"Center Coordinat",,,,
2009,"2020001",4,"Other 1 (Specify",,,,
2009,"2020001",5,"Other 2 (Specify",,,,
2009,"2020005",1,"District Educati",1,2,2008,4
2009,"2020005",2,"District Inspect",1,5,2009,4
2009,"2020005",3,"Center Coordinat",1,8,2009,2
2009,"2020005",4,"Other 1 (Specify",2,,,
2009,"2020005",5,"Other 2 (Specify",2,,,
2009,"2020007",1,"District Educati",,,,
2009,"2020007",2,"District Inspect",,,,
2009,"2020007",3,"Center Coordinat",,,,
2009,"2020007",4,"Other 1 (Specify",,,,
2009,"2020007",5,"Other 2 (Specify",,,,
2009,"2030001",1,"District Educati",,,,
2009,"2030001",2,"District Inspect",,,,
2009,"2030001",3,"Center Coordinat",,,,
2009,"2030001",4,"Other 1 (Specify",,,,
2009,"2030001",5,"Other 2 (Specify",,,,
2009,"2030004",1,"District Educati",1,6,2010,1
2009,"2030004",2,"District Inspect",1,5,2010,1
2009,"2030004",3,"Center Coordinat",1,3,2010,1
2009,"2030004",4,"Other 1 (Specify",2,,,
2009,"2030004",5,"Other 2 (Specify",2,,,
2009,"2030018",1,"District Educati",2,3,2010,2
2009,"2030018",2,"District Inspect",1,9,2009,2
2009,"2030018",3,"Center Coordinat",1,7,2009,2
2009,"2030018",4,"Other 1 (Specify",2,3,2010,2
2009,"2030018",5,"Other 2 (Specify",2,,,
2009,"2030023",1,"District Educati",1,10,2009,4
2009,"2030023",2,"District Inspect",1,6,2010,2
2009,"2030023",3,"Center Coordinat",1,6,2010,1
2009,"2030023",4,"Other 1 (Specify",2,,,
2009,"2030023",5,"Other 2 (Specify",2,,,
2009,"2030028",1,"District Educati",,,,
2009,"2030028",2,"District Inspect",,,,
2009,"2030028",3,"Center Coordinat",,,,
2009,"2030028",4,"Other 1 (Specify",,,,
2009,"2030028",5,"Other 2 (Specify",,,,
2009,"2030033",1,"District Educati",,,,
2009,"2030033",2,"District Inspect",,,,
2009,"2030033",3,"Center Coordinat",,,,
2009,"2030033",4,"Other 1 (Specify",,,,
2009,"2030033",5,"Other 2 (Specify",,,,
2009,"2040006",1,"District Educati",1,7,2010,1
2009,"2040006",2,"District Inspect",1,7,2010,1
2009,"2040006",3,"Center Coordinat",1,3,2010,2
2009,"2040006",4,"Other 1 (Specify",2,,,
2009,"2040006",5,"Other 2 (Specify",2,,,
2009,"2040009",1,"District Educati",1,10,2009,1
2009,"2040009",2,"District Inspect",1,10,2009,1
2009,"2040009",3,"Center Coordinat",1,10,2009,1
2009,"2040009",4,"Other 1 (Specify",1,10,2009,1
2009,"2040009",5,"Other 2 (Specify",,,,
2009,"2040012",1,"District Educati",1,11,2009,2
2009,"2040012",2,"District Inspect",1,6,2010,2
2009,"2040012",3,"Center Coordinat",1,6,2010,1
2009,"2040012",4,"Other 1 (Specify",1,4,2010,3
2009,"2040012",5,"Other 2 (Specify",2,,,
2009,"2040015",1,"District Educati",1,7,2010,1
2009,"2040015",2,"District Inspect",1,7,2010,1
2009,"2040015",3,"Center Coordinat",1,6,2010,1
2009,"2040015",4,"Other 1 (Specify",1,5,2010,2
2009,"2040015",5,"Other 2 (Specify",1,7,2010,1
2009,"2050001",1,"District Educati",,,,
2009,"2050001",2,"District Inspect",,,,
2009,"2050001",3,"Center Coordinat",,,,
2009,"2050001",4,"Other 1 (Specify",,,,
2009,"2050001",5,"Other 2 (Specify",,,,
2009,"2050004",1,"District Educati",2,,,
2009,"2050004",2,"District Inspect",2,11,2009,4
2009,"2050004",3,"Center Coordinat",1,9,2009,1
2009,"2050004",4,"Other 1 (Specify",1,9,2009,1
2009,"2050004",5,"Other 2 (Specify",2,,,
2009,"2050009",1,"District Educati",1,7,2009,2
2009,"2050009",2,"District Inspect",1,2,2010,2
2009,"2050009",3,"Center Coordinat",1,11,2009,1
2009,"2050009",4,"Other 1 (Specify",,,,
2009,"2050009",5,"Other 2 (Specify",,,,
2009,"2050013",1,"District Educati",1,6,2009,4
2009,"2050013",2,"District Inspect",1,6,2009,3
2009,"2050013",3,"Center Coordinat",1,3,2009,3
2009,"2050013",4,"Other 1 (Specify",2,,,
2009,"2050013",5,"Other 2 (Specify",2,,,
2009,"2050030",1,"District Educati",2,,,
2009,"2050030",2,"District Inspect",1,4,2010,1
2009,"2050030",3,"Center Coordinat",1,4,2010,2
2009,"2050030",4,"Other 1 (Specify",1,3,2010,2
2009,"2050030",5,"Other 2 (Specify",2,,,
2009,"2060003",1,"District Educati",2,,,
2009,"2060003",2,"District Inspect",1,8,2009,4
2009,"2060003",3,"Center Coordinat",1,7,2010,1
2009,"2060003",4,"Other 1 (Specify",1,6,2010,2
2009,"2060003",5,"Other 2 (Specify",1,7,2010,2
2009,"2070006",1,"District Educati",1,6,2010,1
2009,"2070006",2,"District Inspect",1,6,2010,1
2009,"2070006",3,"Center Coordinat",2,,,
2009,"2070006",4,"Other 1 (Specify",,,,
2009,"2070006",5,"Other 2 (Specify",,,,
2009,"2080001",1,"District Educati",,,,
2009,"2080001",2,"District Inspect",,,,
2009,"2080001",3,"Center Coordinat",,,,
2009,"2080001",4,"Other 1 (Specify",,,,
2009,"2080001",5,"Other 2 (Specify",,,,
2009,"2080005",1,"District Educati",1,4,2009,3
2009,"2080005",2,"District Inspect",1,5,2009,3
2009,"2080005",3,"Center Coordinat",1,11,2009,1
2009,"2080005",4,"Other 1 (Specify",2,,,
2009,"2080005",5,"Other 2 (Specify",2,,,
2009,"2080007",1,"District Educati",,,,
2009,"2080007",2,"District Inspect",,,,
2009,"2080007",3,"Center Coordinat",,,,
2009,"2080007",4,"Other 1 (Specify",,,,
2009,"2080007",5,"Other 2 (Specify",,,,
2009,"2090006",1,"District Educati",1,3,2010,2
2009,"2090006",2,"District Inspect",1,6,2010,2
2009,"2090006",3,"Center Coordinat",1,6,2010,2
2009,"2090006",4,"Other 1 (Specify",1,6,2010,1
2009,"2090006",5,"Other 2 (Specify",,,,
2009,"2100002",1,"District Educati",1,9,2009,1
2009,"2100002",2,"District Inspect",2,3,2010,2
2009,"2100002",3,"Center Coordinat",1,7,2009,1
2009,"2100002",4,"Other 1 (Specify",1,9,2009,4
2009,"2100002",5,"Other 2 (Specify",2,,,
2009,"2100004",1,"District Educati",1,11,2009,2
2009,"2100004",2,"District Inspect",1,3,2010,2
2009,"2100004",3,"Center Coordinat",1,4,2010,1
2009,"2100004",4,"Other 1 (Specify",1,9,2009,4
2009,"2100004",5,"Other 2 (Specify",2,,,
2009,"2100006",1,"District Educati",2,,,
2009,"2100006",2,"District Inspect",2,,,
2009,"2100006",3,"Center Coordinat",1,6,2010,1
2009,"2100006",4,"Other 1 (Specify",1,6,2010,1
2009,"2100006",5,"Other 2 (Specify",1,6,2010,1
2009,"2100007",1,"District Educati",,,,
2009,"2100007",2,"District Inspect",,,,
2009,"2100007",3,"Center Coordinat",,,,
2009,"2100007",4,"Other 1 (Specify",,,,
2009,"2100007",5,"Other 2 (Specify",,,,
2009,"2110003",1,"District Educati",1,7,2010,1
2009,"2110003",2,"District Inspect",1,7,2010,1
2009,"2110003",3,"Center Coordinat",1,7,2010,1
2009,"2110003",4,"Other 1 (Specify",1,7,2010,3
2009,"2110003",5,"Other 2 (Specify",,,,
2009,"2110004",1,"District Educati",1,4,2009,2
2009,"2110004",2,"District Inspect",1,9,2009,2
2009,"2110004",3,"Center Coordinat",1,8,2009,1
2009,"2110004",4,"Other 1 (Specify",1,7,2009,2
2009,"2110004",5,"Other 2 (Specify",,,,
2009,"2110006",1,"District Educati",1,11,2009,2
2009,"2110006",2,"District Inspect",1,11,2009,2
2009,"2110006",3,"Center Coordinat",1,4,2010,1
2009,"2110006",4,"Other 1 (Specify",1,2,2010,1
2009,"2110006",5,"Other 2 (Specify",,,,
2009,"2110007",1,"District Educati",1,6,2010,2
2009,"2110007",2,"District Inspect",1,6,2010,2
2009,"2110007",3,"Center Coordinat",1,6,2010,1
2009,"2110007",4,"Other 1 (Specify",,,,
2009,"2110007",5,"Other 2 (Specify",,,,
2009,"2110009",1,"District Educati",1,11,2009,2
2009,"2110009",2,"District Inspect",1,4,2010,2
2009,"2110009",3,"Center Coordinat",1,5,2010,1
2009,"2110009",4,"Other 1 (Specify",,,,
2009,"2110009",5,"Other 2 (Specify",,,,
2009,"2120003",1,"District Educati",,,,
2009,"2120003",2,"District Inspect",,,,
2009,"2120003",3,"Center Coordinat",,,,
2009,"2120003",4,"Other 1 (Specify",,,,
2009,"2120003",5,"Other 2 (Specify",,,,
2009,"2120008",1,"District Educati",1,1,2010,2
2009,"2120008",2,"District Inspect",1,7,2009,4
2009,"2120008",3,"Center Coordinat",1,3,2010,2
2009,"2120008",4,"Other 1 (Specify",1,4,2010,1
2009,"2120008",5,"Other 2 (Specify",1,2,2010,4
2009,"2120011",1,"District Educati",1,11,2009,3
2009,"2120011",2,"District Inspect",1,11,2009,4
2009,"2120011",3,"Center Coordinat",1,11,2009,1
2009,"2120011",4,"Other 1 (Specify",1,11,2009,1
2009,"2120011",5,"Other 2 (Specify",1,11,2009,1
2009,"2120013",1,"District Educati",1,9,2009,2
2009,"2120013",2,"District Inspect",1,9,2009,3
2009,"2120013",3,"Center Coordinat",1,6,2009,2
2009,"2120013",4,"Other 1 (Specify",1,9,2009,1
2009,"2120013",5,"Other 2 (Specify",,,,
2009,"2140002",1,"District Educati",1,5,2010,2
2009,"2140002",2,"District Inspect",1,7,2010,8
2009,"2140002",3,"Center Coordinat",1,6,2010,1
2009,"2140002",4,"Other 1 (Specify",1,7,2010,3
2009,"2140002",5,"Other 2 (Specify",1,6,2010,2
2009,"2140003",1,"District Educati",,,,
2009,"2140003",2,"District Inspect",,,,
2009,"2140003",3,"Center Coordinat",,,,
2009,"2140003",4,"Other 1 (Specify",,,,
2009,"2140003",5,"Other 2 (Specify",,,,
2009,"2150001",1,"District Educati",1,10,2009,2
2009,"2150001",2,"District Inspect",1,9,2009,2
2009,"2150001",3,"Center Coordinat",1,2,2010,1
2009,"2150001",4,"Other 1 (Specify",2,,,
2009,"2150001",5,"Other 2 (Specify",2,,,
2009,"2150004",1,"District Educati",,,,
2009,"2150004",2,"District Inspect",,,,
2009,"2150004",3,"Center Coordinat",,,,
2009,"2150004",4,"Other 1 (Specify",,,,
2009,"2150004",5,"Other 2 (Specify",,,,
2009,"2150006",1,"District Educati",2,,,
2009,"2150006",2,"District Inspect",2,4,2010,3
2009,"2150006",3,"Center Coordinat",1,8,2009,1
2009,"2150006",4,"Other 1 (Specify",1,8,2009,1
2009,"2150006",5,"Other 2 (Specify",2,,,
2009,"2150007",1,"District Educati",1,7,2009,4
2009,"2150007",2,"District Inspect",2,,,
2009,"2150007",3,"Center Coordinat",1,6,2010,1
2009,"2150007",4,"Other 1 (Specify",1,6,2010,1
2009,"2150007",5,"Other 2 (Specify",2,,,
2009,"2160003",1,"District Educati",1,10,2009,2
2009,"2160003",2,"District Inspect",1,3,2010,2
2009,"2160003",3,"Center Coordinat",1,3,2010,1
2009,"2160003",4,"Other 1 (Specify",,,,
2009,"2160003",5,"Other 2 (Specify",,,,
2009,"2180037",1,"District Educati",2,,,
2009,"2180037",2,"District Inspect",1,8,2010,4
2009,"2180037",3,"Center Coordinat",1,6,2010,1
2009,"2180037",4,"Other 1 (Specify",2,,,
2009,"2180037",5,"Other 2 (Specify",2,,,
2009,"2190003",1,"District Educati",1,4,2010,2
2009,"2190003",2,"District Inspect",1,4,2010,2
2009,"2190003",3,"Center Coordinat",1,3,2010,1
2009,"2190003",4,"Other 1 (Specify",,,,
2009,"2190003",5,"Other 2 (Specify",,,,
2009,"2200001",1,"District Educati",1,10,2009,1
2009,"2200001",2,"District Inspect",1,10,2009,2
2009,"2200001",3,"Center Coordinat",1,11,2009,2
2009,"2200001",4,"Other 1 (Specify",1,10,2009,2
2009,"2200001",5,"Other 2 (Specify",2,,,
2009,"2210006",1,"District Educati",1,11,2009,1
2009,"2210006",2,"District Inspect",1,11,2009,1
2009,"2210006",3,"Center Coordinat",1,11,2009,1
2009,"2210006",4,"Other 1 (Specify",1,2,2010,1
2009,"2210006",5,"Other 2 (Specify",1,2,2010,1
2009,"2220022",1,"District Educati",1,2,2010,2
2009,"2220022",2,"District Inspect",2,,,
2009,"2220022",3,"Center Coordinat",2,,,
2009,"2220022",4,"Other 1 (Specify",2,,,
2009,"2220022",5,"Other 2 (Specify",2,,,
2009,"2220026",1,"District Educati",1,10,2009,2
2009,"2220026",2,"District Inspect",1,11,2008,8
2009,"2220026",3,"Center Coordinat",1,10,2009,1
2009,"2220026",4,"Other 1 (Specify",1,8,2009,1
2009,"2220026",5,"Other 2 (Specify",2,,,
2009,"2230011",1,"District Educati",2,,,
2009,"2230011",2,"District Inspect",1,10,2009,4
2009,"2230011",3,"Center Coordinat",1,4,2010,1
2009,"2230011",4,"Other 1 (Specify",1,2,2010,3
2009,"2230011",5,"Other 2 (Specify",,,,
2009,"2230014",1,"District Educati",2,9,2009,3
2009,"2230014",2,"District Inspect",1,7,2009,2
2009,"2230014",3,"Center Coordinat",1,9,2009,1
2009,"2230014",4,"Other 1 (Specify",1,9,2009,4
2009,"2230014",5,"Other 2 (Specify",2,,,
2009,"2230018",1,"District Educati",2,,,
2009,"2230018",2,"District Inspect",1,6,2010,2
2009,"2230018",3,"Center Coordinat",1,6,2010,1
2009,"2230018",4,"Other 1 (Specify",2,,,
2009,"2230018",5,"Other 2 (Specify",,,,
2009,"2230022",1,"District Educati",2,,,
2009,"2230022",2,"District Inspect",2,,,
2009,"2230022",3,"Center Coordinat",1,2,2009,3
2009,"2230022",4,"Other 1 (Specify",1,6,2009,4
2009,"2230022",5,"Other 2 (Specify",1,6,2009,4
2009,"2230026",1,"District Educati",2,,,
2009,"2230026",2,"District Inspect",1,7,2010,2
2009,"2230026",3,"Center Coordinat",1,7,2010,1
2009,"2230026",4,"Other 1 (Specify",1,6,2010,2
2009,"2230026",5,"Other 2 (Specify",1,6,2010,2
2009,"2230029",1,"District Educati",1,10,2009,4
2009,"2230029",2,"District Inspect",1,6,2009,4
2009,"2230029",3,"Center Coordinat",1,4,2010,1
2009,"2230029",4,"Other 1 (Specify",1,6,2009,4
2009,"2230029",5,"Other 2 (Specify",1,10,2009,4
2009,"2240013",1,"District Educati",1,4,2010,2
2009,"2240013",2,"District Inspect",1,4,2010,2
2009,"2240013",3,"Center Coordinat",1,6,2010,1
2009,"2240013",4,"Other 1 (Specify",2,,,
2009,"2240013",5,"Other 2 (Specify",2,,,
2009,"3010003",1,"District Educati",2,,,
2009,"3010003",2,"District Inspect",2,,,
2009,"3010003",3,"Center Coordinat",1,6,2010,1
2009,"3010003",4,"Other 1 (Specify",2,,,
2009,"3010003",5,"Other 2 (Specify",2,,,
2009,"3020002",1,"District Educati",,,,
2009,"3020002",2,"District Inspect",1,5,2010,2
2009,"3020002",3,"Center Coordinat",,,,
2009,"3020002",4,"Other 1 (Specify",1,6,2010,2
2009,"3020002",5,"Other 2 (Specify",1,6,2010,1
2009,"3020005",1,"District Educati",2,,,
2009,"3020005",2,"District Inspect",1,12,2009,2
2009,"3020005",3,"Center Coordinat",1,8,2009,4
2009,"3020005",4,"Other 1 (Specify",1,6,2009,8
2009,"3020005",5,"Other 2 (Specify",1,11,2009,4
2009,"3020008",1,"District Educati",1,9,2009,4
2009,"3020008",2,"District Inspect",1,7,2009,4
2009,"3020008",3,"Center Coordinat",1,4,2010,2
2009,"3020008",4,"Other 1 (Specify",1,4,2010,2
2009,"3020008",5,"Other 2 (Specify",2,,,
2009,"3020010",1,"District Educati",2,,,
2009,"3020010",2,"District Inspect",1,9,2009,4
2009,"3020010",3,"Center Coordinat",1,2,2010,2
2009,"3020010",4,"Other 1 (Specify",1,2,2010,2
2009,"3020010",5,"Other 2 (Specify",1,2,2010,1
2009,"3020013",1,"District Educati",1,7,2009,4
2009,"3020013",2,"District Inspect",2,,,
2009,"3020013",3,"Center Coordinat",1,10,2009,2
2009,"3020013",4,"Other 1 (Specify",1,11,2009,2
2009,"3020013",5,"Other 2 (Specify",2,,,
2009,"3020018",1,"District Educati",2,,,
2009,"3020018",2,"District Inspect",2,,,
2009,"3020018",3,"Center Coordinat",1,10,2009,2
2009,"3020018",4,"Other 1 (Specify",1,4,2010,2
2009,"3020018",5,"Other 2 (Specify",2,,,
2009,"3020035",1,"District Educati",1,6,2010,4
2009,"3020035",2,"District Inspect",1,6,2010,2
2009,"3020035",3,"Center Coordinat",1,6,2010,1
2009,"3020035",4,"Other 1 (Specify",1,3,2010,2
2009,"3020035",5,"Other 2 (Specify",1,6,2010,1
2009,"3030002",1,"District Educati",1,1,2010,1
2009,"3030002",2,"District Inspect",1,2,2010,1
2009,"3030002",3,"Center Coordinat",1,2,2010,1
2009,"3030002",4,"Other 1 (Specify",1,2,2010,8
2009,"3030002",5,"Other 2 (Specify",1,2,2010,8
2009,"3030009",1,"District Educati",1,6,2009,4
2009,"3030009",2,"District Inspect",1,3,2010,4
2009,"3030009",3,"Center Coordinat",1,6,2010,1
2009,"3030009",4,"Other 1 (Specify",1,7,2010,8
2009,"3030009",5,"Other 2 (Specify",1,6,2010,1
2009,"3030015",1,"District Educati",2,,,
2009,"3030015",2,"District Inspect",1,8,2010,2
2009,"3030015",3,"Center Coordinat",1,5,2010,8
2009,"3030015",4,"Other 1 (Specify",1,4,2010,8
2009,"3030015",5,"Other 2 (Specify",2,,,
2009,"3030033",1,"District Educati",2,6,2010,4
2009,"3030033",2,"District Inspect",1,11,2009,8
2009,"3030033",3,"Center Coordinat",1,7,2009,3
2009,"3030033",4,"Other 1 (Specify",1,7,2009,4
2009,"3030033",5,"Other 2 (Specify",1,11,2009,1
2009,"3040004",1,"District Educati",1,4,2010,2
2009,"3040004",2,"District Inspect",1,2,2010,2
2009,"3040004",3,"Center Coordinat",1,3,2010,2
2009,"3040004",4,"Other 1 (Specify",1,6,2010,1
2009,"3040004",5,"Other 2 (Specify",1,5,2010,4
2009,"3040007",1,"District Educati",2,4,2010,2
2009,"3040007",2,"District Inspect",1,9,2009,3
2009,"3040007",3,"Center Coordinat",1,10,2009,8
2009,"3040007",4,"Other 1 (Specify",1,9,2009,2
2009,"3040007",5,"Other 2 (Specify",1,10,2009,2
2009,"3040009",1,"District Educati",2,4,2010,4
2009,"3040009",2,"District Inspect",1,6,2009,4
2009,"3040009",3,"Center Coordinat",1,2,2010,1
2009,"3040009",4,"Other 1 (Specify",1,2,2010,8
2009,"3040009",5,"Other 2 (Specify",1,11,2009,8
2009,"3040014",1,"District Educati",1,2,2010,2
2009,"3040014",2,"District Inspect",1,5,2010,1
2009,"3040014",3,"Center Coordinat",1,4,2010,1
2009,"3040014",4,"Other 1 (Specify",1,3,2010,4
2009,"3040014",5,"Other 2 (Specify",1,5,2010,8
2009,"3050001",1,"District Educati",1,10,2009,3
2009,"3050001",2,"District Inspect",1,11,2009,8
2009,"3050001",3,"Center Coordinat",1,2,2010,1
2009,"3050001",4,"Other 1 (Specify",1,10,2009,4
2009,"3050001",5,"Other 2 (Specify",1,9,2009,8
2009,"3060006",1,"District Educati",,,,
2009,"3060006",2,"District Inspect",,,,
2009,"3060006",3,"Center Coordinat",,,,
2009,"3060006",4,"Other 1 (Specify",,,,
2009,"3060006",5,"Other 2 (Specify",,,,
2009,"3070005",1,"District Educati",2,,,
2009,"3070005",2,"District Inspect",1,6,2010,2
2009,"3070005",3,"Center Coordinat",1,11,2009,2
2009,"3070005",4,"Other 1 (Specify",1,5,2010,8
2009,"3070005",5,"Other 2 (Specify",1,6,2010,4
2009,"3070007",1,"District Educati",1,2,2010,2
2009,"3070007",2,"District Inspect",1,4,2010,2
2009,"3070007",3,"Center Coordinat",1,6,2010,1
2009,"3070007",4,"Other 1 (Specify",1,3,2010,3
2009,"3070007",5,"Other 2 (Specify",1,3,2010,8
2009,"3070012",1,"District Educati",2,,,
2009,"3070012",2,"District Inspect",1,8,2009,4
2009,"3070012",3,"Center Coordinat",1,11,2009,1
2009,"3070012",4,"Other 1 (Specify",1,10,2009,3
2009,"3070012",5,"Other 2 (Specify",2,,,
2009,"3070017",1,"District Educati",1,8,2009,4
2009,"3070017",2,"District Inspect",2,,,
2009,"3070017",3,"Center Coordinat",1,3,2010,1
2009,"3070017",4,"Other 1 (Specify",1,8,2009,1
2009,"3070017",5,"Other 2 (Specify",1,2,2010,3
2009,"3070020",1,"District Educati",2,,,
2009,"3070020",2,"District Inspect",1,7,2010,2
2009,"3070020",3,"Center Coordinat",1,7,2010,2
2009,"3070020",4,"Other 1 (Specify",1,7,2010,2
2009,"3070020",5,"Other 2 (Specify",1,4,2010,3
2009,"3070022",1,"District Educati",2,,,
2009,"3070022",2,"District Inspect",1,10,2009,2
2009,"3070022",3,"Center Coordinat",1,8,2009,2
2009,"3070022",4,"Other 1 (Specify",2,,,
2009,"3070022",5,"Other 2 (Specify",2,,,
2009,"3070023",1,"District Educati",2,,,
2009,"3070023",2,"District Inspect",1,8,2009,2
2009,"3070023",3,"Center Coordinat",1,2,2010,8
2009,"3070023",4,"Other 1 (Specify",1,9,2009,1
2009,"3070023",5,"Other 2 (Specify",1,2,2010,2
2009,"3070025",1,"District Educati",2,,,
2009,"3070025",2,"District Inspect",1,7,2009,4
2009,"3070025",3,"Center Coordinat",1,10,2009,2
2009,"3070025",4,"Other 1 (Specify",1,9,2009,2
2009,"3070025",5,"Other 2 (Specify",1,6,2009,4
2009,"3080002",1,"District Educati",1,6,2009,4
2009,"3080002",2,"District Inspect",1,4,2010,2
2009,"3080002",3,"Center Coordinat",1,3,2010,1
2009,"3080002",4,"Other 1 (Specify",,,,
2009,"3080002",5,"Other 2 (Specify",,,,
2009,"3080004",1,"District Educati",1,4,2010,1
2009,"3080004",2,"District Inspect",1,4,2010,1
2009,"3080004",3,"Center Coordinat",1,3,2010,1
2009,"3080004",4,"Other 1 (Specify",,,,
2009,"3080004",5,"Other 2 (Specify",,,,
2009,"3090001",1,"District Educati",2,,,
2009,"3090001",2,"District Inspect",1,4,2010,8
2009,"3090001",3,"Center Coordinat",1,6,2010,8
2009,"3090001",4,"Other 1 (Specify",1,7,2010,8
2009,"3090001",5,"Other 2 (Specify",1,7,2010,1
2009,"3090002",1,"District Educati",1,11,2009,8
2009,"3090002",2,"District Inspect",1,10,2009,8
2009,"3090002",3,"Center Coordinat",1,11,2009,8
2009,"3090002",4,"Other 1 (Specify",1,10,2009,8
2009,"3090002",5,"Other 2 (Specify",1,11,2009,1
2009,"3100001",1,"District Educati",2,,,
2009,"3100001",2,"District Inspect",1,7,2010,8
2009,"3100001",3,"Center Coordinat",1,7,2010,2
2009,"3100001",4,"Other 1 (Specify",1,3,2010,2
2009,"3100001",5,"Other 2 (Specify",1,7,2010,1
2009,"3100004",1,"District Educati",1,6,2009,8
2009,"3100004",2,"District Inspect",1,9,2009,8
2009,"3100004",3,"Center Coordinat",1,10,2009,1
2009,"3100004",4,"Other 1 (Specify",1,9,2009,8
2009,"3100004",5,"Other 2 (Specify",1,11,2009,1
2009,"3100006",1,"District Educati",2,,,
2009,"3100006",2,"District Inspect",2,,,
2009,"3100006",3,"Center Coordinat",2,8,2010,1
2009,"3100006",4,"Other 1 (Specify",1,2,2010,2
2009,"3100006",5,"Other 2 (Specify",1,9,2009,2
2009,"3100007",1,"District Educati",2,,,
2009,"3100007",2,"District Inspect",1,4,2010,3
2009,"3100007",3,"Center Coordinat",1,5,2010,3
2009,"3100007",4,"Other 1 (Specify",1,3,2010,1
2009,"3100007",5,"Other 2 (Specify",2,,,
2009,"3100009",1,"District Educati",2,,,
2009,"3100009",2,"District Inspect",1,11,2009,2
2009,"3100009",3,"Center Coordinat",1,6,2010,8
2009,"3100009",4,"Other 1 (Specify",1,5,2010,8
2009,"3100009",5,"Other 2 (Specify",1,5,2010,2
2009,"3100010",1,"District Educati",2,,,
2009,"3100010",2,"District Inspect",1,12,2008,4
2009,"3100010",3,"Center Coordinat",1,9,2009,8
2009,"3100010",4,"Other 1 (Specify",2,3,2010,8
2009,"3100010",5,"Other 2 (Specify",2,3,2010,8
2009,"3100012",1,"District Educati",1,9,2009,1
2009,"3100012",2,"District Inspect",1,10,2009,3
2009,"3100012",3,"Center Coordinat",1,11,2009,8
2009,"3100012",4,"Other 1 (Specify",1,11,2009,3
2009,"3100012",5,"Other 2 (Specify",1,9,2009,4
2009,"3110001",1,"District Educati",1,2,2010,2
2009,"3110001",2,"District Inspect",1,2,2010,2
2009,"3110001",3,"Center Coordinat",1,11,2009,1
2009,"3110001",4,"Other 1 (Specify",,,,
2009,"3110001",5,"Other 2 (Specify",,,,
2009,"3110003",1,"District Educati",,,,
2009,"3110003",2,"District Inspect",,,,
2009,"3110003",3,"Center Coordinat",,,,
2009,"3110003",4,"Other 1 (Specify",,,,
2009,"3110003",5,"Other 2 (Specify",,,,
2009,"3130001",1,"District Educati",1,12,2009,8
2009,"3130001",2,"District Inspect",1,2,2010,8
2009,"3130001",3,"Center Coordinat",1,11,2009,1
2009,"3130001",4,"Other 1 (Specify",1,2,2010,1
2009,"3130001",5,"Other 2 (Specify",1,2,2010,8
2009,"3130002",1,"District Educati",1,4,2009,8
2009,"3130002",2,"District Inspect",1,7,2009,3
2009,"3130002",3,"Center Coordinat",1,9,2009,1
2009,"3130002",4,"Other 1 (Specify",1,9,2009,2
2009,"3130002",5,"Other 2 (Specify",1,8,2009,1
2009,"3130003",1,"District Educati",1,3,2010,8
2009,"3130003",2,"District Inspect",1,6,2010,8
2009,"3130003",3,"Center Coordinat",1,6,2010,1
2009,"3130003",4,"Other 1 (Specify",1,5,2010,2
2009,"3130003",5,"Other 2 (Specify",1,6,2010,1
2009,"3150016",1,"District Educati",2,,,
2009,"3150016",2,"District Inspect",1,3,2009,2
2009,"3150016",3,"Center Coordinat",1,2,2010,1
2009,"3150016",4,"Other 1 (Specify",1,2,2010,1
2009,"3150016",5,"Other 2 (Specify",1,2,2010,8
2009,"3170009",1,"District Educati",1,4,2010,1
2009,"3170009",2,"District Inspect",1,5,2010,1
2009,"3170009",3,"Center Coordinat",1,4,2010,1
2009,"3170009",4,"Other 1 (Specify",1,1,2010,2
2009,"3170009",5,"Other 2 (Specify",1,5,2010,8
2009,"3170010",1,"District Educati",1,5,2009,3
2009,"3170010",2,"District Inspect",2,3,2010,1
2009,"3170010",3,"Center Coordinat",1,7,2009,2
2009,"3170010",4,"Other 1 (Specify",1,4,2009,3
2009,"3170010",5,"Other 2 (Specify",2,4,2010,8
2009,"3170011",1,"District Educati",2,,,
2009,"3170011",2,"District Inspect",1,6,2010,2
2009,"3170011",3,"Center Coordinat",1,5,2010,1
2009,"3170011",4,"Other 1 (Specify",1,6,2010,8
2009,"3170011",5,"Other 2 (Specify",1,7,2010,2
2009,"3180001",1,"District Educati",,,,
2009,"3180001",2,"District Inspect",,,,
2009,"3180001",3,"Center Coordinat",,,,
2009,"3180001",4,"Other 1 (Specify",,,,
2009,"3180001",5,"Other 2 (Specify",,,,
2009,"3180002",1,"District Educati",2,,,
2009,"3180002",2,"District Inspect",2,,,
2009,"3180002",3,"Center Coordinat",1,2,2010,1
2009,"3180002",4,"Other 1 (Specify",,,,
2009,"3180002",5,"Other 2 (Specify",,,,
2009,"3180003",1,"District Educati",1,3,2010,1
2009,"3180003",2,"District Inspect",1,3,2010,1
2009,"3180003",3,"Center Coordinat",1,4,2010,1
2009,"3180003",4,"Other 1 (Specify",,,,
2009,"3180003",5,"Other 2 (Specify",,,,
2009,"3180004",1,"District Educati",1,2,2010,2
2009,"3180004",2,"District Inspect",1,11,2009,2
2009,"3180004",3,"Center Coordinat",1,12,2009,1
2009,"3180004",4,"Other 1 (Specify",1,10,2009,4
2009,"3180004",5,"Other 2 (Specify",,,,
2009,"3190005",1,"District Educati",1,6,2010,2
2009,"3190005",2,"District Inspect",1,3,2010,2
2009,"3190005",3,"Center Coordinat",1,10,2009,8
2009,"3190005",4,"Other 1 (Specify",2,,,
2009,"3190005",5,"Other 2 (Specify",1,3,2010,8
2009,"3190012",1,"District Educati",1,6,2009,8
2009,"3190012",2,"District Inspect",1,10,2009,8
2009,"3190012",3,"Center Coordinat",1,8,2009,2
2009,"3190012",4,"Other 1 (Specify",1,6,2009,8
2009,"3190012",5,"Other 2 (Specify",1,10,2009,2
2009,"3200018",1,"District Educati",1,10,2009,1
2009,"3200018",2,"District Inspect",1,10,2009,1
2009,"3200018",3,"Center Coordinat",1,7,2009,2
2009,"3200018",4,"Other 1 (Specify",1,6,2009,8
2009,"3200018",5,"Other 2 (Specify",1,10,2009,1
2009,"3200024",1,"District Educati",2,,,
2009,"3200024",2,"District Inspect",1,1,2010,8
2009,"3200024",3,"Center Coordinat",1,2,2010,1
2009,"3200024",4,"Other 1 (Specify",1,1,2009,4
2009,"3200024",5,"Other 2 (Specify",2,4,2010,4
2009,"3200027",1,"District Educati",1,9,2008,4
2009,"3200027",2,"District Inspect",1,7,2009,4
2009,"3200027",3,"Center Coordinat",1,7,2009,2
2009,"3200027",4,"Other 1 (Specify",1,10,2009,8
2009,"3200027",5,"Other 2 (Specify",1,10,2009,8
2009,"3200030",1,"District Educati",2,,,
2009,"3200030",2,"District Inspect",1,11,2009,4
2009,"3200030",3,"Center Coordinat",2,,,
2009,"3200030",4,"Other 1 (Specify",1,5,2010,8
2009,"3200030",5,"Other 2 (Specify",1,1,2010,1
2009,"3210021",1,"District Educati",1,2,2009,4
2009,"3210021",2,"District Inspect",1,5,2009,2
2009,"3210021",3,"Center Coordinat",2,2,2010,2
2009,"3210021",4,"Other 1 (Specify",1,7,2009,2
2009,"3210021",5,"Other 2 (Specify",1,7,2009,2
2009,"3210023",1,"District Educati",1,5,2009,4
2009,"3210023",2,"District Inspect",1,6,2010,1
2009,"3210023",3,"Center Coordinat",1,7,2010,1
2009,"3210023",4,"Other 1 (Specify",1,7,2010,2
2009,"3210023",5,"Other 2 (Specify",1,7,2010,8
2009,"3210028",1,"District Educati",1,11,2008,4
2009,"3210028",2,"District Inspect",1,10,2009,8
2009,"3210028",3,"Center Coordinat",1,11,2009,2
2009,"3210028",4,"Other 1 (Specify",1,7,2009,8
2009,"3210028",5,"Other 2 (Specify",1,7,2009,8
2009,"3210030",1,"District Educati",1,12,2009,2
2009,"3210030",2,"District Inspect",1,11,2009,1
2009,"3210030",3,"Center Coordinat",1,3,2009,4
2009,"3210030",4,"Other 1 (Specify",1,12,2009,2
2009,"3210030",5,"Other 2 (Specify",2,7,2010,1
2009,"4010003",1,"District Educati",1,6,2010,2
2009,"4010003",2,"District Inspect",1,6,2010,2
2009,"4010003",3,"Center Coordinat",1,6,2010,2
2009,"4010003",4,"Other 1 (Specify",1,4,2010,8
2009,"4010003",5,"Other 2 (Specify",,,,
2009,"4020002",1,"District Educati",1,9,2009,2
2009,"4020002",2,"District Inspect",1,10,2009,1
2009,"4020002",3,"Center Coordinat",1,9,2009,1
2009,"4020002",4,"Other 1 (Specify",2,,,
2009,"4020002",5,"Other 2 (Specify",2,,,
2009,"4020007",1,"District Educati",2,,,
2009,"4020007",2,"District Inspect",1,10,2009,8
2009,"4020007",3,"Center Coordinat",1,10,2008,8
2009,"4020007",4,"Other 1 (Specify",2,,,
2009,"4020007",5,"Other 2 (Specify",2,,,
2009,"4020011",1,"District Educati",1,7,2009,8
2009,"4020011",2,"District Inspect",2,,,
2009,"4020011",3,"Center Coordinat",1,9,2009,8
2009,"4020011",4,"Other 1 (Specify",1,9,2009,4
2009,"4020011",5,"Other 2 (Specify",1,8,2009,8
2009,"4020016",1,"District Educati",1,7,2009,3
2009,"4020016",2,"District Inspect",1,7,2009,4
2009,"4020016",3,"Center Coordinat",1,9,2009,8
2009,"4020016",4,"Other 1 (Specify",1,6,2009,4
2009,"4020016",5,"Other 2 (Specify",1,11,2009,8
2009,"4020020",1,"District Educati",,,,
2009,"4020020",2,"District Inspect",,,,
2009,"4020020",3,"Center Coordinat",,,,
2009,"4020020",4,"Other 1 (Specify",,,,
2009,"4020020",5,"Other 2 (Specify",,,,
2009,"4020030",1,"District Educati",2,,,
2009,"4020030",2,"District Inspect",1,9,2009,4
2009,"4020030",3,"Center Coordinat",1,6,2010,1
2009,"4020030",4,"Other 1 (Specify",1,6,2010,1
2009,"4020030",5,"Other 2 (Specify",1,6,2010,8
2009,"4030002",1,"District Educati",1,11,2009,2
2009,"4030002",2,"District Inspect",1,2,2010,2
2009,"4030002",3,"Center Coordinat",1,2,2010,2
2009,"4030002",4,"Other 1 (Specify",1,2,2010,2
2009,"4030002",5,"Other 2 (Specify",1,2,2010,1
2009,"4030004",1,"District Educati",1,10,2009,8
2009,"4030004",2,"District Inspect",1,10,2009,2
2009,"4030004",3,"Center Coordinat",1,9,2009,2
2009,"4030004",4,"Other 1 (Specify",1,10,2009,8
2009,"4030004",5,"Other 2 (Specify",1,10,2009,3
2009,"4030006",1,"District Educati",1,7,2010,1
2009,"4030006",2,"District Inspect",1,5,2010,2
2009,"4030006",3,"Center Coordinat",1,7,2010,1
2009,"4030006",4,"Other 1 (Specify",1,7,2010,1
2009,"4030006",5,"Other 2 (Specify",2,,,
2009,"4030007",1,"District Educati",,,,
2009,"4030007",2,"District Inspect",,,,
2009,"4030007",3,"Center Coordinat",,,,
2009,"4030007",4,"Other 1 (Specify",,,,
2009,"4030007",5,"Other 2 (Specify",,,,
2009,"4030009",1,"District Educati",2,,,
2009,"4030009",2,"District Inspect",2,,,
2009,"4030009",3,"Center Coordinat",2,,,
2009,"4030009",4,"Other 1 (Specify",1,2,2010,
2009,"4030009",5,"Other 2 (Specify",1,2,2010,
2009,"4040003",1,"District Educati",1,5,2010,8
2009,"4040003",2,"District Inspect",1,6,2010,1
2009,"4040003",3,"Center Coordinat",1,4,2010,8
2009,"4040003",4,"Other 1 (Specify",1,3,2010,8
2009,"4040003",5,"Other 2 (Specify",2,,,
2009,"4040006",1,"District Educati",1,6,2010,8
2009,"4040006",2,"District Inspect",1,2,2010,8
2009,"4040006",3,"Center Coordinat",2,,,
2009,"4040006",4,"Other 1 (Specify",1,5,2010,1
2009,"4040006",5,"Other 2 (Specify",2,,,
2009,"4040010",1,"District Educati",1,3,2010,4
2009,"4040010",2,"District Inspect",1,2,2010,2
2009,"4040010",3,"Center Coordinat",1,6,2010,8
2009,"4040010",4,"Other 1 (Specify",2,,,
2009,"4040010",5,"Other 2 (Specify",2,,,
2009,"4040012",1,"District Educati",1,7,2009,3
2009,"4040012",2,"District Inspect",1,99,2007,8
2009,"4040012",3,"Center Coordinat",1,7,2007,8
2009,"4040012",4,"Other 1 (Specify",1,9,2008,4
2009,"4040012",5,"Other 2 (Specify",1,3,2009,3
2009,"4050005",1,"District Educati",1,7,2010,8
2009,"4050005",2,"District Inspect",1,6,2010,1
2009,"4050005",3,"Center Coordinat",1,7,2010,1
2009,"4050005",4,"Other 1 (Specify",2,,,
2009,"4050005",5,"Other 2 (Specify",2,,,
2009,"4050006",1,"District Educati",1,9,2009,8
2009,"4050006",2,"District Inspect",1,9,2009,8
2009,"4050006",3,"Center Coordinat",1,7,2009,8
2009,"4050006",4,"Other 1 (Specify",1,8,2009,2
2009,"4050006",5,"Other 2 (Specify",1,4,2009,8
2009,"4060003",1,"District Educati",1,10,2009,2
2009,"4060003",2,"District Inspect",1,10,2009,2
2009,"4060003",3,"Center Coordinat",1,10,2009,2
2009,"4060003",4,"Other 1 (Specify",1,10,2009,1
2009,"4060003",5,"Other 2 (Specify",1,10,2009,8
2009,"4060008",1,"District Educati",1,2,2010,2
2009,"4060008",2,"District Inspect",2,,,
2009,"4060008",3,"Center Coordinat",1,3,2010,1
2009,"4060008",4,"Other 1 (Specify",1,2,2010,1
2009,"4060008",5,"Other 2 (Specify",1,5,2010,1
2009,"4060010",1,"District Educati",2,,,
2009,"4060010",2,"District Inspect",1,7,2009,2
2009,"4060010",3,"Center Coordinat",2,,,
2009,"4060010",4,"Other 1 (Specify",2,4,2010,2
2009,"4060010",5,"Other 2 (Specify",2,,,
2009,"4060011",1,"District Educati",2,,,
2009,"4060011",2,"District Inspect",1,6,2010,1
2009,"4060011",3,"Center Coordinat",1,6,2010,1
2009,"4060011",4,"Other 1 (Specify",2,,,
2009,"4060011",5,"Other 2 (Specify",2,,,
2009,"4060013",1,"District Educati",2,,,
2009,"4060013",2,"District Inspect",1,10,2009,2
2009,"4060013",3,"Center Coordinat",1,9,2009,2
2009,"4060013",4,"Other 1 (Specify",,,,
2009,"4060013",5,"Other 2 (Specify",,,,
2009,"4070002",1,"District Educati",1,5,2010,2
2009,"4070002",2,"District Inspect",1,7,2010,1
2009,"4070002",3,"Center Coordinat",1,7,2010,1
2009,"4070002",4,"Other 1 (Specify",1,7,2010,1
2009,"4070002",5,"Other 2 (Specify",,,,
2009,"4070003",1,"District Educati",1,10,2009,2
2009,"4070003",2,"District Inspect",1,11,2009,2
2009,"4070003",3,"Center Coordinat",1,11,2009,
2009,"4070003",4,"Other 1 (Specify",,,,
2009,"4070003",5,"Other 2 (Specify",,,,
2009,"4070005",1,"District Educati",2,,,
2009,"4070005",2,"District Inspect",1,4,2010,2
2009,"4070005",3,"Center Coordinat",1,10,2009,3
2009,"4070005",4,"Other 1 (Specify",1,5,2010,1
2009,"4070005",5,"Other 2 (Specify",1,3,2010,2
2009,"4070009",1,"District Educati",1,6,2010,1
2009,"4070009",2,"District Inspect",1,6,2010,1
2009,"4070009",3,"Center Coordinat",1,6,2010,1
2009,"4070009",4,"Other 1 (Specify",1,6,2010,8
2009,"4070009",5,"Other 2 (Specify",1,6,2010,8
2009,"4080002",1,"District Educati",2,,,
2009,"4080002",2,"District Inspect",1,8,2009,8
2009,"4080002",3,"Center Coordinat",2,,,
2009,"4080002",4,"Other 1 (Specify",1,9,2009,1
2009,"4080002",5,"Other 2 (Specify",2,,,
2009,"4080004",1,"District Educati",1,8,2009,8
2009,"4080004",2,"District Inspect",1,11,2009,2
2009,"4080004",3,"Center Coordinat",2,,,
2009,"4080004",4,"Other 1 (Specify",1,2,2010,1
2009,"4080004",5,"Other 2 (Specify",1,11,2009,8
2009,"4090002",1,"District Educati",2,,,
2009,"4090002",2,"District Inspect",1,10,2009,2
2009,"4090002",3,"Center Coordinat",1,11,2009,2
2009,"4090002",4,"Other 1 (Specify",2,,,
2009,"4090002",5,"Other 2 (Specify",2,,,
2009,"4090005",1,"District Educati",,,,
2009,"4090005",2,"District Inspect",,,,
2009,"4090005",3,"Center Coordinat",,,,
2009,"4090005",4,"Other 1 (Specify",,,,
2009,"4090005",5,"Other 2 (Specify",,,,
2009,"4090009",1,"District Educati",1,4,2010,2
2009,"4090009",2,"District Inspect",1,2,2010,2
2009,"4090009",3,"Center Coordinat",1,10,2009,3
2009,"4090009",4,"Other 1 (Specify",2,,,
2009,"4090009",5,"Other 2 (Specify",2,,,
2009,"4090011",1,"District Educati",1,9,2009,3
2009,"4090011",2,"District Inspect",2,,,
2009,"4090011",3,"Center Coordinat",1,3,2010,2
2009,"4090011",4,"Other 1 (Specify",1,11,2009,8
2009,"4090011",5,"Other 2 (Specify",2,,,
2009,"4100005",1,"District Educati",1,6,2010,1
2009,"4100005",2,"District Inspect",1,4,2010,1
2009,"4100005",3,"Center Coordinat",1,2,2010,8
2009,"4100005",4,"Other 1 (Specify",1,4,2010,8
2009,"4100005",5,"Other 2 (Specify",2,,,
2009,"4100026",1,"District Educati",1,4,2010,8
2009,"4100026",2,"District Inspect",1,3,2010,8
2009,"4100026",3,"Center Coordinat",1,6,2010,8
2009,"4100026",4,"Other 1 (Specify",1,4,2010,1
2009,"4100026",5,"Other 2 (Specify",1,6,2010,1
2009,"4100029",1,"District Educati",1,7,2009,2
2009,"4100029",2,"District Inspect",1,9,2009,2
2009,"4100029",3,"Center Coordinat",1,9,2009,1
2009,"4100029",4,"Other 1 (Specify",1,7,2009,3
2009,"4100029",5,"Other 2 (Specify",1,2,2009,4
2009,"4110002",1,"District Educati",,,,
2009,"4110002",2,"District Inspect",,,,
2009,"4110002",3,"Center Coordinat",,,,
2009,"4110002",4,"Other 1 (Specify",,,,
2009,"4110002",5,"Other 2 (Specify",,,,
2009,"4110004",1,"District Educati",1,3,2009,4
2009,"4110004",2,"District Inspect",1,3,2010,8
2009,"4110004",3,"Center Coordinat",1,5,2010,8
2009,"4110004",4,"Other 1 (Specify",1,6,2010,1
2009,"4110004",5,"Other 2 (Specify",1,5,2010,1
2009,"4110006",1,"District Educati",1,6,2009,8
2009,"4110006",2,"District Inspect",1,2,2009,3
2009,"4110006",3,"Center Coordinat",1,9,2009,1
2009,"4110006",4,"Other 1 (Specify",1,7,2009,2
2009,"4110006",5,"Other 2 (Specify",1,10,2009,1
2009,"4110007",1,"District Educati",2,,,
2009,"4110007",2,"District Inspect",2,,,
2009,"4110007",3,"Center Coordinat",1,3,2010,8
2009,"4110007",4,"Other 1 (Specify",1,7,2010,1
2009,"4110007",5,"Other 2 (Specify",2,,,
2009,"4110009",1,"District Educati",1,6,2009,4
2009,"4110009",2,"District Inspect",1,8,2009,4
2009,"4110009",3,"Center Coordinat",1,9,2009,1
2009,"4110009",4,"Other 1 (Specify",1,7,2009,1
2009,"4110009",5,"Other 2 (Specify",2,,,
2009,"4120003",1,"District Educati",2,,,
2009,"4120003",2,"District Inspect",1,4,2009,4
2009,"4120003",3,"Center Coordinat",1,6,2009,2
2009,"4120003",4,"Other 1 (Specify",1,10,2009,4
2009,"4120003",5,"Other 2 (Specify",1,2,2010,1
2009,"4120005",1,"District Educati",2,,,
2009,"4120005",2,"District Inspect",2,,,
2009,"4120005",3,"Center Coordinat",1,9,2009,4
2009,"4120005",4,"Other 1 (Specify",1,6,2010,1
2009,"4120005",5,"Other 2 (Specify",2,,,
2009,"4130003",1,"District Educati",1,6,2010,8
2009,"4130003",2,"District Inspect",2,,,
2009,"4130003",3,"Center Coordinat",1,6,2010,8
2009,"4130003",4,"Other 1 (Specify",1,6,2010,8
2009,"4130003",5,"Other 2 (Specify",1,6,2010,8
2009,"4130005",1,"District Educati",1,2,2010,2
2009,"4130005",2,"District Inspect",1,2,2010,2
2009,"4130005",3,"Center Coordinat",1,4,2010,1
2009,"4130005",4,"Other 1 (Specify",,,,
2009,"4130005",5,"Other 2 (Specify",,,,
2009,"4140001",1,"District Educati",1,7,2009,8
2009,"4140001",2,"District Inspect",1,11,2009,1
2009,"4140001",3,"Center Coordinat",1,10,2009,1
2009,"4140001",4,"Other 1 (Specify",1,6,2009,4
2009,"4140001",5,"Other 2 (Specify",1,9,2009,8
2009,"4140003",1,"District Educati",,,,
2009,"4140003",2,"District Inspect",,,,
2009,"4140003",3,"Center Coordinat",,,,
2009,"4140003",4,"Other 1 (Specify",,,,
2009,"4140003",5,"Other 2 (Specify",,,,
2009,"4140005",1,"District Educati",1,11,2008,4
2009,"4140005",2,"District Inspect",1,11,2009,8
2009,"4140005",3,"Center Coordinat",1,10,2009,1
2009,"4140005",4,"Other 1 (Specify",1,10,2009,3
2009,"4140005",5,"Other 2 (Specify",1,7,2009,1
2009,"4150002",1,"District Educati",1,12,2009,2
2009,"4150002",2,"District Inspect",1,2,2010,8
2009,"4150002",3,"Center Coordinat",1,2,2010,8
2009,"4150002",4,"Other 1 (Specify",1,2,2010,8
2009,"4150002",5,"Other 2 (Specify",1,2,2010,8
2009,"4150006",1,"District Educati",1,10,2009,2
2009,"4150006",2,"District Inspect",1,10,2009,2
2009,"4150006",3,"Center Coordinat",1,7,2009,3
2009,"4150006",4,"Other 1 (Specify",1,4,2010,2
2009,"4150006",5,"Other 2 (Specify",,,,
2009,"4150007",1,"District Educati",2,,,
2009,"4150007",2,"District Inspect",1,9,2009,1
2009,"4150007",3,"Center Coordinat",1,9,2009,8
2009,"4150007",4,"Other 1 (Specify",1,9,2009,8
2009,"4150007",5,"Other 2 (Specify",,,,
2009,"4150009",1,"District Educati",,,,
2009,"4150009",2,"District Inspect",,,,
2009,"4150009",3,"Center Coordinat",,,,
2009,"4150009",4,"Other 1 (Specify",,,,
2009,"4150009",5,"Other 2 (Specify",,,,
2009,"4170008",1,"District Educati",1,9,2009,8
2009,"4170008",2,"District Inspect",1,7,2009,1
2009,"4170008",3,"Center Coordinat",1,7,2009,1
2009,"4170008",4,"Other 1 (Specify",1,8,2009,8
2009,"4170008",5,"Other 2 (Specify",1,8,2009,4
2009,"4170014",1,"District Educati",,,,
2009,"4170014",2,"District Inspect",,,,
2009,"4170014",3,"Center Coordinat",,,,
2009,"4170014",4,"Other 1 (Specify",,,,
2009,"4170014",5,"Other 2 (Specify",,,,
2009,"4170017",1,"District Educati",1,10,2009,8
2009,"4170017",2,"District Inspect",1,9,2009,2
2009,"4170017",3,"Center Coordinat",1,2,2010,1
2009,"4170017",4,"Other 1 (Specify",1,2,2010,1
2009,"4170017",5,"Other 2 (Specify",1,1,2010,4
2009,"4180011",1,"District Educati",1,3,2009,8
2009,"4180011",2,"District Inspect",1,3,2010,2
2009,"4180011",3,"Center Coordinat",1,4,2010,8
2009,"4180011",4,"Other 1 (Specify",1,9,2009,2
2009,"4180011",5,"Other 2 (Specify",1,2,2009,2
2009,"4180020",1,"District Educati",,,,
2009,"4180020",2,"District Inspect",,,,
2009,"4180020",3,"Center Coordinat",,,,
2009,"4180020",4,"Other 1 (Specify",,,,
2009,"4180020",5,"Other 2 (Specify",,,,
2009,"4190032",1,"District Educati",,,,
2009,"4190032",2,"District Inspect",,,,
2009,"4190032",3,"Center Coordinat",,,,
2009,"4190032",4,"Other 1 (Specify",,,,
2009,"4190032",5,"Other 2 (Specify",,,,
2009,"4190035",1,"District Educati",,,,
2009,"4190035",2,"District Inspect",,,,
2009,"4190035",3,"Center Coordinat",,,,
2009,"4190035",4,"Other 1 (Specify",,,,
2009,"4190035",5,"Other 2 (Specify",,,,
