"Year","Comcod","C4hmis1","C4hmis2","C4hmis3","C4hmis4","C4hmis5a","C4hmis5b","C4hmis5c","C4hcom1","C4hcom2"
2009,"1020001","KAMPALA","CENTRAL","KISENYI",78,4,11,2009,"NO DELIVERIES AT THE UNIT","TOO MANY REGISTER HENCE POOR SENSITIZATION"
2009,"1020002","KAMPALA","CENTRAL","KISENYI",78,4,11,2009,"NO DECLIVERIES AT THE UNIT.HMIS 105 FORM MISPLACED FOR JUNE","TOO MANY REGISTERS HENCE POOR SENALIZATION"
2009,"1020003","KAMPALA","K.C.C CENTRAL","K.C.C",33,30,11,2009,"FIGURE FOR MARCH IN AREGISTER HAS BEEN MISPLACED",
2009,"1020004","KAMPALA","KAWEMPE","KAWEMPE",3,7,12,2009,"SOME OF THE INFORMATION NEEDED IN-CHARGE",
2009,"1020006","KAMPALA","KAWEMPE","KAWEMPE",,,,,,
2009,"1020007","KAMPALA","KAWEMPE","KOMAMBOGO",117,15,9,2009,"HMIS 105 MISPLACED,COL83 HAVE THE BOOKS BUT NEVER FILLED","COL84 REGISTER MISPLACED (MARCH)"
2009,"1020008","KAMPALA","KAWEMPE","KAWEMPE",3,2,11,2009,,
2009,"1020010",,,,,,,,,
2009,"1020011",,,,,,,,,
2009,"1020012",,,,,,,,"NOT UPTO DATE RECORDS",
2009,"1020014","KAMPALA","MAKINDYE DIVISION","ST ANTHONY",111,28,4,2010,,
2009,"1020015","KAMPALA HC 111","K.C.C CENTRAL","K.C.C",33,30,11,2009,,
2009,"1020017","KAMPALA","MAKINDYE DIVISION","KIRUDO-BUZIGA HEALTH CENTRE 3",83,3,2,2010,"ERROR COULD BE MISCOUNT",
2009,"1020018","KAMPALA","MAKINDYE","ST ANDREW",,24,2,2010,"DO NOT HAVE THE HMIS FORMS",
2009,"1020019","KAMPALA","MAKINDYE","KANSANGA M.C",,17,9,2009,"THE MEDICAL CENTRE ADMINISTRATOR WAS NOT IN OFFICE AND THIS","RECORDS WERE NOT AVAILABLE TO THE RESPONDENT"
2009,"1020022","KAMPALA","KISWA","KYANJA",,,,,"NO FORMS FILLED AT ALL ONLY MAKE WRITTEN REPORTS TO DR","ELIZABETH"
2009,"1020023","KAMPALA","NAKAWA DIV","GOOD SAMARITAN",,,,,"NO FORMS FILED",
2009,"1020024","KAMPALA","KAMPALA","KISWA",23,12,2,2010,,
2009,"1020025",,,,,,,,,
2009,"1020026",,,,,,,,,
2009,"1020027","KAMPALA","MULAGO","KITEBI HEALTH CENTER",16,19,5,2010,,
2009,"1020028","KAMPALA","RUBAGA","KAWAALA",84,7,12,2009,"THE VERIENCE IS BECAUSE OF WRONG SERIALIZATION OF NUMBERS",
2009,"1020031",,,,,,,,,
2009,"1020033","KAMPALA","LUBAGA","NATEETE AM CLINIC",59,16,11,2009,,
2009,"1020034",,,,,,,,,
2009,"1030003","KIBOGA","BUKOMERO","LWAMATA",15,11,9,2009,"ENTRIES IN THE REGISTER LACKING FOR FOUR DAYS",
2009,"1030005","KIBOGA","KIBOGA","NTWETWE",20,23,1,2010,"HAD NO DATABASE OR FACILITY REPORT/DATABASE THEN BUT NOW","DO HAVE ONE."
2009,"1040002","LUWEERO","KATIKAMU HC IV","MIREMBE",,,,,"HAVE NO HMIS 105, NO DATABASE/ FACILITY REPORT. DO NOT DO","DELIVERIES AND IMMUNISATION."
2009,"1040004","LUWERO","KALAGALA HEALTH CENTRE IV","KALAGALA HC IV",20,22,10,2009,"DATA BASE/FACILITY REPORT NOT GOT","RECORDS ASSISTANT HAD NOT PREPARED IT"
2009,"1040006","LUWERO","KALAGALA","ZIROBWE",23,13,2,2010,"COLUMN 84- RECORDS AVAILABLE UP TO 23RD/03/09",
2009,"1040008","LUWERO","KASANA HC IV","KYALUGONDO",47,17,11,2009,"HAVE NO DATABASE/FACILITY REPORT",
2009,"1050003","MASAKA","BUKULULA H/N","LUKAYA H/C III",35,16,12,2009,"THE RESPONDENT DID NOT KNOW WHERE THE FORMS WERE AND THE","INCHARGE WASN'T AT THE CENTRE."
2009,"1050004","MASAKA","BUTENGA HC IV","BIGASA",,20,10,2009,"REGISTERS UPON COUNTING GIVE MUCH LESS TOTAL NUMBER OF OPD","NEW CASES. THE VALUES IN THE HMIS 105 ARE INFLATED"
2009,"1050008","MASAKA","BUTENGA H/C IV","ST.YOANA MARIA MUZEEYI",26,4,2,2010,"HAVE NO DATABASE/FACILITY REPORT",
2009,"1050012","MASAKA","KIWANGALA H/C IV","KINONI",1,,,,"HAVE NO DATABASE/FACILITY REPORT",
2009,"1050015","MASAKA","BUKOTO WEST","KYAZANGA HEALTH CENTRE IV",10,18,2,2010,"ITS A HEALTH SUB DISTRICT.THE REGISTERS WERE LOCKED UP SOME","WHERE WITHOUT ACCESS.THEREFORE,NO COMPARISON COULD BE MADE"
2009,"1050019","MASAKA","LWENGO HSD","MAKONDO",63,13,12,2009,"HAVE NO DATABASE/FACILITY REPORT AND DON'T DO DELIVERIES.",
2009,"1050023","RAKAI","KYOTERA SUB DISTRICT","KAYANJA HEALTH CENTRE II",63,7,9,2009,"AFTER REALISING THE MISMATCH, THE RECORDERS OF DATA CLAIM TH","MIGHT HAVE MADE AN ERROR"
2009,"1050026","MASAKA","KIYUMBA H/C IV","MPUGWE",16,4,2,2010,"HAVE NO DATABASE/ FACILITY REPORT.",
2009,"1050030","MASAKA","BUKULULA HC IV","KIRAGGA",85,19,10,2009,"THE RECORDS CLERK IS NEW AND SHE TOOK ALL THE RECORDS TO HER","HOME AND SHE IS OUT OF REACH. HEALTH CENTRE DOESN'T DO DELIV"
2009,"1050033","MASAKA","KYAMULIBWA HC IV","KALUNGU HC III",31,12,2,2010,"THEY DONT PREPARE  DATA BASE FACILITY REPORT",
2009,"1060003","MPIGI","MADDU HC IV","KIFAMPA HC 111",25,19,11,2009,"THE DATABASE WAS BLANK AND HAD NOT TAKEN INNITIATIVE TO RECO","RD INFORMATION.HC CLINICAL OFFICER CLAIMED THAT THE BIG VARI"
2009,"1060005","MPIGI","GOMBA","MADDU IV",35,24,10,2009,"MISMATCH IN OPD DUE TO INFLAMATION OF VALUE WHEN RECORDING","IN HMIS 105"
2009,"1060007","MPIGI","MAWOKOTA-SOUTH-NKOZI","ST.ANTHONY HEALTH CENTRE",36,9,12,2009,"NO DATA BASE FACILITY REPORT","THEY DONT WRITE THE DATA BASE REPORT"
2009,"1060009","MPIGI","MPIGI HOSPITAL","KAFUMU HEALTH CENTRE II",,19,10,2009,"THE IN-CHARGE COMENTED THAT FOR DPT3 SOME REGISTES FOR OUT","REACH WERE FORGOTTEN WHEN TALLYING FIGURES"
2009,"1070001",,,"MUBENDE HOSPITAL",,,,,"RECORDS ASSISTANT NOT AVAILABLE",
2009,"1070002","MITYANA","MITYANA HOSPITAL","MAGALA",11,27,1,2010,"HAVE DATABASE/FACILITY REPORT BUT DIDN'T USE IT DURING THE","PERIOD OF INTEREST. HAVE NO RECORDS(TALLY SHEETS) FOR IMMUNI"
2009,"1070016","MUBENDE","KASANDA NORTH","BUKUYA HC III",2,17,11,2009,"DATA BASE FACILITY REPORT NOT GENERATED SINCE ITS NOT YET","GENERATED"
2009,"1070020","MUBENDE","KIGANDA HEALTH SUB DISTRICT","KYANAMUGERA HEALTH CENTRE II",71,10,9,2009,"INACCURACY IN COMPILING DATA,NOT BEING KEEN IN RECORDS",
2009,"1070023","MUBENDE","KASANDA HEALTH SUB DISTRICT","KIKANDWA HEALTH CENTRE II",18,7,5,2009,"THE FACILITY HAS NO DATABASE REPORT.THE CLAIM THEY LAST GOT","ONE COPY IN 2004"
2009,"1080002","MUKONO","KAWOLO HOSPITAL","KAWOLO HOSPITAL",,23,10,2009,"DATA NOT GIVEN.MISSING FIGURES",
2009,"1080003","MUKONO","BUIKWE NORTH","H.C III",103,10,2,2010,"THE MISMATCH IS DUE TO THE MISCOUNT WHEN FILLING IN THE HMIS","105. THEY DON'T RECORD THE DPT 3 GIVEN TO CHILDREN IN REGIST"
2009,"1080006","MUKONO","BUIKWE SOUTH NKOKONJERU HOSPIT","MAKONGE HC III",51,23,11,2009,"NO DATABASE/FACILITY REPORT",
2009,"1080009","MUKONO","NYENGA HOSPITAL","BUWAGAJJO HEALTH CENTRE III",10,3,9,2009,"OPD REGISTER FOR MARCH 2009 ISN'T AVAILABLE AT THE TIME OF","INTERVIEW. DPT 3 REGISTER FOR MARCH & JUNE 2009 ARE NOT AVAI"
2009,"1080013","MUKONO","BUIKWE NORTH NYENGA HOSPITAL","BUWAGAJJO HEALTH CENTRE III",10,11,12,2009,"NO DATA BASE REPORT WAS AVAILABLE,REASON BEING THAT THEY","HAVE TAKEN LONG NOT GETTING A COPY"
2009,"1080020","MUKONO","MUKONO NORTH","KATOOGO HEALTH CENTRE III",108,27,1,2010,"THE DATA BASE REPORT WAS NOT AVAILABLE",
2009,"1080023","MUKONO","MUKONO NORTH H/C IV","GOMA HC III",13,24,11,2009,"REGISTER FOR OPD WERE LOCKED UP IN A ROOM",
2009,"1080027","MUKONO","NAKIFUMA HSD","KASANA",91,11,8,2010,"HAVE NO DATABASE/ FACILITY REPORT.","`"
2009,"1080030","MUKONO","NAKIFUMA HC IV","KASAWO HC III",16,14,12,2009,"THE RESPONDENT GAVE REASONS FOR THE MISMATCH,THAT SHE LEFT","OUT SOME REGISTERS WHILE COUNTING"
2009,"1080033","MUKONO","NAKIFUMA HOSPITAL","KYABAZAALA HEALTH CENTRE III",25,4,9,2009,"DATABASE/FACILITY REPORT IS NOT AVAILABLE FOR THIS YEAR, THE","FACILITY LAST MADE A DATABASE REPORT IN 2006"
2009,"1090004","NAKASONGOLA","NAKASONGOLA HEALTH CENTRE IV","MULONZI HEALTH CENTRE II",140,22,1,2010,"DATA BASE/FACILITY REPORT NOT AVAILABLE.THE DONT WRITE IT",
2009,"1100001","RAKAI","KALISIZO HOSPITAL","II",75,24,11,2009,"HAVE NO DATABASE/FACILITY REPORT AND THEY DO NOT HAVE THE","OTHER DATA/RECORDS."
2009,"1100005","RAKAI","KAKUTO HC IV","GWANDA HC II",85,17,2,2010,"THEY DO NOT MAKE RECORDS FOR FACILITY/DATA BASE REPORT","THE VACCINE WAS DUE TO NOT BEING KEEN IN COUNTING"
2009,"1100007","RAKAI","KAKUTO HC IV","KACHEERA",31,,,2010,"DON'T KEEP DATABASE/ FACILITY REPORT.","DO IMMUNISATION IN NOVEMBER(THE FRIDGE WAS DOWN)"
2009,"1100009","RAKAI","RAKAI HOSPITAL","KIBUKA HC II",11,4,9,2009,"HSD IS RAKAI HOSPITAL",
2009,"1100012","RAKAI","KALISIZO HOSPITAL","BUYIISA",,11,12,2009,"DO NOT DO DELIVERIES. HAVE NO DATABASE OR FACILITY REPORT.",
2009,"1110001","SEMBABULE","DHO'S OFFICE","NTUUSI",,,,,"HAVE NO DATABASE/FACILITY REPORT. (DON'T KEEP ONE)",
2009,"1110003",,,,,,,,,
2009,"1120001","KAYUNGA","KAYUNGA HOSPITAL","HOSPITAL",11,7,9,2009,"REGISTER NAMES NOT AVAILABLE, STORE KEEPER IS OFF DUTY AND","NOT ON HOSPITAL PREMISES"
2009,"1120003","KAYUNGA","BBAALE H/C IV","WABWOKO",,,,,"HAVE DATABASE BUT ONLY SOME SECTIONS ARE FILLED.",
2009,"1120006","KAYUNGA","KAYUNGA HEALTH CENTRE IV","BUSAALE HEALTH CENTRE II",18,25,1,2010,"DATA BASE STILL UP DATING-NOT COMPLETE",
2009,"1130002","WAKISO",,"ENTEBBE HOSPITAL",10,16,12,2009,"ITS A HEALTH SUB DISTRICT AND HOSPITAL LEVEL",
2009,"1130003","WAKISO","BUSIRO SOUTH","KAJJANSI H/C III",18,27,10,2009,"NO FACILITY REPORT AT THIS H/C.IMMUNISATION REGISTER WASN'T","COMPLETE COZ SOME INFORMATION HAD BEEN TAKEN FOR OUTREACH"
2009,"1130004","MUKONO","KASANGATI HC IV","BWEYOGERERE HC II",,2,2,2010,,
2009,"1130006","WAKISO","KYADONDO NORTH","NABWERU H/C III",168,,,,,
2009,"1130007","WAKISO","NDEJJE H/C","TUSUBIRA",,,,,"HAVE NO RECORDS FOR DPT3-THE RECORDS ARE  ADDED TOGETHER FOR","THOSE UNDER 1 YEAR& ABOVE 1 YEAR .HAVE NO HMIS 105 RECORDS"
2009,"1130008","WAKISO","KISUBI HOSPITAL","BUUSI HC II",7,29,10,2009,"NO DATA BASE FACILITY REPORT AVAILABLE",
2009,"1130010","WAKISO","KISUBI HOSPITAL","NALUGALA HEALTH CENTRE II",18,29,1,2010,"RECORDS ASSISTANT AT THE HSD COMENTED THAT NURSES HAVE A","PROBLEM IN COUNTING AND TALLYING FIGURES"
2009,"1130012","WAKISO","BUSIRO EAST WAKISO HC IV","KYENGERA HEALTH CENTRE II",,2,11,2009,"DATA BASE/FACILITY REPORT NOT AVAILABLE",
2009,"1130016","WAKISO","BBIRA HC","KAWUZI HC",,26,11,2009,"THE HEALTH CENTRE HAS POOR RECORDS KEEPING.THEY CLAIM TO HAV","E STOPED RECORDING SINCE THE MIN AND HSD ARE NO LONGER PROVI"
2009,"1130019","WAKISO","KASANGATI HEALTH CENTRS IV","KIRINYA HC II",32,14,9,2009,"SOME PEOPLE COUNT WRONGLY","MAY BE WRONG ADDITIONS"
2009,"1130021","WAKISO","KYADONDO NORTH","NABWERU HC III",168,30,11,2009,"NO DATA BASE FACILITY REPORT",
2009,"1130023","WAKISO","NDEJE HC IV","NDEJJE HC IV",,27,10,2009,"THE FACILITY HAS NOT HAD A RECORDS ASSISTANT FOR THE LAST 4","YEARS.NO DATABASE FACILITY RPORT"
2009,"1130025","WAKISO","NDEJJE HC III","MENGO DOCTORS' CLINIC",,4,2,2010,"THEY DONT HAVE A CODE.THEY HAVE NOT BEEN SUBMITTING HMIS RE","CORDS.THEY DONT CARRY OUT IMMUNISATION"
2009,"1140003","LYANTONDE","LYANTONDE HOSPITAL","MPUMUDDE III",36,15,10,2009,"MANY REGISTERS, TALLY SHEETS MISSING. THERE WAS CHANGE OF/IN","ADMINSTRATION .INCOMING OF NEW IN-CHARGE& THEY CAN'T ACCOUNT"
2009,"1150004","MITYANA","MITYANA HOSPITAL","MAANYI H/C III",25,14,7,2010,"FACILITY DOES NOT KEEP A DATABASE/FACILITY REPORT.","AVAILABLE."
2009,"1150027","MITYANA","MITYANA HOSPITAL","KABULE HEALTH CENTRE",7,15,10,2009,"DATA BASE/FACILITY REPORT WAS NOT AVAILABLE","ORDS LOCKED UP IN DRAWER.DATA BASE REPORT NOT AVAILABLE"
2009,"1150031","MITYANA","MITYANA SOUTH","BUSUNJU HEALTH CENTRE II",9,22,2,2010,,
2009,"1160011","NAKASEKE","NAKASEKE HOSPITAL","NAMUSAALE H/C",,21,11,2009,"HAVE NO DATABASE/ FACILITY REPORT",
2009,"1160013","NAKASEKE","DISTRICT HEALTH OFFICER NAKASE","NGOMA H/C IV",,9,12,2009,"HAVE NO DATABASE/FACILITY REPORT & ALSO IN THEIR OPD PATIENT","S REGISTER THEY DON'T DIFFERENTIATE CLEARLY BTN NEW CASES &"
2009,"2010004","BUGIRI","NANKOMA","BULUWE",,,,,"IN-CHARGE COULD NOT GIVE PROPER EXPLANATIONS","IT SEEMS HE KEEPS HIS RECORDS POORLY"
2009,"2010006","BUGIRI","BUYINJA H/C IV","BUYINJA H/CIV",44,,,,,
2009,"2010008","BUGIRI DISTRICT","BUKOOLI NORTH","WANGOBO H/C",75,25,1,2010,"TALLY SHEETS ARE IN DDH'S OFFICE",
2009,"2010009","BUGIRI(NAMAYINGO)","BUYINJA","SSIGULU",135,6,8,2010,,
2009,"2020001","BUSIA","TOWN COUNCIL","BUSIA HEALTH CENTRE IV",5,30,11,2009,"VARIANCE COULD BE BECAUSE OF ADDITION ERROR",
2009,"2020005","BUSIA","BUSIA HEALTH CENTRE IV","BUTEBA HEALTH CENTRE IV",9,24,2,2010,,
2009,"2020007","BUSIA","SAMIA BUGWE SOUTH","BUMUNJI HEALTH CENTRE",22,27,11,2009,,
2009,"2030001","IGANGA","IGANGA","IGANGA TOWN COUNCIL H/C 111",54,22,2,2010,"THE LOW NUMBER OF DELIVERANCE WAS BECAUSE THE H/C FACILITY","WAS NOT OPERATING 24 HOURS AND IT HAD ONE MIDWIFE"
2009,"2030004","IGANGA","KIGULU SOUTH","IGANGA TOWN COUNCIL",,16,6,2010,,
2009,"2030018",,,,,,,,"IMMUNISATIONS PROGRAMME STARTED IN JUNE",
2009,"2030023",,,,,,,,,
2009,"2030028","IGANGA","KIYUNGA H/C IV","IKUMBYA",56,24,11,2009,,
2009,"2030033","KIYUNGA","LUUKA","KIYUNGA HC IV",85,18,2,2010,,
2009,"2040002",,,,,,,,,
2009,"2040006","JINJA","WALUKUBA H/C IV","MASESE PORT",68,2,2,2010,"REGESTER FOR MATCH MISPLACED","SHIFTING AND THE TALLY SHEETS"
2009,"2040009",,,,,,,,,
2009,"2040012","JINJA","BUTEMBE","BUSEDDE H/C",19,18,12,2009,"THERE WAS A PROBLEM WITH RECORDS STAFF AND THE DATA FO","MARCH WAS NOT TALLYED"
2009,"2040015","JINJA","BUTAGAYA","NAWAMPANDA",,,,,,
2009,"2050001",,,,,,,,,
2009,"2050004","BUYENDE(KAMULI)","BUDIOPE","BUYENDE",,,,,,
2009,"2050009","KAMULI","BUDIOPE","KAGULU",75,15,2,2010,,
2009,"2050013","KAMULI","KAMULI HOSPITAL","NAMASAGALI",30,23,11,2009,"DPT3 Regester tally sheet at health centre was displaced",
2009,"2050017",,,,,,,,,
2009,"2050030","KAMULI","BUZAAYA-NANKANDULO","KIYUNGA H/C 11",63,28,1,2010,"THE MISTAKES USUALLY COME ON DUE TO ERRORS IN SENALIZING","SHE WAS NOT AT STATION AT THE TIME OF VIST"
2009,"2070005","KATAKWI","USUK","11",22,25,3,2010,,
2009,"2070006","KATAKWI","USUK","AKURAO",,,,,"NO INFORMATION FOR MARCH BECAUSE UNIT OPENED SEPT.2009","UNIT HAS NO PROPER RECORDS"
2009,"2080001","KUMI","KUMI","KUMI H/C",14,24,5,2010,"REGISTERS FOR O.P.D ADULTS NOT SEEN SO I COULD NOT CONSIDE O","ONLY UNDER 5YEARS"
2009,"2080005","KUMI","KANYUM NGO H/C 11","KANYUM NGO H/C 11",,16,2,2010,"THE INCHARGE HAD GONE TO D.M.O AND THE CABINAT WAS CLOSED","FOR DATA BASE REPORT"
2009,"2080007","KUMI","ONGINO","ONGINO HOSPITAL",25,21,5,2010,"NUMBERS ARE OMITTED WHILE SERIALIZING HENCE VARIENCE",
2009,"2080008","KUMI","MUKURA","111",19,22,3,2010,"WRONG SERIALIATION",
2009,"2090003","MBALE","MBALE MUNICIPALITY","NAMATALA",28,8,9,2010,"VARIANCE COULD BE DUE TO MISCOUNT OF REGISTER",
2009,"2090006","MBALE","MBALE MUNICIPALITY","NAMAKWEKWE HEALTH CENTRE II",26,14,12,2009,"MINIMAL VARIANCE",
2009,"2090033","MBALE","BUNGOKHO SOUTH(DR LEO MUFULINA","NAIKU HEALTH CENTRE) III",24,4,9,2009,"FACILITY REPORT WAS NOT SEEN/FOUND.INCHARGE WAS AWAY",
2009,"2100002","PALLISA","PALLISA HOSPITAL","PALLISA T.C HEALTH CENTRE III",,,,,,
2009,"2100004","BUDAKA","BUDAKA","KADERUNA",4,17,10,2009,,
2009,"2100006","PALLISA","PALLISA-DR.OTAL","AGULE HEALTH CENTRE III",1,11,2,2010,,
2009,"2100007","PALLISA","PALLISA-DR.NAMONYO ANDREW","KAMEKE HEALTH CENTRE III",22,23,11,2009,,
2009,"2110003","SOROTI","SOROTI MUNICIPALITY","WESTERN DIV H/C",,,,,"HAD INSUFFICIENT SUPPLY FOR GAS FOE THE FRIDGE SO VACCINES","ARE USUALLY NOT THERE REGISTERS NOT SEEN"
2009,"2110004","SOROTI","KASILO","KAMOD H/C",12,14,12,2009,"WHERE THERE WAS NO VARIANCE THE RECORDS IN QN 82 IS APHOTO","COPY OF 83"
2009,"2110006","SOROTI","SERERE","KYERE",17,16,4,2010,"NO VACCINES IN NOV DUE TO LACK OF GAS",
2009,"2110007","SOROTI","ATIRIR","ARAPAI",,,,,"WRONG NUMBERS ENTERED IN THE FORMS",
2009,"2110009","SOROTI","SOROTI","OPUYO",62,11,5,2010,,
2009,"2120003","TORORO","TORORO M.C.DR.BUYINZA","KYAMWENULA HEALTH CENTRE",11,26,11,2009,,
2009,"2120008","TORORO","MUKUJU HEALTH CENTRE IV","MERIKIT HEALTH CENTRE III",26,17,12,2009,,
2009,"2120009","TORORO","TORORO COUNTY","OSUKURU HEALTH CENTRE III",34,15,9,2009,,
2009,"2120011","TORORO","TORORO","MULANDA HEALTH CENTRE IV",30,25,7,2010,,
2009,"2120013","TORORO","MULANDA-DR.TOM OCHAR","PANYANGASI HEALTH CENTRE",6,26,10,2009,"NO VARIANCE",
2009,"2140002","HOSPITAL","BUNYA WEST","ST.FRANCIS BULOBA",6,8,8,2010,,
2009,"2140003",,,,,,,,,
2009,"2150001","SIRONKO","BUDADIRI WEST","SIRONKO HEALTH CENTRE III",30,18,2,2010,"THE FIGURES WERE SAME",
2009,"2150002","SIRONKO","BUDADIRI EAST","BUMULISHA HEALTH CENTRE III",3,9,9,2009,"VARIANCE/MISMATCH CAUSE MAY MISCOUNTING THE REGISTER FIGURES",
2009,"2150004","SIRONKO","G.M.O","BUWASA  HEALTH CENTRE IV",22,11,12,2009,,
2009,"2150006","SIRONKO","BULAMBULI-MUYEMBE","BULUGANYA HEALTH CENTRE III",9,21,10,2009,,
2009,"2150007","SIRONKO/BULAMBULI","BUWAMBUTYE HEALTH CENTRE III","MUYEMBE",17,30,1,2010,"NO ERRORS IN THE TOTAL FIGURE HENCE NO VARIANCE ATTENDENCE",
2009,"2160003","H/C II","AMURIA","ABEKO",,17,12,2009,"0 ACCORDING TO THE RECORDS FROM 25/2/09 TO 14/4/09 THE","HEALTH  CENTRE HAD NO DRUGS"
2009,"2170009","BUDAKA","BUDAKA","KATIRA HEALTH CENTRE III",31,8,9,2009,,
2009,"2180037","BUDUDA","MANJIYA","BUSHIKA HEALTH CENTRE 3",25,26,1,2010,"NEW ATTENDENCE HAD NO VARIANCE",
2009,"2190003","BUKEDEA","BUKEDEA","KACHUMBALA",6,24,4,2010,"WRONG SERIALIZATION",
2009,"2200001","BUKWO","KONGASIS","KAMET HEALTH CENTRE II",5,18,11,2009,,
2009,"2210006","BUTALEJA","BUNYOLE","NABIGANDA",32,15,2,2010,"RECORDED NEW VARIANCES",
2009,"2220022",,,,,,,,,
2009,"2220026","KALIRO","BUMANYA HCIV","NAWAIKOKE",17,26,10,2009,"ACOPY OF HM15105 DATABASE FACILITY REPORT IS WHAT THEY SEND","TO THE DISTRICT"
2009,"2230011","MANAFWA","MAGALE HEALTH CENTRE IV","BUTIRU  HEALTH CENTRE 111",29,9,12,2009,"NO ERRORS",
2009,"2230014","MANAFWA","MAGALE HEALTH CENTRE IV","NABITSIKHI HEALTH CENTRE",37,23,10,2009,"DELIVERIES/MATERNITY WARD STARTED OPERATING IN FEB 2009",
2009,"2230022","MANAFWA","BUBULO EAST -DR KIGUNDU","BUBUTU HEALTH CENTRE",46,20,11,2009,"VARIANCE COULD BE BECAUSE OF MISCOUNT",
2009,"2230029","MANAFWA","BUBULO EAST","MAGALE HEALTH CENTRE IV",43,8,12,2009,"NO VARIANCE",
2009,"2240013","NAMUTUMBA","NSINZE HC 1V","IVUKULA HX 111",60,,,,"SOMETIMES TALLY SHEETS ARE MISPLACED","THIS IS ACCORDING TO THE RECORDS CLERK OF THS HEALTH"
2009,"3010003","ADJUMANI","EAST MOYO","DZAIPI",4,9,12,2009,"SIX MONTHS DELIVERED BY TBA AND WERE NOT REGISTERED","REGISTER MISPLACED"
2009,"3020002","APAC","MARUZI","APAC HOSPITAL",17,19,5,2010,"DATA ON DATA BASE/REGISTER NOT GOT(LEVEL IS HOSPITAL SO","GETTING THIS INFORMATION WAS NOT EASY AFTER WHOLE DAY STAY."
2009,"3020003","APAC","KOLE","ABOKE",3,18,9,2009,"VARIOUS REGISTERS USED AND THAT IS THE CAUSE OF VARIANCES","INFORMATION AT TIMES NOT RECORDED IN THE REGISTER."
2009,"3020005","APAC","KOLE HSD","ALITO H/C",15,2,11,2009,"SERIAL NUMBERS NOT FOLLOWED(WRONG NUMBERING)","NOT ALL TALLY SHEETS ADDED INTO WHAT IS SENT TO SUB-DISTRICT"
2009,"3020008","APAC","KOLE HSD","ALITO H/C III",15,2,11,2009,"SERIAL NUMBERS NOT FOLLOWED(WRONG NUMBERING","SOME TALLY SHEETS FROM H/C OUTREACH ARE SUBMITTED LATE"
2009,"3020010","APAC","KOLE","BALA",22,24,2,2010,"NUMBERS REPEATED IN NUMBERING","DELAY OF TALLY SHEETS FROM OUTREACH SERVICES MAKE THEM COMP"
2009,"3020013","APAC","KWANIA","ADUKU H/C",7,26,11,2009,"REGISTER FOR OPD HAS NEVER BEEN IN PLACE FOR THE LAST 2 YEAR","OFFICIAL FROM DISTRICT TOOK HMIS 105 FOR JUNE AND JULY 2009"
2009,"3020016","APAC","MARUZI","ALENGA",14,5,11,2009,"REPORT SENT TO HSD WAS BASED ON IMAGINATION.","HMIS 105 NOT COMPARED WITH WHAT WAS PRESENTED AT HSD"
2009,"3020018","APAC","MARUZI","AKOKORO",12,17,12,2009,"OTHER REGISTERS,TALLY SHEETS WERE MISSING SO COMPARISION","WAS DIFFICULT. INFORMATION ON HMIS 105 WAS THE SAME WITH HSD"
2009,"3020035","APAC","MARUZI","IBUJE",24,15,12,2009,"REGISTER FOR MARCH OPD ADULT WAS MISSING SO COUNTED ONLY","OPD CHILDREN MARCH(2ND VISIT)"
2009,"3030006","ARUA","AYIVU","AROI",61,8,9,2009,,
2009,"3030009","ARUA","ADUMI AYIVU","ORIVU",65,1,2,2010,"NO RECORDS KEPT FOR HMIS 105 BY THE FORMER IN CHARGE","NO COMPARISION COULD BE MADE"
2009,"3030015","ARUA","VURRA/UPPER MADI","OKOLLO",41,22,2,2010,,
2009,"3030033","ARUA","VURRA & UPPER MADI","LAZEBU",5,23,11,2009,"NO EXPLAINATION GIVEN BY THE HSD FOR THE VARIANCE",
2009,"3040002",,,,,,,,"PRIVATE FACILITY DEOS NOT USE HMIS","NEW CASES IN A MONTH APPROXIMATELY 2200 OLD CASES-500"
2009,"3040004","GULU","GULU MUNICIPALITY","AYWEE",16,27,1,2010,"NOT ALL REGISTERS WERE GOT,COUNTY ONLY THOSE GOT","CHILDREN REGISTERS FOR JUNE 2009 WAS MISSING"
2009,"3040007","GULU","GULU MUNICIPAL COUNCIL","LAROO",62,23,10,2009,"RE-ATTENDANCE IS NOT ALWAY INDICATED IN THE REGISTER","HMIS 105 AT THE HSD WAS INDICATING OPD AS 1362"
2009,"3040009","GULU","ASWA","PUNENA",52,16,2,2010,"WRONG NUMBERING-I.E NUMBER REPEATED WHILE OTHERS ARE JUMPED","SECOND DELIVERY REPORTED IN THE HMIS 105 IS NOT INDICATED"
2009,"3040014","GULU","OMORO","ST JOSEPH`S MINAKULU",42,7,12,2009,"WHAT WAS SENT TO HSD WAS AS PER COMMON DISEASES REPORTED.","DELIVERY FOR MARCH JUNE HAS NOT STARTED YET"
2009,"3050001","KITGUM","CHUA","BREGMA M/C",,11,8,2010,"DISTRICT WASNT WILLING SO THEY STOPED SUBMITTING REPORT TO","THEM.THE HEALTH FACILITY DOESNT HAVE HMIS 105"
2009,"3060006","KOTIDO","JIE","KOTIDO H/C 1V",18,14,5,2010,"THE NOVEMBER 2009 HMIS IS MISSING",
2009,"3060007","KOTIDO","JIE","RENGEN H/C 111",,29,3,2010,"DPT3 VARIES BECAUSE 1883 INCLUDS OUT REACH FIGURES",
2009,"3070002","LIRA","LIRA MUNICIPAL HSD","OBER H.C III",79,,,,"THEY DONT HAVE THE DATA BASE REPORT","REGISTERS FOR MARCH AND JUNE STILL MISSING"
2009,"3070012","LIRA","LIRA MUNICIPALITY","AYAGO",50,13,5,2010,"DELIVERIES NOT OFFERED IN THE HEALTH FACILITY","HMIS 105 WERE CONFIRMED FROM THE DISTRICT HEALTH OFFICE."
2009,"3070017","LIRA","MOROTO","ABAKO H/C",45,11,9,2009,"RECORDING DONE IN VARIOUS BOOKS AND SOME ARE MISSING.","MORE ERRORS ARISE FROM COPYING INFORMATION"
2009,"3070018","LIRA","MOROTO","ABAKO H/C III",45,11,9,2009,"RECORDS ARE DONE IN VARIOUS BOOKS WHICH GET MISPLACED","MORE ERRORS ARE MADE AS THEY COPY THE INFORMATION"
2009,"3070020","LIRA","MOROTO","APALA",18,2,2,2009,"SOME REGISTERS WERE MISSING,RECORD OFFICIAL WASNT ARROUND","INFORMATION ON IMMUNISATION WAS LOCKED AND KEY WASNT THERE"
2009,"3070022","LIRA","ERUTE SOUTH","ONYWAKO",42,29,10,2009,,
2009,"3070023","LIRA","ERUTE SOUTH","AGALI",5,19,2,2010,"INFORMATION ON DPT3 NOT GOT FOR MARCH,TALLY SHEETS NOT GOT","TALLY SHEETS FOR MARCH NOT SEEN DURING 2ND VISIT"
2009,"3070025","LIRA","ERUTE SOUTH","ONGICA",42,23,11,2009,"WRONG COUNTING WHICH WAS SUBMITTED TO HEALTH SUB-DISTRICT","HEALTH CENTRE HAVE JUST BEEN UPLIFTED,IT DIDNT HAVE DELIVERY"
2009,"3080001","MOROTO","111","IRIIRI",,26,3,2010,"WRONG SERIALIZATION",
2009,"3080002","MOROTO","LOTOME","BOKORA",13,10,12,2009,"WRONG COUNTING/SERIALIZATION",
2009,"3080004","MOROTO","MATHENIKO","NADUNGET",16,22,4,2010,"VARIANCE DUE TO WRONG SERIALIZATION",
2009,"3090001","MOYO","OBONGI","OBONGI HEALTH CENTRE",10,25,1,2010,"NUMBERING FOR JUNE WAS TOTALLY MESSED UP","POINTMENT BY DOCTOR NOT REFLECTED IN THE REGISTER"
2009,"3090002","MOYO","OBONGI","IBAKWE",,11,5,2010,"THE UNIT WAS BEING RENOVATED SO SOME SERVICES COULD NOT BE","OFFERED"
2009,"3100004","NEBBI","OKORO (NYAPEA)","PAIDHA",27,25,11,2009,"OPD-MARCH - POOR NUMBERING","OPD-JUNE - BECAUSE OF RE-ATTENDENCE COL84 IS GREATER THAN 82"
2009,"3100006","NEBBI","JONAM","PANYIGORO",35,25,2,2010,,
2009,"3100007","NEBBI","OKORO","THER-URU",,20,6,2010,"NO DELIEVERIES AND IMMUNISATION DONE AT THE UNIT",
2009,"3100008","NEBBI","NYAPEA (OKURU)","PADEA",25,11,9,2009,"NO HMIS THEY HAVE SUMMARY FROM UNEPI","NO DELIVERIES AT THE HEALTH CENTRE"
2009,"3100009","NEBBI","OKORO","ZOMBO",44,3,2,2010,,
2009,"3100010","NEBBI","OKORO","ZEU",43,28,10,2009,"DPT3-PHC WORKER WENT WITH THE REGISTER FOR AN OUT REACH","PROGRAMME"
2009,"3100012","NEBBI","PADYERE","KOCH",49,22,2,2010,"NO DELIVERIES AND IMMUNISATION DONE AT THE UNIT",
2009,"3110001","NAKAPIRPIRIT","CHEKWII","NAKAPIRIPIRIT H/C",,22,2,2010,"WRONG SERIALIZATION",
2009,"3110003","NAKAPIRIPIRIT","PIAN","LORENGEDWAT",12,17,5,2010,,
2009,"3110004",,,,,,,,"FOR NOVEMBER UNIT HAD ONLY ONE COPY WHICH WAS SENT TO THE","HEALTH SUB DISTRICT"
2009,"3130001","YUMBE","ARINGA","LOBE",21,18,2,2010,"HMIS 105 DISTRICT  NOT FORMED","FACILITY REPORT SEEMS TO BE FOR A DIFFRENT DISTRICT  (MARCH)"
2009,"3130002","YUMBE","ARINGA","KULIKULIGA",6,22,10,2009,,
2009,"3130003","YUMBE","ARINGA","ARINGA",1,27,1,2010,,
2009,"3150016","AMOLATAR","KIOGA","APUTI",3,22,2,2010,"SOME NAMES WERE NOT NUMBERED(RE-ATTENDANCE)","TALLY SHEETS WERE MISSING EVEN BY SECOND VISIT"
2009,"3160016","AMURU","KILAK","KALADIMA",,7,9,2009,"NO INFORMATION FOR DATA BASE/FACILITY REPORT IS NOT AVAILABL","HMIS 105 MISSING FROM THE H/C EVEN BY 2ND VISIT"
2009,"3170009","DOKOLO","DOKOLO","AGWATA H/C",6,9,12,2009,"REPEATATION OF SEREAL NUMBERS","WRONG NUMBERING"
2009,"3170010","DOKOLO","DOKOLO","BATTA",26,27,10,2009,"RE-ATTENDANCE NOT INCLUDED IN THE REGISTER","DATABASE FACILITY REPORT FOR REQUIRED MONTHS NOT AVAILABLE"
2009,"3170011","DOKOLO","DOKOLO","KANGAI H/C",30,29,1,2010,"OUTREACHES DELAY IN BRINGING THE TALLY SHEETS HENCE,MISMATCH","BY SECOND VISIT OTHER REGISTERS WERE STILL MISSING"
2009,"3180001","KAABONG","DODOTH SOUTH","KAABONG HOSPITAL",3,15,5,2010,,
2009,"3180002","KAABONG","DODOTH NORTH","KAPEDO",5,4,2,2010,"WRONG SERIALIZATION AND RE-ATTENDANTS HAD BEEN INCLUDED IN","QN 82"
2009,"3180003","KAABONG","KARENGA","KATHILE",4,20,4,2010,"THE HEALTH UNIT HAD MISPLACED NOV.2009 HMIS FORMS",
2009,"3180004","KAABONG","DODOTH SOUTH","KAABONG HOSPITAL",101,20,2,2010,"NO VARIANCE BECAUSE 82 IS PHOTOCOPY OF 83 AND REGISITERS","COULD NOT BE TRACED"
2009,"3190005","KOBOKO","KOBOKO","KOBOKO",1,11,12,2009,"OPD REGISTER MISPLACED","TALLY SHEET NOT PROPERLY COUNTED"
2009,"3190012","KOBOKO","KOBOKO","KOBOKO",1,26,10,2009,"REGISTER FOR OPD HAVE BEEN MISPLACED","TALLY SHEET NOT PROPERLY COUNTED"
2009,"3200018","NYADRI","MARACHA","YIVU ABEA",,20,11,2009,"STARTED IMMUNISATION IN AUGUST",
2009,"3200021","NYADRI","MARACHA","OLEBA",12,7,9,2009,"NO DATA BASE BOOK,  THERE IS AMISMATCH B'SE OF RE-ATTENDENCE","(EPILEPTIC CASES)AND POOR NUMBERING"
2009,"3200024","NYADRI","TEREGO","WANDI",59,16,2,2010,"NO PROPER EXPLANATION GIVEN FOR THE VARIATION OF FIGURES BY","THE HEALTH UNIT.THE HMIS 105 SUBMITTED TO THE HSD HAS DIFFER"
2009,"3200027","NYADRI","OMUGO","NICU",,19,10,2009,"THERE WAS MISMATCH IN YHE FIGURE GOT FROM REPORT,REGISTER &","105 MAINLY B'SE OF RE-ATTENDENCE AND POOR NUMBERING"
2009,"3200030","NYADRI","OMUGO","ST.FRANCIS OTUMBARI",57,28,1,2010,"SOME OF THE REGISTERS WERE MISPLACED AND THEY ARE STILL KEEP","ING THIER REPORT WITHOUT BEING TAKEN TO HSD"
2009,"3210021","OYAM","OYAM SOUTH","ZAMBIA",36,20,10,2009,"NUMBERING JUMPED FROM 220 WENT TO 222,291 TO 293.","IMMUNISATION INFORMATION WAS GOT FROM SUMMERY FORMS"
2009,"3210023","OYAM","OYAM NORTH","AKWANGI",,25,1,2010,"H/C STARTED IN SEPT. SO INFORMATION FOR MARCH & JUNE IS N.A","HEALTH FACILITY HAS NOT YET GOT CODE FROM DISTRICT"
2009,"3210028","OYAM","OYAM NORTH","ATIPE",15,18,11,2009,"HEALTH FACILITY STARTED OPERATING IN SEPT. SO NO VALIDATION","DONE HERE"
2009,"3210030","OYAM","OYAM SOUTH","LORO",46,12,2,2010,"WRONG NUMBERING LEAD TO MISMATCH","DPT3 FOR MARCH IN THE HSD WAS 60 BUT THIS COULD BE DUE TO MS"
2009,"4010003","BUNDIBUGYO","NYAHUKA","KAYENJE",,,,,"NO DELIVERIES AT CENTER 11S",
2009,"4010005","BUNDIBUGYO","NTOROKO","KARUGUTU",9,19,10,2009,"DATA BASE NOT AVAILABLE AT ALL",
2009,"4020007","BUSHENYI","MUHWEJU HSD","BUTARE HEALTH CENTRE III",7,2,2,2010,"RECORDS FOR AUGUST & NOVEMBER WERE NOT SEEN","THE RECORDS ASSISTANT HAD GONE TO KAMPALA"
2009,"4020011","BUTOHA HEALTH CENTRE","BUNYARUGURU HSD (RUGAZI H/C IV",,80,21,10,2009,"DTP3 & IMMUNISATION ARE ONLY CARRIED OUT ON OUTREACH BY HSD","BUT NOT THIS HEALTH CENTRE. NO DELIVERIES ON THIS H/C"
2009,"4020016","BUSHENYI","IGARA WEST HSD",,35,17,2,2010,,
2009,"4020020","BUSHENYI","IGARA EAST","KYEIZOOBA HEALTH CENTRE II",28,26,11,2009,"FOR OPD, ALL RECORDS INCLUDE RE-ATTENDANCIES",
2009,"4020025","BUSHENYI","RUHINDA HEALTH CENTRE SD","IRARAMIRA",,6,9,2009,"THE HEALTH CENTRE DOESN'T HAVE A DATA BASE FACILITY REPORT",
2009,"4020030","BUSHENYI","SHEEMA NORTH HEALTH CENTRE IV",,,,,,,
2009,"4030004","HOIMA","BUHAGYA","BUTEMA",9,30,10,2009,,
2009,"4030006","HOIMA","BUGAHYA","DWOLI",11,2,2,2010,"DATA NOT AVAIBLE AT THE STATION",
2009,"4030007","HOIMA","BUHAGUZI","BUGAMBE",1,21,11,2009,"COULD NOT TRACE THE HMIS 105 FOR THE MONTH OF JUNE",
2009,"4030009","HOIMA","KIKUBI","KYANGWALI",111,19,2,2010,"COL 83 NOT AVAILABLE AS THE FACILITY IS CLOSED",
2009,"4040003","KABALE","KAMUKIRA HEALTH CENTRE IV","RUTOOMA",50,9,12,2009,"NO DELIVERIES SINCE IT IS HEALTH CENTRE II",
2009,"4040006","KABALE","NDORWA EAST HEALTH CENTRE IV","KYANAMIRA HEALTH CENTRE III",45,10,12,2009,,
2009,"4040008","KABALE","RYAKARIMIRA",,5,,,,,
2009,"4040010","KABALE","RUBANDA WEST H/SD",,,,,,,
2009,"4040012","NYARURAMBI HEALTH CENTRE II","MPARO HEALTH CENTRE IV H/SD",,57,25,10,2009,,
2009,"4050002","KABAROLE","MUNICIPALITY","KATARAKA",24,29,3,2010,"THE FORMER RECORDS PERSONEL WAS LAZY AND NEVER USED TO COMPI","L DATA. SOME DATA IS MISSING"
2009,"4050005","KABAROLE","FORTPORTAL MUNICIPALITY","KASUSU",3,25,1,2010,"NO DELIVERIES CARRIED OUT AT THE FACILITY",
2009,"4050006","KABAROLE","KIBIITO","KABONERO",38,10,2,2010,"NO2&3 NOT CARRIED OUT AT THE FACILITY",
2009,"4050008","ANGA                        KI","YUNGA H/C IV                IK","UMBYA                        5",624,11,20,,,
2009,"4050010","KABAROLE","BUKUKU","MUGUSU",51,30,3,2010,,
2009,"4060003","KASESE","KILEMBE","KASESE T C H/C",26,23,10,2009,"COULD NOT ACCESS QN83 AS THE RESPONSIBLE PERSON WAS NOT","AROUND AND IT WAS A FRIDAY"
2009,"4060008","KASESE","BUKONZO WEST","NYABUGANDO",2,9,12,2009,"NOT INDICATED IN THE REGISTER WETHA SOME GUESTS ARE","REVISITING OR NEW PATIENTS"
2009,"4060010","KASESE","KAGANDO HOSPITAL","KINYMASEKE",42,22,10,2009,"THEY CLAIM TO HAVE NO IDEA OF WHAT DATA BASE REPORT IS.",
2009,"4060011","KASESE","BUSONGORA NORTH","IBANDA HEALTH CENTER",98,24,1,2010,"NO DELIVERIES DONE AT THE FACILITY","HAS BEEN AWAY FOR ALMOST AWEEK."
2009,"4060013","KASESE","KAGANDO","KITABU ST FRANCIS",8,17,11,2009,,
2009,"4070003","KIBAALE","KAKINDO","KAKINDO",8,15,2,2010,"RECORDS CLERK NOT AROUND",
2009,"4070005","KIBAALE","BUYAGA","BWIKARA",3,14,12,2009,,
2009,"4070009","KIBAALE","KIBAALE","KYEBANDO",16,19,7,2010,,
2009,"4080002","BUSANZA HEALTH CENRE IV","RUBUGURI HEALTH CENTRE IV",,,29,10,2009,"BECAUSE OF THE H/SUB DISTRICTS RUBUGURI BEING FAR, THIS H/C","THIS HEALTH CENTRE REPORTS DIRECT TO DISTRICT NOT HSD"
2009,"4080004","KISORO","CHAHAFI",,3,11,2,2010,,
2009,"4090005","MASINDI","BWIJANGA","KINYARA HC",7,26,11,2009,,
2009,"4090009","MASINDI","MASINDI HOSPITAL","KILANYI",18,16,12,2009,"RECORDS PERSON WASN`T AROUND TO PROVIDE THE REGISTER",
2009,"4090011","MASINDI","KIBANDA","DIIMA H/C 111",32,30,10,2009,"THERE WAS NO DTP3","GIVEN BECAUSE THERE WAS MASS IMMUNISATION"
2009,"4100001","MBARARA","MBARARA MUNICIPAL H/C IV",,,,,,,
2009,"4100005","MBARARA","MBARARA MUNICIPAL HSD H/C IV","KAKIIKA HEALTH CENTRE II",113,16,12,2009,,
2009,"4100029","NYABISIRIRA HEALTH CENTRE II","BWIZIBWERA HEALTH CENTRE IV",,,17,10,2009,"NYABISIRIRA H/C II DOESN'T HAVE A CODE & DPT3 RECORDS ARE","NOT AVAILABLE IT HAS JUST BEEN ESTABLISHED"
2009,"4100038","MBARARA","RWAMPARA HEALTH CENTRE IV",,,,,,"NO DATA BASE FACILITY REPORT",
2009,"4110002","NTUNGAMO","RUHAAMA H/SD",,15,27,1,2010,,
2009,"4110004","NTUNGAMO","KAJARA HSD",,,,,,"FOR NOVEMBER NO RECORDS WERE SEEN & THE INCHARGE WAS ONLY","TWO WEEKS OLD IN THE HEALTH FACILITY"
2009,"4110006","NTUNGAMO","RUHAAMA HSD","KIYOORA HEALTH CENTRE II",27,24,10,2009,,
2009,"4110007","KITWE HEALTH CENTRE IV","RUHAAMA HSD",,11,28,1,2010,"BOTH RECORDS ARE AT THE SAME CENTRE",
2009,"4110009","NTUNGAMO","RUBAARE HEALTH CENTRE IV","NYANGA HEALTH CENTRE II",38,22,11,2009,"IT WAS OPENED IN OCTOBER. SO NO RECORDS FOR MARCH AND JUNE.",
2009,"4120005","RUKUNGIRI DISTRICT","BUGANGARI HSD","KIKONGI HEALTH CENTRE II",51,25,1,2010,"RECORDS FOR AUGUST 2009 ARE STILL ON A ROUGH COPY",
2009,"4130002","KAMWENGE","RUKUNYU","BUSIRIBA",16,26,3,2010,,
2009,"4130003","KAMWENGE","RUKUNYU","KABAMBIRO",187,27,1,2010,"DATABASE NOT AVAILABLE AS THE RESPONSIBLE PERSON WAS OUT OF","OFFICE"
2009,"4130005","KAMWENGE","NTARA","MAHYORO",105,24,10,2009,"NOT AVAILABLE",
2009,"4140001","KANUNGU DISTRICT","KINKIIZI EAST HSD",,,,,,,
2009,"4140003","KANUNGU","KINKIZI WEST HEALTH CENTRE IV",,15,13,2,2010,"FOR DELIVERIES, THEY DON'T OFFER THOSE SERVICES BUT FOR 1ST","AID & EMERGENCIES THEY OFFER WHEN HAVE COME FOR ANTENANTAL"
2009,"4140005","KAMUNGU","KINKIIZI EAST HSD","RUGYEYO",25,20,11,2009,"FOR THE MONTH OF AUGUST 2009, NO RECORDS IN THE DATA BASE &","NOTHING WAS SUBMITED TO THE HEALTH SUB DISTRICT"
2009,"4150002","KYENJOJO","KYENJOJO","KYENJOJO",1,12,2,2010,,
2009,"4150004","KYENJOJO","KYEGEGWA","ST THEREZA WEKOMIRE",600,24,3,2010,"REPORTS COULD NOT BE AVAILED BECAUSE THE RECORDS PERSONEL","HAD PASSED AWAY IN ANACCIDENT  AND NO BODY WAS AT THE FACILI"
2009,"4150006","KYENJOJO","KYENJOJO S D","NYAKARONGO",0,14,12,2009,"THE FACILITY IS NEW AND HAS NO CODE",
2009,"4150007","KYENJOJO","KYARUSOZI","KATOOKE",25,27,10,2009,,
2009,"4150009","KYENJOJO","KYARUSOZI","NYANKWANZI",,29,1,2010,"THERE WAS NO MIDWIFE IN THE MONTH OF MARCH AT THE FACILITY","THAT IS WHY THERE WERE NO DELIVERIES CARRIED OUT."
2009,"4160007","BULIISA","BULIISA","AVOGERA",35,21,3,2010,,
2009,"4170008","IBANDA","IBANDA SOUTH HSD",,3,20,10,2009,,
2009,"4170014","IBANDA","ISHONGORORO HEALTH CENTRE IV",,,,,,,
2009,"4170017","IBANDA","IBANDA HSD",,38,19,2,2010,"THE HEALTH CENTRE WAS OPENED IN JULY 2009 SO NO DATA FOR","MARCH AND JUNE 2009"
2009,"4180011","ISINGIRO","BUKANGA H/SD",,,,,,,
2009,"4180020","ISINGIRO DISTRICT","NYAMUYANJA HEALTH CENTRE IV",,,15,12,2009,,
2009,"4180023","ISINGIRO","ISINGIRO SOUTH H/C IV KABUYAND",,,,,,"THE HEALTH CENTRE HAS SOME ASSISTANCE FROM AN NGO CALLED","MILLENIUM VILLAGES HEALTH PROJECT ON PROVISION OF DRUGS AND"
2009,"4190032","KIRUHURA","KAZO HSD",,2,22,2,2010,,
2009,"4190035","KIRUHURA","NYABUSHOZI","KIKATSI",12,1,12,2009,,
