"year","comcod","c4osn","c4oq115","c4oq116a","c4oq116b"
2009,"1020001",1,"Doctors",1,0
2009,"1020001",2,"Nurses",10,0
2009,"1020001",3,"Allied medical workers",4,0
2009,"1020001",4,"Laboratory technicians",2,1
2009,"1020001",5,"Nursing assistants",6,0
2009,"1020001",6,"Support staff",5,0
2009,"1020001",7,"Midwives",8,0
2009,"1020001",8,"Dispenser/pharmacist",0,1
2009,"1020002",1,"Doctors",1,0
2009,"1020002",2,"Nurses",10,0
2009,"1020002",3,"Allied medical workers",4,0
2009,"1020002",4,"Laboratory technicians",2,0
2009,"1020002",5,"Nursing assistants",6,0
2009,"1020002",6,"Support staff",5,0
2009,"1020002",7,"Midwives",8,0
2009,"1020002",8,"Dispenser/pharmacist",0,1
2009,"1020003",1,"Doctors",1,0
2009,"1020003",2,"Nurses",7,0
2009,"1020003",3,"Allied medical workers",2,0
2009,"1020003",4,"Laboratory technicians",0,1
2009,"1020003",5,"Nursing assistants",13,0
2009,"1020003",6,"Support staff",3,0
2009,"1020003",7,"Midwives",17,0
2009,"1020003",8,"Dispenser/pharmacist",0,1
2009,"1020004",1,"Doctors",2,0
2009,"1020004",2,"Nurses",5,0
2009,"1020004",3,"Allied medical workers",2,0
2009,"1020004",4,"Laboratory technicians",1,0
2009,"1020004",5,"Nursing assistants",11,0
2009,"1020004",6,"Support staff",5,0
2009,"1020004",7,"Midwives",16,0
2009,"1020004",8,"Dispenser/pharmacist",1,0
2009,"1020006",1,"Doctors",1,0
2009,"1020006",2,"Nurses",5,0
2009,"1020006",3,"Allied medical workers",2,0
2009,"1020006",4,"Laboratory technicians",1,1
2009,"1020006",5,"Nursing assistants",11,0
2009,"1020006",6,"Support staff",5,0
2009,"1020006",7,"Midwives",16,0
2009,"1020006",8,"Dispenser/pharmacist",1,0
2009,"1020007",1,"Doctors",1,0
2009,"1020007",2,"Nurses",4,0
2009,"1020007",3,"Allied medical workers",2,0
2009,"1020007",4,"Laboratory technicians",1,1
2009,"1020007",5,"Nursing assistants",4,2
2009,"1020007",6,"Support staff",4,2
2009,"1020007",7,"Midwives",8,4
2009,"1020007",8,"Dispenser/pharmacist",0,1
2009,"1020008",1,"Doctors",1,0
2009,"1020008",2,"Nurses",5,0
2009,"1020008",3,"Allied medical workers",2,0
2009,"1020008",4,"Laboratory technicians",1,1
2009,"1020008",5,"Nursing assistants",11,0
2009,"1020008",6,"Support staff",5,0
2009,"1020008",7,"Midwives",16,0
2009,"1020008",8,"Dispenser/pharmacist",1,0
2009,"1020012",1,"Doctors",1,0
2009,"1020012",2,"Nurses",2,0
2009,"1020012",3,"Allied medical workers",1,0
2009,"1020012",4,"Laboratory technicians",0,0
2009,"1020012",5,"Nursing assistants",0,0
2009,"1020012",6,"Support staff",2,0
2009,"1020012",7,"Midwives",0,0
2009,"1020012",8,"Dispenser/pharmacist",0,0
2009,"1020014",1,"Doctors",0,
2009,"1020014",2,"Nurses",1,1
2009,"1020014",3,"Allied medical workers",1,0
2009,"1020014",4,"Laboratory technicians",1,0
2009,"1020014",5,"Nursing assistants",1,0
2009,"1020014",6,"Support staff",1,0
2009,"1020014",7,"Midwives",1,0
2009,"1020014",8,"Dispenser/pharmacist",0,
2009,"1020015",1,"Doctors",1,0
2009,"1020015",2,"Nurses",7,0
2009,"1020015",3,"Allied medical workers",2,0
2009,"1020015",4,"Laboratory technicians",0,1
2009,"1020015",5,"Nursing assistants",13,0
2009,"1020015",6,"Support staff",3,0
2009,"1020015",7,"Midwives",17,0
2009,"1020015",8,"Dispenser/pharmacist",0,1
2009,"1020017",1,"Doctors",1,0
2009,"1020017",2,"Nurses",3,0
2009,"1020017",3,"Allied medical workers",4,0
2009,"1020017",4,"Laboratory technicians",1,1
2009,"1020017",5,"Nursing assistants",5,0
2009,"1020017",6,"Support staff",1,3
2009,"1020017",7,"Midwives",12,0
2009,"1020017",8,"Dispenser/pharmacist",1,0
2009,"1020018",1,"Doctors",1,0
2009,"1020018",2,"Nurses",0,1
2009,"1020018",3,"Allied medical workers",0,0
2009,"1020018",4,"Laboratory technicians",1,0
2009,"1020018",5,"Nursing assistants",1,0
2009,"1020018",6,"Support staff",1,0
2009,"1020018",7,"Midwives",0,0
2009,"1020018",8,"Dispenser/pharmacist",0,0
2009,"1020019",1,"Doctors",3,0
2009,"1020019",2,"Nurses",2,0
2009,"1020019",3,"Allied medical workers",4,0
2009,"1020019",4,"Laboratory technicians",2,0
2009,"1020019",5,"Nursing assistants",2,0
2009,"1020019",6,"Support staff",3,0
2009,"1020019",7,"Midwives",4,0
2009,"1020019",8,"Dispenser/pharmacist",1,0
2009,"1020021",1,"Doctors",,
2009,"1020021",2,"Nurses",,
2009,"1020021",3,"Allied medical workers",,
2009,"1020021",4,"Laboratory technicians",,
2009,"1020021",5,"Nursing assistants",,
2009,"1020021",6,"Support staff",,
2009,"1020021",7,"Midwives",,
2009,"1020021",8,"Dispenser/pharmacist",,
2009,"1020022",1,"Doctors",1,1
2009,"1020022",2,"Nurses",0,2
2009,"1020022",3,"Allied medical workers",1,1
2009,"1020022",4,"Laboratory technicians",0,1
2009,"1020022",5,"Nursing assistants",0,2
2009,"1020022",6,"Support staff",5,1
2009,"1020022",7,"Midwives",0,0
2009,"1020022",8,"Dispenser/pharmacist",0,0
2009,"1020023",1,"Doctors",0,0
2009,"1020023",2,"Nurses",2,0
2009,"1020023",3,"Allied medical workers",2,0
2009,"1020023",4,"Laboratory technicians",1,0
2009,"1020023",5,"Nursing assistants",2,0
2009,"1020023",6,"Support staff",1,0
2009,"1020023",7,"Midwives",2,0
2009,"1020023",8,"Dispenser/pharmacist",0,0
2009,"1020024",1,"Doctors",1,1
2009,"1020024",2,"Nurses",9,4
2009,"1020024",3,"Allied medical workers",3,1
2009,"1020024",4,"Laboratory technicians",4,0
2009,"1020024",5,"Nursing assistants",10,0
2009,"1020024",6,"Support staff",8,0
2009,"1020024",7,"Midwives",6,0
2009,"1020024",8,"Dispenser/pharmacist",1,1
2009,"1020026",1,"Doctors",0,0
2009,"1020026",2,"Nurses",3,0
2009,"1020026",3,"Allied medical workers",3,0
2009,"1020026",4,"Laboratory technicians",1,0
2009,"1020026",5,"Nursing assistants",0,0
2009,"1020026",6,"Support staff",1,0
2009,"1020026",7,"Midwives",0,0
2009,"1020026",8,"Dispenser/pharmacist",0,0
2009,"1020027",1,"Doctors",1,1
2009,"1020027",2,"Nurses",5,2
2009,"1020027",3,"Allied medical workers",3,2
2009,"1020027",4,"Laboratory technicians",2,0
2009,"1020027",5,"Nursing assistants",4,0
2009,"1020027",6,"Support staff",4,0
2009,"1020027",7,"Midwives",15,0
2009,"1020027",8,"Dispenser/pharmacist",0,0
2009,"1020028",1,"Doctors",1,0
2009,"1020028",2,"Nurses",5,0
2009,"1020028",3,"Allied medical workers",3,0
2009,"1020028",4,"Laboratory technicians",1,1
2009,"1020028",5,"Nursing assistants",6,0
2009,"1020028",6,"Support staff",5,0
2009,"1020028",7,"Midwives",11,0
2009,"1020028",8,"Dispenser/pharmacist",0,1
2009,"1020031",1,"Doctors",2,0
2009,"1020031",2,"Nurses",5,0
2009,"1020031",3,"Allied medical workers",1,0
2009,"1020031",4,"Laboratory technicians",1,0
2009,"1020031",5,"Nursing assistants",2,0
2009,"1020031",6,"Support staff",4,0
2009,"1020031",7,"Midwives",1,0
2009,"1020031",8,"Dispenser/pharmacist",0,0
2009,"1020033",1,"Doctors",1,
2009,"1020033",2,"Nurses",2,
2009,"1020033",3,"Allied medical workers",1,
2009,"1020033",4,"Laboratory technicians",1,
2009,"1020033",5,"Nursing assistants",0,
2009,"1020033",6,"Support staff",2,
2009,"1020033",7,"Midwives",1,
2009,"1020033",8,"Dispenser/pharmacist",0,
2009,"1020034",1,"Doctors",1,0
2009,"1020034",2,"Nurses",6,0
2009,"1020034",3,"Allied medical workers",3,0
2009,"1020034",4,"Laboratory technicians",1,2
2009,"1020034",5,"Nursing assistants",4,0
2009,"1020034",6,"Support staff",5,0
2009,"1020034",7,"Midwives",12,0
2009,"1020034",8,"Dispenser/pharmacist",0,0
2009,"1030003",1,"Doctors",0,0
2009,"1030003",2,"Nurses",0,2
2009,"1030003",3,"Allied medical workers",1,1
2009,"1030003",4,"Laboratory technicians",1,0
2009,"1030003",5,"Nursing assistants",2,2
2009,"1030003",6,"Support staff",1,1
2009,"1030003",7,"Midwives",1,1
2009,"1030003",8,"Dispenser/pharmacist",0,0
2009,"1030005",1,"Doctors",1,1
2009,"1030005",2,"Nurses",5,
2009,"1030005",3,"Allied medical workers",3,
2009,"1030005",4,"Laboratory technicians",4,0
2009,"1030005",5,"Nursing assistants",6,1
2009,"1030005",6,"Support staff",5,
2009,"1030005",7,"Midwives",2,1
2009,"1030005",8,"Dispenser/pharmacist",0,1
2009,"1040002",1,"Doctors",1,
2009,"1040002",2,"Nurses",0,
2009,"1040002",3,"Allied medical workers",0,
2009,"1040002",4,"Laboratory technicians",2,
2009,"1040002",5,"Nursing assistants",2,
2009,"1040002",6,"Support staff",2,
2009,"1040002",7,"Midwives",0,
2009,"1040002",8,"Dispenser/pharmacist",0,
2009,"1040004",1,"Doctors",1,1
2009,"1040004",2,"Nurses",6,
2009,"1040004",3,"Allied medical workers",4,
2009,"1040004",4,"Laboratory technicians",2,
2009,"1040004",5,"Nursing assistants",2,
2009,"1040004",6,"Support staff",5,
2009,"1040004",7,"Midwives",4,
2009,"1040004",8,"Dispenser/pharmacist",0,
2009,"1040006",1,"Doctors",0,0
2009,"1040006",2,"Nurses",2,
2009,"1040006",3,"Allied medical workers",3,0
2009,"1040006",4,"Laboratory technicians",1,0
2009,"1040006",5,"Nursing assistants",3,2
2009,"1040006",6,"Support staff",3,
2009,"1040006",7,"Midwives",2,1
2009,"1040006",8,"Dispenser/pharmacist",0,0
2009,"1040008",1,"Doctors",0,0
2009,"1040008",2,"Nurses",3,
2009,"1040008",3,"Allied medical workers",1,
2009,"1040008",4,"Laboratory technicians",1,
2009,"1040008",5,"Nursing assistants",2,
2009,"1040008",6,"Support staff",3,
2009,"1040008",7,"Midwives",2,
2009,"1040008",8,"Dispenser/pharmacist",0,
2009,"1050003",1,"Doctors",0,1
2009,"1050003",2,"Nurses",1,2
2009,"1050003",3,"Allied medical workers",1,1
2009,"1050003",4,"Laboratory technicians",1,1
2009,"1050003",5,"Nursing assistants",2,0
2009,"1050003",6,"Support staff",2,0
2009,"1050003",7,"Midwives",1,1
2009,"1050003",8,"Dispenser/pharmacist",0,0
2009,"1050004",1,"Doctors",0,0
2009,"1050004",2,"Nurses",1,2
2009,"1050004",3,"Allied medical workers",2,0
2009,"1050004",4,"Laboratory technicians",0,1
2009,"1050004",5,"Nursing assistants",2,0
2009,"1050004",6,"Support staff",2,0
2009,"1050004",7,"Midwives",2,0
2009,"1050004",8,"Dispenser/pharmacist",0,0
2009,"1050008",1,"Doctors",0,0
2009,"1050008",2,"Nurses",1,0
2009,"1050008",3,"Allied medical workers",1,0
2009,"1050008",4,"Laboratory technicians",1,
2009,"1050008",5,"Nursing assistants",3,
2009,"1050008",6,"Support staff",6,
2009,"1050008",7,"Midwives",2,
2009,"1050008",8,"Dispenser/pharmacist",0,
2009,"1050012",1,"Doctors",0,0
2009,"1050012",2,"Nurses",2,2
2009,"1050012",3,"Allied medical workers",2,0
2009,"1050012",4,"Laboratory technicians",1,1
2009,"1050012",5,"Nursing assistants",2,
2009,"1050012",6,"Support staff",2,2
2009,"1050012",7,"Midwives",30,0
2009,"1050012",8,"Dispenser/pharmacist",0,
2009,"1050015",1,"Doctors",1,1
2009,"1050015",2,"Nurses",3,1
2009,"1050015",3,"Allied medical workers",5,2
2009,"1050015",4,"Laboratory technicians",1,3
2009,"1050015",5,"Nursing assistants",4,2
2009,"1050015",6,"Support staff",4,1
2009,"1050015",7,"Midwives",2,2
2009,"1050015",8,"Dispenser/pharmacist",0,1
2009,"1050019",1,"Doctors",0,0
2009,"1050019",2,"Nurses",5,
2009,"1050019",3,"Allied medical workers",0,
2009,"1050019",4,"Laboratory technicians",2,
2009,"1050019",5,"Nursing assistants",7,
2009,"1050019",6,"Support staff",2,
2009,"1050019",7,"Midwives",2,
2009,"1050019",8,"Dispenser/pharmacist",0,
2009,"1050023",1,"Doctors",0,0
2009,"1050023",2,"Nurses",2,1
2009,"1050023",3,"Allied medical workers",0,0
2009,"1050023",4,"Laboratory technicians",0,0
2009,"1050023",5,"Nursing assistants",1,1
2009,"1050023",6,"Support staff",1,0
2009,"1050023",7,"Midwives",1,0
2009,"1050023",8,"Dispenser/pharmacist",0,0
2009,"1050026",1,"Doctors",0,0
2009,"1050026",2,"Nurses",2,
2009,"1050026",3,"Allied medical workers",1,
2009,"1050026",4,"Laboratory technicians",0,2
2009,"1050026",5,"Nursing assistants",1,
2009,"1050026",6,"Support staff",2,
2009,"1050026",7,"Midwives",2,
2009,"1050026",8,"Dispenser/pharmacist",0,
2009,"1050030",1,"Doctors",0,0
2009,"1050030",2,"Nurses",1,2
2009,"1050030",3,"Allied medical workers",0,0
2009,"1050030",4,"Laboratory technicians",0,1
2009,"1050030",5,"Nursing assistants",2,1
2009,"1050030",6,"Support staff",2,2
2009,"1050030",7,"Midwives",1,0
2009,"1050030",8,"Dispenser/pharmacist",0,0
2009,"1050033",1,"Doctors",1,0
2009,"1050033",2,"Nurses",5,0
2009,"1050033",3,"Allied medical workers",2,0
2009,"1050033",4,"Laboratory technicians",1,0
2009,"1050033",5,"Nursing assistants",2,0
2009,"1050033",6,"Support staff",3,0
2009,"1050033",7,"Midwives",4,0
2009,"1050033",8,"Dispenser/pharmacist",0,0
2009,"1060003",1,"Doctors",0,0
2009,"1060003",2,"Nurses",0,1
2009,"1060003",3,"Allied medical workers",1,0
2009,"1060003",4,"Laboratory technicians",0,1
2009,"1060003",5,"Nursing assistants",1,2
2009,"1060003",6,"Support staff",1,0
2009,"1060003",7,"Midwives",1,0
2009,"1060003",8,"Dispenser/pharmacist",0,0
2009,"1060005",1,"Doctors",0,2
2009,"1060005",2,"Nurses",2,4
2009,"1060005",3,"Allied medical workers",1,6
2009,"1060005",4,"Laboratory technicians",2,0
2009,"1060005",5,"Nursing assistants",3,1
2009,"1060005",6,"Support staff",1,1
2009,"1060005",7,"Midwives",2,2
2009,"1060005",8,"Dispenser/pharmacist",0,1
2009,"1060007",1,"Doctors",0,0
2009,"1060007",2,"Nurses",2,1
2009,"1060007",3,"Allied medical workers",1,0
2009,"1060007",4,"Laboratory technicians",1,0
2009,"1060007",5,"Nursing assistants",1,1
2009,"1060007",6,"Support staff",5,2
2009,"1060007",7,"Midwives",1,1
2009,"1060007",8,"Dispenser/pharmacist",0,0
2009,"1060009",1,"Doctors",0,0
2009,"1060009",2,"Nurses",1,0
2009,"1060009",3,"Allied medical workers",0,0
2009,"1060009",4,"Laboratory technicians",0,0
2009,"1060009",5,"Nursing assistants",2,0
2009,"1060009",6,"Support staff",2,0
2009,"1060009",7,"Midwives",0,0
2009,"1060009",8,"Dispenser/pharmacist",0,0
2009,"1070002",1,"Doctors",0,0
2009,"1070002",2,"Nurses",1,3
2009,"1070002",3,"Allied medical workers",0,1
2009,"1070002",4,"Laboratory technicians",1,0
2009,"1070002",5,"Nursing assistants",0,2
2009,"1070002",6,"Support staff",2,0
2009,"1070002",7,"Midwives",2,2
2009,"1070002",8,"Dispenser/pharmacist",0,
2009,"1070016",1,"Doctors",0,0
2009,"1070016",2,"Nurses",1,1
2009,"1070016",3,"Allied medical workers",0,0
2009,"1070016",4,"Laboratory technicians",1,0
2009,"1070016",5,"Nursing assistants",1,1
2009,"1070016",6,"Support staff",3,0
2009,"1070016",7,"Midwives",2,0
2009,"1070016",8,"Dispenser/pharmacist",0,0
2009,"1070020",1,"Doctors",1,0
2009,"1070020",2,"Nurses",0,0
2009,"1070020",3,"Allied medical workers",0,0
2009,"1070020",4,"Laboratory technicians",0,0
2009,"1070020",5,"Nursing assistants",2,0
2009,"1070020",6,"Support staff",1,0
2009,"1070020",7,"Midwives",1,0
2009,"1070020",8,"Dispenser/pharmacist",0,0
2009,"1070023",1,"Doctors",0,0
2009,"1070023",2,"Nurses",1,0
2009,"1070023",3,"Allied medical workers",0,0
2009,"1070023",4,"Laboratory technicians",0,0
2009,"1070023",5,"Nursing assistants",1,0
2009,"1070023",6,"Support staff",1,0
2009,"1070023",7,"Midwives",1,0
2009,"1070023",8,"Dispenser/pharmacist",0,0
2009,"1080002",1,"Doctors",,
2009,"1080002",2,"Nurses",,
2009,"1080002",3,"Allied medical workers",,
2009,"1080002",4,"Laboratory technicians",,
2009,"1080002",5,"Nursing assistants",,
2009,"1080002",6,"Support staff",,
2009,"1080002",7,"Midwives",,
2009,"1080002",8,"Dispenser/pharmacist",,
2009,"1080003",1,"Doctors",0,0
2009,"1080003",2,"Nurses",4,0
2009,"1080003",3,"Allied medical workers",1,1
2009,"1080003",4,"Laboratory technicians",0,2
2009,"1080003",5,"Nursing assistants",4,0
2009,"1080003",6,"Support staff",3,2
2009,"1080003",7,"Midwives",2,0
2009,"1080003",8,"Dispenser/pharmacist",0,0
2009,"1080006",1,"Doctors",1,0
2009,"1080006",2,"Nurses",1,0
2009,"1080006",3,"Allied medical workers",2,0
2009,"1080006",4,"Laboratory technicians",1,0
2009,"1080006",5,"Nursing assistants",4,0
2009,"1080006",6,"Support staff",4,0
2009,"1080006",7,"Midwives",1,0
2009,"1080006",8,"Dispenser/pharmacist",0,0
2009,"1080009",1,"Doctors",0,0
2009,"1080009",2,"Nurses",1,1
2009,"1080009",3,"Allied medical workers",2,0
2009,"1080009",4,"Laboratory technicians",1,
2009,"1080009",5,"Nursing assistants",1,1
2009,"1080009",6,"Support staff",3,1
2009,"1080009",7,"Midwives",2,1
2009,"1080009",8,"Dispenser/pharmacist",0,1
2009,"1080013",1,"Doctors",0,0
2009,"1080013",2,"Nurses",1,1
2009,"1080013",3,"Allied medical workers",1,0
2009,"1080013",4,"Laboratory technicians",1,0
2009,"1080013",5,"Nursing assistants",1,2
2009,"1080013",6,"Support staff",2,0
2009,"1080013",7,"Midwives",2,0
2009,"1080013",8,"Dispenser/pharmacist",0,0
2009,"1080020",1,"Doctors",0,0
2009,"1080020",2,"Nurses",2,0
2009,"1080020",3,"Allied medical workers",2,1
2009,"1080020",4,"Laboratory technicians",0,0
2009,"1080020",5,"Nursing assistants",3,1
2009,"1080020",6,"Support staff",2,1
2009,"1080020",7,"Midwives",2,0
2009,"1080020",8,"Dispenser/pharmacist",0,0
2009,"1080023",1,"Doctors",0,0
2009,"1080023",2,"Nurses",5,0
2009,"1080023",3,"Allied medical workers",0,0
2009,"1080023",4,"Laboratory technicians",1,0
2009,"1080023",5,"Nursing assistants",2,0
2009,"1080023",6,"Support staff",2,0
2009,"1080023",7,"Midwives",2,0
2009,"1080023",8,"Dispenser/pharmacist",0,0
2009,"1080027",1,"Doctors",0,0
2009,"1080027",2,"Nurses",2,
2009,"1080027",3,"Allied medical workers",0,
2009,"1080027",4,"Laboratory technicians",0,1
2009,"1080027",5,"Nursing assistants",2,
2009,"1080027",6,"Support staff",1,2
2009,"1080027",7,"Midwives",1,
2009,"1080027",8,"Dispenser/pharmacist",0,0
2009,"1080030",1,"Doctors",0,0
2009,"1080030",2,"Nurses",3,0
2009,"1080030",3,"Allied medical workers",1,0
2009,"1080030",4,"Laboratory technicians",1,0
2009,"1080030",5,"Nursing assistants",2,0
2009,"1080030",6,"Support staff",2,0
2009,"1080030",7,"Midwives",2,0
2009,"1080030",8,"Dispenser/pharmacist",0,0
2009,"1080033",1,"Doctors",0,0
2009,"1080033",2,"Nurses",1,
2009,"1080033",3,"Allied medical workers",1,
2009,"1080033",4,"Laboratory technicians",0,
2009,"1080033",5,"Nursing assistants",2,
2009,"1080033",6,"Support staff",2,
2009,"1080033",7,"Midwives",2,
2009,"1080033",8,"Dispenser/pharmacist",0,
2009,"1090004",1,"Doctors",0,0
2009,"1090004",2,"Nurses",1,0
2009,"1090004",3,"Allied medical workers",0,0
2009,"1090004",4,"Laboratory technicians",0,0
2009,"1090004",5,"Nursing assistants",2,0
2009,"1090004",6,"Support staff",1,0
2009,"1090004",7,"Midwives",0,1
2009,"1090004",8,"Dispenser/pharmacist",0,0
2009,"1100001",1,"Doctors",0,0
2009,"1100001",2,"Nurses",1,0
2009,"1100001",3,"Allied medical workers",2,0
2009,"1100001",4,"Laboratory technicians",2,0
2009,"1100001",5,"Nursing assistants",8,0
2009,"1100001",6,"Support staff",3,0
2009,"1100001",7,"Midwives",1,0
2009,"1100001",8,"Dispenser/pharmacist",1,0
2009,"1100005",1,"Doctors",0,0
2009,"1100005",2,"Nurses",1,1
2009,"1100005",3,"Allied medical workers",0,0
2009,"1100005",4,"Laboratory technicians",0,0
2009,"1100005",5,"Nursing assistants",0,0
2009,"1100005",6,"Support staff",1,0
2009,"1100005",7,"Midwives",1,0
2009,"1100005",8,"Dispenser/pharmacist",0,0
2009,"1100007",1,"Doctors",0,0
2009,"1100007",2,"Nurses",1,1
2009,"1100007",3,"Allied medical workers",0,1
2009,"1100007",4,"Laboratory technicians",1,0
2009,"1100007",5,"Nursing assistants",3,1
2009,"1100007",6,"Support staff",4,
2009,"1100007",7,"Midwives",1,2
2009,"1100007",8,"Dispenser/pharmacist",0,0
2009,"1100009",1,"Doctors",0,0
2009,"1100009",2,"Nurses",1,0
2009,"1100009",3,"Allied medical workers",0,0
2009,"1100009",4,"Laboratory technicians",0,0
2009,"1100009",5,"Nursing assistants",3,0
2009,"1100009",6,"Support staff",1,0
2009,"1100009",7,"Midwives",1,0
2009,"1100009",8,"Dispenser/pharmacist",0,0
2009,"1100012",1,"Doctors",0,0
2009,"1100012",2,"Nurses",0,
2009,"1100012",3,"Allied medical workers",0,
2009,"1100012",4,"Laboratory technicians",0,
2009,"1100012",5,"Nursing assistants",2,0
2009,"1100012",6,"Support staff",1,
2009,"1100012",7,"Midwives",1,0
2009,"1100012",8,"Dispenser/pharmacist",0,
2009,"1110001",1,"Doctors",0,2
2009,"1110001",2,"Nurses",1,
2009,"1110001",3,"Allied medical workers",2,
2009,"1110001",4,"Laboratory technicians",0,2
2009,"1110001",5,"Nursing assistants",1,3
2009,"1110001",6,"Support staff",4,0
2009,"1110001",7,"Midwives",2,4
2009,"1110001",8,"Dispenser/pharmacist",0,2
2009,"1120001",1,"Doctors",3,4
2009,"1120001",2,"Nurses",40,33
2009,"1120001",3,"Allied medical workers",20,6
2009,"1120001",4,"Laboratory technicians",4,1
2009,"1120001",5,"Nursing assistants",12,3
2009,"1120001",6,"Support staff",13,5
2009,"1120001",7,"Midwives",24,4
2009,"1120001",8,"Dispenser/pharmacist",2,1
2009,"1120003",1,"Doctors",0,0
2009,"1120003",2,"Nurses",1,1
2009,"1120003",3,"Allied medical workers",2,0
2009,"1120003",4,"Laboratory technicians",2,0
2009,"1120003",5,"Nursing assistants",3,0
2009,"1120003",6,"Support staff",2,0
2009,"1120003",7,"Midwives",2,0
2009,"1120003",8,"Dispenser/pharmacist",0,0
2009,"1120006",1,"Doctors",0,0
2009,"1120006",2,"Nurses",1,0
2009,"1120006",3,"Allied medical workers",0,0
2009,"1120006",4,"Laboratory technicians",0,0
2009,"1120006",5,"Nursing assistants",2,0
2009,"1120006",6,"Support staff",0,0
2009,"1120006",7,"Midwives",1,0
2009,"1120006",8,"Dispenser/pharmacist",0,0
2009,"1130002",1,"Doctors",11,2
2009,"1130002",2,"Nurses",81,5
2009,"1130002",3,"Allied medical workers",7,0
2009,"1130002",4,"Laboratory technicians",9,0
2009,"1130002",5,"Nursing assistants",53,5
2009,"1130002",6,"Support staff",10,3
2009,"1130002",7,"Midwives",63,5
2009,"1130002",8,"Dispenser/pharmacist",6,0
2009,"1130003",1,"Doctors",0,0
2009,"1130003",2,"Nurses",1,2
2009,"1130003",3,"Allied medical workers",3,0
2009,"1130003",4,"Laboratory technicians",1,0
2009,"1130003",5,"Nursing assistants",5,0
2009,"1130003",6,"Support staff",2,0
2009,"1130003",7,"Midwives",1,1
2009,"1130003",8,"Dispenser/pharmacist",0,0
2009,"1130004",1,"Doctors",0,0
2009,"1130004",2,"Nurses",1,0
2009,"1130004",3,"Allied medical workers",1,0
2009,"1130004",4,"Laboratory technicians",0,0
2009,"1130004",5,"Nursing assistants",1,0
2009,"1130004",6,"Support staff",2,0
2009,"1130004",7,"Midwives",1,0
2009,"1130004",8,"Dispenser/pharmacist",0,0
2009,"1130006",1,"Doctors",0,0
2009,"1130006",2,"Nurses",2,2
2009,"1130006",3,"Allied medical workers",4,0
2009,"1130006",4,"Laboratory technicians",1,1
2009,"1130006",5,"Nursing assistants",2,1
2009,"1130006",6,"Support staff",0,4
2009,"1130006",7,"Midwives",2,0
2009,"1130006",8,"Dispenser/pharmacist",0,0
2009,"1130007",1,"Doctors",1,0
2009,"1130007",2,"Nurses",0,
2009,"1130007",3,"Allied medical workers",0,
2009,"1130007",4,"Laboratory technicians",2,
2009,"1130007",5,"Nursing assistants",1,
2009,"1130007",6,"Support staff",1,
2009,"1130007",7,"Midwives",2,
2009,"1130007",8,"Dispenser/pharmacist",0,
2009,"1130008",1,"Doctors",0,0
2009,"1130008",2,"Nurses",1,0
2009,"1130008",3,"Allied medical workers",0,0
2009,"1130008",4,"Laboratory technicians",0,0
2009,"1130008",5,"Nursing assistants",2,0
2009,"1130008",6,"Support staff",2,0
2009,"1130008",7,"Midwives",1,0
2009,"1130008",8,"Dispenser/pharmacist",0,0
2009,"1130010",1,"Doctors",0,0
2009,"1130010",2,"Nurses",1,0
2009,"1130010",3,"Allied medical workers",0,0
2009,"1130010",4,"Laboratory technicians",0,0
2009,"1130010",5,"Nursing assistants",1,0
2009,"1130010",6,"Support staff",0,1
2009,"1130010",7,"Midwives",1,0
2009,"1130010",8,"Dispenser/pharmacist",0,0
2009,"1130012",1,"Doctors",0,0
2009,"1130012",2,"Nurses",1,0
2009,"1130012",3,"Allied medical workers",0,0
2009,"1130012",4,"Laboratory technicians",0,0
2009,"1130012",5,"Nursing assistants",1,1
2009,"1130012",6,"Support staff",2,0
2009,"1130012",7,"Midwives",1,0
2009,"1130012",8,"Dispenser/pharmacist",0,0
2009,"1130016",1,"Doctors",2,0
2009,"1130016",2,"Nurses",1,0
2009,"1130016",3,"Allied medical workers",0,0
2009,"1130016",4,"Laboratory technicians",1,0
2009,"1130016",5,"Nursing assistants",1,0
2009,"1130016",6,"Support staff",0,0
2009,"1130016",7,"Midwives",1,0
2009,"1130016",8,"Dispenser/pharmacist",0,0
2009,"1130019",1,"Doctors",0,0
2009,"1130019",2,"Nurses",1,0
2009,"1130019",3,"Allied medical workers",0,0
2009,"1130019",4,"Laboratory technicians",0,0
2009,"1130019",5,"Nursing assistants",3,0
2009,"1130019",6,"Support staff",2,0
2009,"1130019",7,"Midwives",0,0
2009,"1130019",8,"Dispenser/pharmacist",0,0
2009,"1130021",1,"Doctors",0,0
2009,"1130021",2,"Nurses",0,0
2009,"1130021",3,"Allied medical workers",2,2
2009,"1130021",4,"Laboratory technicians",1,1
2009,"1130021",5,"Nursing assistants",2,1
2009,"1130021",6,"Support staff",0,4
2009,"1130021",7,"Midwives",2,0
2009,"1130021",8,"Dispenser/pharmacist",0,0
2009,"1130023",1,"Doctors",0,0
2009,"1130023",2,"Nurses",3,0
2009,"1130023",3,"Allied medical workers",1,1
2009,"1130023",4,"Laboratory technicians",1,0
2009,"1130023",5,"Nursing assistants",3,0
2009,"1130023",6,"Support staff",4,4
2009,"1130023",7,"Midwives",2,1
2009,"1130023",8,"Dispenser/pharmacist",1,0
2009,"1130025",1,"Doctors",1,0
2009,"1130025",2,"Nurses",2,0
2009,"1130025",3,"Allied medical workers",0,0
2009,"1130025",4,"Laboratory technicians",1,0
2009,"1130025",5,"Nursing assistants",0,0
2009,"1130025",6,"Support staff",1,0
2009,"1130025",7,"Midwives",1,0
2009,"1130025",8,"Dispenser/pharmacist",0,0
2009,"1140003",1,"Doctors",0,0
2009,"1140003",2,"Nurses",1,3
2009,"1140003",3,"Allied medical workers",2,0
2009,"1140003",4,"Laboratory technicians",1,1
2009,"1140003",5,"Nursing assistants",2,3
2009,"1140003",6,"Support staff",2,0
2009,"1140003",7,"Midwives",1,1
2009,"1140003",8,"Dispenser/pharmacist",0,0
2009,"1150004",1,"Doctors",0,0
2009,"1150004",2,"Nurses",3,
2009,"1150004",3,"Allied medical workers",3,
2009,"1150004",4,"Laboratory technicians",1,
2009,"1150004",5,"Nursing assistants",0,
2009,"1150004",6,"Support staff",4,1
2009,"1150004",7,"Midwives",2,
2009,"1150004",8,"Dispenser/pharmacist",0,
2009,"1150027",1,"Doctors",0,0
2009,"1150027",2,"Nurses",2,2
2009,"1150027",3,"Allied medical workers",0,0
2009,"1150027",4,"Laboratory technicians",0,1
2009,"1150027",5,"Nursing assistants",0,2
2009,"1150027",6,"Support staff",3,0
2009,"1150027",7,"Midwives",1,1
2009,"1150027",8,"Dispenser/pharmacist",0,0
2009,"1150031",1,"Doctors",0,0
2009,"1150031",2,"Nurses",0,1
2009,"1150031",3,"Allied medical workers",0,0
2009,"1150031",4,"Laboratory technicians",0,0
2009,"1150031",5,"Nursing assistants",0,1
2009,"1150031",6,"Support staff",2,1
2009,"1150031",7,"Midwives",1,1
2009,"1150031",8,"Dispenser/pharmacist",0,0
2009,"1160011",1,"Doctors",0,0
2009,"1160011",2,"Nurses",0,1
2009,"1160011",3,"Allied medical workers",1,0
2009,"1160011",4,"Laboratory technicians",1,0
2009,"1160011",5,"Nursing assistants",2,0
2009,"1160011",6,"Support staff",4,1
2009,"1160011",7,"Midwives",1,0
2009,"1160011",8,"Dispenser/pharmacist",0,0
2009,"1160013",1,"Doctors",0,1
2009,"1160013",2,"Nurses",2,
2009,"1160013",3,"Allied medical workers",5,
2009,"1160013",4,"Laboratory technicians",1,2
2009,"1160013",5,"Nursing assistants",3,
2009,"1160013",6,"Support staff",4,
2009,"1160013",7,"Midwives",3,
2009,"1160013",8,"Dispenser/pharmacist",0,
2009,"2010004",1,"Doctors",0,0
2009,"2010004",2,"Nurses",0,1
2009,"2010004",3,"Allied medical workers",0,0
2009,"2010004",4,"Laboratory technicians",0,0
2009,"2010004",5,"Nursing assistants",2,0
2009,"2010004",6,"Support staff",2,0
2009,"2010004",7,"Midwives",0,0
2009,"2010004",8,"Dispenser/pharmacist",0,0
2009,"2010006",1,"Doctors",1,1
2009,"2010006",2,"Nurses",2,2
2009,"2010006",3,"Allied medical workers",3,2
2009,"2010006",4,"Laboratory technicians",2,0
2009,"2010006",5,"Nursing assistants",1,3
2009,"2010006",6,"Support staff",4,0
2009,"2010006",7,"Midwives",3,0
2009,"2010006",8,"Dispenser/pharmacist",0,1
2009,"2010008",1,"Doctors",0,0
2009,"2010008",2,"Nurses",0,1
2009,"2010008",3,"Allied medical workers",0,0
2009,"2010008",4,"Laboratory technicians",0,0
2009,"2010008",5,"Nursing assistants",1,1
2009,"2010008",6,"Support staff",0,2
2009,"2010008",7,"Midwives",0,2
2009,"2010008",8,"Dispenser/pharmacist",0,0
2009,"2010009",1,"Doctors",0,0
2009,"2010009",2,"Nurses",1,1
2009,"2010009",3,"Allied medical workers",0,1
2009,"2010009",4,"Laboratory technicians",1,0
2009,"2010009",5,"Nursing assistants",1,2
2009,"2010009",6,"Support staff",0,4
2009,"2010009",7,"Midwives",1,1
2009,"2010009",8,"Dispenser/pharmacist",0,0
2009,"2020001",1,"Doctors",2,2
2009,"2020001",2,"Nurses",4,
2009,"2020001",3,"Allied medical workers",6,3
2009,"2020001",4,"Laboratory technicians",1,
2009,"2020001",5,"Nursing assistants",4,
2009,"2020001",6,"Support staff",8,
2009,"2020001",7,"Midwives",4,
2009,"2020001",8,"Dispenser/pharmacist",0,1
2009,"2020005",1,"Doctors",0,0
2009,"2020005",2,"Nurses",1,1
2009,"2020005",3,"Allied medical workers",2,1
2009,"2020005",4,"Laboratory technicians",0,1
2009,"2020005",5,"Nursing assistants",2,2
2009,"2020005",6,"Support staff",2,0
2009,"2020005",7,"Midwives",1,1
2009,"2020005",8,"Dispenser/pharmacist",0,0
2009,"2020007",1,"Doctors",0,0
2009,"2020007",2,"Nurses",0,1
2009,"2020007",3,"Allied medical workers",0,0
2009,"2020007",4,"Laboratory technicians",0,0
2009,"2020007",5,"Nursing assistants",2,2
2009,"2020007",6,"Support staff",0,2
2009,"2020007",7,"Midwives",0,1
2009,"2020007",8,"Dispenser/pharmacist",0,0
2009,"2030001",1,"Doctors",0,0
2009,"2030001",2,"Nurses",4,1
2009,"2030001",3,"Allied medical workers",2,0
2009,"2030001",4,"Laboratory technicians",2,0
2009,"2030001",5,"Nursing assistants",3,1
2009,"2030001",6,"Support staff",5,0
2009,"2030001",7,"Midwives",2,0
2009,"2030001",8,"Dispenser/pharmacist",0,0
2009,"2030004",1,"Doctors",0,0
2009,"2030004",2,"Nurses",4,0
2009,"2030004",3,"Allied medical workers",3,0
2009,"2030004",4,"Laboratory technicians",2,0
2009,"2030004",5,"Nursing assistants",3,1
2009,"2030004",6,"Support staff",6,0
2009,"2030004",7,"Midwives",2,2
2009,"2030004",8,"Dispenser/pharmacist",0,1
2009,"2030018",1,"Doctors",0,0
2009,"2030018",2,"Nurses",1,0
2009,"2030018",3,"Allied medical workers",0,0
2009,"2030018",4,"Laboratory technicians",0,0
2009,"2030018",5,"Nursing assistants",2,0
2009,"2030018",6,"Support staff",0,1
2009,"2030018",7,"Midwives",0,0
2009,"2030018",8,"Dispenser/pharmacist",0,0
2009,"2030028",1,"Doctors",0,0
2009,"2030028",2,"Nurses",0,2
2009,"2030028",3,"Allied medical workers",1,0
2009,"2030028",4,"Laboratory technicians",0,1
2009,"2030028",5,"Nursing assistants",2,2
2009,"2030028",6,"Support staff",4,0
2009,"2030028",7,"Midwives",1,1
2009,"2030028",8,"Dispenser/pharmacist",,
2009,"2030033",1,"Doctors",0,2
2009,"2030033",2,"Nurses",2,1
2009,"2030033",3,"Allied medical workers",7,0
2009,"2030033",4,"Laboratory technicians",2,1
2009,"2030033",5,"Nursing assistants",5,0
2009,"2030033",6,"Support staff",8,0
2009,"2030033",7,"Midwives",4,0
2009,"2030033",8,"Dispenser/pharmacist",0,1
2009,"2040006",1,"Doctors",0,0
2009,"2040006",2,"Nurses",1,0
2009,"2040006",3,"Allied medical workers",0,0
2009,"2040006",4,"Laboratory technicians",0,0
2009,"2040006",5,"Nursing assistants",1,1
2009,"2040006",6,"Support staff",2,0
2009,"2040006",7,"Midwives",0,0
2009,"2040006",8,"Dispenser/pharmacist",0,0
2009,"2040012",1,"Doctors",0,0
2009,"2040012",2,"Nurses",1,1
2009,"2040012",3,"Allied medical workers",2,0
2009,"2040012",4,"Laboratory technicians",3,0
2009,"2040012",5,"Nursing assistants",3,0
2009,"2040012",6,"Support staff",2,2
2009,"2040012",7,"Midwives",2,0
2009,"2040012",8,"Dispenser/pharmacist",0,0
2009,"2040015",1,"Doctors",0,0
2009,"2040015",2,"Nurses",1,0
2009,"2040015",3,"Allied medical workers",0,0
2009,"2040015",4,"Laboratory technicians",0,0
2009,"2040015",5,"Nursing assistants",2,0
2009,"2040015",6,"Support staff",2,0
2009,"2040015",7,"Midwives",0,0
2009,"2040015",8,"Dispenser/pharmacist",0,0
2009,"2050004",1,"Doctors",1,1
2009,"2050004",2,"Nurses",2,0
2009,"2050004",3,"Allied medical workers",1,2
2009,"2050004",4,"Laboratory technicians",1,0
2009,"2050004",5,"Nursing assistants",2,0
2009,"2050004",6,"Support staff",3,0
2009,"2050004",7,"Midwives",1,1
2009,"2050004",8,"Dispenser/pharmacist",0,0
2009,"2050009",1,"Doctors",0,0
2009,"2050009",2,"Nurses",1,0
2009,"2050009",3,"Allied medical workers",0,0
2009,"2050009",4,"Laboratory technicians",0,0
2009,"2050009",5,"Nursing assistants",1,1
2009,"2050009",6,"Support staff",2,0
2009,"2050009",7,"Midwives",0,0
2009,"2050009",8,"Dispenser/pharmacist",0,0
2009,"2050013",1,"Doctors",0,0
2009,"2050013",2,"Nurses",2,1
2009,"2050013",3,"Allied medical workers",1,1
2009,"2050013",4,"Laboratory technicians",2,0
2009,"2050013",5,"Nursing assistants",3,2
2009,"2050013",6,"Support staff",2,0
2009,"2050013",7,"Midwives",1,1
2009,"2050013",8,"Dispenser/pharmacist",0,0
2009,"2050017",1,"Doctors",3,4
2009,"2050017",2,"Nurses",30,30
2009,"2050017",3,"Allied medical workers",14,1
2009,"2050017",4,"Laboratory technicians",1,4
2009,"2050017",5,"Nursing assistants",15,0
2009,"2050017",6,"Support staff",16,2
2009,"2050017",7,"Midwives",28,0
2009,"2050017",8,"Dispenser/pharmacist",2,0
2009,"2050030",1,"Doctors",0,0
2009,"2050030",2,"Nurses",1,0
2009,"2050030",3,"Allied medical workers",0,1
2009,"2050030",4,"Laboratory technicians",0,0
2009,"2050030",5,"Nursing assistants",1,1
2009,"2050030",6,"Support staff",0,1
2009,"2050030",7,"Midwives",0,1
2009,"2050030",8,"Dispenser/pharmacist",0,0
2009,"2070005",1,"Doctors",0,0
2009,"2070005",2,"Nurses",1,1
2009,"2070005",3,"Allied medical workers",0,
2009,"2070005",4,"Laboratory technicians",0,
2009,"2070005",5,"Nursing assistants",1,1
2009,"2070005",6,"Support staff",4,0
2009,"2070005",7,"Midwives",1,0
2009,"2070005",8,"Dispenser/pharmacist",,
2009,"2070006",1,"Doctors",0,0
2009,"2070006",2,"Nurses",0,1
2009,"2070006",3,"Allied medical workers",0,0
2009,"2070006",4,"Laboratory technicians",0,0
2009,"2070006",5,"Nursing assistants",2,0
2009,"2070006",6,"Support staff",0,1
2009,"2070006",7,"Midwives",0,0
2009,"2070006",8,"Dispenser/pharmacist",0,0
2009,"2080001",1,"Doctors",0,0
2009,"2080001",2,"Nurses",3,0
2009,"2080001",3,"Allied medical workers",2,0
2009,"2080001",4,"Laboratory technicians",1,1
2009,"2080001",5,"Nursing assistants",3,1
2009,"2080001",6,"Support staff",5,0
2009,"2080001",7,"Midwives",5,0
2009,"2080001",8,"Dispenser/pharmacist",0,0
2009,"2080005",1,"Doctors",0,0
2009,"2080005",2,"Nurses",1,0
2009,"2080005",3,"Allied medical workers",0,0
2009,"2080005",4,"Laboratory technicians",0,0
2009,"2080005",5,"Nursing assistants",2,0
2009,"2080005",6,"Support staff",1,0
2009,"2080005",7,"Midwives",0,0
2009,"2080005",8,"Dispenser/pharmacist",0,0
2009,"2080007",1,"Doctors",0,0
2009,"2080007",2,"Nurses",2,1
2009,"2080007",3,"Allied medical workers",0,1
2009,"2080007",4,"Laboratory technicians",1,1
2009,"2080007",5,"Nursing assistants",2,1
2009,"2080007",6,"Support staff",0,3
2009,"2080007",7,"Midwives",1,1
2009,"2080007",8,"Dispenser/pharmacist",0,0
2009,"2080008",1,"Doctors",0,0
2009,"2080008",2,"Nurses",1,2
2009,"2080008",3,"Allied medical workers",3,3
2009,"2080008",4,"Laboratory technicians",1,1
2009,"2080008",5,"Nursing assistants",2,1
2009,"2080008",6,"Support staff",1,3
2009,"2080008",7,"Midwives",2,0
2009,"2080008",8,"Dispenser/pharmacist",,
2009,"2090003",1,"Doctors",0,0
2009,"2090003",2,"Nurses",3,0
2009,"2090003",3,"Allied medical workers",3,0
2009,"2090003",4,"Laboratory technicians",1,0
2009,"2090003",5,"Nursing assistants",4,0
2009,"2090003",6,"Support staff",3,0
2009,"2090003",7,"Midwives",4,0
2009,"2090003",8,"Dispenser/pharmacist",0,0
2009,"2090006",1,"Doctors",0,0
2009,"2090006",2,"Nurses",2,1
2009,"2090006",3,"Allied medical workers",2,0
2009,"2090006",4,"Laboratory technicians",2,0
2009,"2090006",5,"Nursing assistants",3,1
2009,"2090006",6,"Support staff",1,2
2009,"2090006",7,"Midwives",2,1
2009,"2090006",8,"Dispenser/pharmacist",0,0
2009,"2090033",1,"Doctors",0,0
2009,"2090033",2,"Nurses",2,4
2009,"2090033",3,"Allied medical workers",0,0
2009,"2090033",4,"Laboratory technicians",0,1
2009,"2090033",5,"Nursing assistants",2,2
2009,"2090033",6,"Support staff",2,0
2009,"2090033",7,"Midwives",2,1
2009,"2090033",8,"Dispenser/pharmacist",0,0
2009,"2100002",1,"Doctors",0,0
2009,"2100002",2,"Nurses",3,
2009,"2100002",3,"Allied medical workers",1,
2009,"2100002",4,"Laboratory technicians",0,0
2009,"2100002",5,"Nursing assistants",4,
2009,"2100002",6,"Support staff",4,
2009,"2100002",7,"Midwives",2,
2009,"2100002",8,"Dispenser/pharmacist",0,0
2009,"2100004",1,"Doctors",0,0
2009,"2100004",2,"Nurses",2,1
2009,"2100004",3,"Allied medical workers",2,0
2009,"2100004",4,"Laboratory technicians",2,0
2009,"2100004",5,"Nursing assistants",2,1
2009,"2100004",6,"Support staff",2,0
2009,"2100004",7,"Midwives",1,1
2009,"2100004",8,"Dispenser/pharmacist",0,0
2009,"2100006",1,"Doctors",0,0
2009,"2100006",2,"Nurses",1,1
2009,"2100006",3,"Allied medical workers",4,1
2009,"2100006",4,"Laboratory technicians",0,2
2009,"2100006",5,"Nursing assistants",4,0
2009,"2100006",6,"Support staff",4,0
2009,"2100006",7,"Midwives",1,2
2009,"2100006",8,"Dispenser/pharmacist",0,0
2009,"2100007",1,"Doctors",0,0
2009,"2100007",2,"Nurses",1,1
2009,"2100007",3,"Allied medical workers",1,1
2009,"2100007",4,"Laboratory technicians",0,2
2009,"2100007",5,"Nursing assistants",2,2
2009,"2100007",6,"Support staff",3,2
2009,"2100007",7,"Midwives",0,2
2009,"2100007",8,"Dispenser/pharmacist",0,0
2009,"2110003",1,"Doctors",0,0
2009,"2110003",2,"Nurses",3,1
2009,"2110003",3,"Allied medical workers",2,1
2009,"2110003",4,"Laboratory technicians",1,1
2009,"2110003",5,"Nursing assistants",2,1
2009,"2110003",6,"Support staff",3,1
2009,"2110003",7,"Midwives",2,0
2009,"2110003",8,"Dispenser/pharmacist",2,
2009,"2110004",1,"Doctors",0,0
2009,"2110004",2,"Nurses",0,1
2009,"2110004",3,"Allied medical workers",0,1
2009,"2110004",4,"Laboratory technicians",0,1
2009,"2110004",5,"Nursing assistants",2,0
2009,"2110004",6,"Support staff",2,0
2009,"2110004",7,"Midwives",2,0
2009,"2110004",8,"Dispenser/pharmacist",0,0
2009,"2110006",1,"Doctors",0,0
2009,"2110006",2,"Nurses",1,1
2009,"2110006",3,"Allied medical workers",3,0
2009,"2110006",4,"Laboratory technicians",1,1
2009,"2110006",5,"Nursing assistants",3,1
2009,"2110006",6,"Support staff",3,1
2009,"2110006",7,"Midwives",2,1
2009,"2110006",8,"Dispenser/pharmacist",,
2009,"2110007",1,"Doctors",0,0
2009,"2110007",2,"Nurses",0,1
2009,"2110007",3,"Allied medical workers",0,0
2009,"2110007",4,"Laboratory technicians",0,0
2009,"2110007",5,"Nursing assistants",1,1
2009,"2110007",6,"Support staff",1,1
2009,"2110007",7,"Midwives",1,0
2009,"2110007",8,"Dispenser/pharmacist",0,0
2009,"2110009",1,"Doctors",0,0
2009,"2110009",2,"Nurses",1,0
2009,"2110009",3,"Allied medical workers",0,0
2009,"2110009",4,"Laboratory technicians",0,0
2009,"2110009",5,"Nursing assistants",1,1
2009,"2110009",6,"Support staff",1,1
2009,"2110009",7,"Midwives",0,1
2009,"2110009",8,"Dispenser/pharmacist",0,0
2009,"2120003",1,"Doctors",0,0
2009,"2120003",2,"Nurses",0,2
2009,"2120003",3,"Allied medical workers",0,1
2009,"2120003",4,"Laboratory technicians",0,0
2009,"2120003",5,"Nursing assistants",1,1
2009,"2120003",6,"Support staff",3,0
2009,"2120003",7,"Midwives",2,0
2009,"2120003",8,"Dispenser/pharmacist",0,0
2009,"2120008",1,"Doctors",0,0
2009,"2120008",2,"Nurses",1,1
2009,"2120008",3,"Allied medical workers",1,1
2009,"2120008",4,"Laboratory technicians",0,2
2009,"2120008",5,"Nursing assistants",2,0
2009,"2120008",6,"Support staff",2,1
2009,"2120008",7,"Midwives",2,0
2009,"2120008",8,"Dispenser/pharmacist",0,0
2009,"2120009",1,"Doctors",0,0
2009,"2120009",2,"Nurses",0,1
2009,"2120009",3,"Allied medical workers",2,0
2009,"2120009",4,"Laboratory technicians",0,0
2009,"2120009",5,"Nursing assistants",4,0
2009,"2120009",6,"Support staff",2,1
2009,"2120009",7,"Midwives",1,1
2009,"2120009",8,"Dispenser/pharmacist",0,0
2009,"2120011",1,"Doctors",1,1
2009,"2120011",2,"Nurses",6,2
2009,"2120011",3,"Allied medical workers",2,1
2009,"2120011",4,"Laboratory technicians",2,0
2009,"2120011",5,"Nursing assistants",2,3
2009,"2120011",6,"Support staff",5,1
2009,"2120011",7,"Midwives",2,2
2009,"2120011",8,"Dispenser/pharmacist",0,1
2009,"2120013",1,"Doctors",0,0
2009,"2120013",2,"Nurses",1,0
2009,"2120013",3,"Allied medical workers",0,0
2009,"2120013",4,"Laboratory technicians",0,0
2009,"2120013",5,"Nursing assistants",1,1
2009,"2120013",6,"Support staff",3,1
2009,"2120013",7,"Midwives",1,0
2009,"2120013",8,"Dispenser/pharmacist",0,0
2009,"2140002",1,"Doctors",3,2
2009,"2140002",2,"Nurses",22,10
2009,"2140002",3,"Allied medical workers",4,0
2009,"2140002",4,"Laboratory technicians",4,0
2009,"2140002",5,"Nursing assistants",18,2
2009,"2140002",6,"Support staff",55,0
2009,"2140002",7,"Midwives",7,6
2009,"2140002",8,"Dispenser/pharmacist",1,1
2009,"2140003",1,"Doctors",0,2
2009,"2140003",2,"Nurses",3,0
2009,"2140003",3,"Allied medical workers",4,0
2009,"2140003",4,"Laboratory technicians",2,2
2009,"2140003",5,"Nursing assistants",3,1
2009,"2140003",6,"Support staff",4,1
2009,"2140003",7,"Midwives",4,0
2009,"2140003",8,"Dispenser/pharmacist",0,1
2009,"2150001",1,"Doctors",0,1
2009,"2150001",2,"Nurses",4,0
2009,"2150001",3,"Allied medical workers",2,0
2009,"2150001",4,"Laboratory technicians",3,0
2009,"2150001",5,"Nursing assistants",2,0
2009,"2150001",6,"Support staff",4,0
2009,"2150001",7,"Midwives",2,0
2009,"2150001",8,"Dispenser/pharmacist",0,0
2009,"2150002",1,"Doctors",0,0
2009,"2150002",2,"Nurses",0,1
2009,"2150002",3,"Allied medical workers",2,0
2009,"2150002",4,"Laboratory technicians",0,1
2009,"2150002",5,"Nursing assistants",2,0
2009,"2150002",6,"Support staff",6,0
2009,"2150002",7,"Midwives",1,0
2009,"2150002",8,"Dispenser/pharmacist",0,0
2009,"2150004",1,"Doctors",0,2
2009,"2150004",2,"Nurses",5,2
2009,"2150004",3,"Allied medical workers",7,1
2009,"2150004",4,"Laboratory technicians",1,0
2009,"2150004",5,"Nursing assistants",5,0
2009,"2150004",6,"Support staff",4,0
2009,"2150004",7,"Midwives",4,0
2009,"2150004",8,"Dispenser/pharmacist",0,1
2009,"2150006",1,"Doctors",0,0
2009,"2150006",2,"Nurses",1,0
2009,"2150006",3,"Allied medical workers",1,1
2009,"2150006",4,"Laboratory technicians",1,0
2009,"2150006",5,"Nursing assistants",2,0
2009,"2150006",6,"Support staff",4,0
2009,"2150006",7,"Midwives",1,0
2009,"2150006",8,"Dispenser/pharmacist",0,0
2009,"2150007",1,"Doctors",0,0
2009,"2150007",2,"Nurses",1,3
2009,"2150007",3,"Allied medical workers",1,2
2009,"2150007",4,"Laboratory technicians",1,1
2009,"2150007",5,"Nursing assistants",3,2
2009,"2150007",6,"Support staff",2,0
2009,"2150007",7,"Midwives",0,2
2009,"2150007",8,"Dispenser/pharmacist",0,0
2009,"2160003",1,"Doctors",0,0
2009,"2160003",2,"Nurses",0,1
2009,"2160003",3,"Allied medical workers",0,0
2009,"2160003",4,"Laboratory technicians",0,1
2009,"2160003",5,"Nursing assistants",2,0
2009,"2160003",6,"Support staff",2,0
2009,"2160003",7,"Midwives",0,0
2009,"2160003",8,"Dispenser/pharmacist",0,0
2009,"2170009",1,"Doctors",0,0
2009,"2170009",2,"Nurses",2,0
2009,"2170009",3,"Allied medical workers",0,0
2009,"2170009",4,"Laboratory technicians",1,0
2009,"2170009",5,"Nursing assistants",2,0
2009,"2170009",6,"Support staff",2,0
2009,"2170009",7,"Midwives",1,0
2009,"2170009",8,"Dispenser/pharmacist",0,0
2009,"2180037",1,"Doctors",0,0
2009,"2180037",2,"Nurses",1,1
2009,"2180037",3,"Allied medical workers",0,1
2009,"2180037",4,"Laboratory technicians",1,1
2009,"2180037",5,"Nursing assistants",1,1
2009,"2180037",6,"Support staff",2,2
2009,"2180037",7,"Midwives",1,2
2009,"2180037",8,"Dispenser/pharmacist",0,0
2009,"2190003",1,"Doctors",0,0
2009,"2190003",2,"Nurses",1,1
2009,"2190003",3,"Allied medical workers",5,0
2009,"2190003",4,"Laboratory technicians",2,0
2009,"2190003",5,"Nursing assistants",4,0
2009,"2190003",6,"Support staff",2,0
2009,"2190003",7,"Midwives",1,1
2009,"2190003",8,"Dispenser/pharmacist",0,0
2009,"2200001",1,"Doctors",0,0
2009,"2200001",2,"Nurses",0,1
2009,"2200001",3,"Allied medical workers",0,0
2009,"2200001",4,"Laboratory technicians",0,0
2009,"2200001",5,"Nursing assistants",2,2
2009,"2200001",6,"Support staff",4,4
2009,"2200001",7,"Midwives",0,1
2009,"2200001",8,"Dispenser/pharmacist",0,0
2009,"2210006",1,"Doctors",0,0
2009,"2210006",2,"Nurses",1,2
2009,"2210006",3,"Allied medical workers",2,1
2009,"2210006",4,"Laboratory technicians",0,2
2009,"2210006",5,"Nursing assistants",4,4
2009,"2210006",6,"Support staff",3,3
2009,"2210006",7,"Midwives",1,2
2009,"2210006",8,"Dispenser/pharmacist",0,0
2009,"2220026",1,"Doctors",0,0
2009,"2220026",2,"Nurses",3,3
2009,"2220026",3,"Allied medical workers",1,1
2009,"2220026",4,"Laboratory technicians",2,0
2009,"2220026",5,"Nursing assistants",3,2
2009,"2220026",6,"Support staff",5,0
2009,"2220026",7,"Midwives",2,2
2009,"2220026",8,"Dispenser/pharmacist",0,0
2009,"2230011",1,"Doctors",0,0
2009,"2230011",2,"Nurses",1,2
2009,"2230011",3,"Allied medical workers",2,0
2009,"2230011",4,"Laboratory technicians",1,1
2009,"2230011",5,"Nursing assistants",2,0
2009,"2230011",6,"Support staff",1,2
2009,"2230011",7,"Midwives",2,0
2009,"2230011",8,"Dispenser/pharmacist",0,0
2009,"2230014",1,"Doctors",0,0
2009,"2230014",2,"Nurses",2,1
2009,"2230014",3,"Allied medical workers",0,1
2009,"2230014",4,"Laboratory technicians",0,0
2009,"2230014",5,"Nursing assistants",0,2
2009,"2230014",6,"Support staff",4,0
2009,"2230014",7,"Midwives",1,1
2009,"2230014",8,"Dispenser/pharmacist",0,0
2009,"2230022",1,"Doctors",0,0
2009,"2230022",2,"Nurses",2,0
2009,"2230022",3,"Allied medical workers",2,0
2009,"2230022",4,"Laboratory technicians",1,0
2009,"2230022",5,"Nursing assistants",3,1
2009,"2230022",6,"Support staff",3,0
2009,"2230022",7,"Midwives",2,0
2009,"2230022",8,"Dispenser/pharmacist",0,0
2009,"2230029",1,"Doctors",1,1
2009,"2230029",2,"Nurses",12,6
2009,"2230029",3,"Allied medical workers",5,1
2009,"2230029",4,"Laboratory technicians",3,2
2009,"2230029",5,"Nursing assistants",16,3
2009,"2230029",6,"Support staff",10,4
2009,"2230029",7,"Midwives",4,2
2009,"2230029",8,"Dispenser/pharmacist",2,4
2009,"2240013",1,"Doctors",0,0
2009,"2240013",2,"Nurses",0,3
2009,"2240013",3,"Allied medical workers",1,2
2009,"2240013",4,"Laboratory technicians",1,1
2009,"2240013",5,"Nursing assistants",2,2
2009,"2240013",6,"Support staff",2,2
2009,"2240013",7,"Midwives",2,1
2009,"2240013",8,"Dispenser/pharmacist",0,0
2009,"3010003",1,"Doctors",0,0
2009,"3010003",2,"Nurses",3,1
2009,"3010003",3,"Allied medical workers",2,0
2009,"3010003",4,"Laboratory technicians",1,1
2009,"3010003",5,"Nursing assistants",1,2
2009,"3010003",6,"Support staff",7,0
2009,"3010003",7,"Midwives",1,1
2009,"3010003",8,"Dispenser/pharmacist",0,0
2009,"3020002",1,"Doctors",3,4
2009,"3020002",2,"Nurses",33,
2009,"3020002",3,"Allied medical workers",20,10
2009,"3020002",4,"Laboratory technicians",5,1
2009,"3020002",5,"Nursing assistants",15,0
2009,"3020002",6,"Support staff",13,8
2009,"3020002",7,"Midwives",19,9
2009,"3020002",8,"Dispenser/pharmacist",3,1
2009,"3020003",1,"Doctors",1,1
2009,"3020003",2,"Nurses",8,3
2009,"3020003",3,"Allied medical workers",6,7
2009,"3020003",4,"Laboratory technicians",2,0
2009,"3020003",5,"Nursing assistants",3,1
2009,"3020003",6,"Support staff",2,2
2009,"3020003",7,"Midwives",3,2
2009,"3020003",8,"Dispenser/pharmacist",0,1
2009,"3020005",1,"Doctors",0,0
2009,"3020005",2,"Nurses",1,1
2009,"3020005",3,"Allied medical workers",3,0
2009,"3020005",4,"Laboratory technicians",1,1
2009,"3020005",5,"Nursing assistants",1,2
2009,"3020005",6,"Support staff",3,2
2009,"3020005",7,"Midwives",2,0
2009,"3020005",8,"Dispenser/pharmacist",0,1
2009,"3020008",1,"Doctors",0,0
2009,"3020008",2,"Nurses",1,1
2009,"3020008",3,"Allied medical workers",3,0
2009,"3020008",4,"Laboratory technicians",1,1
2009,"3020008",5,"Nursing assistants",1,2
2009,"3020008",6,"Support staff",3,2
2009,"3020008",7,"Midwives",2,0
2009,"3020008",8,"Dispenser/pharmacist",0,1
2009,"3020010",1,"Doctors",0,0
2009,"3020010",2,"Nurses",2,1
2009,"3020010",3,"Allied medical workers",2,1
2009,"3020010",4,"Laboratory technicians",1,1
2009,"3020010",5,"Nursing assistants",3,0
2009,"3020010",6,"Support staff",3,2
2009,"3020010",7,"Midwives",2,1
2009,"3020010",8,"Dispenser/pharmacist",0,0
2009,"3020013",1,"Doctors",1,1
2009,"3020013",2,"Nurses",10,1
2009,"3020013",3,"Allied medical workers",8,4
2009,"3020013",4,"Laboratory technicians",2,0
2009,"3020013",5,"Nursing assistants",6,0
2009,"3020013",6,"Support staff",5,5
2009,"3020013",7,"Midwives",4,0
2009,"3020013",8,"Dispenser/pharmacist",0,1
2009,"3020016",1,"Doctors",0,0
2009,"3020016",2,"Nurses",2,1
2009,"3020016",3,"Allied medical workers",2,0
2009,"3020016",4,"Laboratory technicians",1,1
2009,"3020016",5,"Nursing assistants",3,0
2009,"3020016",6,"Support staff",5,0
2009,"3020016",7,"Midwives",1,0
2009,"3020016",8,"Dispenser/pharmacist",1,0
2009,"3020018",1,"Doctors",0,0
2009,"3020018",2,"Nurses",0,5
2009,"3020018",3,"Allied medical workers",3,0
2009,"3020018",4,"Laboratory technicians",0,2
2009,"3020018",5,"Nursing assistants",2,1
2009,"3020018",6,"Support staff",3,2
2009,"3020018",7,"Midwives",3,0
2009,"3020018",8,"Dispenser/pharmacist",0,0
2009,"3020035",1,"Doctors",0,0
2009,"3020035",2,"Nurses",1,1
2009,"3020035",3,"Allied medical workers",1,1
2009,"3020035",4,"Laboratory technicians",1,1
2009,"3020035",5,"Nursing assistants",3,0
2009,"3020035",6,"Support staff",3,2
2009,"3020035",7,"Midwives",2,0
2009,"3020035",8,"Dispenser/pharmacist",0,0
2009,"3030006",1,"Doctors",0,0
2009,"3030006",2,"Nurses",4,1
2009,"3030006",3,"Allied medical workers",1,1
2009,"3030006",4,"Laboratory technicians",1,1
2009,"3030006",5,"Nursing assistants",2,4
2009,"3030006",6,"Support staff",5,3
2009,"3030006",7,"Midwives",3,1
2009,"3030006",8,"Dispenser/pharmacist",0,0
2009,"3030009",1,"Doctors",0,0
2009,"3030009",2,"Nurses",3,0
2009,"3030009",3,"Allied medical workers",0,0
2009,"3030009",4,"Laboratory technicians",0,0
2009,"3030009",5,"Nursing assistants",1,0
2009,"3030009",6,"Support staff",3,0
2009,"3030009",7,"Midwives",2,0
2009,"3030009",8,"Dispenser/pharmacist",0,0
2009,"3030015",1,"Doctors",0,0
2009,"3030015",2,"Nurses",3,1
2009,"3030015",3,"Allied medical workers",1,1
2009,"3030015",4,"Laboratory technicians",1,1
2009,"3030015",5,"Nursing assistants",1,1
2009,"3030015",6,"Support staff",3,3
2009,"3030015",7,"Midwives",2,0
2009,"3030015",8,"Dispenser/pharmacist",0,0
2009,"3030033",1,"Doctors",0,0
2009,"3030033",2,"Nurses",2,3
2009,"3030033",3,"Allied medical workers",0,0
2009,"3030033",4,"Laboratory technicians",0,0
2009,"3030033",5,"Nursing assistants",2,0
2009,"3030033",6,"Support staff",3,1
2009,"3030033",7,"Midwives",1,0
2009,"3030033",8,"Dispenser/pharmacist",0,0
2009,"3040002",1,"Doctors",1,0
2009,"3040002",2,"Nurses",1,0
2009,"3040002",3,"Allied medical workers",1,0
2009,"3040002",4,"Laboratory technicians",2,0
2009,"3040002",5,"Nursing assistants",3,0
2009,"3040002",6,"Support staff",1,0
2009,"3040002",7,"Midwives",0,0
2009,"3040002",8,"Dispenser/pharmacist",0,0
2009,"3040004",1,"Doctors",0,0
2009,"3040004",2,"Nurses",3,1
2009,"3040004",3,"Allied medical workers",2,1
2009,"3040004",4,"Laboratory technicians",1,1
2009,"3040004",5,"Nursing assistants",3,0
2009,"3040004",6,"Support staff",4,1
2009,"3040004",7,"Midwives",2,1
2009,"3040004",8,"Dispenser/pharmacist",0,0
2009,"3040007",1,"Doctors",0,0
2009,"3040007",2,"Nurses",4,1
2009,"3040007",3,"Allied medical workers",2,0
2009,"3040007",4,"Laboratory technicians",0,2
2009,"3040007",5,"Nursing assistants",3,0
2009,"3040007",6,"Support staff",4,1
2009,"3040007",7,"Midwives",1,0
2009,"3040007",8,"Dispenser/pharmacist",0,1
2009,"3040009",1,"Doctors",0,0
2009,"3040009",2,"Nurses",1,0
2009,"3040009",3,"Allied medical workers",1,0
2009,"3040009",4,"Laboratory technicians",1,0
2009,"3040009",5,"Nursing assistants",3,0
2009,"3040009",6,"Support staff",6,0
2009,"3040009",7,"Midwives",1,0
2009,"3040009",8,"Dispenser/pharmacist",0,0
2009,"3040014",1,"Doctors",0,0
2009,"3040014",2,"Nurses",1,0
2009,"3040014",3,"Allied medical workers",0,1
2009,"3040014",4,"Laboratory technicians",1,0
2009,"3040014",5,"Nursing assistants",2,0
2009,"3040014",6,"Support staff",4,1
2009,"3040014",7,"Midwives",1,0
2009,"3040014",8,"Dispenser/pharmacist",0,0
2009,"3050001",1,"Doctors",1,1
2009,"3050001",2,"Nurses",1,1
2009,"3050001",3,"Allied medical workers",1,1
2009,"3050001",4,"Laboratory technicians",1,1
2009,"3050001",5,"Nursing assistants",3,1
2009,"3050001",6,"Support staff",0,1
2009,"3050001",7,"Midwives",0,1
2009,"3050001",8,"Dispenser/pharmacist",0,0
2009,"3060006",1,"Doctors",0,2
2009,"3060006",2,"Nurses",11,0
2009,"3060006",3,"Allied medical workers",5,0
2009,"3060006",4,"Laboratory technicians",3,1
2009,"3060006",5,"Nursing assistants",8,0
2009,"3060006",6,"Support staff",7,0
2009,"3060006",7,"Midwives",6,0
2009,"3060006",8,"Dispenser/pharmacist",0,1
2009,"3060007",1,"Doctors",0,0
2009,"3060007",2,"Nurses",1,1
2009,"3060007",3,"Allied medical workers",1,1
2009,"3060007",4,"Laboratory technicians",1,1
2009,"3060007",5,"Nursing assistants",2,0
2009,"3060007",6,"Support staff",3,1
2009,"3060007",7,"Midwives",1,1
2009,"3060007",8,"Dispenser/pharmacist",0,
2009,"3070002",1,"Doctors",0,0
2009,"3070002",2,"Nurses",4,0
2009,"3070002",3,"Allied medical workers",2,0
2009,"3070002",4,"Laboratory technicians",2,0
2009,"3070002",5,"Nursing assistants",3,0
2009,"3070002",6,"Support staff",4,0
2009,"3070002",7,"Midwives",2,0
2009,"3070002",8,"Dispenser/pharmacist",0,0
2009,"3070012",1,"Doctors",0,0
2009,"3070012",2,"Nurses",4,0
2009,"3070012",3,"Allied medical workers",2,1
2009,"3070012",4,"Laboratory technicians",1,1
2009,"3070012",5,"Nursing assistants",3,0
2009,"3070012",6,"Support staff",5,0
2009,"3070012",7,"Midwives",2,0
2009,"3070012",8,"Dispenser/pharmacist",0,0
2009,"3070017",1,"Doctors",0,0
2009,"3070017",2,"Nurses",4,0
2009,"3070017",3,"Allied medical workers",3,1
2009,"3070017",4,"Laboratory technicians",2,0
2009,"3070017",5,"Nursing assistants",3,0
2009,"3070017",6,"Support staff",4,0
2009,"3070017",7,"Midwives",2,0
2009,"3070017",8,"Dispenser/pharmacist",0,0
2009,"3070018",1,"Doctors",0,0
2009,"3070018",2,"Nurses",3,0
2009,"3070018",3,"Allied medical workers",4,1
2009,"3070018",4,"Laboratory technicians",2,0
2009,"3070018",5,"Nursing assistants",3,0
2009,"3070018",6,"Support staff",4,0
2009,"3070018",7,"Midwives",2,0
2009,"3070018",8,"Dispenser/pharmacist",0,0
2009,"3070020",1,"Doctors",0,0
2009,"3070020",2,"Nurses",4,0
2009,"3070020",3,"Allied medical workers",1,2
2009,"3070020",4,"Laboratory technicians",1,1
2009,"3070020",5,"Nursing assistants",3,0
2009,"3070020",6,"Support staff",2,3
2009,"3070020",7,"Midwives",2,0
2009,"3070020",8,"Dispenser/pharmacist",0,0
2009,"3070022",1,"Doctors",0,0
2009,"3070022",2,"Nurses",1,0
2009,"3070022",3,"Allied medical workers",0,0
2009,"3070022",4,"Laboratory technicians",0,0
2009,"3070022",5,"Nursing assistants",2,0
2009,"3070022",6,"Support staff",4,0
2009,"3070022",7,"Midwives",0,1
2009,"3070022",8,"Dispenser/pharmacist",0,0
2009,"3070023",1,"Doctors",0,0
2009,"3070023",2,"Nurses",3,1
2009,"3070023",3,"Allied medical workers",3,0
2009,"3070023",4,"Laboratory technicians",1,1
2009,"3070023",5,"Nursing assistants",3,0
2009,"3070023",6,"Support staff",4,1
2009,"3070023",7,"Midwives",2,0
2009,"3070023",8,"Dispenser/pharmacist",0,0
2009,"3070025",1,"Doctors",0,0
2009,"3070025",2,"Nurses",3,0
2009,"3070025",3,"Allied medical workers",3,2
2009,"3070025",4,"Laboratory technicians",0,2
2009,"3070025",5,"Nursing assistants",3,0
2009,"3070025",6,"Support staff",4,0
2009,"3070025",7,"Midwives",1,1
2009,"3070025",8,"Dispenser/pharmacist",0,0
2009,"3080001",1,"Doctors",0,0
2009,"3080001",2,"Nurses",1,1
2009,"3080001",3,"Allied medical workers",2,0
2009,"3080001",4,"Laboratory technicians",2,0
2009,"3080001",5,"Nursing assistants",3,1
2009,"3080001",6,"Support staff",4,1
2009,"3080001",7,"Midwives",2,1
2009,"3080001",8,"Dispenser/pharmacist",0,0
2009,"3080002",1,"Doctors",0,0
2009,"3080002",2,"Nurses",2,1
2009,"3080002",3,"Allied medical workers",1,1
2009,"3080002",4,"Laboratory technicians",1,1
2009,"3080002",5,"Nursing assistants",6,0
2009,"3080002",6,"Support staff",2,1
2009,"3080002",7,"Midwives",1,1
2009,"3080002",8,"Dispenser/pharmacist",0,0
2009,"3080004",1,"Doctors",0,0
2009,"3080004",2,"Nurses",2,0
2009,"3080004",3,"Allied medical workers",1,0
2009,"3080004",4,"Laboratory technicians",1,2
2009,"3080004",5,"Nursing assistants",2,2
2009,"3080004",6,"Support staff",4,0
2009,"3080004",7,"Midwives",1,1
2009,"3080004",8,"Dispenser/pharmacist",0,0
2009,"3090001",1,"Doctors",1,1
2009,"3090001",2,"Nurses",6,1
2009,"3090001",3,"Allied medical workers",3,0
2009,"3090001",4,"Laboratory technicians",1,1
2009,"3090001",5,"Nursing assistants",6,0
2009,"3090001",6,"Support staff",10,0
2009,"3090001",7,"Midwives",2,1
2009,"3090001",8,"Dispenser/pharmacist",0,1
2009,"3090002",1,"Doctors",0,0
2009,"3090002",2,"Nurses",1,2
2009,"3090002",3,"Allied medical workers",0,0
2009,"3090002",4,"Laboratory technicians",0,0
2009,"3090002",5,"Nursing assistants",1,1
2009,"3090002",6,"Support staff",1,3
2009,"3090002",7,"Midwives",0,1
2009,"3090002",8,"Dispenser/pharmacist",0,0
2009,"3100004",1,"Doctors",0,0
2009,"3100004",2,"Nurses",4,2
2009,"3100004",3,"Allied medical workers",1,1
2009,"3100004",4,"Laboratory technicians",2,0
2009,"3100004",5,"Nursing assistants",2,1
2009,"3100004",6,"Support staff",5,1
2009,"3100004",7,"Midwives",5,0
2009,"3100004",8,"Dispenser/pharmacist",0,0
2009,"3100006",1,"Doctors",0,0
2009,"3100006",2,"Nurses",2,1
2009,"3100006",3,"Allied medical workers",1,1
2009,"3100006",4,"Laboratory technicians",1,0
2009,"3100006",5,"Nursing assistants",1,1
2009,"3100006",6,"Support staff",5,2
2009,"3100006",7,"Midwives",1,1
2009,"3100006",8,"Dispenser/pharmacist",0,0
2009,"3100007",1,"Doctors",0,0
2009,"3100007",2,"Nurses",2,0
2009,"3100007",3,"Allied medical workers",0,0
2009,"3100007",4,"Laboratory technicians",0,0
2009,"3100007",5,"Nursing assistants",1,0
2009,"3100007",6,"Support staff",2,0
2009,"3100007",7,"Midwives",0,0
2009,"3100007",8,"Dispenser/pharmacist",0,0
2009,"3100008",1,"Doctors",0,0
2009,"3100008",2,"Nurses",1,1
2009,"3100008",3,"Allied medical workers",0,0
2009,"3100008",4,"Laboratory technicians",0,0
2009,"3100008",5,"Nursing assistants",3,1
2009,"3100008",6,"Support staff",4,0
2009,"3100008",7,"Midwives",0,0
2009,"3100008",8,"Dispenser/pharmacist",0,0
2009,"3100009",1,"Doctors",0,0
2009,"3100009",2,"Nurses",1,0
2009,"3100009",3,"Allied medical workers",1,0
2009,"3100009",4,"Laboratory technicians",1,0
2009,"3100009",5,"Nursing assistants",6,0
2009,"3100009",6,"Support staff",5,0
2009,"3100009",7,"Midwives",1,0
2009,"3100009",8,"Dispenser/pharmacist",0,0
2009,"3100010",1,"Doctors",0,0
2009,"3100010",2,"Nurses",1,2
2009,"3100010",3,"Allied medical workers",1,1
2009,"3100010",4,"Laboratory technicians",0,1
2009,"3100010",5,"Nursing assistants",2,2
2009,"3100010",6,"Support staff",2,3
2009,"3100010",7,"Midwives",3,1
2009,"3100010",8,"Dispenser/pharmacist",0,0
2009,"3100012",1,"Doctors",0,0
2009,"3100012",2,"Nurses",1,2
2009,"3100012",3,"Allied medical workers",0,0
2009,"3100012",4,"Laboratory technicians",0,0
2009,"3100012",5,"Nursing assistants",1,1
2009,"3100012",6,"Support staff",1,2
2009,"3100012",7,"Midwives",0,0
2009,"3100012",8,"Dispenser/pharmacist",0,0
2009,"3110001",1,"Doctors",0,0
2009,"3110001",2,"Nurses",3,1
2009,"3110001",3,"Allied medical workers",1,0
2009,"3110001",4,"Laboratory technicians",1,1
2009,"3110001",5,"Nursing assistants",4,0
2009,"3110001",6,"Support staff",5,0
2009,"3110001",7,"Midwives",1,1
2009,"3110001",8,"Dispenser/pharmacist",0,0
2009,"3110003",1,"Doctors",0,0
2009,"3110003",2,"Nurses",4,0
2009,"3110003",3,"Allied medical workers",1,1
2009,"3110003",4,"Laboratory technicians",0,1
2009,"3110003",5,"Nursing assistants",3,0
2009,"3110003",6,"Support staff",4,0
2009,"3110003",7,"Midwives",0,1
2009,"3110003",8,"Dispenser/pharmacist",,
2009,"3110004",1,"Doctors",0,0
2009,"3110004",2,"Nurses",2,0
2009,"3110004",3,"Allied medical workers",0,1
2009,"3110004",4,"Laboratory technicians",0,1
2009,"3110004",5,"Nursing assistants",2,0
2009,"3110004",6,"Support staff",2,0
2009,"3110004",7,"Midwives",1,1
2009,"3110004",8,"Dispenser/pharmacist",0,0
2009,"3130001",1,"Doctors",0,0
2009,"3130001",2,"Nurses",1,3
2009,"3130001",3,"Allied medical workers",0,1
2009,"3130001",4,"Laboratory technicians",0,0
2009,"3130001",5,"Nursing assistants",2,0
2009,"3130001",6,"Support staff",2,0
2009,"3130001",7,"Midwives",1,1
2009,"3130001",8,"Dispenser/pharmacist",0,0
2009,"3130002",1,"Doctors",0,0
2009,"3130002",2,"Nurses",2,1
2009,"3130002",3,"Allied medical workers",1,0
2009,"3130002",4,"Laboratory technicians",1,0
2009,"3130002",5,"Nursing assistants",4,0
2009,"3130002",6,"Support staff",5,5
2009,"3130002",7,"Midwives",1,1
2009,"3130002",8,"Dispenser/pharmacist",0,0
2009,"3130003",1,"Doctors",0,0
2009,"3130003",2,"Nurses",3,3
2009,"3130003",3,"Allied medical workers",1,0
2009,"3130003",4,"Laboratory technicians",1,0
2009,"3130003",5,"Nursing assistants",1,2
2009,"3130003",6,"Support staff",4,0
2009,"3130003",7,"Midwives",1,1
2009,"3130003",8,"Dispenser/pharmacist",0,0
2009,"3150016",1,"Doctors",0,0
2009,"3150016",2,"Nurses",3,0
2009,"3150016",3,"Allied medical workers",3,0
2009,"3150016",4,"Laboratory technicians",1,1
2009,"3150016",5,"Nursing assistants",1,3
2009,"3150016",6,"Support staff",6,2
2009,"3150016",7,"Midwives",1,1
2009,"3150016",8,"Dispenser/pharmacist",0,0
2009,"3160016",1,"Doctors",0,0
2009,"3160016",2,"Nurses",0,2
2009,"3160016",3,"Allied medical workers",3,3
2009,"3160016",4,"Laboratory technicians",1,0
2009,"3160016",5,"Nursing assistants",4,0
2009,"3160016",6,"Support staff",5,0
2009,"3160016",7,"Midwives",0,1
2009,"3160016",8,"Dispenser/pharmacist",0,0
2009,"3170009",1,"Doctors",0,0
2009,"3170009",2,"Nurses",4,2
2009,"3170009",3,"Allied medical workers",2,0
2009,"3170009",4,"Laboratory technicians",1,1
2009,"3170009",5,"Nursing assistants",3,0
2009,"3170009",6,"Support staff",7,0
2009,"3170009",7,"Midwives",2,0
2009,"3170009",8,"Dispenser/pharmacist",0,0
2009,"3170010",1,"Doctors",0,0
2009,"3170010",2,"Nurses",3,1
2009,"3170010",3,"Allied medical workers",3,1
2009,"3170010",4,"Laboratory technicians",2,0
2009,"3170010",5,"Nursing assistants",2,0
2009,"3170010",6,"Support staff",5,0
2009,"3170010",7,"Midwives",1,1
2009,"3170010",8,"Dispenser/pharmacist",0,1
2009,"3170011",1,"Doctors",0,0
2009,"3170011",2,"Nurses",2,2
2009,"3170011",3,"Allied medical workers",2,1
2009,"3170011",4,"Laboratory technicians",1,1
2009,"3170011",5,"Nursing assistants",2,1
2009,"3170011",6,"Support staff",3,2
2009,"3170011",7,"Midwives",1,1
2009,"3170011",8,"Dispenser/pharmacist",0,0
2009,"3180001",1,"Doctors",1,3
2009,"3180001",2,"Nurses",16,32
2009,"3180001",3,"Allied medical workers",7,0
2009,"3180001",4,"Laboratory technicians",3,1
2009,"3180001",5,"Nursing assistants",35,0
2009,"3180001",6,"Support staff",18,5
2009,"3180001",7,"Midwives",4,11
2009,"3180001",8,"Dispenser/pharmacist",2,5
2009,"3180002",1,"Doctors",0,0
2009,"3180002",2,"Nurses",1,1
2009,"3180002",3,"Allied medical workers",1,1
2009,"3180002",4,"Laboratory technicians",0,1
2009,"3180002",5,"Nursing assistants",0,2
2009,"3180002",6,"Support staff",7,0
2009,"3180002",7,"Midwives",1,1
2009,"3180002",8,"Dispenser/pharmacist",0,0
2009,"3180003",1,"Doctors",0,0
2009,"3180003",2,"Nurses",1,1
2009,"3180003",3,"Allied medical workers",3,0
2009,"3180003",4,"Laboratory technicians",1,0
2009,"3180003",5,"Nursing assistants",1,3
2009,"3180003",6,"Support staff",5,0
2009,"3180003",7,"Midwives",0,1
2009,"3180003",8,"Dispenser/pharmacist",0,0
2009,"3180004",1,"Doctors",1,6
2009,"3180004",2,"Nurses",27,36
2009,"3180004",3,"Allied medical workers",9,16
2009,"3180004",4,"Laboratory technicians",3,12
2009,"3180004",5,"Nursing assistants",30,30
2009,"3180004",6,"Support staff",50,36
2009,"3180004",7,"Midwives",6,12
2009,"3180004",8,"Dispenser/pharmacist",0,4
2009,"3190005",1,"Doctors",1,1
2009,"3190005",2,"Nurses",5,0
2009,"3190005",3,"Allied medical workers",5,0
2009,"3190005",4,"Laboratory technicians",2,1
2009,"3190005",5,"Nursing assistants",8,0
2009,"3190005",6,"Support staff",19,0
2009,"3190005",7,"Midwives",7,0
2009,"3190005",8,"Dispenser/pharmacist",0,1
2009,"3190012",1,"Doctors",1,1
2009,"3190012",2,"Nurses",5,0
2009,"3190012",3,"Allied medical workers",5,0
2009,"3190012",4,"Laboratory technicians",2,1
2009,"3190012",5,"Nursing assistants",8,0
2009,"3190012",6,"Support staff",19,0
2009,"3190012",7,"Midwives",7,0
2009,"3190012",8,"Dispenser/pharmacist",0,1
2009,"3200018",1,"Doctors",0,0
2009,"3200018",2,"Nurses",2,2
2009,"3200018",3,"Allied medical workers",0,0
2009,"3200018",4,"Laboratory technicians",0,0
2009,"3200018",5,"Nursing assistants",0,0
2009,"3200018",6,"Support staff",4,2
2009,"3200018",7,"Midwives",0,1
2009,"3200018",8,"Dispenser/pharmacist",0,0
2009,"3200021",1,"Doctors",0,0
2009,"3200021",2,"Nurses",1,3
2009,"3200021",3,"Allied medical workers",1,0
2009,"3200021",4,"Laboratory technicians",0,3
2009,"3200021",5,"Nursing assistants",2,1
2009,"3200021",6,"Support staff",2,3
2009,"3200021",7,"Midwives",1,1
2009,"3200021",8,"Dispenser/pharmacist",0,1
2009,"3200024",1,"Doctors",0,0
2009,"3200024",2,"Nurses",3,0
2009,"3200024",3,"Allied medical workers",1,0
2009,"3200024",4,"Laboratory technicians",0,1
2009,"3200024",5,"Nursing assistants",2,0
2009,"3200024",6,"Support staff",5,0
2009,"3200024",7,"Midwives",1,0
2009,"3200024",8,"Dispenser/pharmacist",0,0
2009,"3200027",1,"Doctors",0,0
2009,"3200027",2,"Nurses",0,1
2009,"3200027",3,"Allied medical workers",0,0
2009,"3200027",4,"Laboratory technicians",0,0
2009,"3200027",5,"Nursing assistants",1,0
2009,"3200027",6,"Support staff",4,0
2009,"3200027",7,"Midwives",0,1
2009,"3200027",8,"Dispenser/pharmacist",0,0
2009,"3200030",1,"Doctors",0,0
2009,"3200030",2,"Nurses",2,99
2009,"3200030",3,"Allied medical workers",0,0
2009,"3200030",4,"Laboratory technicians",0,0
2009,"3200030",5,"Nursing assistants",2,99
2009,"3200030",6,"Support staff",4,99
2009,"3200030",7,"Midwives",0,99
2009,"3200030",8,"Dispenser/pharmacist",0,0
2009,"3210021",1,"Doctors",0,0
2009,"3210021",2,"Nurses",0,1
2009,"3210021",3,"Allied medical workers",0,0
2009,"3210021",4,"Laboratory technicians",0,0
2009,"3210021",5,"Nursing assistants",2,1
2009,"3210021",6,"Support staff",2,2
2009,"3210021",7,"Midwives",0,1
2009,"3210021",8,"Dispenser/pharmacist",0,0
2009,"3210023",1,"Doctors",0,0
2009,"3210023",2,"Nurses",1,1
2009,"3210023",3,"Allied medical workers",0,1
2009,"3210023",4,"Laboratory technicians",0,0
2009,"3210023",5,"Nursing assistants",0,2
2009,"3210023",6,"Support staff",1,3
2009,"3210023",7,"Midwives",0,1
2009,"3210023",8,"Dispenser/pharmacist",0,0
2009,"3210028",1,"Doctors",0,0
2009,"3210028",2,"Nurses",0,1
2009,"3210028",3,"Allied medical workers",0,1
2009,"3210028",4,"Laboratory technicians",0,0
2009,"3210028",5,"Nursing assistants",2,0
2009,"3210028",6,"Support staff",1,3
2009,"3210028",7,"Midwives",0,1
2009,"3210028",8,"Dispenser/pharmacist",0,0
2009,"3210030",1,"Doctors",0,0
2009,"3210030",2,"Nurses",1,0
2009,"3210030",3,"Allied medical workers",1,0
2009,"3210030",4,"Laboratory technicians",0,0
2009,"3210030",5,"Nursing assistants",2,0
2009,"3210030",6,"Support staff",3,1
2009,"3210030",7,"Midwives",1,0
2009,"3210030",8,"Dispenser/pharmacist",0,0
2009,"4010003",1,"Doctors",0,0
2009,"4010003",2,"Nurses",1,0
2009,"4010003",3,"Allied medical workers",0,1
2009,"4010003",4,"Laboratory technicians",0,0
2009,"4010003",5,"Nursing assistants",5,1
2009,"4010003",6,"Support staff",2,0
2009,"4010003",7,"Midwives",0,1
2009,"4010003",8,"Dispenser/pharmacist",0,0
2009,"4010005",1,"Doctors",1,1
2009,"4010005",2,"Nurses",6,0
2009,"4010005",3,"Allied medical workers",6,1
2009,"4010005",4,"Laboratory technicians",2,0
2009,"4010005",5,"Nursing assistants",4,1
2009,"4010005",6,"Support staff",4,4
2009,"4010005",7,"Midwives",2,2
2009,"4010005",8,"Dispenser/pharmacist",0,2
2009,"4020007",1,"Doctors",0,0
2009,"4020007",2,"Nurses",1,2
2009,"4020007",3,"Allied medical workers",0,4
2009,"4020007",4,"Laboratory technicians",1,1
2009,"4020007",5,"Nursing assistants",2,3
2009,"4020007",6,"Support staff",2,1
2009,"4020007",7,"Midwives",1,1
2009,"4020007",8,"Dispenser/pharmacist",0,0
2009,"4020011",1,"Doctors",0,0
2009,"4020011",2,"Nurses",1,1
2009,"4020011",3,"Allied medical workers",0,0
2009,"4020011",4,"Laboratory technicians",0,0
2009,"4020011",5,"Nursing assistants",0,2
2009,"4020011",6,"Support staff",0,
2009,"4020011",7,"Midwives",0,2
2009,"4020011",8,"Dispenser/pharmacist",0,
2009,"4020016",1,"Doctors",0,0
2009,"4020016",2,"Nurses",2,4
2009,"4020016",3,"Allied medical workers",2,6
2009,"4020016",4,"Laboratory technicians",1,3
2009,"4020016",5,"Nursing assistants",1,2
2009,"4020016",6,"Support staff",1,1
2009,"4020016",7,"Midwives",2,1
2009,"4020016",8,"Dispenser/pharmacist",0,0
2009,"4020020",1,"Doctors",0,0
2009,"4020020",2,"Nurses",3,3
2009,"4020020",3,"Allied medical workers",3,4
2009,"4020020",4,"Laboratory technicians",1,1
2009,"4020020",5,"Nursing assistants",1,1
2009,"4020020",6,"Support staff",3,1
2009,"4020020",7,"Midwives",2,2
2009,"4020020",8,"Dispenser/pharmacist",0,0
2009,"4020025",1,"Doctors",0,0
2009,"4020025",2,"Nurses",1,1
2009,"4020025",3,"Allied medical workers",0,1
2009,"4020025",4,"Laboratory technicians",1,0
2009,"4020025",5,"Nursing assistants",2,0
2009,"4020025",6,"Support staff",2,0
2009,"4020025",7,"Midwives",0,1
2009,"4020025",8,"Dispenser/pharmacist",0,1
2009,"4020030",1,"Doctors",0,0
2009,"4020030",2,"Nurses",0,1
2009,"4020030",3,"Allied medical workers",0,6
2009,"4020030",4,"Laboratory technicians",0,2
2009,"4020030",5,"Nursing assistants",1,2
2009,"4020030",6,"Support staff",2,2
2009,"4020030",7,"Midwives",0,1
2009,"4020030",8,"Dispenser/pharmacist",0,0
2009,"4030004",1,"Doctors",0,0
2009,"4030004",2,"Nurses",2,2
2009,"4030004",3,"Allied medical workers",1,1
2009,"4030004",4,"Laboratory technicians",0,1
2009,"4030004",5,"Nursing assistants",2,0
2009,"4030004",6,"Support staff",1,2
2009,"4030004",7,"Midwives",2,2
2009,"4030004",8,"Dispenser/pharmacist",0,0
2009,"4030006",1,"Doctors",0,0
2009,"4030006",2,"Nurses",1,1
2009,"4030006",3,"Allied medical workers",2,0
2009,"4030006",4,"Laboratory technicians",0,1
2009,"4030006",5,"Nursing assistants",2,2
2009,"4030006",6,"Support staff",1,1
2009,"4030006",7,"Midwives",1,1
2009,"4030006",8,"Dispenser/pharmacist",0,0
2009,"4030007",1,"Doctors",0,0
2009,"4030007",2,"Nurses",0,1
2009,"4030007",3,"Allied medical workers",2,1
2009,"4030007",4,"Laboratory technicians",0,1
2009,"4030007",5,"Nursing assistants",0,3
2009,"4030007",6,"Support staff",2,2
2009,"4030007",7,"Midwives",1,1
2009,"4030007",8,"Dispenser/pharmacist",0,0
2009,"4030009",1,"Doctors",0,1
2009,"4030009",2,"Nurses",0,3
2009,"4030009",3,"Allied medical workers",2,1
2009,"4030009",4,"Laboratory technicians",1,1
2009,"4030009",5,"Nursing assistants",0,4
2009,"4030009",6,"Support staff",0,4
2009,"4030009",7,"Midwives",3,1
2009,"4030009",8,"Dispenser/pharmacist",0,0
2009,"4040003",1,"Doctors",0,0
2009,"4040003",2,"Nurses",1,1
2009,"4040003",3,"Allied medical workers",0,0
2009,"4040003",4,"Laboratory technicians",0,0
2009,"4040003",5,"Nursing assistants",4,0
2009,"4040003",6,"Support staff",3,1
2009,"4040003",7,"Midwives",1,0
2009,"4040003",8,"Dispenser/pharmacist",0,0
2009,"4040006",1,"Doctors",0,0
2009,"4040006",2,"Nurses",3,0
2009,"4040006",3,"Allied medical workers",2,3
2009,"4040006",4,"Laboratory technicians",0,1
2009,"4040006",5,"Nursing assistants",2,1
2009,"4040006",6,"Support staff",0,4
2009,"4040006",7,"Midwives",1,1
2009,"4040006",8,"Dispenser/pharmacist",0,0
2009,"4040008",1,"Doctors",0,0
2009,"4040008",2,"Nurses",1,1
2009,"4040008",3,"Allied medical workers",1,0
2009,"4040008",4,"Laboratory technicians",1,1
2009,"4040008",5,"Nursing assistants",1,1
2009,"4040008",6,"Support staff",3,1
2009,"4040008",7,"Midwives",1,1
2009,"4040008",8,"Dispenser/pharmacist",0,0
2009,"4040010",1,"Doctors",0,0
2009,"4040010",2,"Nurses",2,0
2009,"4040010",3,"Allied medical workers",0,
2009,"4040010",4,"Laboratory technicians",0,
2009,"4040010",5,"Nursing assistants",1,1
2009,"4040010",6,"Support staff",1,1
2009,"4040010",7,"Midwives",0,1
2009,"4040010",8,"Dispenser/pharmacist",0,0
2009,"4040012",1,"Doctors",0,0
2009,"4040012",2,"Nurses",1,1
2009,"4040012",3,"Allied medical workers",0,0
2009,"4040012",4,"Laboratory technicians",0,0
2009,"4040012",5,"Nursing assistants",1,2
2009,"4040012",6,"Support staff",1,0
2009,"4040012",7,"Midwives",0,1
2009,"4040012",8,"Dispenser/pharmacist",0,0
2009,"4050002",1,"Doctors",0,1
2009,"4050002",2,"Nurses",2,1
2009,"4050002",3,"Allied medical workers",1,1
2009,"4050002",4,"Laboratory technicians",0,1
2009,"4050002",5,"Nursing assistants",3,1
2009,"4050002",6,"Support staff",2,2
2009,"4050002",7,"Midwives",0,0
2009,"4050002",8,"Dispenser/pharmacist",0,0
2009,"4050005",1,"Doctors",0,0
2009,"4050005",2,"Nurses",4,0
2009,"4050005",3,"Allied medical workers",1,0
2009,"4050005",4,"Laboratory technicians",0,1
2009,"4050005",5,"Nursing assistants",3,0
2009,"4050005",6,"Support staff",1,1
2009,"4050005",7,"Midwives",1,1
2009,"4050005",8,"Dispenser/pharmacist",0,0
2009,"4050006",1,"Doctors",0,0
2009,"4050006",2,"Nurses",2,0
2009,"4050006",3,"Allied medical workers",0,0
2009,"4050006",4,"Laboratory technicians",0,0
2009,"4050006",5,"Nursing assistants",3,0
2009,"4050006",6,"Support staff",4,0
2009,"4050006",7,"Midwives",0,1
2009,"4050006",8,"Dispenser/pharmacist",0,0
2009,"4050010",1,"Doctors",0,0
2009,"4050010",2,"Nurses",6,0
2009,"4050010",3,"Allied medical workers",3,1
2009,"4050010",4,"Laboratory technicians",0,1
2009,"4050010",5,"Nursing assistants",2,2
2009,"4050010",6,"Support staff",2,2
2009,"4050010",7,"Midwives",1,1
2009,"4050010",8,"Dispenser/pharmacist",0,0
2009,"4060003",1,"Doctors",0,0
2009,"4060003",2,"Nurses",0,0
2009,"4060003",3,"Allied medical workers",2,1
2009,"4060003",4,"Laboratory technicians",2,1
2009,"4060003",5,"Nursing assistants",6,0
2009,"4060003",6,"Support staff",6,2
2009,"4060003",7,"Midwives",2,1
2009,"4060003",8,"Dispenser/pharmacist",0,0
2009,"4060008",1,"Doctors",0,1
2009,"4060008",2,"Nurses",0,3
2009,"4060008",3,"Allied medical workers",2,0
2009,"4060008",4,"Laboratory technicians",0,2
2009,"4060008",5,"Nursing assistants",1,3
2009,"4060008",6,"Support staff",0,0
2009,"4060008",7,"Midwives",1,2
2009,"4060008",8,"Dispenser/pharmacist",0,0
2009,"4060010",1,"Doctors",0,2
2009,"4060010",2,"Nurses",2,2
2009,"4060010",3,"Allied medical workers",1,1
2009,"4060010",4,"Laboratory technicians",1,1
2009,"4060010",5,"Nursing assistants",1,1
2009,"4060010",6,"Support staff",3,1
2009,"4060010",7,"Midwives",1,1
2009,"4060010",8,"Dispenser/pharmacist",0,1
2009,"4060011",1,"Doctors",0,0
2009,"4060011",2,"Nurses",2,5
2009,"4060011",3,"Allied medical workers",0,0
2009,"4060011",4,"Laboratory technicians",0,0
2009,"4060011",5,"Nursing assistants",1,0
2009,"4060011",6,"Support staff",0,0
2009,"4060011",7,"Midwives",0,0
2009,"4060011",8,"Dispenser/pharmacist",0,0
2009,"4060013",1,"Doctors",0,0
2009,"4060013",2,"Nurses",1,1
2009,"4060013",3,"Allied medical workers",0,1
2009,"4060013",4,"Laboratory technicians",1,1
2009,"4060013",5,"Nursing assistants",2,2
2009,"4060013",6,"Support staff",4,0
2009,"4060013",7,"Midwives",2,2
2009,"4060013",8,"Dispenser/pharmacist",0,0
2009,"4070003",1,"Doctors",0,2
2009,"4070003",2,"Nurses",3,4
2009,"4070003",3,"Allied medical workers",1,5
2009,"4070003",4,"Laboratory technicians",1,3
2009,"4070003",5,"Nursing assistants",4,1
2009,"4070003",6,"Support staff",1,7
2009,"4070003",7,"Midwives",2,2
2009,"4070003",8,"Dispenser/pharmacist",0,1
2009,"4070005",1,"Doctors",0,0
2009,"4070005",2,"Nurses",1,2
2009,"4070005",3,"Allied medical workers",1,0
2009,"4070005",4,"Laboratory technicians",0,1
2009,"4070005",5,"Nursing assistants",3,0
2009,"4070005",6,"Support staff",2,0
2009,"4070005",7,"Midwives",1,0
2009,"4070005",8,"Dispenser/pharmacist",0,0
2009,"4070009",1,"Doctors",0,0
2009,"4070009",2,"Nurses",1,1
2009,"4070009",3,"Allied medical workers",1,0
2009,"4070009",4,"Laboratory technicians",0,4
2009,"4070009",5,"Nursing assistants",4,4
2009,"4070009",6,"Support staff",1,2
2009,"4070009",7,"Midwives",0,1
2009,"4070009",8,"Dispenser/pharmacist",0,0
2009,"4080002",1,"Doctors",0,1
2009,"4080002",2,"Nurses",1,2
2009,"4080002",3,"Allied medical workers",3,0
2009,"4080002",4,"Laboratory technicians",1,1
2009,"4080002",5,"Nursing assistants",9,2
2009,"4080002",6,"Support staff",4,0
2009,"4080002",7,"Midwives",1,1
2009,"4080002",8,"Dispenser/pharmacist",0,1
2009,"4080004",1,"Doctors",0,2
2009,"4080004",2,"Nurses",2,4
2009,"4080004",3,"Allied medical workers",2,8
2009,"4080004",4,"Laboratory technicians",0,2
2009,"4080004",5,"Nursing assistants",5,0
2009,"4080004",6,"Support staff",10,0
2009,"4080004",7,"Midwives",1,3
2009,"4080004",8,"Dispenser/pharmacist",0,1
2009,"4090005",1,"Doctors",3,0
2009,"4090005",2,"Nurses",4,0
2009,"4090005",3,"Allied medical workers",2,0
2009,"4090005",4,"Laboratory technicians",2,0
2009,"4090005",5,"Nursing assistants",4,0
2009,"4090005",6,"Support staff",10,0
2009,"4090005",7,"Midwives",8,0
2009,"4090005",8,"Dispenser/pharmacist",1,0
2009,"4090009",1,"Doctors",0,0
2009,"4090009",2,"Nurses",0,1
2009,"4090009",3,"Allied medical workers",1,1
2009,"4090009",4,"Laboratory technicians",0,0
2009,"4090009",5,"Nursing assistants",3,1
2009,"4090009",6,"Support staff",3,1
2009,"4090009",7,"Midwives",0,1
2009,"4090009",8,"Dispenser/pharmacist",0,0
2009,"4090011",1,"Doctors",0,0
2009,"4090011",2,"Nurses",2,1
2009,"4090011",3,"Allied medical workers",3,1
2009,"4090011",4,"Laboratory technicians",1,1
2009,"4090011",5,"Nursing assistants",4,0
2009,"4090011",6,"Support staff",3,1
2009,"4090011",7,"Midwives",1,1
2009,"4090011",8,"Dispenser/pharmacist",0,0
2009,"4100001",1,"Doctors",0,1
2009,"4100001",2,"Nurses",2,2
2009,"4100001",3,"Allied medical workers",2,16
2009,"4100001",4,"Laboratory technicians",1,1
2009,"4100001",5,"Nursing assistants",2,3
2009,"4100001",6,"Support staff",2,5
2009,"4100001",7,"Midwives",6,0
2009,"4100001",8,"Dispenser/pharmacist",0,1
2009,"4100005",1,"Doctors",0,0
2009,"4100005",2,"Nurses",2,0
2009,"4100005",3,"Allied medical workers",0,0
2009,"4100005",4,"Laboratory technicians",0,0
2009,"4100005",5,"Nursing assistants",1,1
2009,"4100005",6,"Support staff",0,3
2009,"4100005",7,"Midwives",0,1
2009,"4100005",8,"Dispenser/pharmacist",0,0
2009,"4100029",1,"Doctors",0,0
2009,"4100029",2,"Nurses",0,0
2009,"4100029",3,"Allied medical workers",0,0
2009,"4100029",4,"Laboratory technicians",0,0
2009,"4100029",5,"Nursing assistants",2,1
2009,"4100029",6,"Support staff",0,1
2009,"4100029",7,"Midwives",0,1
2009,"4100029",8,"Dispenser/pharmacist",0,0
2009,"4100038",1,"Doctors",0,0
2009,"4100038",2,"Nurses",2,1
2009,"4100038",3,"Allied medical workers",0,0
2009,"4100038",4,"Laboratory technicians",0,1
2009,"4100038",5,"Nursing assistants",0,3
2009,"4100038",6,"Support staff",1,2
2009,"4100038",7,"Midwives",1,1
2009,"4100038",8,"Dispenser/pharmacist",0,0
2009,"4110002",1,"Doctors",0,0
2009,"4110002",2,"Nurses",7,7
2009,"4110002",3,"Allied medical workers",3,3
2009,"4110002",4,"Laboratory technicians",1,1
2009,"4110002",5,"Nursing assistants",3,3
2009,"4110002",6,"Support staff",3,3
2009,"4110002",7,"Midwives",1,1
2009,"4110002",8,"Dispenser/pharmacist",0,0
2009,"4110004",1,"Doctors",0,0
2009,"4110004",2,"Nurses",1,1
2009,"4110004",3,"Allied medical workers",0,0
2009,"4110004",4,"Laboratory technicians",0,2
2009,"4110004",5,"Nursing assistants",3,0
2009,"4110004",6,"Support staff",4,0
2009,"4110004",7,"Midwives",0,0
2009,"4110004",8,"Dispenser/pharmacist",0,0
2009,"4110006",1,"Doctors",0,0
2009,"4110006",2,"Nurses",1,1
2009,"4110006",3,"Allied medical workers",0,0
2009,"4110006",4,"Laboratory technicians",0,1
2009,"4110006",5,"Nursing assistants",1,2
2009,"4110006",6,"Support staff",1,1
2009,"4110006",7,"Midwives",1,1
2009,"4110006",8,"Dispenser/pharmacist",0,0
2009,"4110007",1,"Doctors",1,1
2009,"4110007",2,"Nurses",5,6
2009,"4110007",3,"Allied medical workers",5,8
2009,"4110007",4,"Laboratory technicians",3,1
2009,"4110007",5,"Nursing assistants",4,2
2009,"4110007",6,"Support staff",7,1
2009,"4110007",7,"Midwives",4,0
2009,"4110007",8,"Dispenser/pharmacist",0,2
2009,"4110009",1,"Doctors",0,0
2009,"4110009",2,"Nurses",1,1
2009,"4110009",3,"Allied medical workers",0,0
2009,"4110009",4,"Laboratory technicians",0,0
2009,"4110009",5,"Nursing assistants",1,1
2009,"4110009",6,"Support staff",1,2
2009,"4110009",7,"Midwives",0,0
2009,"4110009",8,"Dispenser/pharmacist",0,0
2009,"4120005",1,"Doctors",0,0
2009,"4120005",2,"Nurses",1,1
2009,"4120005",3,"Allied medical workers",0,3
2009,"4120005",4,"Laboratory technicians",0,2
2009,"4120005",5,"Nursing assistants",2,3
2009,"4120005",6,"Support staff",0,2
2009,"4120005",7,"Midwives",1,2
2009,"4120005",8,"Dispenser/pharmacist",0,0
2009,"4130002",1,"Doctors",0,0
2009,"4130002",2,"Nurses",1,0
2009,"4130002",3,"Allied medical workers",0,1
2009,"4130002",4,"Laboratory technicians",0,0
2009,"4130002",5,"Nursing assistants",2,1
2009,"4130002",6,"Support staff",2,1
2009,"4130002",7,"Midwives",1,1
2009,"4130002",8,"Dispenser/pharmacist",0,0
2009,"4130003",1,"Doctors",0,0
2009,"4130003",2,"Nurses",0,0
2009,"4130003",3,"Allied medical workers",1,0
2009,"4130003",4,"Laboratory technicians",0,1
2009,"4130003",5,"Nursing assistants",2,0
2009,"4130003",6,"Support staff",3,0
2009,"4130003",7,"Midwives",1,0
2009,"4130003",8,"Dispenser/pharmacist",0,0
2009,"4130005",1,"Doctors",0,0
2009,"4130005",2,"Nurses",2,2
2009,"4130005",3,"Allied medical workers",1,1
2009,"4130005",4,"Laboratory technicians",1,0
2009,"4130005",5,"Nursing assistants",3,2
2009,"4130005",6,"Support staff",3,1
2009,"4130005",7,"Midwives",2,2
2009,"4130005",8,"Dispenser/pharmacist",0,0
2009,"4140001",1,"Doctors",0,2
2009,"4140001",2,"Nurses",8,8
2009,"4140001",3,"Allied medical workers",3,16
2009,"4140001",4,"Laboratory technicians",0,1
2009,"4140001",5,"Nursing assistants",2,3
2009,"4140001",6,"Support staff",3,8
2009,"4140001",7,"Midwives",4,4
2009,"4140001",8,"Dispenser/pharmacist",0,1
2009,"4140003",1,"Doctors",0,0
2009,"4140003",2,"Nurses",1,2
2009,"4140003",3,"Allied medical workers",0,6
2009,"4140003",4,"Laboratory technicians",0,1
2009,"4140003",5,"Nursing assistants",2,3
2009,"4140003",6,"Support staff",0,3
2009,"4140003",7,"Midwives",0,2
2009,"4140003",8,"Dispenser/pharmacist",0,0
2009,"4140005",1,"Doctors",0,0
2009,"4140005",2,"Nurses",2,2
2009,"4140005",3,"Allied medical workers",2,1
2009,"4140005",4,"Laboratory technicians",1,0
2009,"4140005",5,"Nursing assistants",2,1
2009,"4140005",6,"Support staff",1,1
2009,"4140005",7,"Midwives",3,3
2009,"4140005",8,"Dispenser/pharmacist",0,0
2009,"4150002",1,"Doctors",2,1
2009,"4150002",2,"Nurses",7,7
2009,"4150002",3,"Allied medical workers",4,3
2009,"4150002",4,"Laboratory technicians",1,1
2009,"4150002",5,"Nursing assistants",3,3
2009,"4150002",6,"Support staff",5,2
2009,"4150002",7,"Midwives",4,1
2009,"4150002",8,"Dispenser/pharmacist",0,1
2009,"4150004",1,"Doctors",0,1
2009,"4150004",2,"Nurses",2,2
2009,"4150004",3,"Allied medical workers",0,1
2009,"4150004",4,"Laboratory technicians",0,1
2009,"4150004",5,"Nursing assistants",1,3
2009,"4150004",6,"Support staff",3,0
2009,"4150004",7,"Midwives",2,1
2009,"4150004",8,"Dispenser/pharmacist",0,0
2009,"4150006",1,"Doctors",0,0
2009,"4150006",2,"Nurses",1,1
2009,"4150006",3,"Allied medical workers",0,1
2009,"4150006",4,"Laboratory technicians",0,0
2009,"4150006",5,"Nursing assistants",1,1
2009,"4150006",6,"Support staff",3,0
2009,"4150006",7,"Midwives",0,1
2009,"4150006",8,"Dispenser/pharmacist",0,0
2009,"4150007",1,"Doctors",0,1
2009,"4150007",2,"Nurses",1,2
2009,"4150007",3,"Allied medical workers",1,1
2009,"4150007",4,"Laboratory technicians",1,1
2009,"4150007",5,"Nursing assistants",3,1
2009,"4150007",6,"Support staff",5,2
2009,"4150007",7,"Midwives",1,2
2009,"4150007",8,"Dispenser/pharmacist",0,0
2009,"4150009",1,"Doctors",0,0
2009,"4150009",2,"Nurses",1,1
2009,"4150009",3,"Allied medical workers",1,1
2009,"4150009",4,"Laboratory technicians",1,1
2009,"4150009",5,"Nursing assistants",1,1
2009,"4150009",6,"Support staff",2,2
2009,"4150009",7,"Midwives",1,1
2009,"4150009",8,"Dispenser/pharmacist",0,0
2009,"4160007",1,"Doctors",0,0
2009,"4160007",2,"Nurses",1,0
2009,"4160007",3,"Allied medical workers",0,1
2009,"4160007",4,"Laboratory technicians",0,1
2009,"4160007",5,"Nursing assistants",2,0
2009,"4160007",6,"Support staff",3,1
2009,"4160007",7,"Midwives",0,1
2009,"4160007",8,"Dispenser/pharmacist",0,0
2009,"4170008",1,"Doctors",0,0
2009,"4170008",2,"Nurses",3,1
2009,"4170008",3,"Allied medical workers",0,0
2009,"4170008",4,"Laboratory technicians",1,1
2009,"4170008",5,"Nursing assistants",3,0
2009,"4170008",6,"Support staff",1,0
2009,"4170008",7,"Midwives",1,2
2009,"4170008",8,"Dispenser/pharmacist",0,0
2009,"4170014",1,"Doctors",0,0
2009,"4170014",2,"Nurses",1,1
2009,"4170014",3,"Allied medical workers",0,6
2009,"4170014",4,"Laboratory technicians",0,1
2009,"4170014",5,"Nursing assistants",1,3
2009,"4170014",6,"Support staff",1,1
2009,"4170014",7,"Midwives",0,0
2009,"4170014",8,"Dispenser/pharmacist",0,0
2009,"4170017",1,"Doctors",0,0
2009,"4170017",2,"Nurses",0,4
2009,"4170017",3,"Allied medical workers",0,8
2009,"4170017",4,"Laboratory technicians",0,2
2009,"4170017",5,"Nursing assistants",1,8
2009,"4170017",6,"Support staff",0,2
2009,"4170017",7,"Midwives",0,2
2009,"4170017",8,"Dispenser/pharmacist",0,0
2009,"4180011",1,"Doctors",0,0
2009,"4180011",2,"Nurses",1,1
2009,"4180011",3,"Allied medical workers",0,0
2009,"4180011",4,"Laboratory technicians",0,0
2009,"4180011",5,"Nursing assistants",1,1
2009,"4180011",6,"Support staff",1,2
2009,"4180011",7,"Midwives",0,1
2009,"4180011",8,"Dispenser/pharmacist",0,0
2009,"4180020",1,"Doctors",0,0
2009,"4180020",2,"Nurses",0,1
2009,"4180020",3,"Allied medical workers",0,0
2009,"4180020",4,"Laboratory technicians",0,1
2009,"4180020",5,"Nursing assistants",2,
2009,"4180020",6,"Support staff",2,0
2009,"4180020",7,"Midwives",0,0
2009,"4180020",8,"Dispenser/pharmacist",0,0
2009,"4180023",1,"Doctors",0,0
2009,"4180023",2,"Nurses",0,2
2009,"4180023",3,"Allied medical workers",1,0
2009,"4180023",4,"Laboratory technicians",1,0
2009,"4180023",5,"Nursing assistants",0,0
2009,"4180023",6,"Support staff",2,2
2009,"4180023",7,"Midwives",2,2
2009,"4180023",8,"Dispenser/pharmacist",0,1
2009,"4190032",1,"Doctors",0,0
2009,"4190032",2,"Nurses",1,4
2009,"4190032",3,"Allied medical workers",0,8
2009,"4190032",4,"Laboratory technicians",0,2
2009,"4190032",5,"Nursing assistants",1,5
2009,"4190032",6,"Support staff",1,4
2009,"4190032",7,"Midwives",1,4
2009,"4190032",8,"Dispenser/pharmacist",0,0
2009,"4190035",1,"Doctors",0,0
2009,"4190035",2,"Nurses",1,2
2009,"4190035",3,"Allied medical workers",1,2
2009,"4190035",4,"Laboratory technicians",0,2
2009,"4190035",5,"Nursing assistants",1,1
2009,"4190035",6,"Support staff",1,2
2009,"4190035",7,"Midwives",1,1
2009,"4190035",8,"Dispenser/pharmacist",0,0
