"year","comcod","c5csn","c5c","c5cq18","c5cq19","c5cq20"
2009,"1020001",1,"Trunk roads (Tarmac)",,,
2009,"1020001",2,"Trunk roads (Murram)",,,
2009,"1020001",3,"Feeder roads",,,
2009,"1020001",4,"Community roads",1010000000,1010000000,1
2009,"1020001",5,"Bridges/culvert crossing",,,
2009,"1020002",1,"Trunk roads (Tarmac)",,,
2009,"1020002",2,"Trunk roads (Murram)",,,
2009,"1020002",3,"Feeder roads",,,
2009,"1020002",4,"Community roads",,,
2009,"1020002",5,"Bridges/culvert crossing",1010000000,1010000000,1
2009,"1020003",1,"Trunk roads (Tarmac)",,,
2009,"1020003",2,"Trunk roads (Murram)",,,
2009,"1020003",3,"Feeder roads",,,
2009,"1020003",4,"Community roads",1010000000,1010000000,1
2009,"1020003",5,"Bridges/culvert crossing",,,
2009,"1020004",1,"Trunk roads (Tarmac)",0,,2
2009,"1020004",2,"Trunk roads (Murram)",,,2
2009,"1020004",3,"Feeder roads",50000000,7500000,2
2009,"1020004",4,"Community roads",50000000,7500000,2
2009,"1020004",5,"Bridges/culvert crossing",20000000,5000000,2
2009,"1020006",1,"Trunk roads (Tarmac)",0,0,2
2009,"1020006",2,"Trunk roads (Murram)",,,
2009,"1020006",3,"Feeder roads",50000000,7500000,2
2009,"1020006",4,"Community roads",50000000,7500000,2
2009,"1020006",5,"Bridges/culvert crossing",20000000,5000000,2
2009,"1020007",1,"Trunk roads (Tarmac)",0,,
2009,"1020007",2,"Trunk roads (Murram)",,,
2009,"1020007",3,"Feeder roads",100000000,15000000,2
2009,"1020007",4,"Community roads",,,
2009,"1020007",5,"Bridges/culvert crossing",20000000,50000000,2
2009,"1020008",1,"Trunk roads (Tarmac)",0,,
2009,"1020008",2,"Trunk roads (Murram)",,,
2009,"1020008",3,"Feeder roads",50000000,7500000,2
2009,"1020008",4,"Community roads",50000000,7500000,2
2009,"1020008",5,"Bridges/culvert crossing",20000000,500000,2
2009,"1020010",1,"Trunk roads (Tarmac)",,,
2009,"1020010",2,"Trunk roads (Murram)",,,
2009,"1020010",3,"Feeder roads",50000000,7500000,2
2009,"1020010",4,"Community roads",50000000,7500000,2
2009,"1020010",5,"Bridges/culvert crossing",20000000,2000000,2
2009,"1020012",1,"Trunk roads (Tarmac)",,,
2009,"1020012",2,"Trunk roads (Murram)",,,
2009,"1020012",3,"Feeder roads",,,
2009,"1020012",4,"Community roads",2000000000,10000000,1
2009,"1020012",5,"Bridges/culvert crossing",100000000,0,
2009,"1020013",1,"Trunk roads (Tarmac)",,,
2009,"1020013",2,"Trunk roads (Murram)",,,
2009,"1020013",3,"Feeder roads",,,
2009,"1020013",4,"Community roads",,,
2009,"1020013",5,"Bridges/culvert crossing",,,
2009,"1020018",1,"Trunk roads (Tarmac)",,,
2009,"1020018",2,"Trunk roads (Murram)",,,
2009,"1020018",3,"Feeder roads",,,
2009,"1020018",4,"Community roads",2000000000,10000000,1
2009,"1020018",5,"Bridges/culvert crossing",100000000,0,2
2009,"1020019",1,"Trunk roads (Tarmac)",,,
2009,"1020019",2,"Trunk roads (Murram)",,,
2009,"1020019",3,"Feeder roads",,,
2009,"1020019",4,"Community roads",2000000000,10000000,1
2009,"1020019",5,"Bridges/culvert crossing",100000000,0,
2009,"1020020",1,"Trunk roads (Tarmac)",,,
2009,"1020020",2,"Trunk roads (Murram)",,,
2009,"1020020",3,"Feeder roads",,,
2009,"1020020",4,"Community roads",,,
2009,"1020020",5,"Bridges/culvert crossing",,,
2009,"1020021",1,"Trunk roads (Tarmac)",,,
2009,"1020021",2,"Trunk roads (Murram)",,,
2009,"1020021",3,"Feeder roads",,,
2009,"1020021",4,"Community roads",,,
2009,"1020021",5,"Bridges/culvert crossing",,,
2009,"1030003",1,"Trunk roads (Tarmac)",,,
2009,"1030003",2,"Trunk roads (Murram)",,,
2009,"1030003",3,"Feeder roads",0,,
2009,"1030003",4,"Community roads",0,,
2009,"1030003",5,"Bridges/culvert crossing",0,,
2009,"1030005",1,"Trunk roads (Tarmac)",,,
2009,"1030005",2,"Trunk roads (Murram)",0,0,
2009,"1030005",3,"Feeder roads",0,0,
2009,"1030005",4,"Community roads",,,
2009,"1030005",5,"Bridges/culvert crossing",0,0,
2009,"1040002",1,"Trunk roads (Tarmac)",,,
2009,"1040002",2,"Trunk roads (Murram)",,,
2009,"1040002",3,"Feeder roads",,,
2009,"1040002",4,"Community roads",15000000,8000000,2
2009,"1040002",5,"Bridges/culvert crossing",,,2
2009,"1040004",1,"Trunk roads (Tarmac)",,,
2009,"1040004",2,"Trunk roads (Murram)",,,
2009,"1040004",3,"Feeder roads",,,
2009,"1040004",4,"Community roads",2000000,15000000,2
2009,"1040004",5,"Bridges/culvert crossing",8000000,5000000,2
2009,"1040006",1,"Trunk roads (Tarmac)",,,
2009,"1040006",2,"Trunk roads (Murram)",,,
2009,"1040006",3,"Feeder roads",,,
2009,"1040006",4,"Community roads",,,
2009,"1040006",5,"Bridges/culvert crossing",,,
2009,"1040008",1,"Trunk roads (Tarmac)",,,
2009,"1040008",2,"Trunk roads (Murram)",,,
2009,"1040008",3,"Feeder roads",,,
2009,"1040008",4,"Community roads",30000000,24600000,2
2009,"1040008",5,"Bridges/culvert crossing",2600000,2600000,2
2009,"1050001",1,"Trunk roads (Tarmac)",,,
2009,"1050001",2,"Trunk roads (Murram)",,,
2009,"1050001",3,"Feeder roads",,,
2009,"1050001",4,"Community roads",5000000,5000000,1
2009,"1050001",5,"Bridges/culvert crossing",3600000,3600000,1
2009,"1050004",1,"Trunk roads (Tarmac)",,,
2009,"1050004",2,"Trunk roads (Murram)",,,
2009,"1050004",3,"Feeder roads",10000000,6000000,2
2009,"1050004",4,"Community roads",15000000,15000000,2
2009,"1050004",5,"Bridges/culvert crossing",,1400000,2
2009,"1050008",1,"Trunk roads (Tarmac)",,,
2009,"1050008",2,"Trunk roads (Murram)",,,
2009,"1050008",3,"Feeder roads",,,
2009,"1050008",4,"Community roads",20000000,0,
2009,"1050008",5,"Bridges/culvert crossing",15000000,,
2009,"1050012",1,"Trunk roads (Tarmac)",,,
2009,"1050012",2,"Trunk roads (Murram)",,,
2009,"1050012",3,"Feeder roads",,,
2009,"1050012",4,"Community roads",5000000,5000000,2
2009,"1050012",5,"Bridges/culvert crossing",5000000,0,2
2009,"1050015",1,"Trunk roads (Tarmac)",,,
2009,"1050015",2,"Trunk roads (Murram)",,,
2009,"1050015",3,"Feeder roads",,,
2009,"1050015",4,"Community roads",7990148,7990148,2
2009,"1050015",5,"Bridges/culvert crossing",1700000,1700000,2
2009,"1050023",1,"Trunk roads (Tarmac)",,,
2009,"1050023",2,"Trunk roads (Murram)",,,
2009,"1050023",3,"Feeder roads",,,
2009,"1050023",4,"Community roads",8000000,4000000,2
2009,"1050023",5,"Bridges/culvert crossing",2000000,1000000,2
2009,"1050026",1,"Trunk roads (Tarmac)",,,
2009,"1050026",2,"Trunk roads (Murram)",,,
2009,"1050026",3,"Feeder roads",,,
2009,"1050026",4,"Community roads",1500000,500000,2
2009,"1050026",5,"Bridges/culvert crossing",,,
2009,"1050030",1,"Trunk roads (Tarmac)",,,
2009,"1050030",2,"Trunk roads (Murram)",,,
2009,"1050030",3,"Feeder roads",,,
2009,"1050030",4,"Community roads",18000000,18000000,2
2009,"1050030",5,"Bridges/culvert crossing",2500000,1800000,2
2009,"1050033",1,"Trunk roads (Tarmac)",,,
2009,"1050033",2,"Trunk roads (Murram)",,,
2009,"1050033",3,"Feeder roads",,,
2009,"1050033",4,"Community roads",30000000,10000000,2
2009,"1050033",5,"Bridges/culvert crossing",2000000,2000000,2
2009,"1060003",1,"Trunk roads (Tarmac)",,,
2009,"1060003",2,"Trunk roads (Murram)",,,
2009,"1060003",3,"Feeder roads",,,
2009,"1060003",4,"Community roads",20000000,20000000,2
2009,"1060003",5,"Bridges/culvert crossing",9000000,8900000,2
2009,"1060005",1,"Trunk roads (Tarmac)",,,
2009,"1060005",2,"Trunk roads (Murram)",,,
2009,"1060005",3,"Feeder roads",,,
2009,"1060005",4,"Community roads",8900000,8900000,2
2009,"1060005",5,"Bridges/culvert crossing",,,
2009,"1060007",1,"Trunk roads (Tarmac)",,,
2009,"1060007",2,"Trunk roads (Murram)",,,
2009,"1060007",3,"Feeder roads",,,
2009,"1060007",4,"Community roads",16000000,16000000,2
2009,"1060007",5,"Bridges/culvert crossing",5000000,5000000,2
2009,"1060009",1,"Trunk roads (Tarmac)",,,
2009,"1060009",2,"Trunk roads (Murram)",,,
2009,"1060009",3,"Feeder roads",200000000,200000000,2
2009,"1060009",4,"Community roads",48000000,48000000,2
2009,"1060009",5,"Bridges/culvert crossing",82000000,82000000,2
2009,"1070001",1,"Trunk roads (Tarmac)",77000000,30000000,2
2009,"1070001",2,"Trunk roads (Murram)",,12000000,2
2009,"1070001",3,"Feeder roads",,0,2
2009,"1070001",4,"Community roads",,5000000,2
2009,"1070001",5,"Bridges/culvert crossing",,6000000,2
2009,"1070002",1,"Trunk roads (Tarmac)",,,
2009,"1070002",2,"Trunk roads (Murram)",0,2000000,
2009,"1070002",3,"Feeder roads",,,
2009,"1070002",4,"Community roads",60000000,51542000,2
2009,"1070002",5,"Bridges/culvert crossing",0,3600000,
2009,"1070008",1,"Trunk roads (Tarmac)",,,
2009,"1070008",2,"Trunk roads (Murram)",,,
2009,"1070008",3,"Feeder roads",200000000,450000,2
2009,"1070008",4,"Community roads",18640000,7900000,1
2009,"1070008",5,"Bridges/culvert crossing",10000000,2500000,1
2009,"1070016",1,"Trunk roads (Tarmac)",,,
2009,"1070016",2,"Trunk roads (Murram)",,,
2009,"1070016",3,"Feeder roads",,,
2009,"1070016",4,"Community roads",40000000,6500000,2
2009,"1070016",5,"Bridges/culvert crossing",15000000,0,2
2009,"1070020",1,"Trunk roads (Tarmac)",,,
2009,"1070020",2,"Trunk roads (Murram)",,,
2009,"1070020",3,"Feeder roads",,,
2009,"1070020",4,"Community roads",49000000,49000000,2
2009,"1070020",5,"Bridges/culvert crossing",4000000,4000000,2
2009,"1070023",1,"Trunk roads (Tarmac)",,,
2009,"1070023",2,"Trunk roads (Murram)",,,
2009,"1070023",3,"Feeder roads",,,
2009,"1070023",4,"Community roads",5000000,0,2
2009,"1070023",5,"Bridges/culvert crossing",4000000,4000000,2
2009,"1080002",1,"Trunk roads (Tarmac)",,,
2009,"1080002",2,"Trunk roads (Murram)",,,
2009,"1080002",3,"Feeder roads",24000000,50000000,2
2009,"1080002",4,"Community roads",5000000,8000000,2
2009,"1080002",5,"Bridges/culvert crossing",980000,1500000,1
2009,"1080003",1,"Trunk roads (Tarmac)",,,
2009,"1080003",2,"Trunk roads (Murram)",,,
2009,"1080003",3,"Feeder roads",,,
2009,"1080003",4,"Community roads",,,
2009,"1080003",5,"Bridges/culvert crossing",,,
2009,"1080006",1,"Trunk roads (Tarmac)",,,
2009,"1080006",2,"Trunk roads (Murram)",,,
2009,"1080006",3,"Feeder roads",,,
2009,"1080006",4,"Community roads",27930000,27930000,1
2009,"1080006",5,"Bridges/culvert crossing",7300000,7300000,1
2009,"1080009",1,"Trunk roads (Tarmac)",,,
2009,"1080009",2,"Trunk roads (Murram)",,,
2009,"1080009",3,"Feeder roads",,,
2009,"1080009",4,"Community roads",,,
2009,"1080009",5,"Bridges/culvert crossing",269,787,2
2009,"1080013",1,"Trunk roads (Tarmac)",,,
2009,"1080013",2,"Trunk roads (Murram)",,,
2009,"1080013",3,"Feeder roads",,,
2009,"1080013",4,"Community roads",34677269,15454787,2
2009,"1080013",5,"Bridges/culvert crossing",22190000,20000000,2
2009,"1080020",1,"Trunk roads (Tarmac)",,,
2009,"1080020",2,"Trunk roads (Murram)",,,
2009,"1080020",3,"Feeder roads",,,
2009,"1080020",4,"Community roads",12000000,8000000,2
2009,"1080020",5,"Bridges/culvert crossing",4000000,3000000,2
2009,"1080023",1,"Trunk roads (Tarmac)",,,
2009,"1080023",2,"Trunk roads (Murram)",,,
2009,"1080023",3,"Feeder roads",,,
2009,"1080023",4,"Community roads",6000000,4478600,1
2009,"1080023",5,"Bridges/culvert crossing",1400000,1400000,1
2009,"1080033",1,"Trunk roads (Tarmac)",,,
2009,"1080033",2,"Trunk roads (Murram)",,,
2009,"1080033",3,"Feeder roads",,,
2009,"1080033",4,"Community roads",,,
2009,"1080033",5,"Bridges/culvert crossing",,,
2009,"1090004",1,"Trunk roads (Tarmac)",,,
2009,"1090004",2,"Trunk roads (Murram)",,,
2009,"1090004",3,"Feeder roads",,,
2009,"1090004",4,"Community roads",14000000,19000000,2
2009,"1090004",5,"Bridges/culvert crossing",6000000,6000000,2
2009,"1100001",1,"Trunk roads (Tarmac)",100000000,40000000,1
2009,"1100001",2,"Trunk roads (Murram)",,,
2009,"1100001",3,"Feeder roads",12000000,30000000,1
2009,"1100001",4,"Community roads",25000000,12000000,1
2009,"1100001",5,"Bridges/culvert crossing",9000000,9000000,1
2009,"1100005",1,"Trunk roads (Tarmac)",,,
2009,"1100005",2,"Trunk roads (Murram)",,,
2009,"1100005",3,"Feeder roads",,,
2009,"1100005",4,"Community roads",30000000,30000000,1
2009,"1100005",5,"Bridges/culvert crossing",3000000,3000000,1
2009,"1100012",1,"Trunk roads (Tarmac)",,,
2009,"1100012",2,"Trunk roads (Murram)",,,
2009,"1100012",3,"Feeder roads",33000000,26000000,
2009,"1100012",4,"Community roads",,,2
2009,"1100012",5,"Bridges/culvert crossing",2700000,1200000,2
2009,"1110001",1,"Trunk roads (Tarmac)",,,
2009,"1110001",2,"Trunk roads (Murram)",373000000,,2
2009,"1110001",3,"Feeder roads",,,
2009,"1110001",4,"Community roads",,,
2009,"1110001",5,"Bridges/culvert crossing",,,
2009,"1110003",1,"Trunk roads (Tarmac)",,,
2009,"1110003",2,"Trunk roads (Murram)",,,
2009,"1110003",3,"Feeder roads",800000,400000,2
2009,"1110003",4,"Community roads",0,0,
2009,"1110003",5,"Bridges/culvert crossing",1500000,1500000,1
2009,"1110005",1,"Trunk roads (Tarmac)",,,
2009,"1110005",2,"Trunk roads (Murram)",,,
2009,"1110005",3,"Feeder roads",28000000,28000000,
2009,"1110005",4,"Community roads",,,1
2009,"1110005",5,"Bridges/culvert crossing",7000000,7000000,1
2009,"1120001",1,"Trunk roads (Tarmac)",160000000,,2
2009,"1120001",2,"Trunk roads (Murram)",1400000,,2
2009,"1120001",3,"Feeder roads",,,
2009,"1120001",4,"Community roads",,,
2009,"1120001",5,"Bridges/culvert crossing",,,
2009,"1120003",1,"Trunk roads (Tarmac)",,,
2009,"1120003",2,"Trunk roads (Murram)",,,
2009,"1120003",3,"Feeder roads",,,
2009,"1120003",4,"Community roads",43000000,38250240,2
2009,"1120003",5,"Bridges/culvert crossing",,,2
2009,"1120006",1,"Trunk roads (Tarmac)",160000000,,2
2009,"1120006",2,"Trunk roads (Murram)",1400000,,2
2009,"1120006",3,"Feeder roads",,,
2009,"1120006",4,"Community roads",,,
2009,"1120006",5,"Bridges/culvert crossing",,,
2009,"1130003",1,"Trunk roads (Tarmac)",,,
2009,"1130003",2,"Trunk roads (Murram)",,,
2009,"1130003",3,"Feeder roads",33196476,33196476,2
2009,"1130003",4,"Community roads",54000000,24000000,2
2009,"1130003",5,"Bridges/culvert crossing",20000000,9000000,2
2009,"1130008",1,"Trunk roads (Tarmac)",,,
2009,"1130008",2,"Trunk roads (Murram)",,,
2009,"1130008",3,"Feeder roads",,,
2009,"1130008",4,"Community roads",10000000,9000000,2
2009,"1130008",5,"Bridges/culvert crossing",0,0,
2009,"1130010",1,"Trunk roads (Tarmac)",,,
2009,"1130010",2,"Trunk roads (Murram)",,,
2009,"1130010",3,"Feeder roads",,,
2009,"1130010",4,"Community roads",10000000,10000000,1
2009,"1130010",5,"Bridges/culvert crossing",1080000,1080000,1
2009,"1130012",1,"Trunk roads (Tarmac)",,,
2009,"1130012",2,"Trunk roads (Murram)",,,
2009,"1130012",3,"Feeder roads",,,
2009,"1130012",4,"Community roads",30000000,2600000,2
2009,"1130012",5,"Bridges/culvert crossing",0,0,
2009,"1130016",1,"Trunk roads (Tarmac)",,,
2009,"1130016",2,"Trunk roads (Murram)",,,
2009,"1130016",3,"Feeder roads",,127000000,1
2009,"1130016",4,"Community roads",100000000,35000000,2
2009,"1130016",5,"Bridges/culvert crossing",6300000,6300000,2
2009,"1130019",1,"Trunk roads (Tarmac)",,,
2009,"1130019",2,"Trunk roads (Murram)",,,
2009,"1130019",3,"Feeder roads",140000000,600000000,2
2009,"1130019",4,"Community roads",,,
2009,"1130019",5,"Bridges/culvert crossing",55000000,50000000,2
2009,"1130021",1,"Trunk roads (Tarmac)",,,
2009,"1130021",2,"Trunk roads (Murram)",,,
2009,"1130021",3,"Feeder roads",,,
2009,"1130021",4,"Community roads",49350000,49350000,2
2009,"1130021",5,"Bridges/culvert crossing",1800000,1800000,2
2009,"1130023",1,"Trunk roads (Tarmac)",,,
2009,"1130023",2,"Trunk roads (Murram)",,,
2009,"1130023",3,"Feeder roads",,,
2009,"1130023",4,"Community roads",50000000,50000000,1
2009,"1130023",5,"Bridges/culvert crossing",8000000,8000000,1
2009,"1140003",1,"Trunk roads (Tarmac)",,,
2009,"1140003",2,"Trunk roads (Murram)",,,
2009,"1140003",3,"Feeder roads",30000000,30000000,1
2009,"1140003",4,"Community roads",15000000,0,2
2009,"1140003",5,"Bridges/culvert crossing",,,
2009,"1150031",1,"Trunk roads (Tarmac)",,,
2009,"1150031",2,"Trunk roads (Murram)",,,
2009,"1150031",3,"Feeder roads",,,
2009,"1150031",4,"Community roads",16000000,16000000,1
2009,"1150031",5,"Bridges/culvert crossing",3500000,3500000,1
2009,"1160011",1,"Trunk roads (Tarmac)",,,
2009,"1160011",2,"Trunk roads (Murram)",,,
2009,"1160011",3,"Feeder roads",,,
2009,"1160011",4,"Community roads",,,2
2009,"1160011",5,"Bridges/culvert crossing",0,0,2
2009,"2010006",1,"Trunk roads (Tarmac)",,,
2009,"2010006",2,"Trunk roads (Murram)",,,
2009,"2010006",3,"Feeder roads",9000000,19000000,1
2009,"2010006",4,"Community roads",19000000,19000000,1
2009,"2010006",5,"Bridges/culvert crossing",3000000,3000000,1
2009,"2020001",1,"Trunk roads (Tarmac)",,,
2009,"2020001",2,"Trunk roads (Murram)",,,
2009,"2020001",3,"Feeder roads",30000000,20000000,1
2009,"2020001",4,"Community roads",,,
2009,"2020001",5,"Bridges/culvert crossing",1500000,1500000,1
2009,"2020005",1,"Trunk roads (Tarmac)",,,
2009,"2020005",2,"Trunk roads (Murram)",,,1
2009,"2020005",3,"Feeder roads",,,1
2009,"2020005",4,"Community roads",700000,250000,1
2009,"2020005",5,"Bridges/culvert crossing",,,1
2009,"2020007",1,"Trunk roads (Tarmac)",,,
2009,"2020007",2,"Trunk roads (Murram)",,,
2009,"2020007",3,"Feeder roads",,,
2009,"2020007",4,"Community roads",,,
2009,"2020007",5,"Bridges/culvert crossing",,,
2009,"2030023",1,"Trunk roads (Tarmac)",,,
2009,"2030023",2,"Trunk roads (Murram)",,,
2009,"2030023",3,"Feeder roads",,,
2009,"2030023",4,"Community roads",,,
2009,"2030023",5,"Bridges/culvert crossing",,,
2009,"2040002",1,"Trunk roads (Tarmac)",,,
2009,"2040002",2,"Trunk roads (Murram)",90000000,43000000,2
2009,"2040002",3,"Feeder roads",90000000,43000000,2
2009,"2040002",4,"Community roads",,,
2009,"2040002",5,"Bridges/culvert crossing",960000,960000,2
2009,"2040012",1,"Trunk roads (Tarmac)",,,
2009,"2040012",2,"Trunk roads (Murram)",,,
2009,"2040012",3,"Feeder roads",,,
2009,"2040012",4,"Community roads",,0,
2009,"2040012",5,"Bridges/culvert crossing",,,
2009,"2050013",1,"Trunk roads (Tarmac)",,,
2009,"2050013",2,"Trunk roads (Murram)",,,
2009,"2050013",3,"Feeder roads",,,
2009,"2050013",4,"Community roads",26000000,26000000,2
2009,"2050013",5,"Bridges/culvert crossing",,,
2009,"2070006",1,"Trunk roads (Tarmac)",,,
2009,"2070006",2,"Trunk roads (Murram)",,,
2009,"2070006",3,"Feeder roads",,,
2009,"2070006",4,"Community roads",0,,
2009,"2070006",5,"Bridges/culvert crossing",,,
2009,"2080001",1,"Trunk roads (Tarmac)",,,
2009,"2080001",2,"Trunk roads (Murram)",,,
2009,"2080001",3,"Feeder roads",,,
2009,"2080001",4,"Community roads",13000000,102000,2
2009,"2080001",5,"Bridges/culvert crossing",,,
2009,"2080005",1,"Trunk roads (Tarmac)",,,
2009,"2080005",2,"Trunk roads (Murram)",,,
2009,"2080005",3,"Feeder roads",,,
2009,"2080005",4,"Community roads",15000000,14000000,2
2009,"2080005",5,"Bridges/culvert crossing",,,
2009,"2080007",1,"Trunk roads (Tarmac)",,,
2009,"2080007",2,"Trunk roads (Murram)",,,
2009,"2080007",3,"Feeder roads",,,
2009,"2080007",4,"Community roads",35356493,23000000,2
2009,"2080007",5,"Bridges/culvert crossing",,,
2009,"2090003",1,"Trunk roads (Tarmac)",,,
2009,"2090003",2,"Trunk roads (Murram)",,,
2009,"2090003",3,"Feeder roads",43000000,15500000,2
2009,"2090003",4,"Community roads",60000000,4500000,1
2009,"2090003",5,"Bridges/culvert crossing",,,
2009,"2090033",1,"Trunk roads (Tarmac)",,,
2009,"2090033",2,"Trunk roads (Murram)",,,
2009,"2090033",3,"Feeder roads",,,2
2009,"2090033",4,"Community roads",,,
2009,"2090033",5,"Bridges/culvert crossing",,,2
2009,"2100002",1,"Trunk roads (Tarmac)",,,
2009,"2100002",2,"Trunk roads (Murram)",,,
2009,"2100002",3,"Feeder roads",211276929,176346241,2
2009,"2100002",4,"Community roads",30400000,26600000,
2009,"2100002",5,"Bridges/culvert crossing",494000,494000,2
2009,"2100004",1,"Trunk roads (Tarmac)",,,
2009,"2100004",2,"Trunk roads (Murram)",,,
2009,"2100004",3,"Feeder roads",,,
2009,"2100004",4,"Community roads",17000000,14000000,
2009,"2100004",5,"Bridges/culvert crossing",,,
2009,"2100006",1,"Trunk roads (Tarmac)",,,
2009,"2100006",2,"Trunk roads (Murram)",,,
2009,"2100006",3,"Feeder roads",,,
2009,"2100006",4,"Community roads",100000,8000000,1
2009,"2100006",5,"Bridges/culvert crossing",,,2
2009,"2100007",1,"Trunk roads (Tarmac)",,,
2009,"2100007",2,"Trunk roads (Murram)",,,
2009,"2100007",3,"Feeder roads",,,
2009,"2100007",4,"Community roads",,,
2009,"2100007",5,"Bridges/culvert crossing",,,
2009,"2110003",1,"Trunk roads (Tarmac)",,,
2009,"2110003",2,"Trunk roads (Murram)",,,
2009,"2110003",3,"Feeder roads",,,
2009,"2110003",4,"Community roads",860000,860000,2
2009,"2110003",5,"Bridges/culvert crossing",,,
2009,"2110004",1,"Trunk roads (Tarmac)",,,
2009,"2110004",2,"Trunk roads (Murram)",,,
2009,"2110004",3,"Feeder roads",,,
2009,"2110004",4,"Community roads",0,,1
2009,"2110004",5,"Bridges/culvert crossing",,,
2009,"2110007",1,"Trunk roads (Tarmac)",,,
2009,"2110007",2,"Trunk roads (Murram)",,,
2009,"2110007",3,"Feeder roads",,,
2009,"2110007",4,"Community roads",,0,2
2009,"2110007",5,"Bridges/culvert crossing",,,
2009,"2110009",1,"Trunk roads (Tarmac)",,,
2009,"2110009",2,"Trunk roads (Murram)",,,
2009,"2110009",3,"Feeder roads",,,
2009,"2110009",4,"Community roads",630000,6200000,1
2009,"2110009",5,"Bridges/culvert crossing",,,
2009,"2120003",1,"Trunk roads (Tarmac)",,,
2009,"2120003",2,"Trunk roads (Murram)",,,
2009,"2120003",3,"Feeder roads",,,2
2009,"2120003",4,"Community roads",,,
2009,"2120003",5,"Bridges/culvert crossing",,,2
2009,"2120008",1,"Trunk roads (Tarmac)",,,
2009,"2120008",2,"Trunk roads (Murram)",,,
2009,"2120008",3,"Feeder roads",,,1
2009,"2120008",4,"Community roads",102200000,10220000,1
2009,"2120008",5,"Bridges/culvert crossing",,,1
2009,"2120009",1,"Trunk roads (Tarmac)",,,
2009,"2120009",2,"Trunk roads (Murram)",,,
2009,"2120009",3,"Feeder roads",,,
2009,"2120009",4,"Community roads",0,0,
2009,"2120009",5,"Bridges/culvert crossing",0,0,
2009,"2120011",1,"Trunk roads (Tarmac)",,,
2009,"2120011",2,"Trunk roads (Murram)",,,1
2009,"2120011",3,"Feeder roads",,,1
2009,"2120011",4,"Community roads",,,1
2009,"2120011",5,"Bridges/culvert crossing",,,1
2009,"2120013",1,"Trunk roads (Tarmac)",,,
2009,"2120013",2,"Trunk roads (Murram)",,,
2009,"2120013",3,"Feeder roads",,,
2009,"2120013",4,"Community roads",200000,0,2
2009,"2120013",5,"Bridges/culvert crossing",0,0,
2009,"2150001",1,"Trunk roads (Tarmac)",,,
2009,"2150001",2,"Trunk roads (Murram)",,,
2009,"2150001",3,"Feeder roads",1188000,1188000,2
2009,"2150001",4,"Community roads",12000000,3200000,1
2009,"2150001",5,"Bridges/culvert crossing",13000000,12000000,1
2009,"2150002",1,"Trunk roads (Tarmac)",,,
2009,"2150002",2,"Trunk roads (Murram)",,,
2009,"2150002",3,"Feeder roads",3000000,2700000,2
2009,"2150002",4,"Community roads",,,
2009,"2150002",5,"Bridges/culvert crossing",12000000,7500000,1
2009,"2150004",1,"Trunk roads (Tarmac)",,,
2009,"2150004",2,"Trunk roads (Murram)",144000000,144000000,2
2009,"2150004",3,"Feeder roads",20000000,20000000,1
2009,"2150004",4,"Community roads",3000000,0,2
2009,"2150004",5,"Bridges/culvert crossing",5000000,5000000,1
2009,"2150006",1,"Trunk roads (Tarmac)",,,
2009,"2150006",2,"Trunk roads (Murram)",,,
2009,"2150006",3,"Feeder roads",,,2
2009,"2150006",4,"Community roads",,,2
2009,"2150006",5,"Bridges/culvert crossing",,,2
2009,"2160003",1,"Trunk roads (Tarmac)",,,
2009,"2160003",2,"Trunk roads (Murram)",,,
2009,"2160003",3,"Feeder roads",,,
2009,"2160003",4,"Community roads",17000000,12000000,2
2009,"2160003",5,"Bridges/culvert crossing",,,
2009,"2170009",1,"Trunk roads (Tarmac)",,,
2009,"2170009",2,"Trunk roads (Murram)",,,
2009,"2170009",3,"Feeder roads",24000000,30000000,2
2009,"2170009",4,"Community roads",,,
2009,"2170009",5,"Bridges/culvert crossing",,,
2009,"2180037",1,"Trunk roads (Tarmac)",,,
2009,"2180037",2,"Trunk roads (Murram)",,,2
2009,"2180037",3,"Feeder roads",160000000,,2
2009,"2180037",4,"Community roads",,,2
2009,"2180037",5,"Bridges/culvert crossing",,,2
2009,"2200001",1,"Trunk roads (Tarmac)",,,
2009,"2200001",2,"Trunk roads (Murram)",,,
2009,"2200001",3,"Feeder roads",,,
2009,"2200001",4,"Community roads",5000000,5,2
2009,"2200001",5,"Bridges/culvert crossing",,,
2009,"2230011",1,"Trunk roads (Tarmac)",,,
2009,"2230011",2,"Trunk roads (Murram)",,,
2009,"2230011",3,"Feeder roads",11000000,11000000,1
2009,"2230011",4,"Community roads",,,2
2009,"2230011",5,"Bridges/culvert crossing",,,1
2009,"2240013",1,"Trunk roads (Tarmac)",,,
2009,"2240013",2,"Trunk roads (Murram)",,,
2009,"2240013",3,"Feeder roads",,,
2009,"2240013",4,"Community roads",19958822,8698266,1
2009,"2240013",5,"Bridges/culvert crossing",,,
2009,"3010003",1,"Trunk roads (Tarmac)",,,
2009,"3010003",2,"Trunk roads (Murram)",0,,2
2009,"3010003",3,"Feeder roads",0,,2
2009,"3010003",4,"Community roads",0,,2
2009,"3010003",5,"Bridges/culvert crossing",0,,2
2009,"3020002",1,"Trunk roads (Tarmac)",2000000,0,
2009,"3020002",2,"Trunk roads (Murram)",,,
2009,"3020002",3,"Feeder roads",1500000,0,
2009,"3020002",4,"Community roads",5000000,0,
2009,"3020002",5,"Bridges/culvert crossing",1500000,0,
2009,"3020003",1,"Trunk roads (Tarmac)",,,
2009,"3020003",2,"Trunk roads (Murram)",,,
2009,"3020003",3,"Feeder roads",,,
2009,"3020003",4,"Community roads",0,0,
2009,"3020003",5,"Bridges/culvert crossing",0,0,
2009,"3020005",1,"Trunk roads (Tarmac)",,,
2009,"3020005",2,"Trunk roads (Murram)",,,
2009,"3020005",3,"Feeder roads",0,0,
2009,"3020005",4,"Community roads",0,0,
2009,"3020005",5,"Bridges/culvert crossing",0,0,
2009,"3020008",1,"Trunk roads (Tarmac)",,,
2009,"3020008",2,"Trunk roads (Murram)",,,
2009,"3020008",3,"Feeder roads",,,
2009,"3020008",4,"Community roads",,,
2009,"3020008",5,"Bridges/culvert crossing",,,
2009,"3020010",1,"Trunk roads (Tarmac)",,,
2009,"3020010",2,"Trunk roads (Murram)",,,
2009,"3020010",3,"Feeder roads",0,,
2009,"3020010",4,"Community roads",30000000,11,2
2009,"3020010",5,"Bridges/culvert crossing",8500000,1000000,2
2009,"3020013",1,"Trunk roads (Tarmac)",,,
2009,"3020013",2,"Trunk roads (Murram)",,,
2009,"3020013",3,"Feeder roads",,,
2009,"3020013",4,"Community roads",8024310,4500000,2
2009,"3020013",5,"Bridges/culvert crossing",1975000,0,
2009,"3020018",1,"Trunk roads (Tarmac)",0,0,
2009,"3020018",2,"Trunk roads (Murram)",0,0,
2009,"3020018",3,"Feeder roads",0,0,
2009,"3020018",4,"Community roads",54000000,18000000,2
2009,"3020018",5,"Bridges/culvert crossing",0,0,
2009,"3020035",1,"Trunk roads (Tarmac)",0,0,
2009,"3020035",2,"Trunk roads (Murram)",0,0,
2009,"3020035",3,"Feeder roads",0,0,
2009,"3020035",4,"Community roads",0,0,
2009,"3020035",5,"Bridges/culvert crossing",0,0,
2009,"3030002",1,"Trunk roads (Tarmac)",,,
2009,"3030002",2,"Trunk roads (Murram)",,,
2009,"3030002",3,"Feeder roads",21000000,21000000,1
2009,"3030002",4,"Community roads",3000000,2400000,1
2009,"3030002",5,"Bridges/culvert crossing",4000000,649000,2
2009,"3030006",1,"Trunk roads (Tarmac)",,,
2009,"3030006",2,"Trunk roads (Murram)",0,0,
2009,"3030006",3,"Feeder roads",0,0,
2009,"3030006",4,"Community roads",7900000,0,2
2009,"3030006",5,"Bridges/culvert crossing",0,0,
2009,"3030009",1,"Trunk roads (Tarmac)",,,
2009,"3030009",2,"Trunk roads (Murram)",0,0,2
2009,"3030009",3,"Feeder roads",0,0,2
2009,"3030009",4,"Community roads",0,0,2
2009,"3030009",5,"Bridges/culvert crossing",0,0,2
2009,"3030015",1,"Trunk roads (Tarmac)",0,,2
2009,"3030015",2,"Trunk roads (Murram)",0,,2
2009,"3030015",3,"Feeder roads",0,,2
2009,"3030015",4,"Community roads",0,,2
2009,"3030015",5,"Bridges/culvert crossing",0,,2
2009,"3030033",1,"Trunk roads (Tarmac)",,,
2009,"3030033",2,"Trunk roads (Murram)",0,0,2
2009,"3030033",3,"Feeder roads",0,0,2
2009,"3030033",4,"Community roads",0,0,2
2009,"3030033",5,"Bridges/culvert crossing",0,0,2
2009,"3040002",1,"Trunk roads (Tarmac)",300000000,64000000,1
2009,"3040002",2,"Trunk roads (Murram)",150000000,0,
2009,"3040002",3,"Feeder roads",200000000,46000000,1
2009,"3040002",4,"Community roads",,,
2009,"3040002",5,"Bridges/culvert crossing",20000000,10000000,1
2009,"3040007",1,"Trunk roads (Tarmac)",,,
2009,"3040007",2,"Trunk roads (Murram)",,,
2009,"3040007",3,"Feeder roads",10000000,5000000,1
2009,"3040007",4,"Community roads",,,
2009,"3040007",5,"Bridges/culvert crossing",24000000,0,1
2009,"3040009",1,"Trunk roads (Tarmac)",,,
2009,"3040009",2,"Trunk roads (Murram)",0,0,
2009,"3040009",3,"Feeder roads",0,0,
2009,"3040009",4,"Community roads",0,0,
2009,"3040009",5,"Bridges/culvert crossing",0,0,
2009,"3040014",1,"Trunk roads (Tarmac)",,0,
2009,"3040014",2,"Trunk roads (Murram)",,0,
2009,"3040014",3,"Feeder roads",,0,
2009,"3040014",4,"Community roads",,0,
2009,"3040014",5,"Bridges/culvert crossing",,0,
2009,"3050001",1,"Trunk roads (Tarmac)",,,
2009,"3050001",2,"Trunk roads (Murram)",500000000,0,2
2009,"3050001",3,"Feeder roads",25000000,25000000,1
2009,"3050001",4,"Community roads",,,
2009,"3050001",5,"Bridges/culvert crossing",20000000,20000000,1
2009,"3060006",1,"Trunk roads (Tarmac)",,,
2009,"3060006",2,"Trunk roads (Murram)",,,
2009,"3060006",3,"Feeder roads",,,
2009,"3060006",4,"Community roads",0,0,2
2009,"3060006",5,"Bridges/culvert crossing",,,
2009,"3060007",1,"Trunk roads (Tarmac)",,,
2009,"3060007",2,"Trunk roads (Murram)",,,
2009,"3060007",3,"Feeder roads",0,0,
2009,"3060007",4,"Community roads",,,
2009,"3060007",5,"Bridges/culvert crossing",,,
2009,"3070002",1,"Trunk roads (Tarmac)",0,0,
2009,"3070002",2,"Trunk roads (Murram)",0,0,
2009,"3070002",3,"Feeder roads",30000000,19000000,2
2009,"3070002",4,"Community roads",,,
2009,"3070002",5,"Bridges/culvert crossing",0,0,
2009,"3070005",1,"Trunk roads (Tarmac)",,0,
2009,"3070005",2,"Trunk roads (Murram)",,0,
2009,"3070005",3,"Feeder roads",7000000,0,
2009,"3070005",4,"Community roads",,0,
2009,"3070005",5,"Bridges/culvert crossing",6000000,6000000,1
2009,"3070007",1,"Trunk roads (Tarmac)",70000000,0,1
2009,"3070007",2,"Trunk roads (Murram)",12878075,0,1
2009,"3070007",3,"Feeder roads",6000000,0,1
2009,"3070007",4,"Community roads",,,
2009,"3070007",5,"Bridges/culvert crossing",5000000,0,1
2009,"3070012",1,"Trunk roads (Tarmac)",,0,
2009,"3070012",2,"Trunk roads (Murram)",,0,
2009,"3070012",3,"Feeder roads",,0,
2009,"3070012",4,"Community roads",40000000,10000000,1
2009,"3070012",5,"Bridges/culvert crossing",10000000,0,
2009,"3070017",1,"Trunk roads (Tarmac)",,,
2009,"3070017",2,"Trunk roads (Murram)",,0,
2009,"3070017",3,"Feeder roads",,0,
2009,"3070017",4,"Community roads",,0,
2009,"3070017",5,"Bridges/culvert crossing",9500000,0,
2009,"3070018",1,"Trunk roads (Tarmac)",,,
2009,"3070018",2,"Trunk roads (Murram)",0,0,
2009,"3070018",3,"Feeder roads",0,0,
2009,"3070018",4,"Community roads",0,0,
2009,"3070018",5,"Bridges/culvert crossing",9500000,2500000,2
2009,"3070020",1,"Trunk roads (Tarmac)",,,
2009,"3070020",2,"Trunk roads (Murram)",,,
2009,"3070020",3,"Feeder roads",,,
2009,"3070020",4,"Community roads",,,
2009,"3070020",5,"Bridges/culvert crossing",,,
2009,"3070022",1,"Trunk roads (Tarmac)",,,
2009,"3070022",2,"Trunk roads (Murram)",,,
2009,"3070022",3,"Feeder roads",,,
2009,"3070022",4,"Community roads",,,
2009,"3070022",5,"Bridges/culvert crossing",,,
2009,"3070023",1,"Trunk roads (Tarmac)",0,0,
2009,"3070023",2,"Trunk roads (Murram)",0,0,
2009,"3070023",3,"Feeder roads",0,0,
2009,"3070023",4,"Community roads",0,0,
2009,"3070023",5,"Bridges/culvert crossing",0,0,
2009,"3070025",1,"Trunk roads (Tarmac)",,0,
2009,"3070025",2,"Trunk roads (Murram)",,0,
2009,"3070025",3,"Feeder roads",,0,
2009,"3070025",4,"Community roads",40000000,10000000,1
2009,"3070025",5,"Bridges/culvert crossing",10000000,0,
2009,"3080002",1,"Trunk roads (Tarmac)",,,
2009,"3080002",2,"Trunk roads (Murram)",,,
2009,"3080002",3,"Feeder roads",,,
2009,"3080002",4,"Community roads",,,
2009,"3080002",5,"Bridges/culvert crossing",,,
2009,"3080004",1,"Trunk roads (Tarmac)",,,
2009,"3080004",2,"Trunk roads (Murram)",,,
2009,"3080004",3,"Feeder roads",,,
2009,"3080004",4,"Community roads",11000000,0,2
2009,"3080004",5,"Bridges/culvert crossing",,,
2009,"3090001",1,"Trunk roads (Tarmac)",,,
2009,"3090001",2,"Trunk roads (Murram)",0,,2
2009,"3090001",3,"Feeder roads",,,
2009,"3090001",4,"Community roads",16800000,8400000,2
2009,"3090001",5,"Bridges/culvert crossing",0,0,2
2009,"3090002",1,"Trunk roads (Tarmac)",,,
2009,"3090002",2,"Trunk roads (Murram)",0,0,
2009,"3090002",3,"Feeder roads",0,0,
2009,"3090002",4,"Community roads",0,0,
2009,"3090002",5,"Bridges/culvert crossing",0,0,
2009,"3100001",1,"Trunk roads (Tarmac)",51500000,38500000,2
2009,"3100001",2,"Trunk roads (Murram)",51500000,38500000,2
2009,"3100001",3,"Feeder roads",40000000,20000000,2
2009,"3100001",4,"Community roads",,,
2009,"3100001",5,"Bridges/culvert crossing",20000000,5000000,2
2009,"3100004",1,"Trunk roads (Tarmac)",,,1
2009,"3100004",2,"Trunk roads (Murram)",,,1
2009,"3100004",3,"Feeder roads",,,1
2009,"3100004",4,"Community roads",20940000,20940000,1
2009,"3100004",5,"Bridges/culvert crossing",,,1
2009,"3100006",1,"Trunk roads (Tarmac)",,,
2009,"3100006",2,"Trunk roads (Murram)",,,
2009,"3100006",3,"Feeder roads",,,
2009,"3100006",4,"Community roads",6713287,664892,2
2009,"3100006",5,"Bridges/culvert crossing",,,
2009,"3100007",1,"Trunk roads (Tarmac)",,,
2009,"3100007",2,"Trunk roads (Murram)",0,,2
2009,"3100007",3,"Feeder roads",0,,2
2009,"3100007",4,"Community roads",0,,2
2009,"3100007",5,"Bridges/culvert crossing",0,,2
2009,"3100008",1,"Trunk roads (Tarmac)",,,
2009,"3100008",2,"Trunk roads (Murram)",,,
2009,"3100008",3,"Feeder roads",0,0,
2009,"3100008",4,"Community roads",1500000,0,
2009,"3100008",5,"Bridges/culvert crossing",8000000,0,
2009,"3100009",1,"Trunk roads (Tarmac)",,,
2009,"3100009",2,"Trunk roads (Murram)",0,,
2009,"3100009",3,"Feeder roads",0,,
2009,"3100009",4,"Community roads",0,0,1
2009,"3100009",5,"Bridges/culvert crossing",0,0,
2009,"3100010",1,"Trunk roads (Tarmac)",,,
2009,"3100010",2,"Trunk roads (Murram)",,,
2009,"3100010",3,"Feeder roads",,,
2009,"3100010",4,"Community roads",32500000,22000000,2
2009,"3100010",5,"Bridges/culvert crossing",65,0,2
2009,"3100012",1,"Trunk roads (Tarmac)",0,0,
2009,"3100012",2,"Trunk roads (Murram)",0,0,
2009,"3100012",3,"Feeder roads",0,0,
2009,"3100012",4,"Community roads",7300000,0,2
2009,"3100012",5,"Bridges/culvert crossing",0,0,
2009,"3110001",1,"Trunk roads (Tarmac)",,,
2009,"3110001",2,"Trunk roads (Murram)",,,
2009,"3110001",3,"Feeder roads",,,
2009,"3110001",4,"Community roads",40000000,34000000,2
2009,"3110001",5,"Bridges/culvert crossing",,,
2009,"3110003",1,"Trunk roads (Tarmac)",,,
2009,"3110003",2,"Trunk roads (Murram)",,,
2009,"3110003",3,"Feeder roads",,,
2009,"3110003",4,"Community roads",0,0,
2009,"3110003",5,"Bridges/culvert crossing",,,
2009,"3130001",1,"Trunk roads (Tarmac)",,,
2009,"3130001",2,"Trunk roads (Murram)",0,,2
2009,"3130001",3,"Feeder roads",0,,2
2009,"3130001",4,"Community roads",0,0,2
2009,"3130001",5,"Bridges/culvert crossing",0,,2
2009,"3130002",1,"Trunk roads (Tarmac)",,,
2009,"3130002",2,"Trunk roads (Murram)",,,
2009,"3130002",3,"Feeder roads",,,
2009,"3130002",4,"Community roads",36000000,36000000,1
2009,"3130002",5,"Bridges/culvert crossing",,,
2009,"3130003",1,"Trunk roads (Tarmac)",0,0,
2009,"3130003",2,"Trunk roads (Murram)",0,0,
2009,"3130003",3,"Feeder roads",0,0,
2009,"3130003",4,"Community roads",36000000,36000000,1
2009,"3130003",5,"Bridges/culvert crossing",0,0,
2009,"3150016",1,"Trunk roads (Tarmac)",0,,
2009,"3150016",2,"Trunk roads (Murram)",0,,
2009,"3150016",3,"Feeder roads",0,,
2009,"3150016",4,"Community roads",240000000,0,
2009,"3150016",5,"Bridges/culvert crossing",0,0,
2009,"3160016",1,"Trunk roads (Tarmac)",,,
2009,"3160016",2,"Trunk roads (Murram)",999999,999999,
2009,"3160016",3,"Feeder roads",7000000,0,
2009,"3160016",4,"Community roads",5000000,0,
2009,"3160016",5,"Bridges/culvert crossing",5600000,0,
2009,"3170009",1,"Trunk roads (Tarmac)",,0,
2009,"3170009",2,"Trunk roads (Murram)",,0,
2009,"3170009",3,"Feeder roads",,0,
2009,"3170009",4,"Community roads",,0,
2009,"3170009",5,"Bridges/culvert crossing",,0,
2009,"3170010",1,"Trunk roads (Tarmac)",,,
2009,"3170010",2,"Trunk roads (Murram)",,,
2009,"3170010",3,"Feeder roads",,,
2009,"3170010",4,"Community roads",,,
2009,"3170010",5,"Bridges/culvert crossing",,,
2009,"3170011",1,"Trunk roads (Tarmac)",,,
2009,"3170011",2,"Trunk roads (Murram)",0,0,
2009,"3170011",3,"Feeder roads",0,0,
2009,"3170011",4,"Community roads",0,0,
2009,"3170011",5,"Bridges/culvert crossing",1800000,1800000,1
2009,"3180001",1,"Trunk roads (Tarmac)",,,
2009,"3180001",2,"Trunk roads (Murram)",,,
2009,"3180001",3,"Feeder roads",,,
2009,"3180001",4,"Community roads",90000000,5800000,2
2009,"3180001",5,"Bridges/culvert crossing",,,
2009,"3180002",1,"Trunk roads (Tarmac)",,,
2009,"3180002",2,"Trunk roads (Murram)",,,
2009,"3180002",3,"Feeder roads",,,
2009,"3180002",4,"Community roads",0,0,
2009,"3180002",5,"Bridges/culvert crossing",,,
2009,"3180003",1,"Trunk roads (Tarmac)",,,
2009,"3180003",2,"Trunk roads (Murram)",,,
2009,"3180003",3,"Feeder roads",,,
2009,"3180003",4,"Community roads",,,
2009,"3180003",5,"Bridges/culvert crossing",,,
2009,"3180004",1,"Trunk roads (Tarmac)",,,
2009,"3180004",2,"Trunk roads (Murram)",,,
2009,"3180004",3,"Feeder roads",,,
2009,"3180004",4,"Community roads",0,0,
2009,"3180004",5,"Bridges/culvert crossing",,,
2009,"3190005",1,"Trunk roads (Tarmac)",,,
2009,"3190005",2,"Trunk roads (Murram)",,,
2009,"3190005",3,"Feeder roads",,,1
2009,"3190005",4,"Community roads",10800000,9600000,1
2009,"3190005",5,"Bridges/culvert crossing",,,1
2009,"3190012",1,"Trunk roads (Tarmac)",,,
2009,"3190012",2,"Trunk roads (Murram)",,,
2009,"3190012",3,"Feeder roads",,,
2009,"3190012",4,"Community roads",,,
2009,"3190012",5,"Bridges/culvert crossing",0,0,2
2009,"3200018",1,"Trunk roads (Tarmac)",,,
2009,"3200018",2,"Trunk roads (Murram)",,,
2009,"3200018",3,"Feeder roads",0,0,2
2009,"3200018",4,"Community roads",400000,100000,1
2009,"3200018",5,"Bridges/culvert crossing",0,0,2
2009,"3200021",1,"Trunk roads (Tarmac)",,,
2009,"3200021",2,"Trunk roads (Murram)",0,,
2009,"3200021",3,"Feeder roads",0,,
2009,"3200021",4,"Community roads",0,,
2009,"3200021",5,"Bridges/culvert crossing",0,,
2009,"3200024",1,"Trunk roads (Tarmac)",,,2
2009,"3200024",2,"Trunk roads (Murram)",0,,2
2009,"3200024",3,"Feeder roads",0,,2
2009,"3200024",4,"Community roads",0,,2
2009,"3200024",5,"Bridges/culvert crossing",0,,2
2009,"3200027",1,"Trunk roads (Tarmac)",,,
2009,"3200027",2,"Trunk roads (Murram)",0,,
2009,"3200027",3,"Feeder roads",0,,
2009,"3200027",4,"Community roads",0,,
2009,"3200027",5,"Bridges/culvert crossing",0,,
2009,"3200030",1,"Trunk roads (Tarmac)",,,
2009,"3200030",2,"Trunk roads (Murram)",0,,2
2009,"3200030",3,"Feeder roads",0,,2
2009,"3200030",4,"Community roads",0,0,2
2009,"3200030",5,"Bridges/culvert crossing",0,,2
2009,"3210021",1,"Trunk roads (Tarmac)",,,
2009,"3210021",2,"Trunk roads (Murram)",,,
2009,"3210021",3,"Feeder roads",,,
2009,"3210021",4,"Community roads",,,
2009,"3210021",5,"Bridges/culvert crossing",,,
2009,"3210023",1,"Trunk roads (Tarmac)",,,
2009,"3210023",2,"Trunk roads (Murram)",0,0,
2009,"3210023",3,"Feeder roads",0,0,
2009,"3210023",4,"Community roads",0,0,
2009,"3210023",5,"Bridges/culvert crossing",144000,144000,1
2009,"3210028",1,"Trunk roads (Tarmac)",,,
2009,"3210028",2,"Trunk roads (Murram)",,0,
2009,"3210028",3,"Feeder roads",,0,
2009,"3210028",4,"Community roads",,0,
2009,"3210028",5,"Bridges/culvert crossing",,0,
2009,"3210030",1,"Trunk roads (Tarmac)",0,0,
2009,"3210030",2,"Trunk roads (Murram)",0,0,
2009,"3210030",3,"Feeder roads",0,0,
2009,"3210030",4,"Community roads",600000000,0,
2009,"3210030",5,"Bridges/culvert crossing",0,0,
2009,"4010003",1,"Trunk roads (Tarmac)",0,,
2009,"4010003",2,"Trunk roads (Murram)",0,,
2009,"4010003",3,"Feeder roads",0,,
2009,"4010003",4,"Community roads",12000000,0,2
2009,"4010003",5,"Bridges/culvert crossing",0,,
2009,"4020002",1,"Trunk roads (Tarmac)",,,
2009,"4020002",2,"Trunk roads (Murram)",,,
2009,"4020002",3,"Feeder roads",98867000,98867000,1
2009,"4020002",4,"Community roads",0,0,
2009,"4020002",5,"Bridges/culvert crossing",0,0,
2009,"4020007",1,"Trunk roads (Tarmac)",0,0,
2009,"4020007",2,"Trunk roads (Murram)",0,0,
2009,"4020007",3,"Feeder roads",0,0,
2009,"4020007",4,"Community roads",6600000,6600000,1
2009,"4020007",5,"Bridges/culvert crossing",0,0,
2009,"4020011",1,"Trunk roads (Tarmac)",,,
2009,"4020011",2,"Trunk roads (Murram)",,,
2009,"4020011",3,"Feeder roads",,,
2009,"4020011",4,"Community roads",0,4225000,1
2009,"4020011",5,"Bridges/culvert crossing",,,
2009,"4020016",1,"Trunk roads (Tarmac)",,,
2009,"4020016",2,"Trunk roads (Murram)",,,
2009,"4020016",3,"Feeder roads",,,
2009,"4020016",4,"Community roads",12100000,12100000,2
2009,"4020016",5,"Bridges/culvert crossing",,,
2009,"4020020",1,"Trunk roads (Tarmac)",,,
2009,"4020020",2,"Trunk roads (Murram)",,,
2009,"4020020",3,"Feeder roads",,,
2009,"4020020",4,"Community roads",,,
2009,"4020020",5,"Bridges/culvert crossing",,,
2009,"4020025",1,"Trunk roads (Tarmac)",,,
2009,"4020025",2,"Trunk roads (Murram)",,,
2009,"4020025",3,"Feeder roads",17032000,16380948,1
2009,"4020025",4,"Community roads",,,
2009,"4020025",5,"Bridges/culvert crossing",,,
2009,"4020030",1,"Trunk roads (Tarmac)",,,
2009,"4020030",2,"Trunk roads (Murram)",0,0,
2009,"4020030",3,"Feeder roads",0,0,
2009,"4020030",4,"Community roads",16572000,16572000,
2009,"4020030",5,"Bridges/culvert crossing",7500000,7500000,
2009,"4030006",1,"Trunk roads (Tarmac)",,,
2009,"4030006",2,"Trunk roads (Murram)",,,
2009,"4030006",3,"Feeder roads",,,
2009,"4030006",4,"Community roads",,,
2009,"4030006",5,"Bridges/culvert crossing",,,
2009,"4040003",1,"Trunk roads (Tarmac)",,,
2009,"4040003",2,"Trunk roads (Murram)",,,
2009,"4040003",3,"Feeder roads",3000000,3000000,1
2009,"4040003",4,"Community roads",3000000,2200000,1
2009,"4040003",5,"Bridges/culvert crossing",6000000,3800000,1
2009,"4040006",1,"Trunk roads (Tarmac)",,,
2009,"4040006",2,"Trunk roads (Murram)",,,
2009,"4040006",3,"Feeder roads",,,
2009,"4040006",4,"Community roads",0,0,
2009,"4040006",5,"Bridges/culvert crossing",0,0,
2009,"4040008",1,"Trunk roads (Tarmac)",0,0,
2009,"4040008",2,"Trunk roads (Murram)",0,0,
2009,"4040008",3,"Feeder roads",0,0,
2009,"4040008",4,"Community roads",1700000,840000,2
2009,"4040008",5,"Bridges/culvert crossing",1500000,0,2
2009,"4040010",1,"Trunk roads (Tarmac)",,,
2009,"4040010",2,"Trunk roads (Murram)",,,
2009,"4040010",3,"Feeder roads",7000000,7000000,
2009,"4040010",4,"Community roads",1400988,1400988,
2009,"4040010",5,"Bridges/culvert crossing",0,0,
2009,"4040012",1,"Trunk roads (Tarmac)",,,
2009,"4040012",2,"Trunk roads (Murram)",,,
2009,"4040012",3,"Feeder roads",14915000,6340000,2
2009,"4040012",4,"Community roads",,0,
2009,"4040012",5,"Bridges/culvert crossing",0,0,
2009,"4050005",1,"Trunk roads (Tarmac)",900000,900000,1
2009,"4050005",2,"Trunk roads (Murram)",,,
2009,"4050005",3,"Feeder roads",,,
2009,"4050005",4,"Community roads",,,
2009,"4050005",5,"Bridges/culvert crossing",,,
2009,"4050006",1,"Trunk roads (Tarmac)",,,
2009,"4050006",2,"Trunk roads (Murram)",,,
2009,"4050006",3,"Feeder roads",,,
2009,"4050006",4,"Community roads",,,
2009,"4050006",5,"Bridges/culvert crossing",,,
2009,"4050010",1,"Trunk roads (Tarmac)",,,
2009,"4050010",2,"Trunk roads (Murram)",300000000,8000000,2
2009,"4050010",3,"Feeder roads",5700000,5700000,2
2009,"4050010",4,"Community roads",3100000,2100000,2
2009,"4050010",5,"Bridges/culvert crossing",1900000,1900000,2
2009,"4060008",1,"Trunk roads (Tarmac)",0,0,
2009,"4060008",2,"Trunk roads (Murram)",,,
2009,"4060008",3,"Feeder roads",,,
2009,"4060008",4,"Community roads",,,
2009,"4060008",5,"Bridges/culvert crossing",,,
2009,"4060010",1,"Trunk roads (Tarmac)",0,0,
2009,"4060010",2,"Trunk roads (Murram)",0,0,
2009,"4060010",3,"Feeder roads",0,0,
2009,"4060010",4,"Community roads",1200000,1200000,1
2009,"4060010",5,"Bridges/culvert crossing",0,0,
2009,"4060011",1,"Trunk roads (Tarmac)",,,
2009,"4060011",2,"Trunk roads (Murram)",,,
2009,"4060011",3,"Feeder roads",,,
2009,"4060011",4,"Community roads",11000000,0,2
2009,"4060011",5,"Bridges/culvert crossing",0,,
2009,"4060013",1,"Trunk roads (Tarmac)",0,,
2009,"4060013",2,"Trunk roads (Murram)",0,,
2009,"4060013",3,"Feeder roads",0,,
2009,"4060013",4,"Community roads",0,6100000,1
2009,"4060013",5,"Bridges/culvert crossing",2750000,2750000,1
2009,"4070003",1,"Trunk roads (Tarmac)",,,
2009,"4070003",2,"Trunk roads (Murram)",,,
2009,"4070003",3,"Feeder roads",,,
2009,"4070003",4,"Community roads",19000000,19000000,1
2009,"4070003",5,"Bridges/culvert crossing",0,,
2009,"4070005",1,"Trunk roads (Tarmac)",0,,
2009,"4070005",2,"Trunk roads (Murram)",,,
2009,"4070005",3,"Feeder roads",,,
2009,"4070005",4,"Community roads",,,
2009,"4070005",5,"Bridges/culvert crossing",4000000,4000000,1
2009,"4070007",1,"Trunk roads (Tarmac)",,,
2009,"4070007",2,"Trunk roads (Murram)",,,
2009,"4070007",3,"Feeder roads",,,
2009,"4070007",4,"Community roads",6000000,6000000,1
2009,"4070007",5,"Bridges/culvert crossing",7600000,7600000,1
2009,"4080002",1,"Trunk roads (Tarmac)",,,
2009,"4080002",2,"Trunk roads (Murram)",,,
2009,"4080002",3,"Feeder roads",,,
2009,"4080002",4,"Community roads",1850000,1850000,2
2009,"4080002",5,"Bridges/culvert crossing",0,0,2
2009,"4080004",1,"Trunk roads (Tarmac)",,,
2009,"4080004",2,"Trunk roads (Murram)",,,
2009,"4080004",3,"Feeder roads",2742000,2742000,1
2009,"4080004",4,"Community roads",30000,0,1
2009,"4080004",5,"Bridges/culvert crossing",16800000,16800000,1
2009,"4090005",1,"Trunk roads (Tarmac)",,,
2009,"4090005",2,"Trunk roads (Murram)",,,
2009,"4090005",3,"Feeder roads",,,
2009,"4090005",4,"Community roads",143000000,0,2
2009,"4090005",5,"Bridges/culvert crossing",,,
2009,"4090011",1,"Trunk roads (Tarmac)",,,
2009,"4090011",2,"Trunk roads (Murram)",,,
2009,"4090011",3,"Feeder roads",0,,
2009,"4090011",4,"Community roads",10000000,0,1
2009,"4090011",5,"Bridges/culvert crossing",0,,
2009,"4100001",1,"Trunk roads (Tarmac)",,,
2009,"4100001",2,"Trunk roads (Murram)",48000000,48000000,
2009,"4100001",3,"Feeder roads",,,
2009,"4100001",4,"Community roads",,,
2009,"4100001",5,"Bridges/culvert crossing",,,
2009,"4100005",1,"Trunk roads (Tarmac)",,,
2009,"4100005",2,"Trunk roads (Murram)",,,
2009,"4100005",3,"Feeder roads",58155220,44503000,1
2009,"4100005",4,"Community roads",79274018,79274018,1
2009,"4100005",5,"Bridges/culvert crossing",,,
2009,"4100026",1,"Trunk roads (Tarmac)",,,
2009,"4100026",2,"Trunk roads (Murram)",,,
2009,"4100026",3,"Feeder roads",,,
2009,"4100026",4,"Community roads",20331858,21348451,
2009,"4100026",5,"Bridges/culvert crossing",,,
2009,"4100029",1,"Trunk roads (Tarmac)",,,
2009,"4100029",2,"Trunk roads (Murram)",,,
2009,"4100029",3,"Feeder roads",,,
2009,"4100029",4,"Community roads",0,0,1
2009,"4100029",5,"Bridges/culvert crossing",0,0,1
2009,"4100038",1,"Trunk roads (Tarmac)",,,
2009,"4100038",2,"Trunk roads (Murram)",,,
2009,"4100038",3,"Feeder roads",15000000,15000000,2
2009,"4100038",4,"Community roads",,,
2009,"4100038",5,"Bridges/culvert crossing",0,9000000,2
2009,"4110002",1,"Trunk roads (Tarmac)",,,
2009,"4110002",2,"Trunk roads (Murram)",,,
2009,"4110002",3,"Feeder roads",25199760,25199760,1
2009,"4110002",4,"Community roads",0,0,
2009,"4110002",5,"Bridges/culvert crossing",0,0,
2009,"4110004",1,"Trunk roads (Tarmac)",,,
2009,"4110004",2,"Trunk roads (Murram)",,,
2009,"4110004",3,"Feeder roads",1035863,1035862,1
2009,"4110004",4,"Community roads",0,0,
2009,"4110004",5,"Bridges/culvert crossing",15104287,15104287,1
2009,"4110006",1,"Trunk roads (Tarmac)",,,
2009,"4110006",2,"Trunk roads (Murram)",,,
2009,"4110006",3,"Feeder roads",,,
2009,"4110006",4,"Community roads",,,
2009,"4110006",5,"Bridges/culvert crossing",4919280,4860666,1
2009,"4110007",1,"Trunk roads (Tarmac)",,,
2009,"4110007",2,"Trunk roads (Murram)",,,
2009,"4110007",3,"Feeder roads",,,
2009,"4110007",4,"Community roads",53250358,25422040,
2009,"4110007",5,"Bridges/culvert crossing",,,
2009,"4110009",1,"Trunk roads (Tarmac)",0,0,
2009,"4110009",2,"Trunk roads (Murram)",0,0,
2009,"4110009",3,"Feeder roads",0,0,
2009,"4110009",4,"Community roads",1870000,1870000,
2009,"4110009",5,"Bridges/culvert crossing",0,0,
2009,"4120003",1,"Trunk roads (Tarmac)",,,
2009,"4120003",2,"Trunk roads (Murram)",,,1
2009,"4120003",3,"Feeder roads",0,0,
2009,"4120003",4,"Community roads",0,0,
2009,"4120003",5,"Bridges/culvert crossing",11048000,7419140,2
2009,"4120005",1,"Trunk roads (Tarmac)",,,
2009,"4120005",2,"Trunk roads (Murram)",,,
2009,"4120005",3,"Feeder roads",,,
2009,"4120005",4,"Community roads",,,
2009,"4120005",5,"Bridges/culvert crossing",11000000,103250000,1
2009,"4130002",1,"Trunk roads (Tarmac)",,,
2009,"4130002",2,"Trunk roads (Murram)",,,
2009,"4130002",3,"Feeder roads",,,
2009,"4130002",4,"Community roads",9300000,9300000,2
2009,"4130002",5,"Bridges/culvert crossing",0,0,
2009,"4130003",1,"Trunk roads (Tarmac)",,,
2009,"4130003",2,"Trunk roads (Murram)",,,
2009,"4130003",3,"Feeder roads",,,
2009,"4130003",4,"Community roads",,,
2009,"4130003",5,"Bridges/culvert crossing",13520000,0,2
2009,"4130005",1,"Trunk roads (Tarmac)",,,
2009,"4130005",2,"Trunk roads (Murram)",0,0,
2009,"4130005",3,"Feeder roads",,,
2009,"4130005",4,"Community roads",,,
2009,"4130005",5,"Bridges/culvert crossing",,,
2009,"4140001",1,"Trunk roads (Tarmac)",,,
2009,"4140001",2,"Trunk roads (Murram)",20000000,20000000,1
2009,"4140001",3,"Feeder roads",6600000,0,2
2009,"4140001",4,"Community roads",0,0,2
2009,"4140001",5,"Bridges/culvert crossing",0,0,2
2009,"4140003",1,"Trunk roads (Tarmac)",,,
2009,"4140003",2,"Trunk roads (Murram)",,,
2009,"4140003",3,"Feeder roads",,,
2009,"4140003",4,"Community roads",3300000,3300000,2
2009,"4140003",5,"Bridges/culvert crossing",2987641,2980000,2
2009,"4140005",1,"Trunk roads (Tarmac)",0,0,
2009,"4140005",2,"Trunk roads (Murram)",0,0,
2009,"4140005",3,"Feeder roads",,,
2009,"4140005",4,"Community roads",14200000,14200000,1
2009,"4140005",5,"Bridges/culvert crossing",7362182,7362182,1
2009,"4150002",1,"Trunk roads (Tarmac)",0,0,
2009,"4150002",2,"Trunk roads (Murram)",0,0,
2009,"4150002",3,"Feeder roads",,,
2009,"4150002",4,"Community roads",59000000,21000000,1
2009,"4150002",5,"Bridges/culvert crossing",11000000,11000000,1
2009,"4150006",1,"Trunk roads (Tarmac)",,,
2009,"4150006",2,"Trunk roads (Murram)",,,
2009,"4150006",3,"Feeder roads",,,
2009,"4150006",4,"Community roads",29000000,0,2
2009,"4150006",5,"Bridges/culvert crossing",0,,
2009,"4150007",1,"Trunk roads (Tarmac)",,,
2009,"4150007",2,"Trunk roads (Murram)",,,
2009,"4150007",3,"Feeder roads",,,
2009,"4150007",4,"Community roads",29480043,10064749,1
2009,"4150007",5,"Bridges/culvert crossing",2270000,,
2009,"4150009",1,"Trunk roads (Tarmac)",,,
2009,"4150009",2,"Trunk roads (Murram)",,,
2009,"4150009",3,"Feeder roads",,,
2009,"4150009",4,"Community roads",13137380,13137380,1
2009,"4150009",5,"Bridges/culvert crossing",,,
2009,"4170008",1,"Trunk roads (Tarmac)",,,
2009,"4170008",2,"Trunk roads (Murram)",,,
2009,"4170008",3,"Feeder roads",,,
2009,"4170008",4,"Community roads",214876813,85528000,1
2009,"4170008",5,"Bridges/culvert crossing",0,0,
2009,"4170014",1,"Trunk roads (Tarmac)",,,
2009,"4170014",2,"Trunk roads (Murram)",,,
2009,"4170014",3,"Feeder roads",4443635,4443635,1
2009,"4170014",4,"Community roads",17381223,17381223,1
2009,"4170014",5,"Bridges/culvert crossing",0,0,
2009,"4170017",1,"Trunk roads (Tarmac)",,,
2009,"4170017",2,"Trunk roads (Murram)",,,
2009,"4170017",3,"Feeder roads",0,0,2
2009,"4170017",4,"Community roads",0,0,2
2009,"4170017",5,"Bridges/culvert crossing",0,0,2
2009,"4180011",1,"Trunk roads (Tarmac)",0,0,
2009,"4180011",2,"Trunk roads (Murram)",0,0,
2009,"4180011",3,"Feeder roads",600000,11805037,
2009,"4180011",4,"Community roads",0,0,
2009,"4180011",5,"Bridges/culvert crossing",0,0,
2009,"4180020",1,"Trunk roads (Tarmac)",,,
2009,"4180020",2,"Trunk roads (Murram)",,,
2009,"4180020",3,"Feeder roads",1000000,1000000,2
2009,"4180020",4,"Community roads",0,0,
2009,"4180020",5,"Bridges/culvert crossing",0,0,
2009,"4190032",1,"Trunk roads (Tarmac)",,,
2009,"4190032",2,"Trunk roads (Murram)",,,
2009,"4190032",3,"Feeder roads",,,
2009,"4190032",4,"Community roads",7001370,7001370,2
2009,"4190032",5,"Bridges/culvert crossing",0,0,
2009,"4190035",1,"Trunk roads (Tarmac)",,,
2009,"4190035",2,"Trunk roads (Murram)",,,
2009,"4190035",3,"Feeder roads",,,
2009,"4190035",4,"Community roads",5580160,4020000,1
2009,"4190035",5,"Bridges/culvert crossing",10665000,4300000,1
