"year","comcod","c5bsn","c5b","c5bq10","c5bq11","c5bq12","c5bq13","c5bq14","c5bq15","c5bq16","c5bq17"
2009,"1020001",1,"Trunk roads (Tarmac)","C",230,,,2,2,,1
2009,"1020001",2,"Trunk roads (Murram)",,,,,,,,
2009,"1020001",3,"Feeder roads","BD",8920,1,2,2,1,300,
2009,"1020001",4,"Community roads","D",2970,1,3,3,2,,1
2009,"1020001",5,"Bridges/culvert crossing","BCD",10000,1,2,4,1,5000,
2009,"1020002",1,"Trunk roads (Tarmac)","C",230,1,1,2,2,,8
2009,"1020002",2,"Trunk roads (Murram)",,,,,,,,
2009,"1020002",3,"Feeder roads","DB",8920,1,2,2,1,300,
2009,"1020002",4,"Community roads","D",2970,1,3,3,2,,2
2009,"1020002",5,"Bridges/culvert crossing","BCD",10000,1,2,4,1,5000,
2009,"1020003",1,"Trunk roads (Tarmac)","C",230,,2,2,2,,8
2009,"1020003",2,"Trunk roads (Murram)",,,,,,,,
2009,"1020003",3,"Feeder roads","DB",8920,1,2,2,1,300,
2009,"1020003",4,"Community roads","A",2970,1,3,1,2,,2
2009,"1020003",5,"Bridges/culvert crossing","BC",10000,1,3,3,1,5000,
2009,"1020004",1,"Trunk roads (Tarmac)","C",1098,2,1,2,2,,8
2009,"1020004",2,"Trunk roads (Murram)",,,,,,,,
2009,"1020004",3,"Feeder roads","B",4000,2,2,4,2,,2
2009,"1020004",4,"Community roads","B",6000,2,2,4,2,,1
2009,"1020004",5,"Bridges/culvert crossing","B",5000,2,2,4,1,500,
2009,"1020006",1,"Trunk roads (Tarmac)","C",1098,2,1,2,2,,8
2009,"1020006",2,"Trunk roads (Murram)",,,,,,,,
2009,"1020006",3,"Feeder roads","B",4000,2,2,4,2,,2
2009,"1020006",4,"Community roads","B",6000,2,2,4,2,,1
2009,"1020006",5,"Bridges/culvert crossing","B",5000,2,2,4,1,500,
2009,"1020007",1,"Trunk roads (Tarmac)","C",1000,,1,2,2,,1
2009,"1020007",2,"Trunk roads (Murram)",,,,,,,,
2009,"1020007",3,"Feeder roads","BD",4000,2,2,4,2,,2
2009,"1020007",4,"Community roads","D",6000,2,2,4,2,,1
2009,"1020007",5,"Bridges/culvert crossing","D",5000,2,2,4,1,500,
2009,"1020008",1,"Trunk roads (Tarmac)","C",1098,,1,2,2,,8
2009,"1020008",2,"Trunk roads (Murram)",,,,,,,,
2009,"1020008",3,"Feeder roads","BD",4000,2,2,4,2,,2
2009,"1020008",4,"Community roads","D",6000,2,2,4,2,,1
2009,"1020008",5,"Bridges/culvert crossing","D",5000,2,2,4,1,500,
2009,"1020010",1,"Trunk roads (Tarmac)","C",1098,1,1,2,2,,8
2009,"1020010",2,"Trunk roads (Murram)",,,,,,,,
2009,"1020010",3,"Feeder roads","B,A",4000,2,2,4,2,,2
2009,"1020010",4,"Community roads","A",6000,2,2,4,2,,1
2009,"1020010",5,"Bridges/culvert crossing","A",5000,2,2,4,1,500,
2009,"1020012",1,"Trunk roads (Tarmac)","C",,,2,4,2,,2
2009,"1020012",2,"Trunk roads (Murram)",,,,,,,,
2009,"1020012",3,"Feeder roads","B",,,2,4,2,,2
2009,"1020012",4,"Community roads","C",300,2,2,4,2,,2
2009,"1020012",5,"Bridges/culvert crossing","B",,,3,4,1,,
2009,"1020013",1,"Trunk roads (Tarmac)","C",150,1,1,4,2,,2
2009,"1020013",2,"Trunk roads (Murram)",,,,,,,,
2009,"1020013",3,"Feeder roads","B",2800,1,1,2,1,950,
2009,"1020013",4,"Community roads",,,,,,,,
2009,"1020013",5,"Bridges/culvert crossing",,,,,,,,
2009,"1020018",1,"Trunk roads (Tarmac)","C",,,2,4,2,,2
2009,"1020018",2,"Trunk roads (Murram)",,,,,,,,
2009,"1020018",3,"Feeder roads","B",,,2,4,2,,2
2009,"1020018",4,"Community roads","C",300,2,2,4,2,,2
2009,"1020018",5,"Bridges/culvert crossing","B",,,3,4,1,,
2009,"1020019",1,"Trunk roads (Tarmac)","C",,,2,4,2,,2
2009,"1020019",2,"Trunk roads (Murram)",,,,,,,,
2009,"1020019",3,"Feeder roads","B",300,,2,4,2,,2
2009,"1020019",4,"Community roads","C",300,2,2,4,2,,2
2009,"1020019",5,"Bridges/culvert crossing","B",,,3,4,1,,
2009,"1020020",1,"Trunk roads (Tarmac)",,,,,,,,
2009,"1020020",2,"Trunk roads (Murram)",,,,,,,,
2009,"1020020",3,"Feeder roads",,,,,,,,
2009,"1020020",4,"Community roads",,,,,,,,
2009,"1020020",5,"Bridges/culvert crossing",,,,,,,,
2009,"1020021",1,"Trunk roads (Tarmac)",,,,,,,,
2009,"1020021",2,"Trunk roads (Murram)",,,,,,,,
2009,"1020021",3,"Feeder roads",,,,,,,,
2009,"1020021",4,"Community roads",,,,,,,,
2009,"1020021",5,"Bridges/culvert crossing",,,,,,,,
2009,"1030003",1,"Trunk roads (Tarmac)","C",0,,,,,,
2009,"1030003",2,"Trunk roads (Murram)",,,,,,,,
2009,"1030003",3,"Feeder roads","B",3000,1,1,1,1,4300,
2009,"1030003",4,"Community roads","A",1500,1,2,1,1,300,
2009,"1030003",5,"Bridges/culvert crossing","B,A",1000,1,1,8,1,1300,
2009,"1030005",1,"Trunk roads (Tarmac)",,,,,,,,
2009,"1030005",2,"Trunk roads (Murram)","B,A",2050,1,2,4,2,,
2009,"1030005",3,"Feeder roads","A",1360,1,1,4,2,,
2009,"1030005",4,"Community roads","A",0,,,,,,
2009,"1030005",5,"Bridges/culvert crossing","B",0,1,2,4,1,400,
2009,"1040002",1,"Trunk roads (Tarmac)","D",400,1,1,2,2,,2
2009,"1040002",2,"Trunk roads (Murram)","D",930,2,2,2,2,,2
2009,"1040002",3,"Feeder roads","B",0,,,,2,,2
2009,"1040002",4,"Community roads","A",910,1,1,1,1,200,
2009,"1040002",5,"Bridges/culvert crossing","A",1000,2,1,3,1,300,
2009,"1040004",1,"Trunk roads (Tarmac)",,,,,,,,
2009,"1040004",2,"Trunk roads (Murram)","C",640,1,2,1,2,,1
2009,"1040004",3,"Feeder roads","B",2800,1,2,1,2,,1
2009,"1040004",4,"Community roads","A",6800,2,2,4,1,200,
2009,"1040004",5,"Bridges/culvert crossing","A",2800,2,2,8,1,1300,
2009,"1040006",1,"Trunk roads (Tarmac)",,,,,,,,
2009,"1040006",2,"Trunk roads (Murram)",,,,,,,,
2009,"1040006",3,"Feeder roads",,,,,,,,
2009,"1040006",4,"Community roads",,,,,,,,
2009,"1040006",5,"Bridges/culvert crossing",,,,,,,,
2009,"1040008",1,"Trunk roads (Tarmac)","D",1000,1,1,1,2,,
2009,"1040008",2,"Trunk roads (Murram)",,,,,,,,
2009,"1040008",3,"Feeder roads","B,D",0,,,,,,
2009,"1040008",4,"Community roads","A",560,1,1,8,2,,2
2009,"1040008",5,"Bridges/culvert crossing","A",400,1,1,8,1,,
2009,"1050001",1,"Trunk roads (Tarmac)","C",,1,1,1,2,,1
2009,"1050001",2,"Trunk roads (Murram)",,,,,,,,
2009,"1050001",3,"Feeder roads",,,,,,,,
2009,"1050001",4,"Community roads","D",3580,1,2,1,2,,2
2009,"1050001",5,"Bridges/culvert crossing","D",,1,2,1,1,600,
2009,"1050004",1,"Trunk roads (Tarmac)",,,,,,,,
2009,"1050004",2,"Trunk roads (Murram)","B",1600,1,1,1,1,800,
2009,"1050004",3,"Feeder roads","A",240,1,1,2,1,240,
2009,"1050004",4,"Community roads","D",5000,2,2,1,1,600,
2009,"1050004",5,"Bridges/culvert crossing",,10000,1,2,2,1,300,
2009,"1050008",1,"Trunk roads (Tarmac)",,,,,,,,
2009,"1050008",2,"Trunk roads (Murram)","C",0,,,,,,
2009,"1050008",3,"Feeder roads","B",3100,1,2,1,1,1300,
2009,"1050008",4,"Community roads","A",1800,1,2,8,2,,
2009,"1050008",5,"Bridges/culvert crossing","CDA",1200,1,2,1,1,400,
2009,"1050012",1,"Trunk roads (Tarmac)",,,,,,,,
2009,"1050012",2,"Trunk roads (Murram)","C",0,1,2,4,2,,2
2009,"1050012",3,"Feeder roads","B",1400,1,2,2,2,,2
2009,"1050012",4,"Community roads","A",0,1,2,4,1,200,
2009,"1050012",5,"Bridges/culvert crossing","ABA",0,,,,2,,2
2009,"1050015",1,"Trunk roads (Tarmac)","1",200,1,1,1,2,,1
2009,"1050015",2,"Trunk roads (Murram)",,,,,,,,
2009,"1050015",3,"Feeder roads","B",2500,1,1,3,2,,2
2009,"1050015",4,"Community roads","A",10000,1,1,3,1,380,
2009,"1050015",5,"Bridges/culvert crossing","A",3000,1,1,8,1,700,
2009,"1050023",1,"Trunk roads (Tarmac)",,,,,,,,
2009,"1050023",2,"Trunk roads (Murram)","C",2000,,2,4,2,,1
2009,"1050023",3,"Feeder roads","B",2100,1,2,3,1,1000,
2009,"1050023",4,"Community roads","A",7800,1,2,3,2,,2
2009,"1050023",5,"Bridges/culvert crossing","A",3000,2,2,8,1,700,
2009,"1050026",1,"Trunk roads (Tarmac)",,,,,,,,
2009,"1050026",2,"Trunk roads (Murram)",,,,,,,,
2009,"1050026",3,"Feeder roads",,,,,,,,
2009,"1050026",4,"Community roads","A,D",1100,1,2,1,0,,
2009,"1050026",5,"Bridges/culvert crossing",,,,,,,,
2009,"1050030",1,"Trunk roads (Tarmac)",,,,,,,,
2009,"1050030",2,"Trunk roads (Murram)","C",2300,1,2,8,2,,1
2009,"1050030",3,"Feeder roads","B",710,1,1,8,1,710,
2009,"1050030",4,"Community roads","A,D",700,1,1,8,1,100,
2009,"1050030",5,"Bridges/culvert crossing","A,D",300,1,1,8,2,,2
2009,"1050033",1,"Trunk roads (Tarmac)","C",600,1,1,1,2,,1
2009,"1050033",2,"Trunk roads (Murram)","C",1500,1,1,1,2,,1
2009,"1050033",3,"Feeder roads","B",5000,1,2,1,2,,2
2009,"1050033",4,"Community roads","A",5100,2,1,8,1,300,
2009,"1050033",5,"Bridges/culvert crossing","A",600,2,1,8,1,800,
2009,"1060003",1,"Trunk roads (Tarmac)",,,,,,,,
2009,"1060003",2,"Trunk roads (Murram)","C",2600,1,1,1,2,,1
2009,"1060003",3,"Feeder roads","B",4060,1,1,1,2,,1
2009,"1060003",4,"Community roads","A",11400,1,1,8,1,3130,
2009,"1060003",5,"Bridges/culvert crossing","D",6000,2,2,8,1,1800,
2009,"1060005",1,"Trunk roads (Tarmac)",,,,,,,,
2009,"1060005",2,"Trunk roads (Murram)","C",8800,1,1,2,2,,8
2009,"1060005",3,"Feeder roads","B",1000,1,1,8,2,,8
2009,"1060005",4,"Community roads","A",700,1,2,8,2,,2
2009,"1060005",5,"Bridges/culvert crossing","CBA",,1,3,8,2,,
2009,"1060007",1,"Trunk roads (Tarmac)","C",,1,1,1,2,,
2009,"1060007",2,"Trunk roads (Murram)","C",,1,1,1,2,,
2009,"1060007",3,"Feeder roads",,,,,,,,
2009,"1060007",4,"Community roads","A",1690,1,1,8,2,,
2009,"1060007",5,"Bridges/culvert crossing","A",,1,1,8,2,,
2009,"1060009",1,"Trunk roads (Tarmac)","C",1420,,,,2,,1
2009,"1060009",2,"Trunk roads (Murram)",,,,,,,,
2009,"1060009",3,"Feeder roads","A",1100,1,1,4,2,,1
2009,"1060009",4,"Community roads","A",23100,1,1,4,1,600,
2009,"1060009",5,"Bridges/culvert crossing","A",6900,1,1,4,1,2200,
2009,"1070001",1,"Trunk roads (Tarmac)","A",300,1,2,4,1,100,
2009,"1070001",2,"Trunk roads (Murram)","C",500,1,2,4,2,,1
2009,"1070001",3,"Feeder roads","B",100,2,2,8,,,
2009,"1070001",4,"Community roads","A TC",10200,2,1,8,1,500,
2009,"1070001",5,"Bridges/culvert crossing","A TC",6600,2,2,8,1,500,
2009,"1070002",1,"Trunk roads (Tarmac)","C",0,,,,,,
2009,"1070002",2,"Trunk roads (Murram)","C",600,2,2,2,2,,
2009,"1070002",3,"Feeder roads","B",0,,,,,,
2009,"1070002",4,"Community roads","A",1500,1,1,2,1,600,
2009,"1070002",5,"Bridges/culvert crossing","A",1500,2,1,1,1,200,
2009,"1070008",1,"Trunk roads (Tarmac)",,,,,,,,
2009,"1070008",2,"Trunk roads (Murram)",,,,,,,,
2009,"1070008",3,"Feeder roads","B",3840,1,3,8,2,,2
2009,"1070008",4,"Community roads","A",3140,1,3,8,2,,2
2009,"1070008",5,"Bridges/culvert crossing","A",5,1,1,8,1,1,
2009,"1070016",1,"Trunk roads (Tarmac)",,,,,,,,
2009,"1070016",2,"Trunk roads (Murram)",,,,,,,,
2009,"1070016",3,"Feeder roads","B",2500,1,1,8,2,,2
2009,"1070016",4,"Community roads","A",12000,2,2,8,1,1800,
2009,"1070016",5,"Bridges/culvert crossing","D",800,2,1,8,1,100,
2009,"1070020",1,"Trunk roads (Tarmac)","C",700,2,1,4,2,,
2009,"1070020",2,"Trunk roads (Murram)","C",320,1,1,3,1,320,
2009,"1070020",3,"Feeder roads","B",1200,1,1,1,2,,
2009,"1070020",4,"Community roads","A",4980,1,2,8,2,,
2009,"1070020",5,"Bridges/culvert crossing","A",2100,1,1,8,1,500,
2009,"1070023",1,"Trunk roads (Tarmac)",,,,,,,,
2009,"1070023",2,"Trunk roads (Murram)","C",800,1,2,3,2,,1
2009,"1070023",3,"Feeder roads","B",600,1,1,1,2,,1
2009,"1070023",4,"Community roads","A",1500,1,2,1,2,,2
2009,"1070023",5,"Bridges/culvert crossing","A",600,1,2,8,1,300,
2009,"1080002",1,"Trunk roads (Tarmac)","C",420,1,1,1,2,,1
2009,"1080002",2,"Trunk roads (Murram)",,,,,,,,
2009,"1080002",3,"Feeder roads","D",450,1,1,1,2,,1
2009,"1080002",4,"Community roads","D",1200,1,1,3,1,200,
2009,"1080002",5,"Bridges/culvert crossing","D",1400,2,1,3,1,200,
2009,"1080003",1,"Trunk roads (Tarmac)",,,,,,,,
2009,"1080003",2,"Trunk roads (Murram)",,,,,,,,
2009,"1080003",3,"Feeder roads",,,,,,,,
2009,"1080003",4,"Community roads",,,,,,,,
2009,"1080003",5,"Bridges/culvert crossing",,,,,,,,
2009,"1080006",1,"Trunk roads (Tarmac)",,,,,,,,
2009,"1080006",2,"Trunk roads (Murram)","C",,,,,,,
2009,"1080006",3,"Feeder roads","B",2400,1,1,1,2,,2
2009,"1080006",4,"Community roads","A",4600,1,3,8,1,700,
2009,"1080006",5,"Bridges/culvert crossing","A",2000,2,2,8,1,300,
2009,"1080009",1,"Trunk roads (Tarmac)","C",100,1,2,8,2,,8
2009,"1080009",2,"Trunk roads (Murram)","C",1000,1,2,2,2,,8
2009,"1080009",3,"Feeder roads","B",0,,,,2,,2
2009,"1080009",4,"Community roads","A,D",600,1,2,4,2,,2
2009,"1080009",5,"Bridges/culvert crossing","CBAD",400,2,1,8,1,800,
2009,"1080013",1,"Trunk roads (Tarmac)","C",200,1,1,1,2,,1
2009,"1080013",2,"Trunk roads (Murram)","C",900,1,1,1,2,,1
2009,"1080013",3,"Feeder roads","B",1900,1,2,3,2,,8
2009,"1080013",4,"Community roads","A",5000,1,2,8,1,800,
2009,"1080013",5,"Bridges/culvert crossing","D",1800,1,2,8,1,400,
2009,"1080020",1,"Trunk roads (Tarmac)","C",1000,1,1,1,2,,1
2009,"1080020",2,"Trunk roads (Murram)",,,,,,,,
2009,"1080020",3,"Feeder roads","B",4300,1,2,1,2,,2
2009,"1080020",4,"Community roads","A",6700,1,2,3,2,,2
2009,"1080020",5,"Bridges/culvert crossing","A",8000,1,1,3,1,500,
2009,"1080023",1,"Trunk roads (Tarmac)","C",400,,,,,,
2009,"1080023",2,"Trunk roads (Murram)","C",,,,1,,,
2009,"1080023",3,"Feeder roads","B",4080,,,1,2,,3
2009,"1080023",4,"Community roads","A",11800,2,1,8,1,400,
2009,"1080023",5,"Bridges/culvert crossing","A",,2,1,8,1,400,
2009,"1080033",1,"Trunk roads (Tarmac)",,,,,,,,
2009,"1080033",2,"Trunk roads (Murram)","C",0,,,,2,,1
2009,"1080033",3,"Feeder roads",,,,,,,,
2009,"1080033",4,"Community roads","A",2000,1,1,8,2,,1
2009,"1080033",5,"Bridges/culvert crossing","C,A",1800,1,1,8,1,1200,
2009,"1090004",1,"Trunk roads (Tarmac)","C",1200,1,2,1,2,,1
2009,"1090004",2,"Trunk roads (Murram)","C",1600,1,2,1,2,,1
2009,"1090004",3,"Feeder roads","B",3000,1,2,3,,,
2009,"1090004",4,"Community roads","A",4000,1,2,3,1,1400,
2009,"1090004",5,"Bridges/culvert crossing","B",500,1,2,8,2,,1
2009,"1100001",1,"Trunk roads (Tarmac)","A",150,1,1,2,2,,
2009,"1100001",2,"Trunk roads (Murram)","B",,,,,,,
2009,"1100001",3,"Feeder roads","A",4500,1,1,2,2,,
2009,"1100001",4,"Community roads","A",1900,1,1,2,2,,
2009,"1100001",5,"Bridges/culvert crossing","A",3000,1,1,2,1,1000,
2009,"1100005",1,"Trunk roads (Tarmac)",,,,,,,,
2009,"1100005",2,"Trunk roads (Murram)","C",1900,1,2,1,2,,1
2009,"1100005",3,"Feeder roads","B",2900,1,2,1,2,,2
2009,"1100005",4,"Community roads","A",6950,1,2,3,1,900,
2009,"1100005",5,"Bridges/culvert crossing","A",1200,2,1,3,1,500,
2009,"1100012",1,"Trunk roads (Tarmac)","D",,,,,,,
2009,"1100012",2,"Trunk roads (Murram)","B",,,,,,,
2009,"1100012",3,"Feeder roads","B",,,,,,,
2009,"1100012",4,"Community roads","A",400,1,1,2,1,700,
2009,"1100012",5,"Bridges/culvert crossing","ABD",700,1,1,8,1,400,
2009,"1110001",1,"Trunk roads (Tarmac)",,,,,,,,
2009,"1110001",2,"Trunk roads (Murram)","B",0,,,,1,2350,
2009,"1110001",3,"Feeder roads","B",1500,1,1,2,1,500,
2009,"1110001",4,"Community roads","A",,,,,,,
2009,"1110001",5,"Bridges/culvert crossing",,,,,,,,
2009,"1110003",1,"Trunk roads (Tarmac)",,,,,,,,
2009,"1110003",2,"Trunk roads (Murram)","C",0,,,,,,
2009,"1110003",3,"Feeder roads","B,A",6000,1,3,1,1,3000,
2009,"1110003",4,"Community roads","D",2000,2,1,8,2,,
2009,"1110003",5,"Bridges/culvert crossing","A,B",4500,1,1,3,1,1000,
2009,"1110005",1,"Trunk roads (Tarmac)",,,,,,,,
2009,"1110005",2,"Trunk roads (Murram)","B",1000,1,1,2,2,,
2009,"1110005",3,"Feeder roads","B",,,,,,,
2009,"1110005",4,"Community roads","D,A",900,1,1,8,1,900,
2009,"1110005",5,"Bridges/culvert crossing","A",200,1,1,8,1,300,
2009,"1120001",1,"Trunk roads (Tarmac)","A",60,1,1,8,1,60,
2009,"1120001",2,"Trunk roads (Murram)","A",1800,1,2,8,1,800,
2009,"1120001",3,"Feeder roads","D",,,,,,,
2009,"1120001",4,"Community roads","D",,,,,,,
2009,"1120001",5,"Bridges/culvert crossing","A",20000,1,2,8,1,4800,
2009,"1120003",1,"Trunk roads (Tarmac)",,,,,,,,
2009,"1120003",2,"Trunk roads (Murram)","C",,,,,,,
2009,"1120003",3,"Feeder roads","D",,,,,,,
2009,"1120003",4,"Community roads","A",300,1,2,8,1,1100,
2009,"1120003",5,"Bridges/culvert crossing","ABC",400,1,2,8,1,800,8
2009,"1120006",1,"Trunk roads (Tarmac)","C",60,1,1,8,1,60,
2009,"1120006",2,"Trunk roads (Murram)","C",1800,1,2,8,1,800,
2009,"1120006",3,"Feeder roads","A",,,,,,,
2009,"1120006",4,"Community roads","D",,,,,,,
2009,"1120006",5,"Bridges/culvert crossing","A",20000,1,2,8,1,4800,
2009,"1130003",1,"Trunk roads (Tarmac)",,,,,,,,
2009,"1130003",2,"Trunk roads (Murram)","C",1400,1,2,4,2,,8
2009,"1130003",3,"Feeder roads","B",100,1,2,4,2,,8
2009,"1130003",4,"Community roads","D",3000,1,2,1,1,5000,
2009,"1130003",5,"Bridges/culvert crossing","A,B",600,1,3,1,1,0,
2009,"1130008",1,"Trunk roads (Tarmac)",,,,,,,,
2009,"1130008",2,"Trunk roads (Murram)","C",1280,,,,2,,1
2009,"1130008",3,"Feeder roads","B",1120,,,,2,,1
2009,"1130008",4,"Community roads","A",10800,2,2,8,2,,2
2009,"1130008",5,"Bridges/culvert crossing","B",4000,2,2,8,2,,2
2009,"1130010",1,"Trunk roads (Tarmac)","C",800,1,1,1,2,,1
2009,"1130010",2,"Trunk roads (Murram)","C",1200,1,1,1,2,,1
2009,"1130010",3,"Feeder roads","B",1000,1,2,8,2,,
2009,"1130010",4,"Community roads","A",1400,1,2,3,1,,
2009,"1130010",5,"Bridges/culvert crossing","A",500,1,2,3,1,,
2009,"1130012",1,"Trunk roads (Tarmac)","C",600,1,1,1,2,,1
2009,"1130012",2,"Trunk roads (Murram)",,,,,,,,
2009,"1130012",3,"Feeder roads","B",2200,1,1,1,1,300,
2009,"1130012",4,"Community roads","A",32000,1,2,8,1,500,
2009,"1130012",5,"Bridges/culvert crossing","A",1000,1,1,8,1,200,
2009,"1130016",1,"Trunk roads (Tarmac)","C",2400,1,1,1,2,,1
2009,"1130016",2,"Trunk roads (Murram)",,,,,,,,
2009,"1130016",3,"Feeder roads","B",3200,1,1,1,2,,1
2009,"1130016",4,"Community roads","A",4800,1,1,8,1,100,
2009,"1130016",5,"Bridges/culvert crossing","A",10000,2,1,8,1,3000,
2009,"1130019",1,"Trunk roads (Tarmac)","C",1000,2,2,4,2,,1
2009,"1130019",2,"Trunk roads (Murram)","C",700,2,2,4,2,,1
2009,"1130019",3,"Feeder roads","A TC",12600,2,2,3,2,,2
2009,"1130019",4,"Community roads","A TC",30000,2,2,3,1,4000,
2009,"1130019",5,"Bridges/culvert crossing","A TC",12000,2,2,8,1,600,
2009,"1130021",1,"Trunk roads (Tarmac)","C",280,1,1,1,2,,1
2009,"1130021",2,"Trunk roads (Murram)","D",1500,1,1,1,2,,1
2009,"1130021",3,"Feeder roads",,,,,,,,
2009,"1130021",4,"Community roads","D",4000,1,1,1,1,1500,
2009,"1130021",5,"Bridges/culvert crossing","D",3600,1,1,1,1,2500,
2009,"1130023",1,"Trunk roads (Tarmac)","C",1000,1,1,2,2,,1
2009,"1130023",2,"Trunk roads (Murram)",,,,,,,,
2009,"1130023",3,"Feeder roads","B",6800,1,1,4,2,,1
2009,"1130023",4,"Community roads","A",7170,1,1,3,2,,1
2009,"1130023",5,"Bridges/culvert crossing","A",3000,1,2,8,2,,2
2009,"1140003",1,"Trunk roads (Tarmac)",,,,,,,,
2009,"1140003",2,"Trunk roads (Murram)","C,B",1200,1,1,8,2,,1
2009,"1140003",3,"Feeder roads","B",1800,1,1,8,1,2500,
2009,"1140003",4,"Community roads","B,A",2000,1,1,8,2,,2
2009,"1140003",5,"Bridges/culvert crossing","B,A",0,,,,,,
2009,"1150031",1,"Trunk roads (Tarmac)","C",,,,,,,
2009,"1150031",2,"Trunk roads (Murram)","C",,,,,,,
2009,"1150031",3,"Feeder roads","B",,,,,,,
2009,"1150031",4,"Community roads","A",,1,1,3,1,4800,
2009,"1150031",5,"Bridges/culvert crossing","A",,1,2,8,1,600,
2009,"1160011",1,"Trunk roads (Tarmac)",,,,,,,,
2009,"1160011",2,"Trunk roads (Murram)","C",1600,1,1,2,2,,
2009,"1160011",3,"Feeder roads","B",2000,1,1,4,2,,
2009,"1160011",4,"Community roads","A",450,1,1,3,2,,
2009,"1160011",5,"Bridges/culvert crossing","CBAD",,1,1,3,2,,
2009,"2010006",1,"Trunk roads (Tarmac)","D",,,,,,,
2009,"2010006",2,"Trunk roads (Murram)","C",500,1,1,2,2,,8
2009,"2010006",3,"Feeder roads","AB",1000,1,2,4,1,600,
2009,"2010006",4,"Community roads","A",900,1,1,4,1,1900,
2009,"2010006",5,"Bridges/culvert crossing","A",400,1,1,3,1,400,
2009,"2020001",1,"Trunk roads (Tarmac)","C",560,1,1,1,2,,2
2009,"2020001",2,"Trunk roads (Murram)","C",330,1,1,1,2,,2
2009,"2020001",3,"Feeder roads","A",4670,2,1,1,1,260,
2009,"2020001",4,"Community roads",,,,,,,,
2009,"2020001",5,"Bridges/culvert crossing","A",1100,2,1,1,1,500,
2009,"2020005",1,"Trunk roads (Tarmac)",,,,,,,,
2009,"2020005",2,"Trunk roads (Murram)","C",1500,1,2,2,2,,2
2009,"2020005",3,"Feeder roads","B",1100,1,2,1,1,400,
2009,"2020005",4,"Community roads","A",100,1,2,1,2,,2
2009,"2020005",5,"Bridges/culvert crossing","CB",0,,,1,1,200,
2009,"2020007",1,"Trunk roads (Tarmac)",,,,,,,,
2009,"2020007",2,"Trunk roads (Murram)",,,,,,,,
2009,"2020007",3,"Feeder roads",,,,,,,,
2009,"2020007",4,"Community roads",,,,,,,,
2009,"2020007",5,"Bridges/culvert crossing",,,,,,,,
2009,"2030023",1,"Trunk roads (Tarmac)",,,,,,,,
2009,"2030023",2,"Trunk roads (Murram)",,,,,,,,
2009,"2030023",3,"Feeder roads",,,,,,,,
2009,"2030023",4,"Community roads",,,,,,,,
2009,"2030023",5,"Bridges/culvert crossing",,,,,,,,
2009,"2040002",1,"Trunk roads (Tarmac)","B",250,1,2,4,1,160,
2009,"2040002",2,"Trunk roads (Murram)","A",150,1,1,4,1,250,
2009,"2040002",3,"Feeder roads","A",50,1,1,4,2,,1
2009,"2040002",4,"Community roads",,,,,,,,
2009,"2040002",5,"Bridges/culvert crossing","A",0,1,1,8,1,100,
2009,"2040012",1,"Trunk roads (Tarmac)",,,,,,,,
2009,"2040012",2,"Trunk roads (Murram)",,,,,,,,
2009,"2040012",3,"Feeder roads",,,,,,,,
2009,"2040012",4,"Community roads","A",0,2,,8,2,,2
2009,"2040012",5,"Bridges/culvert crossing",,,,,,,,
2009,"2050004",1,"Trunk roads (Tarmac)",,,,,,,,
2009,"2050004",2,"Trunk roads (Murram)",,,,,,,,
2009,"2050004",3,"Feeder roads","AD",2000,2,1,1,2,,2
2009,"2050004",4,"Community roads",,,,,,,,
2009,"2050004",5,"Bridges/culvert crossing",,1000,,,,,,
2009,"2050013",1,"Trunk roads (Tarmac)",,,,,,,,
2009,"2050013",2,"Trunk roads (Murram)",,,,,,,,
2009,"2050013",3,"Feeder roads",,,,,,,,
2009,"2050013",4,"Community roads","AD",1250,1,1,3,1,2250,
2009,"2050013",5,"Bridges/culvert crossing",,,,,,1,700,
2009,"2070006",1,"Trunk roads (Tarmac)","C",0,,,,,,
2009,"2070006",2,"Trunk roads (Murram)","C",0,,,,,,
2009,"2070006",3,"Feeder roads","B",0,,,,,,
2009,"2070006",4,"Community roads","A",0,1,2,1,2,,2
2009,"2070006",5,"Bridges/culvert crossing","C",0,,,,,,
2009,"2080001",1,"Trunk roads (Tarmac)","C",,,,,,,
2009,"2080001",2,"Trunk roads (Murram)","C",,,,,,,
2009,"2080001",3,"Feeder roads","B",,,,,,,
2009,"2080001",4,"Community roads","A",3500,1,1,1,1,450,
2009,"2080001",5,"Bridges/culvert crossing","C",,,,,,,
2009,"2080005",1,"Trunk roads (Tarmac)","C",,,,,,,
2009,"2080005",2,"Trunk roads (Murram)","C",,,,,,,
2009,"2080005",3,"Feeder roads","B",,,,,,,
2009,"2080005",4,"Community roads","A",1600,1,3,2,0,,2
2009,"2080005",5,"Bridges/culvert crossing","C",,,,,,,
2009,"2080007",1,"Trunk roads (Tarmac)","C",,,,,,,
2009,"2080007",2,"Trunk roads (Murram)","C",,,,,,,
2009,"2080007",3,"Feeder roads","B",,,,,,,
2009,"2080007",4,"Community roads","A",400,1,1,2,1,400,
2009,"2080007",5,"Bridges/culvert crossing","C",,,,,,,
2009,"2090003",1,"Trunk roads (Tarmac)","C",500,1,2,1,2,,2
2009,"2090003",2,"Trunk roads (Murram)",,,,,,,,
2009,"2090003",3,"Feeder roads","A",3500,1,1,3,1,200,
2009,"2090003",4,"Community roads","A",1200,1,3,8,1,150,
2009,"2090003",5,"Bridges/culvert crossing",,,,,,,,
2009,"2090033",1,"Trunk roads (Tarmac)","C",580,1,2,1,2,,2
2009,"2090033",2,"Trunk roads (Murram)","C",2000,1,2,2,2,,2
2009,"2090033",3,"Feeder roads","BA",5430,1,2,1,1,1600,2
2009,"2090033",4,"Community roads","AB",100,1,1,1,1,100,2
2009,"2090033",5,"Bridges/culvert crossing",,,,,,,,
2009,"2100002",1,"Trunk roads (Tarmac)","C",450,1,1,2,1,155,
2009,"2100002",2,"Trunk roads (Murram)","C",1400,1,1,2,1,78,
2009,"2100002",3,"Feeder roads","A",1950,1,1,2,1,980,
2009,"2100002",4,"Community roads","DA",230,2,3,3,1,680,
2009,"2100002",5,"Bridges/culvert crossing","A",300,2,1,1,2,,2
2009,"2100004",1,"Trunk roads (Tarmac)",,,,,,,,
2009,"2100004",2,"Trunk roads (Murram)","C",400,1,3,1,2,,3
2009,"2100004",3,"Feeder roads","B",600,1,3,1,1,400,
2009,"2100004",4,"Community roads","A",600,1,3,1,1,600,
2009,"2100004",5,"Bridges/culvert crossing","CBA",0,1,1,3,1,400,
2009,"2100006",1,"Trunk roads (Tarmac)",,,,,,,,
2009,"2100006",2,"Trunk roads (Murram)",,,,,,,,
2009,"2100006",3,"Feeder roads","B",700,1,2,2,2,,2
2009,"2100006",4,"Community roads","A",720,2,2,3,1,900,
2009,"2100006",5,"Bridges/culvert crossing","AB",0,2,,,2,,2
2009,"2100007",1,"Trunk roads (Tarmac)",,,,,,,,
2009,"2100007",2,"Trunk roads (Murram)","CB",,1,2,1,2,,
2009,"2100007",3,"Feeder roads","B",,1,2,1,1,,
2009,"2100007",4,"Community roads","AD",,2,3,1,1,,
2009,"2100007",5,"Bridges/culvert crossing","A",,1,2,3,1,,
2009,"2110003",1,"Trunk roads (Tarmac)","C",300,1,1,2,2,,1
2009,"2110003",2,"Trunk roads (Murram)","C",600,1,1,2,2,,1
2009,"2110003",3,"Feeder roads","B",,,,,,,
2009,"2110003",4,"Community roads","A",300,2,2,2,2,,2
2009,"2110003",5,"Bridges/culvert crossing","C",6200,1,1,2,1,400,
2009,"2110004",1,"Trunk roads (Tarmac)","C",,,,,,,
2009,"2110004",2,"Trunk roads (Murram)","C",,,,,,,
2009,"2110004",3,"Feeder roads","B",,,,,,,
2009,"2110004",4,"Community roads","A",2600,1,3,2,2,,
2009,"2110004",5,"Bridges/culvert crossing","C",,,,,,,
2009,"2110007",1,"Trunk roads (Tarmac)","C",600,1,1,2,2,,1
2009,"2110007",2,"Trunk roads (Murram)","C",200,1,1,2,2,,1
2009,"2110007",3,"Feeder roads","B",600,1,1,2,2,,1
2009,"2110007",4,"Community roads","A",0,1,2,3,2,,2
2009,"2110007",5,"Bridges/culvert crossing","C",200,1,1,2,2,,1
2009,"2110009",1,"Trunk roads (Tarmac)","C",,,,,,,
2009,"2110009",2,"Trunk roads (Murram)","C",,,,,,,
2009,"2110009",3,"Feeder roads","B",,,,,,,
2009,"2110009",4,"Community roads","A",,,,,,,
2009,"2110009",5,"Bridges/culvert crossing","C",,,,,,,
2009,"2120003",1,"Trunk roads (Tarmac)","C",470,2,2,1,2,,1
2009,"2120003",2,"Trunk roads (Murram)","C",0,2,3,8,2,,1
2009,"2120003",3,"Feeder roads","A",2850,1,2,1,1,850,
2009,"2120003",4,"Community roads",,,,,,,,
2009,"2120003",5,"Bridges/culvert crossing","A",3000,1,1,1,1,1200,
2009,"2120008",1,"Trunk roads (Tarmac)",,,,,,,,
2009,"2120008",2,"Trunk roads (Murram)",,,,,,,,
2009,"2120008",3,"Feeder roads","B",1090,1,2,2,2,,8
2009,"2120008",4,"Community roads","D",2050,2,2,2,1,2050,
2009,"2120008",5,"Bridges/culvert crossing","B",1500,1,3,1,1,1500,
2009,"2120009",1,"Trunk roads (Tarmac)",,,,,,,,
2009,"2120009",2,"Trunk roads (Murram)","CB",200,1,2,2,2,,2
2009,"2120009",3,"Feeder roads","B",300,1,3,2,2,,2
2009,"2120009",4,"Community roads","AD",0,1,1,2,2,,2
2009,"2120009",5,"Bridges/culvert crossing","ABC",0,1,2,2,2,,2
2009,"2120011",1,"Trunk roads (Tarmac)",,,,,,,,
2009,"2120011",2,"Trunk roads (Murram)","C",2600,1,1,2,1,600,
2009,"2120011",3,"Feeder roads","B",1800,1,1,1,2,,2
2009,"2120011",4,"Community roads","A",0,,,,2,2000,
2009,"2120011",5,"Bridges/culvert crossing",,1400,1,2,1,1,1400,
2009,"2120013",1,"Trunk roads (Tarmac)",,,,,,,,
2009,"2120013",2,"Trunk roads (Murram)","C",500,2,3,2,2,,1
2009,"2120013",3,"Feeder roads","B",500,1,2,1,1,320,
2009,"2120013",4,"Community roads","A",0,1,2,1,1,540,
2009,"2120013",5,"Bridges/culvert crossing","AB",100,1,1,1,1,100,
2009,"2150001",1,"Trunk roads (Tarmac)","C",100,1,1,1,2,,2
2009,"2150001",2,"Trunk roads (Murram)",,,,,,,,
2009,"2150001",3,"Feeder roads","B",220,1,2,1,2,,2
2009,"2150001",4,"Community roads","A",1400,1,1,1,1,800,
2009,"2150001",5,"Bridges/culvert crossing","A",400,1,1,1,1,3400,
2009,"2150002",1,"Trunk roads (Tarmac)",,,,,,,,
2009,"2150002",2,"Trunk roads (Murram)",,650,1,2,2,2,,2
2009,"2150002",3,"Feeder roads","B",1050,1,2,1,1,400,2
2009,"2150002",4,"Community roads","D",700,2,2,1,1,350,2
2009,"2150002",5,"Bridges/culvert crossing","B",600,1,2,1,1,30,2
2009,"2150004",1,"Trunk roads (Tarmac)",,,,,,,,
2009,"2150004",2,"Trunk roads (Murram)","C",600,1,2,2,2,,2
2009,"2150004",3,"Feeder roads","B",800,1,2,2,2,,2
2009,"2150004",4,"Community roads","A",0,2,,8,1,350,
2009,"2150004",5,"Bridges/culvert crossing","DA",400,2,2,1,1,400,
2009,"2150006",1,"Trunk roads (Tarmac)",,,,,,,,
2009,"2150006",2,"Trunk roads (Murram)",,,,,,,,
2009,"2150006",3,"Feeder roads","B",400,2,3,1,1,300,
2009,"2150006",4,"Community roads","A",200,2,3,1,1,300,
2009,"2150006",5,"Bridges/culvert crossing","B",0,2,3,1,1,200,
2009,"2160003",1,"Trunk roads (Tarmac)",,,,,,,,
2009,"2160003",2,"Trunk roads (Murram)",,,,,,,,
2009,"2160003",3,"Feeder roads","B",1700,1,2,2,2,,2
2009,"2160003",4,"Community roads","A",700,1,1,2,1,700,
2009,"2160003",5,"Bridges/culvert crossing","C",600,1,2,2,1,600,
2009,"2170009",1,"Trunk roads (Tarmac)",,,,,,,,
2009,"2170009",2,"Trunk roads (Murram)","C",0,1,3,1,2,,1
2009,"2170009",3,"Feeder roads","BA",8960,1,2,1,2,1200,2
2009,"2170009",4,"Community roads","AD",300,1,2,1,1,400,2
2009,"2170009",5,"Bridges/culvert crossing","B",0,1,3,1,1,600,
2009,"2180037",1,"Trunk roads (Tarmac)",,,,,,,,
2009,"2180037",2,"Trunk roads (Murram)","C",300,1,2,1,2,,2
2009,"2180037",3,"Feeder roads","BA",450,1,3,2,1,1250,
2009,"2180037",4,"Community roads","AD",0,2,,1,2,,2
2009,"2180037",5,"Bridges/culvert crossing","ABC",0,1,2,1,1,1600,
2009,"2200001",1,"Trunk roads (Tarmac)",,,,,,,,
2009,"2200001",2,"Trunk roads (Murram)","C",0,2,2,8,2,,2
2009,"2200001",3,"Feeder roads","B",0,2,2,8,1,1820,
2009,"2200001",4,"Community roads","BA",0,2,2,8,2,,2
2009,"2200001",5,"Bridges/culvert crossing","B",0,2,2,8,1,800,
2009,"2230011",1,"Trunk roads (Tarmac)",,,,,,,,
2009,"2230011",2,"Trunk roads (Murram)","C",100,1,2,2,2,,1
2009,"2230011",3,"Feeder roads","AB",1100,1,2,2,1,900,
2009,"2230011",4,"Community roads","D",0,2,,,2,,2
2009,"2230011",5,"Bridges/culvert crossing","B",200,1,1,1,1,200,
2009,"2240013",1,"Trunk roads (Tarmac)",,,,,,,,
2009,"2240013",2,"Trunk roads (Murram)","C",1000,1,3,,1,1000,
2009,"2240013",3,"Feeder roads","B",2000,1,1,8,,,
2009,"2240013",4,"Community roads","A",1100,1,2,8,1,300,
2009,"2240013",5,"Bridges/culvert crossing",,,,,,,,
2009,"3010003",1,"Trunk roads (Tarmac)",,,,,,,,
2009,"3010003",2,"Trunk roads (Murram)","C",2900,2,2,4,1,1900,
2009,"3010003",3,"Feeder roads","B",8600,2,2,1,2,,8
2009,"3010003",4,"Community roads","D",15150,2,3,3,2,,8
2009,"3010003",5,"Bridges/culvert crossing","CB",0,2,2,8,2,,8
2009,"3020002",1,"Trunk roads (Tarmac)","A",105,2,1,1,2,,2
2009,"3020002",2,"Trunk roads (Murram)","C",595,2,3,2,2,,2
2009,"3020002",3,"Feeder roads","AB",600,2,2,8,2,,1
2009,"3020002",4,"Community roads","A",1900,2,2,1,1,580,
2009,"3020002",5,"Bridges/culvert crossing","AB",8,2,2,1,1,2,
2009,"3020003",1,"Trunk roads (Tarmac)","C",800,2,2,1,2,,8
2009,"3020003",2,"Trunk roads (Murram)","C",1000,2,3,2,2,,8
2009,"3020003",3,"Feeder roads","B",2920,2,3,8,2,,8
2009,"3020003",4,"Community roads","DA",10490,1,2,1,1,5200,
2009,"3020003",5,"Bridges/culvert crossing","CBA",21,1,2,1,1,10,
2009,"3020005",1,"Trunk roads (Tarmac)",,,,,,,,
2009,"3020005",2,"Trunk roads (Murram)",,,,,,,,
2009,"3020005",3,"Feeder roads","B",3800,2,2,2,2,,4
2009,"3020005",4,"Community roads","D",32480,2,2,1,2,,4
2009,"3020005",5,"Bridges/culvert crossing","DBA",10600,2,2,1,1,500,
2009,"3020008",1,"Trunk roads (Tarmac)",,,,,,,,
2009,"3020008",2,"Trunk roads (Murram)",,,,,,,,
2009,"3020008",3,"Feeder roads","B",3800,2,2,2,2,,4
2009,"3020008",4,"Community roads","D",32480,2,2,1,2,,4
2009,"3020008",5,"Bridges/culvert crossing","DBA",10600,2,2,1,1,500,
2009,"3020010",1,"Trunk roads (Tarmac)",,,,,,,,
2009,"3020010",2,"Trunk roads (Murram)",,,,,,,,
2009,"3020010",3,"Feeder roads","B",1000,2,3,8,2,,8
2009,"3020010",4,"Community roads","AD",700,2,2,8,1,500,
2009,"3020010",5,"Bridges/culvert crossing","BA",1500,2,2,8,1,100,
2009,"3020013",1,"Trunk roads (Tarmac)",,,,,,,,
2009,"3020013",2,"Trunk roads (Murram)","C",1700,2,3,1,2,,8
2009,"3020013",3,"Feeder roads","BD",3600,2,3,1,1,700,
2009,"3020013",4,"Community roads","AD",9550,2,3,1,1,250,
2009,"3020013",5,"Bridges/culvert crossing","CDB",5900,2,3,1,1,1600,
2009,"3020018",1,"Trunk roads (Tarmac)",,,,,,,,
2009,"3020018",2,"Trunk roads (Murram)","C",4800,2,2,2,2,,1
2009,"3020018",3,"Feeder roads","B",2400,2,3,8,2,,1
2009,"3020018",4,"Community roads","AD",500,1,1,8,2,,1
2009,"3020018",5,"Bridges/culvert crossing","ACD",0,2,,8,1,600,
2009,"3020035",1,"Trunk roads (Tarmac)",,,,,,,,
2009,"3020035",2,"Trunk roads (Murram)","C",1700,2,2,2,2,,1
2009,"3020035",3,"Feeder roads","B",4000,2,2,1,2,,2
2009,"3020035",4,"Community roads","AD",2200,2,3,1,2,,1
2009,"3020035",5,"Bridges/culvert crossing","CB",1200,2,3,1,1,50,
2009,"3030002",1,"Trunk roads (Tarmac)","C",300,2,2,3,2,,1
2009,"3030002",2,"Trunk roads (Murram)",,,,,,,,
2009,"3030002",3,"Feeder roads","A",2600,1,3,4,1,100,
2009,"3030002",4,"Community roads","A",550,1,3,3,2,,2
2009,"3030002",5,"Bridges/culvert crossing","A",900,2,1,3,1,100,
2009,"3030006",1,"Trunk roads (Tarmac)",,,,,,,,
2009,"3030006",2,"Trunk roads (Murram)","C",300,,2,4,2,,1
2009,"3030006",3,"Feeder roads","B",1200,,2,3,2,,1
2009,"3030006",4,"Community roads","A",2950,2,3,3,2,,2
2009,"3030006",5,"Bridges/culvert crossing","B",400,2,3,8,2,,2
2009,"3030009",1,"Trunk roads (Tarmac)",,,,,,,,
2009,"3030009",2,"Trunk roads (Murram)","C",500,1,3,2,2,,8
2009,"3030009",3,"Feeder roads","B",3200,1,3,3,1,400,
2009,"3030009",4,"Community roads","A",2000,1,3,3,2,,1
2009,"3030009",5,"Bridges/culvert crossing","B",0,2,,3,1,200,
2009,"3030015",1,"Trunk roads (Tarmac)","C",1800,2,1,2,2,,8
2009,"3030015",2,"Trunk roads (Murram)","C",1500,2,3,2,1,1500,
2009,"3030015",3,"Feeder roads","B",1860,2,2,1,2,,8
2009,"3030015",4,"Community roads","B",3200,2,2,3,2,,8
2009,"3030015",5,"Bridges/culvert crossing","CB",0,2,,8,1,200,
2009,"3030033",1,"Trunk roads (Tarmac)",,,,,,,,
2009,"3030033",2,"Trunk roads (Murram)","C",1600,2,2,2,2,,8
2009,"3030033",3,"Feeder roads","B",3600,2,2,3,1,2600,
2009,"3030033",4,"Community roads","B",1100,2,2,3,2,,8
2009,"3030033",5,"Bridges/culvert crossing","B",200,1,1,3,1,100,
2009,"3040002",1,"Trunk roads (Tarmac)","CD",1250,1,2,4,2,,2
2009,"3040002",2,"Trunk roads (Murram)","C",400,1,2,1,2,,2
2009,"3040002",3,"Feeder roads","AD",700,1,2,4,1,400,
2009,"3040002",4,"Community roads",,,,,,,,
2009,"3040002",5,"Bridges/culvert crossing","CAD",100,1,1,1,1,100,
2009,"3040007",1,"Trunk roads (Tarmac)","C",50,2,2,2,2,,8
2009,"3040007",2,"Trunk roads (Murram)","C",400,2,2,2,2,,8
2009,"3040007",3,"Feeder roads","AD",150,1,1,2,1,60,
2009,"3040007",4,"Community roads",,,,,,,,
2009,"3040007",5,"Bridges/culvert crossing","CD",3,1,1,1,1,8,
2009,"3040009",1,"Trunk roads (Tarmac)",,,,,,,,
2009,"3040009",2,"Trunk roads (Murram)","C",1920,2,3,3,2,,8
2009,"3040009",3,"Feeder roads","BD",4000,2,2,1,2,,2
2009,"3040009",4,"Community roads","DA",3920,2,2,1,1,3000,
2009,"3040009",5,"Bridges/culvert crossing","B",20,2,2,3,1,7,
2009,"3040014",1,"Trunk roads (Tarmac)","C",2200,2,2,2,2,,1
2009,"3040014",2,"Trunk roads (Murram)","C",1000,2,2,4,2,,2
2009,"3040014",3,"Feeder roads","B",3000,2,3,3,2,,2
2009,"3040014",4,"Community roads","D",4000,2,3,3,2,,2
2009,"3040014",5,"Bridges/culvert crossing","B",4800,2,2,3,2,,2
2009,"3050001",1,"Trunk roads (Tarmac)",,0,2,2,8,2,,8
2009,"3050001",2,"Trunk roads (Murram)","AC",710,1,1,1,2,,8
2009,"3050001",3,"Feeder roads","A",1500,1,1,1,2,,2
2009,"3050001",4,"Community roads",,,,,,,,
2009,"3050001",5,"Bridges/culvert crossing","A",1500,1,1,8,1,1600,
2009,"3060006",1,"Trunk roads (Tarmac)","C",,,,,,,
2009,"3060006",2,"Trunk roads (Murram)","C",,,,,,,
2009,"3060006",3,"Feeder roads","B",,,,,,,
2009,"3060006",4,"Community roads","A",0,1,3,2,2,,
2009,"3060006",5,"Bridges/culvert crossing","C",,,,,,,
2009,"3060007",1,"Trunk roads (Tarmac)",,,,,,,,
2009,"3060007",2,"Trunk roads (Murram)","C",3300,2,1,2,2,,2
2009,"3060007",3,"Feeder roads","B",0,1,3,2,2,,2
2009,"3060007",4,"Community roads","A",2500,2,3,8,1,1500,
2009,"3060007",5,"Bridges/culvert crossing","C",0,2,2,2,2,,2
2009,"3070002",1,"Trunk roads (Tarmac)","CD",300,2,3,2,2,,8
2009,"3070002",2,"Trunk roads (Murram)","DC",150,2,2,1,2,,2
2009,"3070002",3,"Feeder roads","A",100,1,2,3,1,200,
2009,"3070002",4,"Community roads",,,,,,,,
2009,"3070002",5,"Bridges/culvert crossing","A",2500,1,2,1,1,400,
2009,"3070005",1,"Trunk roads (Tarmac)","D",150,2,3,2,2,,8
2009,"3070005",2,"Trunk roads (Murram)","AB",160,2,3,2,2,,8
2009,"3070005",3,"Feeder roads","AD",960,1,2,3,1,800,
2009,"3070005",4,"Community roads","D",25,2,3,3,1,25,
2009,"3070005",5,"Bridges/culvert crossing","A",1100,1,2,2,1,600,
2009,"3070007",1,"Trunk roads (Tarmac)","CA",100,2,2,2,1,100,
2009,"3070007",2,"Trunk roads (Murram)","CA",100,2,2,2,2,,2
2009,"3070007",3,"Feeder roads","A",150,1,2,1,2,,2
2009,"3070007",4,"Community roads",,,,,,,,
2009,"3070007",5,"Bridges/culvert crossing","CA",2,2,2,2,1,2,
2009,"3070012",1,"Trunk roads (Tarmac)","C",1220,2,3,1,2,,2
2009,"3070012",2,"Trunk roads (Murram)","C",1850,2,2,2,2,,2
2009,"3070012",3,"Feeder roads","B",3200,2,3,2,2,,2
2009,"3070012",4,"Community roads","DA",17900,2,1,1,2,,1
2009,"3070012",5,"Bridges/culvert crossing","AD",1000,2,2,1,2,,3
2009,"3070017",1,"Trunk roads (Tarmac)",,,,,,,,8
2009,"3070017",2,"Trunk roads (Murram)","B",2000,2,1,1,2,,2
2009,"3070017",3,"Feeder roads","B",2000,2,2,1,2,,2
2009,"3070017",4,"Community roads","D",8800,2,2,1,1,7000,
2009,"3070017",5,"Bridges/culvert crossing","B",25,2,1,1,1,3,
2009,"3070018",1,"Trunk roads (Tarmac)",,,,,,,,8
2009,"3070018",2,"Trunk roads (Murram)","B",2000,2,1,1,2,,2
2009,"3070018",3,"Feeder roads","B",2000,2,2,1,2,,
2009,"3070018",4,"Community roads","D",8800,2,2,1,1,7000,
2009,"3070018",5,"Bridges/culvert crossing","B",2500,2,1,1,1,300,
2009,"3070020",1,"Trunk roads (Tarmac)",,,,,,,,
2009,"3070020",2,"Trunk roads (Murram)","C",0,2,2,2,2,,2
2009,"3070020",3,"Feeder roads","B",400,2,1,4,2,,2
2009,"3070020",4,"Community roads","A",5600,2,1,3,1,400,
2009,"3070020",5,"Bridges/culvert crossing","CBA",0,2,3,8,2,,2
2009,"3070022",1,"Trunk roads (Tarmac)",,,,,,,,
2009,"3070022",2,"Trunk roads (Murram)","C",900222,2,,,,,
2009,"3070022",3,"Feeder roads","B",5800231,1,,,,,
2009,"3070022",4,"Community roads","D",7200213,1,,,,,
2009,"3070022",5,"Bridges/culvert crossing","B",2900221,1,,,,,
2009,"3070023",1,"Trunk roads (Tarmac)","C",1400,2,2,3,2,,1
2009,"3070023",2,"Trunk roads (Murram)",,,,,,,,
2009,"3070023",3,"Feeder roads","BD",9100,2,3,1,2,,1
2009,"3070023",4,"Community roads","D",2700,2,3,1,2,,1
2009,"3070023",5,"Bridges/culvert crossing","ABD",1400,2,2,8,2,,1
2009,"3070025",1,"Trunk roads (Tarmac)","C",1220,2,3,1,2,,2
2009,"3070025",2,"Trunk roads (Murram)","C",1850,2,2,2,2,,2
2009,"3070025",3,"Feeder roads","B",3200,2,3,2,2,,2
2009,"3070025",4,"Community roads","DA",17900,2,1,8,2,,1
2009,"3070025",5,"Bridges/culvert crossing","DA",1000,2,2,1,2,,3
2009,"3080002",1,"Trunk roads (Tarmac)",,,,,,,,
2009,"3080002",2,"Trunk roads (Murram)",,,,,,,,
2009,"3080002",3,"Feeder roads","B",700,1,3,2,2,,3
2009,"3080002",4,"Community roads",,,,,,,,
2009,"3080002",5,"Bridges/culvert crossing","B",,,,,,,
2009,"3080004",1,"Trunk roads (Tarmac)",,,,,,,,
2009,"3080004",2,"Trunk roads (Murram)","C",,,,,,,
2009,"3080004",3,"Feeder roads","B",,,,,,,
2009,"3080004",4,"Community roads","A",800,1,2,1,2,,
2009,"3080004",5,"Bridges/culvert crossing","C",,,,,,,
2009,"3090001",1,"Trunk roads (Tarmac)",,,,,,,,
2009,"3090001",2,"Trunk roads (Murram)","C",1300,2,2,1,2,,8
2009,"3090001",3,"Feeder roads",,,,,,,,
2009,"3090001",4,"Community roads","A",3500,1,1,3,1,3000,
2009,"3090001",5,"Bridges/culvert crossing","C",600,1,1,1,2,,3
2009,"3090002",1,"Trunk roads (Tarmac)",,,,,,,,
2009,"3090002",2,"Trunk roads (Murram)","C",4200,2,1,2,2,,1
2009,"3090002",3,"Feeder roads","B",4760,2,2,4,1,1400,
2009,"3090002",4,"Community roads","D",2210,2,3,3,2,,1
2009,"3090002",5,"Bridges/culvert crossing","B",2400,2,2,3,1,9800,
2009,"3100001",1,"Trunk roads (Tarmac)","A",550,1,1,1,2,,1
2009,"3100001",2,"Trunk roads (Murram)","A",400,1,1,4,2,,1
2009,"3100001",3,"Feeder roads","A",4800,2,1,3,1,100,
2009,"3100001",4,"Community roads",,,,,,,,
2009,"3100001",5,"Bridges/culvert crossing","A",800,2,1,3,1,100,
2009,"3100004",1,"Trunk roads (Tarmac)","D",110,2,1,1,2,,1
2009,"3100004",2,"Trunk roads (Murram)","D",200,2,1,1,2,,1
2009,"3100004",3,"Feeder roads","D",300,2,2,1,1,100,
2009,"3100004",4,"Community roads","D",2792,2,2,1,2,,2
2009,"3100004",5,"Bridges/culvert crossing","D",2800,2,2,1,1,300,
2009,"3100006",1,"Trunk roads (Tarmac)","C",500,2,1,8,2,,8
2009,"3100006",2,"Trunk roads (Murram)","C",1700,2,2,8,2,,8
2009,"3100006",3,"Feeder roads","B",1300,2,2,4,1,700,
2009,"3100006",4,"Community roads","A",5000,1,2,3,2,,2
2009,"3100006",5,"Bridges/culvert crossing","CB",600,2,2,3,2,,8
2009,"3100007",1,"Trunk roads (Tarmac)",,,,,,,,
2009,"3100007",2,"Trunk roads (Murram)","C",1300,2,2,2,2,,8
2009,"3100007",3,"Feeder roads","B",3000,2,2,3,1,3000,
2009,"3100007",4,"Community roads","A",5700,1,2,3,2,,2
2009,"3100007",5,"Bridges/culvert crossing","ABC",2000,1,2,3,1,200,
2009,"3100008",1,"Trunk roads (Tarmac)",,,,,,,,
2009,"3100008",2,"Trunk roads (Murram)",,,,,,,,
2009,"3100008",3,"Feeder roads","B",3100,1,2,1,1,800,
2009,"3100008",4,"Community roads","AD",800,2,2,3,2,,2
2009,"3100008",5,"Bridges/culvert crossing","A",300,1,2,3,1,100,
2009,"3100009",1,"Trunk roads (Tarmac)",,,,,,,,
2009,"3100009",2,"Trunk roads (Murram)","C",1700,2,1,3,1,1700,
2009,"3100009",3,"Feeder roads","B",3100,2,2,3,1,2500,
2009,"3100009",4,"Community roads","A",0,,,8,1,200,
2009,"3100009",5,"Bridges/culvert crossing","BC",400,2,2,3,1,100,
2009,"3100010",1,"Trunk roads (Tarmac)",,,,,,,,
2009,"3100010",2,"Trunk roads (Murram)","C",2300,1,2,3,1,2300,
2009,"3100010",3,"Feeder roads","BA",3200,1,2,3,2,,8
2009,"3100010",4,"Community roads","AD",3100,2,2,3,1,500,
2009,"3100010",5,"Bridges/culvert crossing","BC",800,1,2,3,1,100,
2009,"3100012",1,"Trunk roads (Tarmac)","C",200,2,1,2,2,,8
2009,"3100012",2,"Trunk roads (Murram)","C",900,2,2,3,2,,8
2009,"3100012",3,"Feeder roads","B",2400,2,2,1,1,1500,
2009,"3100012",4,"Community roads","AD",200,2,3,2,2,,2
2009,"3100012",5,"Bridges/culvert crossing","CB",0,,,,1,100,
2009,"3110001",1,"Trunk roads (Tarmac)","C",,,,,,,
2009,"3110001",2,"Trunk roads (Murram)","C",900,2,1,2,2,,1
2009,"3110001",3,"Feeder roads","B",240,2,2,2,1,120,
2009,"3110001",4,"Community roads","A",910,1,2,8,1,260,
2009,"3110001",5,"Bridges/culvert crossing","B",200,2,1,1,1,200,
2009,"3110003",1,"Trunk roads (Tarmac)","C",,,,,,,
2009,"3110003",2,"Trunk roads (Murram)","C",,,,,,,
2009,"3110003",3,"Feeder roads","B",2400,1,3,3,2,,
2009,"3110003",4,"Community roads","A",,,,,,,
2009,"3110003",5,"Bridges/culvert crossing","C",,,,,,,
2009,"3130001",1,"Trunk roads (Tarmac)",,,,,,,,
2009,"3130001",2,"Trunk roads (Murram)","C",2500,,2,2,1,4000,
2009,"3130001",3,"Feeder roads","B",3000,,2,1,2,,2
2009,"3130001",4,"Community roads","A",7000,1,2,3,2,,2
2009,"3130001",5,"Bridges/culvert crossing","CBA",0,,,,2,,2
2009,"3130002",1,"Trunk roads (Tarmac)",,,,,,,,
2009,"3130002",2,"Trunk roads (Murram)","C",1440,,1,3,2,,8
2009,"3130002",3,"Feeder roads","B",2200,,2,1,1,900,
2009,"3130002",4,"Community roads","CA",16700,2,2,3,1,6300,
2009,"3130002",5,"Bridges/culvert crossing","AB",1700,2,2,3,2,,2
2009,"3130003",1,"Trunk roads (Tarmac)",,,,,,,,
2009,"3130003",2,"Trunk roads (Murram)","C",1440,2,1,2,2,,8
2009,"3130003",3,"Feeder roads","B",2200,2,2,1,1,900,
2009,"3130003",4,"Community roads","DA",16700,2,2,3,1,6300,
2009,"3130003",5,"Bridges/culvert crossing","CAB",1700,2,2,3,2,,2
2009,"3150016",1,"Trunk roads (Tarmac)",,,,,,,,
2009,"3150016",2,"Trunk roads (Murram)","C",0,2,2,8,2,,2
2009,"3150016",3,"Feeder roads","B",600,2,2,8,1,1000,
2009,"3150016",4,"Community roads","AD",0,2,3,8,2,,2
2009,"3150016",5,"Bridges/culvert crossing","B",0,2,3,8,2,,2
2009,"3160016",1,"Trunk roads (Tarmac)",,,,,,,,
2009,"3160016",2,"Trunk roads (Murram)","C",1500,2,3,2,2,,1
2009,"3160016",3,"Feeder roads","B",2200,2,2,3,2,,2
2009,"3160016",4,"Community roads","D",1900,2,3,1,1,2700,
2009,"3160016",5,"Bridges/culvert crossing","B",400,2,3,2,2,,2
2009,"3170009",1,"Trunk roads (Tarmac)","C",2560,2,1,2,1,2560,
2009,"3170009",2,"Trunk roads (Murram)","C",2300,2,2,1,2,,2
2009,"3170009",3,"Feeder roads","B",1500,2,2,1,2,,2
2009,"3170009",4,"Community roads","AD",14100,2,2,3,2,,2
2009,"3170009",5,"Bridges/culvert crossing","CBA",100,2,2,8,1,60,
2009,"3170010",1,"Trunk roads (Tarmac)",,,,,,,,
2009,"3170010",2,"Trunk roads (Murram)","B",4000,2,3,1,2,,3
2009,"3170010",3,"Feeder roads","B",4000,2,3,1,1,1100,
2009,"3170010",4,"Community roads","D",7300,2,2,1,2,,8
2009,"3170010",5,"Bridges/culvert crossing","BD",2200,2,2,2,1,600,
2009,"3170011",1,"Trunk roads (Tarmac)",,,,,,,,
2009,"3170011",2,"Trunk roads (Murram)","C",2500,2,3,3,1,300,
2009,"3170011",3,"Feeder roads","B",800,2,3,1,2,,8
2009,"3170011",4,"Community roads","D",2200,2,1,1,2,,2
2009,"3170011",5,"Bridges/culvert crossing","ABD",200,1,2,1,1,200,
2009,"3180001",1,"Trunk roads (Tarmac)","C",,,,,,,
2009,"3180001",2,"Trunk roads (Murram)","C",,,,,,,
2009,"3180001",3,"Feeder roads","B",,,,,,,
2009,"3180001",4,"Community roads","A",1180,1,2,2,1,1180,
2009,"3180001",5,"Bridges/culvert crossing","C",,,,,,,
2009,"3180002",1,"Trunk roads (Tarmac)","C",,,,,,,
2009,"3180002",2,"Trunk roads (Murram)","C",,,,,,,
2009,"3180002",3,"Feeder roads","B",,,,,,,
2009,"3180002",4,"Community roads","A",0,1,2,3,2,,2
2009,"3180002",5,"Bridges/culvert crossing","C",100,2,2,2,2,,2
2009,"3180003",1,"Trunk roads (Tarmac)",,,,,,,,
2009,"3180003",2,"Trunk roads (Murram)","C",,,,,,,
2009,"3180003",3,"Feeder roads","B",,,3,,,,
2009,"3180003",4,"Community roads","A",1400,2,3,3,2,,2
2009,"3180003",5,"Bridges/culvert crossing","C",0,,3,,,,
2009,"3180004",1,"Trunk roads (Tarmac)","C",,,,,,,
2009,"3180004",2,"Trunk roads (Murram)","C",,,,,,,
2009,"3180004",3,"Feeder roads","B",0,1,3,1,2,,2
2009,"3180004",4,"Community roads","A",,,,,,,
2009,"3180004",5,"Bridges/culvert crossing","C",,,,,,,
2009,"3190005",1,"Trunk roads (Tarmac)",,,,,,,,
2009,"3190005",2,"Trunk roads (Murram)","C",550,2,2,2,2,,1
2009,"3190005",3,"Feeder roads","A",320,1,2,2,2,,1
2009,"3190005",4,"Community roads","A",1970,1,2,3,1,260,
2009,"3190005",5,"Bridges/culvert crossing","CA",4400,1,2,3,1,800,
2009,"3190012",1,"Trunk roads (Tarmac)",,,,,,,,
2009,"3190012",2,"Trunk roads (Murram)","C",1000,2,2,4,2,,1
2009,"3190012",3,"Feeder roads","B",1200,2,1,2,2,,2
2009,"3190012",4,"Community roads","A",300,2,1,3,1,300,
2009,"3190012",5,"Bridges/culvert crossing","A",100,1,3,3,2,,2
2009,"3200018",1,"Trunk roads (Tarmac)",,,,,,,,
2009,"3200018",2,"Trunk roads (Murram)",,,,,,,,
2009,"3200018",3,"Feeder roads","BD",1600,2,2,1,1,1200,
2009,"3200018",4,"Community roads","A",200,2,3,3,2,,2
2009,"3200018",5,"Bridges/culvert crossing","BA",0,2,,,1,100,
2009,"3200021",1,"Trunk roads (Tarmac)",,,,,,,,
2009,"3200021",2,"Trunk roads (Murram)","C",1280,1,3,4,2,,2
2009,"3200021",3,"Feeder roads","B",400,1,3,3,2,,2
2009,"3200021",4,"Community roads","A",3870,2,2,1,1,1300,
2009,"3200021",5,"Bridges/culvert crossing","A",0,1,3,1,2,,2
2009,"3200024",1,"Trunk roads (Tarmac)",,,,,,,,
2009,"3200024",2,"Trunk roads (Murram)","C",1400,2,1,1,2,,8
2009,"3200024",3,"Feeder roads","B",800,2,2,3,2,,8
2009,"3200024",4,"Community roads","B",800,2,1,3,2,,8
2009,"3200024",5,"Bridges/culvert crossing","BC",100,2,1,3,2,,8
2009,"3200027",1,"Trunk roads (Tarmac)",,,,,,,,
2009,"3200027",2,"Trunk roads (Murram)","C",1400,,1,1,2,,8
2009,"3200027",3,"Feeder roads","B",800,,2,3,2,,8
2009,"3200027",4,"Community roads","B",800,,1,3,2,,8
2009,"3200027",5,"Bridges/culvert crossing","BC",100,,1,3,2,,8
2009,"3200030",1,"Trunk roads (Tarmac)",,,,,,,,
2009,"3200030",2,"Trunk roads (Murram)","C",960,2,3,2,2,,8
2009,"3200030",3,"Feeder roads","B",7000,2,3,3,1,800,
2009,"3200030",4,"Community roads","A",5900,2,3,3,1,900,
2009,"3200030",5,"Bridges/culvert crossing","CB",3700,2,2,3,1,300,
2009,"3210021",1,"Trunk roads (Tarmac)","C",1800,2,3,1,2,,8
2009,"3210021",2,"Trunk roads (Murram)","C",0,2,3,8,2,,8
2009,"3210021",3,"Feeder roads","BD",900,2,2,1,2,,2
2009,"3210021",4,"Community roads","DD",12000,2,2,1,1,12000,
2009,"3210021",5,"Bridges/culvert crossing","CBD",4000,2,2,1,1,40,
2009,"3210023",1,"Trunk roads (Tarmac)",,,,,,,,
2009,"3210023",2,"Trunk roads (Murram)","C",1200,2,3,1,2,,8
2009,"3210023",3,"Feeder roads","B",900,2,3,1,2,,8
2009,"3210023",4,"Community roads","D",1200,2,1,1,1,2900,
2009,"3210023",5,"Bridges/culvert crossing","ABCD",300,2,1,1,1,800,
2009,"3210028",1,"Trunk roads (Tarmac)",,,,,,,,
2009,"3210028",2,"Trunk roads (Murram)","C",0,2,,,1,1300,
2009,"3210028",3,"Feeder roads","B",880,2,2,1,1,3220,
2009,"3210028",4,"Community roads","AD",11900,2,1,3,2,,1
2009,"3210028",5,"Bridges/culvert crossing","ABCD",19,2,2,1,1,12,
2009,"3210030",1,"Trunk roads (Tarmac)","C",5000,2,2,1,2,,8
2009,"3210030",2,"Trunk roads (Murram)","C",0,2,3,8,2,,8
2009,"3210030",3,"Feeder roads","BD",2500,2,2,1,1,500,
2009,"3210030",4,"Community roads","DA",4500,2,2,1,1,12200,
2009,"3210030",5,"Bridges/culvert crossing","ABC",0,2,2,8,1,191,
2009,"4010003",1,"Trunk roads (Tarmac)",,,,,,,,
2009,"4010003",2,"Trunk roads (Murram)","C",700,1,2,3,2,,1
2009,"4010003",3,"Feeder roads","B",6600,2,3,3,2,,1
2009,"4010003",4,"Community roads","A",3100,2,3,3,1,600,
2009,"4010003",5,"Bridges/culvert crossing","A",85,2,3,8,1,1,
2009,"4020002",1,"Trunk roads (Tarmac)","C",,,,,,,
2009,"4020002",2,"Trunk roads (Murram)","C",,,,,,,
2009,"4020002",3,"Feeder roads","1",1210,1,2,1,1,300,
2009,"4020002",4,"Community roads","A",900,1,2,1,1,500,
2009,"4020002",5,"Bridges/culvert crossing","A",1000,1,2,1,1,200,
2009,"4020007",1,"Trunk roads (Tarmac)",,,,,,,,
2009,"4020007",2,"Trunk roads (Murram)","C",0,1,2,1,2,,2
2009,"4020007",3,"Feeder roads","A",0,1,2,1,2,,2
2009,"4020007",4,"Community roads","D",3000,2,2,1,1,300,
2009,"4020007",5,"Bridges/culvert crossing","D",900,2,2,1,2,,2
2009,"4020011",1,"Trunk roads (Tarmac)","C",1000,1,2,2,2,,
2009,"4020011",2,"Trunk roads (Murram)",,,,,,,,
2009,"4020011",3,"Feeder roads","B",3600,1,2,3,2,,
2009,"4020011",4,"Community roads",,5000,2,2,1,2,,
2009,"4020011",5,"Bridges/culvert crossing",,2100,2,1,1,1,200,
2009,"4020016",1,"Trunk roads (Tarmac)",,,,,,,,
2009,"4020016",2,"Trunk roads (Murram)",,,,,,,,
2009,"4020016",3,"Feeder roads","B",800,1,3,4,2,,2
2009,"4020016",4,"Community roads","D",8800,1,2,1,1,1700,
2009,"4020016",5,"Bridges/culvert crossing","A",4900,2,2,1,1,800,
2009,"4020020",1,"Trunk roads (Tarmac)","C",0,1,2,1,2,,2
2009,"4020020",2,"Trunk roads (Murram)","B",3900,1,3,3,2,,2
2009,"4020020",3,"Feeder roads","A",2400,1,1,8,2,,2
2009,"4020020",4,"Community roads","D",25500,2,3,8,2,,2
2009,"4020020",5,"Bridges/culvert crossing","D",6400,1,2,8,2,,2
2009,"4020025",1,"Trunk roads (Tarmac)",,,,,,,,
2009,"4020025",2,"Trunk roads (Murram)","B",2000,1,2,1,2,,2
2009,"4020025",3,"Feeder roads","A",1800,2,3,3,2,,8
2009,"4020025",4,"Community roads","D",5400,2,1,1,1,300,
2009,"4020025",5,"Bridges/culvert crossing","A",6000,1,1,3,2,,2
2009,"4020030",1,"Trunk roads (Tarmac)","C",200,1,2,1,2,,2
2009,"4020030",2,"Trunk roads (Murram)","B",1500,1,2,3,2,,2
2009,"4020030",3,"Feeder roads","B",800,1,3,3,2,,2
2009,"4020030",4,"Community roads","D",4000,2,3,3,1,2600,
2009,"4020030",5,"Bridges/culvert crossing","D",5900,2,2,3,1,800,
2009,"4030006",1,"Trunk roads (Tarmac)",,,,,,,,
2009,"4030006",2,"Trunk roads (Murram)",,,,,,,,
2009,"4030006",3,"Feeder roads","C",1700,1,2,2,2,,1
2009,"4030006",4,"Community roads","A",17900,1,3,3,2,,3
2009,"4030006",5,"Bridges/culvert crossing","A",26,1,2,3,2,,2
2009,"4040003",1,"Trunk roads (Tarmac)","D",200,1,2,8,1,200,
2009,"4040003",2,"Trunk roads (Murram)","D",150,1,2,2,2,,2
2009,"4040003",3,"Feeder roads","A",5400,2,3,2,2,,2
2009,"4040003",4,"Community roads","A",6000,2,3,4,1,600,
2009,"4040003",5,"Bridges/culvert crossing","A",800,2,2,1,1,500,
2009,"4040006",1,"Trunk roads (Tarmac)","C",600,1,2,4,2,,2
2009,"4040006",2,"Trunk roads (Murram)",,,,,,,,
2009,"4040006",3,"Feeder roads","B",3750,1,2,1,2,,2
2009,"4040006",4,"Community roads","D",4660,2,3,8,2,,2
2009,"4040006",5,"Bridges/culvert crossing","D",3000,2,2,8,1,100,
2009,"4040008",1,"Trunk roads (Tarmac)","C",,,,,,,
2009,"4040008",2,"Trunk roads (Murram)","C",2100,1,3,2,2,,2
2009,"4040008",3,"Feeder roads","B",2000,2,2,1,1,2000,
2009,"4040008",4,"Community roads","A",1200,2,2,1,2,,2
2009,"4040008",5,"Bridges/culvert crossing","B",3000,2,1,8,2,,2
2009,"4040010",1,"Trunk roads (Tarmac)","C",1700,1,2,4,1,1700,
2009,"4040010",2,"Trunk roads (Murram)","B",1700,1,2,1,2,,2
2009,"4040010",3,"Feeder roads","B",2200,1,2,1,2,,2
2009,"4040010",4,"Community roads","D",6380,1,3,1,1,1200,
2009,"4040010",5,"Bridges/culvert crossing",,,,,,,,
2009,"4040012",1,"Trunk roads (Tarmac)",,,,,,,,
2009,"4040012",2,"Trunk roads (Murram)","B",3000,1,2,3,2,,2
2009,"4040012",3,"Feeder roads","A",5500,1,3,3,2,,2
2009,"4040012",4,"Community roads","D",7000,2,2,3,1,1800,
2009,"4040012",5,"Bridges/culvert crossing","A",7200,1,2,3,1,200,
2009,"4050005",1,"Trunk roads (Tarmac)","D",600,1,1,2,2,,2
2009,"4050005",2,"Trunk roads (Murram)","D",3000,1,1,2,1,500,
2009,"4050005",3,"Feeder roads",,,,,,,,
2009,"4050005",4,"Community roads",,,,,,,,
2009,"4050005",5,"Bridges/culvert crossing","D",65,1,1,3,1,3,
2009,"4050006",1,"Trunk roads (Tarmac)","C",1000,1,1,,,,
2009,"4050006",2,"Trunk roads (Murram)",,,,,,,,
2009,"4050006",3,"Feeder roads","B",3000,1,3,3,2,,2
2009,"4050006",4,"Community roads","A",17700,2,2,3,2,,2
2009,"4050006",5,"Bridges/culvert crossing","A",30,1,2,3,2,,2
2009,"4050010",1,"Trunk roads (Tarmac)","C",500,2,2,2,2,,1
2009,"4050010",2,"Trunk roads (Murram)","B",2200,1,2,1,1,1200,
2009,"4050010",3,"Feeder roads","B",1900,1,2,3,1,,
2009,"4050010",4,"Community roads","D",18400,2,2,3,1,6700,
2009,"4050010",5,"Bridges/culvert crossing","A",16,2,2,8,1,5,
2009,"4060008",1,"Trunk roads (Tarmac)",,,,,,,,
2009,"4060008",2,"Trunk roads (Murram)","C",1500,2,3,8,2,,1
2009,"4060008",3,"Feeder roads","B",1000,2,3,8,2,,1
2009,"4060008",4,"Community roads","A",8200,2,2,3,1,2600,
2009,"4060008",5,"Bridges/culvert crossing","A",27,2,2,3,2,,2
2009,"4060010",1,"Trunk roads (Tarmac)","C",600,2,1,4,2,,
2009,"4060010",2,"Trunk roads (Murram)",,,,,,,,
2009,"4060010",3,"Feeder roads","C",1600,2,2,8,2,,
2009,"4060010",4,"Community roads","D",3700,2,3,8,1,700,
2009,"4060010",5,"Bridges/culvert crossing","C",3400,2,3,8,2,,
2009,"4060011",1,"Trunk roads (Tarmac)",,,,,,,,
2009,"4060011",2,"Trunk roads (Murram)","C",400,1,2,4,2,,2
2009,"4060011",3,"Feeder roads","C",3000,2,2,4,2,,2
2009,"4060011",4,"Community roads","D",4600,2,2,8,2,,2
2009,"4060011",5,"Bridges/culvert crossing","B",13,2,3,8,2,,2
2009,"4060013",1,"Trunk roads (Tarmac)","C",2300,2,3,4,2,,1
2009,"4060013",2,"Trunk roads (Murram)","C",8000,2,3,4,2,,1
2009,"4060013",3,"Feeder roads","B",1950,2,2,4,2,,1
2009,"4060013",4,"Community roads","D",6300,2,3,3,2,,1
2009,"4060013",5,"Bridges/culvert crossing","D",,,2,4,2,,2
2009,"4070003",1,"Trunk roads (Tarmac)",,,,,,,,
2009,"4070003",2,"Trunk roads (Murram)","C",2400,1,2,4,2,,3
2009,"4070003",3,"Feeder roads","B",4320,2,3,3,2,,2
2009,"4070003",4,"Community roads","D",48000,2,3,3,2,,2
2009,"4070003",5,"Bridges/culvert crossing","A",50,2,3,8,2,,2
2009,"4070005",1,"Trunk roads (Tarmac)",,,,,,,,
2009,"4070005",2,"Trunk roads (Murram)",,,,,,,,
2009,"4070005",3,"Feeder roads","C",1100,2,2,4,2,,1
2009,"4070005",4,"Community roads","A",7800,1,1,1,1,1300,
2009,"4070005",5,"Bridges/culvert crossing","A",9,1,1,1,2,,2
2009,"4070007",1,"Trunk roads (Tarmac)",,,,,,,,
2009,"4070007",2,"Trunk roads (Murram)","B",1600,2,1,3,2,,
2009,"4070007",3,"Feeder roads","A",2000,2,3,3,1,1500,
2009,"4070007",4,"Community roads","A",30,2,2,3,1,4,
2009,"4070007",5,"Bridges/culvert crossing",,,,,,,,
2009,"4080002",1,"Trunk roads (Tarmac)",,,,,,,,
2009,"4080002",2,"Trunk roads (Murram)","C",900,2,3,4,2,,2
2009,"4080002",3,"Feeder roads","B",2600,1,3,3,2,,
2009,"4080002",4,"Community roads","A",1100,2,3,3,1,300,
2009,"4080002",5,"Bridges/culvert crossing","A",2700,1,2,3,1,900,
2009,"4080004",1,"Trunk roads (Tarmac)",,,,,,,,
2009,"4080004",2,"Trunk roads (Murram)",,,,,,,,
2009,"4080004",3,"Feeder roads","B",1880,1,2,1,1,250,
2009,"4080004",4,"Community roads","D",3700,2,2,1,1,1450,
2009,"4080004",5,"Bridges/culvert crossing","B",600,1,2,8,1,100,
2009,"4090005",1,"Trunk roads (Tarmac)",,,,,,,,
2009,"4090005",2,"Trunk roads (Murram)","C",0,1,2,3,2,,1
2009,"4090005",3,"Feeder roads","B",0,1,3,,2,,
2009,"4090005",4,"Community roads","A",0,2,,3,2,,2
2009,"4090005",5,"Bridges/culvert crossing","C",,1,2,8,,,
2009,"4090011",1,"Trunk roads (Tarmac)",,,,,,,,
2009,"4090011",2,"Trunk roads (Murram)",,,,,,,,
2009,"4090011",3,"Feeder roads","B",3880,2,3,8,2,,2
2009,"4090011",4,"Community roads","A",8600,2,2,8,2,,2
2009,"4090011",5,"Bridges/culvert crossing","A",2,2,3,8,2,,2
2009,"4100001",1,"Trunk roads (Tarmac)","A",450,1,2,8,2,,2
2009,"4100001",2,"Trunk roads (Murram)","A",850,1,2,8,2,,2
2009,"4100001",3,"Feeder roads","A",350,1,2,8,2,,
2009,"4100001",4,"Community roads","D",2500,2,,2,1,800,
2009,"4100001",5,"Bridges/culvert crossing","A",5200,2,,8,1,2000,
2009,"4100005",1,"Trunk roads (Tarmac)","B",820,1,1,8,1,100,
2009,"4100005",2,"Trunk roads (Murram)","A",570,1,1,1,2,,3
2009,"4100005",3,"Feeder roads","A",3440,1,1,1,1,800,
2009,"4100005",4,"Community roads","D",2260,2,2,1,2,,3
2009,"4100005",5,"Bridges/culvert crossing","A",3200,2,3,8,1,6,
2009,"4100026",1,"Trunk roads (Tarmac)","D",800,1,3,2,2,,8
2009,"4100026",2,"Trunk roads (Murram)","D",800,2,2,4,2,,2
2009,"4100026",3,"Feeder roads","B",4400,1,2,1,1,1000,
2009,"4100026",4,"Community roads","A",3200,1,1,1,1,1700,
2009,"4100026",5,"Bridges/culvert crossing","A",2800,1,2,1,1,900,
2009,"4100029",1,"Trunk roads (Tarmac)",,,,,,,,
2009,"4100029",2,"Trunk roads (Murram)",,,,,,,,
2009,"4100029",3,"Feeder roads","B",500,1,2,4,2,,2
2009,"4100029",4,"Community roads","A",3000,2,3,4,2,,1
2009,"4100029",5,"Bridges/culvert crossing","A",700,2,2,3,2,,2
2009,"4100038",1,"Trunk roads (Tarmac)","C",1760,1,2,4,2,,2
2009,"4100038",2,"Trunk roads (Murram)","B",4500,1,2,4,2,,2
2009,"4100038",3,"Feeder roads","A",5600,2,2,4,1,500,
2009,"4100038",4,"Community roads","D",2000,2,3,1,2,,2
2009,"4100038",5,"Bridges/culvert crossing","A",4500,1,1,1,1,600,
2009,"4110002",1,"Trunk roads (Tarmac)","C",1280,1,2,2,2,,2
2009,"4110002",2,"Trunk roads (Murram)","C",480,1,2,2,2,,2
2009,"4110002",3,"Feeder roads","A",4132,1,1,8,1,270,
2009,"4110002",4,"Community roads","D",3738,2,3,8,1,370,
2009,"4110002",5,"Bridges/culvert crossing","A",3800,1,1,8,1,800,
2009,"4110004",1,"Trunk roads (Tarmac)",,,,,,,,
2009,"4110004",2,"Trunk roads (Murram)","C",1200,1,1,2,2,,2
2009,"4110004",3,"Feeder roads","B",3860,1,2,4,2,,2
2009,"4110004",4,"Community roads","D",8200,2,3,1,1,3300,
2009,"4110004",5,"Bridges/culvert crossing","A",3800,1,2,1,1,600,
2009,"4110006",1,"Trunk roads (Tarmac)",,,,,,,,
2009,"4110006",2,"Trunk roads (Murram)",,,,,,,,
2009,"4110006",3,"Feeder roads","B",6800,1,2,4,2,,
2009,"4110006",4,"Community roads","A",3600,2,2,4,1,1300,
2009,"4110006",5,"Bridges/culvert crossing","A",1000,2,2,1,1,100,
2009,"4110007",1,"Trunk roads (Tarmac)",,,,,,,,
2009,"4110007",2,"Trunk roads (Murram)","C",900,2,1,8,2,,2
2009,"4110007",3,"Feeder roads","B",3340,1,2,8,2,,2
2009,"4110007",4,"Community roads","D",5560,2,2,1,1,350,
2009,"4110007",5,"Bridges/culvert crossing","D",3900,2,3,8,1,800,
2009,"4110009",1,"Trunk roads (Tarmac)","C",1500,1,3,1,2,,2
2009,"4110009",2,"Trunk roads (Murram)","B",900,2,1,2,2,,2
2009,"4110009",3,"Feeder roads","B",6000,2,1,2,2,,
2009,"4110009",4,"Community roads","A",30000,1,2,1,1,5000,
2009,"4110009",5,"Bridges/culvert crossing",,,,,,,,
2009,"4120003",1,"Trunk roads (Tarmac)",,,,,,,,
2009,"4120003",2,"Trunk roads (Murram)","C",1500,2,3,2,1,1300,
2009,"4120003",3,"Feeder roads","B",3300,2,2,8,1,1300,
2009,"4120003",4,"Community roads","D",1800,2,2,1,1,800,
2009,"4120003",5,"Bridges/culvert crossing","D",600,2,2,1,1,400,
2009,"4120005",1,"Trunk roads (Tarmac)",,,,,,,,
2009,"4120005",2,"Trunk roads (Murram)","C",6100,1,3,1,2,,2
2009,"4120005",3,"Feeder roads","A",7200,1,2,1,1,900,
2009,"4120005",4,"Community roads","D",9200,2,2,1,2,,2
2009,"4120005",5,"Bridges/culvert crossing","D",1200,2,2,1,1,100,
2009,"4130002",1,"Trunk roads (Tarmac)",,,,,,,,
2009,"4130002",2,"Trunk roads (Murram)",,,,,,,,
2009,"4130002",3,"Feeder roads","B",,1,3,,,,
2009,"4130002",4,"Community roads","A",1600,2,3,8,1,700,
2009,"4130002",5,"Bridges/culvert crossing","A",6,2,3,8,1,3,
2009,"4130003",1,"Trunk roads (Tarmac)",,,,,,,,
2009,"4130003",2,"Trunk roads (Murram)",,,,,,,,
2009,"4130003",3,"Feeder roads","B",1400,1,3,3,2,,1
2009,"4130003",4,"Community roads","A D",6100,2,2,1,2,,2
2009,"4130003",5,"Bridges/culvert crossing","A",9,2,3,8,2,,2
2009,"4130005",1,"Trunk roads (Tarmac)",,,,,,,,
2009,"4130005",2,"Trunk roads (Murram)","C",1500,2,3,2,2,,
2009,"4130005",3,"Feeder roads","C",2100,2,3,1,2,,
2009,"4130005",4,"Community roads","D",5000,2,2,1,1,305,
2009,"4130005",5,"Bridges/culvert crossing","A",17,2,2,3,1,4,
2009,"4140001",1,"Trunk roads (Tarmac)",,,,,,,,
2009,"4140001",2,"Trunk roads (Murram)","A",90,1,2,1,1,90,
2009,"4140001",3,"Feeder roads","A",5500,2,2,1,1,120,
2009,"4140001",4,"Community roads","D",1200,2,3,8,2,,2
2009,"4140001",5,"Bridges/culvert crossing","A",2300,1,3,1,2,,2
2009,"4140003",1,"Trunk roads (Tarmac)",,,,,,,,
2009,"4140003",2,"Trunk roads (Murram)","C",2100,1,2,8,2,,2
2009,"4140003",3,"Feeder roads","A",2600,2,3,8,1,300,
2009,"4140003",4,"Community roads","D",900,1,2,8,2,,2
2009,"4140003",5,"Bridges/culvert crossing","A",0,1,2,2,1,100,
2009,"4140005",1,"Trunk roads (Tarmac)",,,,,,,,
2009,"4140005",2,"Trunk roads (Murram)",,,,,,,,
2009,"4140005",3,"Feeder roads","B",5000,1,2,1,1,1000,
2009,"4140005",4,"Community roads","D",6100,2,2,3,1,2250,
2009,"4140005",5,"Bridges/culvert crossing",,1700,2,3,3,1,200,
2009,"4150002",1,"Trunk roads (Tarmac)","C",1100,1,1,4,2,,1
2009,"4150002",2,"Trunk roads (Murram)","C",800,1,2,2,2,,2
2009,"4150002",3,"Feeder roads",,,,,,,,
2009,"4150002",4,"Community roads","D",7750,1,1,1,1,50,
2009,"4150002",5,"Bridges/culvert crossing","D",31,1,1,1,1,2,
2009,"4150006",1,"Trunk roads (Tarmac)",,,,,,,,
2009,"4150006",2,"Trunk roads (Murram)",,,,,,,,
2009,"4150006",3,"Feeder roads","B",1600,1,2,1,1,1000,
2009,"4150006",4,"Community roads","A",12000,2,3,3,2,,2
2009,"4150006",5,"Bridges/culvert crossing","A",60,1,2,3,2,,2
2009,"4150007",1,"Trunk roads (Tarmac)",,,,,,,,
2009,"4150007",2,"Trunk roads (Murram)","C",2920,1,1,4,2,,
2009,"4150007",3,"Feeder roads","B",6370,1,2,4,2,,
2009,"4150007",4,"Community roads","D",6000,2,2,1,1,1620,
2009,"4150007",5,"Bridges/culvert crossing","A",18,2,1,3,1,10,
2009,"4150009",1,"Trunk roads (Tarmac)",,,,,,,,
2009,"4150009",2,"Trunk roads (Murram)",,,,,,,,
2009,"4150009",3,"Feeder roads",,,,,,,,
2009,"4150009",4,"Community roads","D",8330,2,2,3,1,1200,
2009,"4150009",5,"Bridges/culvert crossing","A",23,2,2,3,2,,2
2009,"4160007",1,"Trunk roads (Tarmac)",,,,,,,,
2009,"4160007",2,"Trunk roads (Murram)","C",,,,,,,
2009,"4160007",3,"Feeder roads","B",,,,,,,
2009,"4160007",4,"Community roads","A",,2,2,1,2,,2
2009,"4160007",5,"Bridges/culvert crossing","B",,,,,,,
2009,"4170008",1,"Trunk roads (Tarmac)","C",680,1,1,1,1,280,
2009,"4170008",2,"Trunk roads (Murram)","C",400,1,3,4,2,,2
2009,"4170008",3,"Feeder roads",,,,,,,,
2009,"4170008",4,"Community roads","A",7200,1,1,1,1,600,
2009,"4170008",5,"Bridges/culvert crossing",,,,,,,,
2009,"4170014",1,"Trunk roads (Tarmac)",,,,,,,,
2009,"4170014",2,"Trunk roads (Murram)","B",2900,1,3,2,2,,2
2009,"4170014",3,"Feeder roads","A",5700,1,3,2,1,3400,
2009,"4170014",4,"Community roads","A",9200,1,2,1,1,2900,
2009,"4170014",5,"Bridges/culvert crossing","D",1300,2,2,8,2,,2
2009,"4170017",1,"Trunk roads (Tarmac)","C",,,,,,,
2009,"4170017",2,"Trunk roads (Murram)","C",1300,1,2,2,2,,2
2009,"4170017",3,"Feeder roads","B",1500,1,2,2,2,,2
2009,"4170017",4,"Community roads","A",4780,2,3,8,2,,2
2009,"4170017",5,"Bridges/culvert crossing","D",500,2,2,1,2,,2
2009,"4180011",1,"Trunk roads (Tarmac)",,,,,,,,
2009,"4180011",2,"Trunk roads (Murram)","C",2500,1,2,4,2,,2
2009,"4180011",3,"Feeder roads","B",1200,1,2,4,2,,2
2009,"4180011",4,"Community roads","D",0,2,3,8,2,,2
2009,"4180011",5,"Bridges/culvert crossing","D",0,2,2,8,2,,2
2009,"4180020",1,"Trunk roads (Tarmac)",,,,,,,,
2009,"4180020",2,"Trunk roads (Murram)","C",3000,1,1,2,2,,2
2009,"4180020",3,"Feeder roads","A",3100,1,2,1,2,,2
2009,"4180020",4,"Community roads","D",1250,2,3,3,2,,8
2009,"4180020",5,"Bridges/culvert crossing","A",300,2,3,1,2,,2
2009,"4190032",1,"Trunk roads (Tarmac)",,,,,,,,
2009,"4190032",2,"Trunk roads (Murram)","C",3200,1,2,8,2,,2
2009,"4190032",3,"Feeder roads","B",1300,2,1,4,2,,2
2009,"4190032",4,"Community roads","A",4250,2,3,8,1,900,
2009,"4190032",5,"Bridges/culvert crossing","A",1600,2,2,8,2,,2
2009,"4190035",1,"Trunk roads (Tarmac)","C",,,,,,,
2009,"4190035",2,"Trunk roads (Murram)","C",9600,1,3,8,2,,2
2009,"4190035",3,"Feeder roads","B",4900,1,1,8,2,,2
2009,"4190035",4,"Community roads","A",12900,1,1,8,2,,2
2009,"4190035",5,"Bridges/culvert crossing","A",400,2,2,8,2,,2
