"year","comcod","c5dsn","c5dq21","c5dq22","c5dq23"
2009,"1020001",1,"Delayed remittance of fu",,
2009,"1020001",2,"Inadequate facilities",,
2009,"1020001",3,"Inadequate staff",2,1
2009,"1020001",4,"Wide road network",,
2009,"1020001",5,"Lack of peoples' interes",,
2009,"1020001",6,"Inadequate funding",1,1
2009,"1020001",7,"Low pay to staff",,
2009,"1020001",8,"Insecurity",,
2009,"1020001",9,"Other",3,3
2009,"1020002",1,"Delayed remittance of fu",,
2009,"1020002",2,"Inadequate facilities",,
2009,"1020002",3,"Inadequate staff",2,1
2009,"1020002",4,"Wide road network",,
2009,"1020002",5,"Lack of peoples' interes",,
2009,"1020002",6,"Inadequate funding",1,1
2009,"1020002",7,"Low pay to staff",,
2009,"1020002",8,"Insecurity",,
2009,"1020002",9,"Other",3,3
2009,"1020003",1,"Delayed remittance of fu",,
2009,"1020003",2,"Inadequate facilities",,
2009,"1020003",3,"Inadequate staff",2,1
2009,"1020003",4,"Wide road network",,
2009,"1020003",5,"Lack of peoples' interes",,
2009,"1020003",6,"Inadequate funding",1,1
2009,"1020003",7,"Low pay to staff",,
2009,"1020003",8,"Insecurity",,
2009,"1020003",9,"Other",3,3
2009,"1020004",1,"Delayed remittance of fu",,
2009,"1020004",2,"Inadequate facilities",,
2009,"1020004",3,"Inadequate staff",,
2009,"1020004",4,"Wide road network",,
2009,"1020004",5,"Lack of peoples' interes",3,3
2009,"1020004",6,"Inadequate funding",1,3
2009,"1020004",7,"Low pay to staff",,
2009,"1020004",8,"Insecurity",,
2009,"1020004",9,"Other",2,2
2009,"1020006",1,"Delayed remittance of fu",,
2009,"1020006",2,"Inadequate facilities",,
2009,"1020006",3,"Inadequate staff",,
2009,"1020006",4,"Wide road network",,
2009,"1020006",5,"Lack of peoples' interes",3,3
2009,"1020006",6,"Inadequate funding",1,3
2009,"1020006",7,"Low pay to staff",,
2009,"1020006",8,"Insecurity",,
2009,"1020006",9,"Other",2,3
2009,"1020007",1,"Delayed remittance of fu",,
2009,"1020007",2,"Inadequate facilities",,
2009,"1020007",3,"Inadequate staff",,
2009,"1020007",4,"Wide road network",,
2009,"1020007",5,"Lack of peoples' interes",3,3
2009,"1020007",6,"Inadequate funding",1,3
2009,"1020007",7,"Low pay to staff",,
2009,"1020007",8,"Insecurity",,
2009,"1020007",9,"Other",2,2
2009,"1020008",1,"Delayed remittance of fu",,
2009,"1020008",2,"Inadequate facilities",,
2009,"1020008",3,"Inadequate staff",,
2009,"1020008",4,"Wide road network",,
2009,"1020008",5,"Lack of peoples' interes",3,3
2009,"1020008",6,"Inadequate funding",1,3
2009,"1020008",7,"Low pay to staff",,
2009,"1020008",8,"Insecurity",,
2009,"1020008",9,"Other",2,2
2009,"1020010",1,"Delayed remittance of fu",,
2009,"1020010",2,"Inadequate facilities",,
2009,"1020010",3,"Inadequate staff",,
2009,"1020010",4,"Wide road network",,
2009,"1020010",5,"Lack of peoples' interes",3,3
2009,"1020010",6,"Inadequate funding",1,3
2009,"1020010",7,"Low pay to staff",,
2009,"1020010",8,"Insecurity",,
2009,"1020010",9,"Other",2,2
2009,"1020012",1,"Delayed remittance of fu",3,1
2009,"1020012",2,"Inadequate facilities",,
2009,"1020012",3,"Inadequate staff",2,2
2009,"1020012",4,"Wide road network",,
2009,"1020012",5,"Lack of peoples' interes",,
2009,"1020012",6,"Inadequate funding",1,1
2009,"1020012",7,"Low pay to staff",,
2009,"1020012",8,"Insecurity",,
2009,"1020012",9,"Other",,
2009,"1020013",1,"Delayed remittance of fu",,
2009,"1020013",2,"Inadequate facilities",,
2009,"1020013",3,"Inadequate staff",3,1
2009,"1020013",4,"Wide road network",,
2009,"1020013",5,"Lack of peoples' interes",,
2009,"1020013",6,"Inadequate funding",1,2
2009,"1020013",7,"Low pay to staff",,
2009,"1020013",8,"Insecurity",,
2009,"1020013",9,"Other",2,2
2009,"1020018",1,"Delayed remittance of fu",,
2009,"1020018",2,"Inadequate facilities",,
2009,"1020018",3,"Inadequate staff",,
2009,"1020018",4,"Wide road network",,
2009,"1020018",5,"Lack of peoples' interes",,
2009,"1020018",6,"Inadequate funding",,
2009,"1020018",7,"Low pay to staff",,
2009,"1020018",8,"Insecurity",,
2009,"1020018",9,"Other",,
2009,"1020019",1,"Delayed remittance of fu",3,1
2009,"1020019",2,"Inadequate facilities",,
2009,"1020019",3,"Inadequate staff",2,2
2009,"1020019",4,"Wide road network",,
2009,"1020019",5,"Lack of peoples' interes",,
2009,"1020019",6,"Inadequate funding",1,1
2009,"1020019",7,"Low pay to staff",,
2009,"1020019",8,"Insecurity",,
2009,"1020019",9,"Other",,
2009,"1020020",1,"Delayed remittance of fu",,
2009,"1020020",2,"Inadequate facilities",,
2009,"1020020",3,"Inadequate staff",,
2009,"1020020",4,"Wide road network",,
2009,"1020020",5,"Lack of peoples' interes",,
2009,"1020020",6,"Inadequate funding",,
2009,"1020020",7,"Low pay to staff",,
2009,"1020020",8,"Insecurity",,
2009,"1020020",9,"Other",,
2009,"1020021",1,"Delayed remittance of fu",,
2009,"1020021",2,"Inadequate facilities",,
2009,"1020021",3,"Inadequate staff",,
2009,"1020021",4,"Wide road network",,
2009,"1020021",5,"Lack of peoples' interes",,
2009,"1020021",6,"Inadequate funding",,
2009,"1020021",7,"Low pay to staff",,
2009,"1020021",8,"Insecurity",,
2009,"1020021",9,"Other",,
2009,"1030003",1,"Delayed remittance of fu",2,1
2009,"1030003",2,"Inadequate facilities",,
2009,"1030003",3,"Inadequate staff",,
2009,"1030003",4,"Wide road network",,
2009,"1030003",5,"Lack of peoples' interes",,
2009,"1030003",6,"Inadequate funding",1,2
2009,"1030003",7,"Low pay to staff",,
2009,"1030003",8,"Insecurity",,
2009,"1030003",9,"Other",,
2009,"1030005",1,"Delayed remittance of fu",,
2009,"1030005",2,"Inadequate facilities",,
2009,"1030005",3,"Inadequate staff",,
2009,"1030005",4,"Wide road network",,
2009,"1030005",5,"Lack of peoples' interes",,
2009,"1030005",6,"Inadequate funding",1,3
2009,"1030005",7,"Low pay to staff",,
2009,"1030005",8,"Insecurity",,
2009,"1030005",9,"Other",2,2
2009,"1040002",1,"Delayed remittance of fu",,
2009,"1040002",2,"Inadequate facilities",,
2009,"1040002",3,"Inadequate staff",,
2009,"1040002",4,"Wide road network",,
2009,"1040002",5,"Lack of peoples' interes",,
2009,"1040002",6,"Inadequate funding",1,3
2009,"1040002",7,"Low pay to staff",3,3
2009,"1040002",8,"Insecurity",,
2009,"1040002",9,"Other",2,2
2009,"1040004",1,"Delayed remittance of fu",,
2009,"1040004",2,"Inadequate facilities",,
2009,"1040004",3,"Inadequate staff",2,2
2009,"1040004",4,"Wide road network",,
2009,"1040004",5,"Lack of peoples' interes",3,3
2009,"1040004",6,"Inadequate funding",1,2
2009,"1040004",7,"Low pay to staff",,
2009,"1040006",1,"Delayed remittance of fu",,
2009,"1040006",2,"Inadequate facilities",,
2009,"1040006",3,"Inadequate staff",,
2009,"1040006",4,"Wide road network",,
2009,"1040006",5,"Lack of peoples' interes",,
2009,"1040006",6,"Inadequate funding",,
2009,"1040006",7,"Low pay to staff",,
2009,"1040006",8,"Insecurity",,
2009,"1040006",9,"Other",,
2009,"1040008",1,"Delayed remittance of fu",,
2009,"1040008",2,"Inadequate facilities",,
2009,"1040008",3,"Inadequate staff",,
2009,"1040008",4,"Wide road network",,
2009,"1040008",5,"Lack of peoples' interes",,
2009,"1040008",6,"Inadequate funding",1,
2009,"1040008",7,"Low pay to staff",,
2009,"1040008",8,"Insecurity",,
2009,"1040008",9,"Other",,
2009,"1050001",1,"Delayed remittance of fu",2,2
2009,"1050001",2,"Inadequate facilities",,
2009,"1050001",3,"Inadequate staff",,
2009,"1050001",4,"Wide road network",,
2009,"1050001",5,"Lack of peoples' interes",,
2009,"1050001",6,"Inadequate funding",3,2
2009,"1050001",7,"Low pay to staff",,
2009,"1050001",8,"Insecurity",,
2009,"1050001",9,"Other",1,3
2009,"1050004",1,"Delayed remittance of fu",2,3
2009,"1050004",2,"Inadequate facilities",,
2009,"1050004",3,"Inadequate staff",,
2009,"1050004",4,"Wide road network",,
2009,"1050004",5,"Lack of peoples' interes",,
2009,"1050004",6,"Inadequate funding",1,1
2009,"1050004",7,"Low pay to staff",,
2009,"1050004",8,"Insecurity",,
2009,"1050004",9,"Other",3,2
2009,"1050008",1,"Delayed remittance of fu",,
2009,"1050008",2,"Inadequate facilities",2,2
2009,"1050008",3,"Inadequate staff",,
2009,"1050008",4,"Wide road network",,
2009,"1050008",5,"Lack of peoples' interes",,
2009,"1050008",6,"Inadequate funding",1,3
2009,"1050008",7,"Low pay to staff",,
2009,"1050008",8,"Insecurity",,
2009,"1050008",9,"Other",3,1
2009,"1050012",1,"Delayed remittance of fu",,
2009,"1050012",2,"Inadequate facilities",,
2009,"1050012",3,"Inadequate staff",,
2009,"1050012",4,"Wide road network",,
2009,"1050012",5,"Lack of peoples' interes",3,3
2009,"1050012",6,"Inadequate funding",1,3
2009,"1050012",7,"Low pay to staff",,
2009,"1050012",8,"Insecurity",,
2009,"1050012",9,"Other",2,3
2009,"1050015",1,"Delayed remittance of fu",,
2009,"1050015",2,"Inadequate facilities",,
2009,"1050015",3,"Inadequate staff",,
2009,"1050015",4,"Wide road network",,
2009,"1050015",5,"Lack of peoples' interes",,
2009,"1050015",6,"Inadequate funding",1,2
2009,"1050015",7,"Low pay to staff",,
2009,"1050015",8,"Insecurity",,
2009,"1050015",9,"Other",2,2
2009,"1050023",1,"Delayed remittance of fu",,
2009,"1050023",2,"Inadequate facilities",,
2009,"1050023",3,"Inadequate staff",,
2009,"1050023",4,"Wide road network",,
2009,"1050023",5,"Lack of peoples' interes",2,1
2009,"1050023",6,"Inadequate funding",,
2009,"1050023",7,"Low pay to staff",,
2009,"1050023",8,"Insecurity",,
2009,"1050023",9,"Other",1,2
2009,"1050026",1,"Delayed remittance of fu",,
2009,"1050026",2,"Inadequate facilities",,
2009,"1050026",3,"Inadequate staff",,
2009,"1050026",4,"Wide road network",,
2009,"1050026",5,"Lack of peoples' interes",2,3
2009,"1050026",6,"Inadequate funding",1,3
2009,"1050026",7,"Low pay to staff",,
2009,"1050026",8,"Insecurity",,
2009,"1050026",9,"Other",3,2
2009,"1050030",1,"Delayed remittance of fu",2,2
2009,"1050030",2,"Inadequate facilities",,
2009,"1050030",3,"Inadequate staff",,
2009,"1050030",4,"Wide road network",,
2009,"1050030",5,"Lack of peoples' interes",3,1
2009,"1050030",6,"Inadequate funding",1,2
2009,"1050030",7,"Low pay to staff",,
2009,"1050030",8,"Insecurity",,
2009,"1050030",9,"Other",,
2009,"1050033",1,"Delayed remittance of fu",,
2009,"1050033",2,"Inadequate facilities",,
2009,"1050033",3,"Inadequate staff",,
2009,"1050033",4,"Wide road network",,
2009,"1050033",5,"Lack of peoples' interes",2,2
2009,"1050033",6,"Inadequate funding",1,2
2009,"1050033",7,"Low pay to staff",,
2009,"1050033",8,"Insecurity",,
2009,"1050033",9,"Other",,
2009,"1060003",1,"Delayed remittance of fu",,
2009,"1060003",2,"Inadequate facilities",,
2009,"1060003",3,"Inadequate staff",2,2
2009,"1060003",4,"Wide road network",,
2009,"1060003",5,"Lack of peoples' interes",,
2009,"1060003",6,"Inadequate funding",1,3
2009,"1060003",7,"Low pay to staff",,
2009,"1060003",8,"Insecurity",,
2009,"1060003",9,"Other",,
2009,"1060005",1,"Delayed remittance of fu",,
2009,"1060005",2,"Inadequate facilities",,
2009,"1060005",3,"Inadequate staff",,
2009,"1060005",4,"Wide road network",,
2009,"1060005",5,"Lack of peoples' interes",,
2009,"1060005",6,"Inadequate funding",1,3
2009,"1060005",7,"Low pay to staff",,
2009,"1060005",8,"Insecurity",,
2009,"1060005",9,"Other",2,2
2009,"1060007",1,"Delayed remittance of fu",,
2009,"1060007",2,"Inadequate facilities",,
2009,"1060007",3,"Inadequate staff",,
2009,"1060007",4,"Wide road network",,
2009,"1060007",5,"Lack of peoples' interes",,
2009,"1060007",6,"Inadequate funding",1,2
2009,"1060007",7,"Low pay to staff",,
2009,"1060007",8,"Insecurity",,
2009,"1060007",9,"Other",2,3
2009,"1060009",1,"Delayed remittance of fu",,
2009,"1060009",2,"Inadequate facilities",2,2
2009,"1060009",3,"Inadequate staff",,
2009,"1060009",4,"Wide road network",1,2
2009,"1060009",5,"Lack of peoples' interes",3,1
2009,"1060009",6,"Inadequate funding",,
2009,"1060009",7,"Low pay to staff",,
2009,"1060009",8,"Insecurity",,
2009,"1060009",9,"Other",,
2009,"1070001",1,"Delayed remittance of fu",,
2009,"1070001",2,"Inadequate facilities",1,2
2009,"1070001",3,"Inadequate staff",,
2009,"1070001",4,"Wide road network",,
2009,"1070001",5,"Lack of peoples' interes",,
2009,"1070001",6,"Inadequate funding",2,2
2009,"1070001",7,"Low pay to staff",,
2009,"1070001",8,"Insecurity",,
2009,"1070001",9,"Other",,
2009,"1070002",1,"Delayed remittance of fu",,
2009,"1070002",2,"Inadequate facilities",,
2009,"1070002",3,"Inadequate staff",,
2009,"1070002",4,"Wide road network",,
2009,"1070002",5,"Lack of peoples' interes",2,3
2009,"1070002",6,"Inadequate funding",1,3
2009,"1070002",7,"Low pay to staff",,
2009,"1070002",8,"Insecurity",,
2009,"1070002",9,"Other",,
2009,"1070008",1,"Delayed remittance of fu",2,3
2009,"1070008",2,"Inadequate facilities",,
2009,"1070008",3,"Inadequate staff",,
2009,"1070008",4,"Wide road network",,
2009,"1070008",5,"Lack of peoples' interes",,
2009,"1070008",6,"Inadequate funding",1,3
2009,"1070008",7,"Low pay to staff",,
2009,"1070008",8,"Insecurity",,
2009,"1070008",9,"Other",3,3
2009,"1070016",1,"Delayed remittance of fu",,
2009,"1070016",2,"Inadequate facilities",,
2009,"1070016",3,"Inadequate staff",,
2009,"1070016",4,"Wide road network",,
2009,"1070016",5,"Lack of peoples' interes",1,2
2009,"1070016",6,"Inadequate funding",3,2
2009,"1070016",7,"Low pay to staff",,
2009,"1070016",8,"Insecurity",,
2009,"1070016",9,"Other",2,2
2009,"1070020",1,"Delayed remittance of fu",3,2
2009,"1070020",2,"Inadequate facilities",,
2009,"1070020",3,"Inadequate staff",,
2009,"1070020",4,"Wide road network",,
2009,"1070020",5,"Lack of peoples' interes",1,3
2009,"1070020",6,"Inadequate funding",2,2
2009,"1070020",7,"Low pay to staff",,
2009,"1070020",8,"Insecurity",,
2009,"1070020",9,"Other",,
2009,"1070023",1,"Delayed remittance of fu",,
2009,"1070023",2,"Inadequate facilities",,
2009,"1070023",3,"Inadequate staff",,
2009,"1070023",4,"Wide road network",,
2009,"1070023",5,"Lack of peoples' interes",,
2009,"1070023",6,"Inadequate funding",1,2
2009,"1070023",7,"Low pay to staff",,
2009,"1070023",8,"Insecurity",,
2009,"1070023",9,"Other",2,3
2009,"1080002",1,"Delayed remittance of fu",2,2
2009,"1080002",2,"Inadequate facilities",3,1
2009,"1080002",3,"Inadequate staff",,
2009,"1080002",4,"Wide road network",,
2009,"1080002",5,"Lack of peoples' interes",,
2009,"1080002",6,"Inadequate funding",1,2
2009,"1080002",7,"Low pay to staff",,
2009,"1080002",8,"Insecurity",,
2009,"1080002",9,"Other",,
2009,"1080003",1,"Delayed remittance of fu",,
2009,"1080003",2,"Inadequate facilities",3,2
2009,"1080003",3,"Inadequate staff",,
2009,"1080003",4,"Wide road network",,
2009,"1080003",5,"Lack of peoples' interes",,
2009,"1080003",6,"Inadequate funding",2,2
2009,"1080003",7,"Low pay to staff",,
2009,"1080003",8,"Insecurity",,
2009,"1080003",9,"Other",1,2
2009,"1080006",1,"Delayed remittance of fu",,
2009,"1080006",2,"Inadequate facilities",,
2009,"1080006",3,"Inadequate staff",,
2009,"1080006",4,"Wide road network",3,2
2009,"1080006",5,"Lack of peoples' interes",2,3
2009,"1080006",6,"Inadequate funding",1,2
2009,"1080006",7,"Low pay to staff",,
2009,"1080006",8,"Insecurity",,
2009,"1080006",9,"Other",,
2009,"1080009",1,"Delayed remittance of fu",,
2009,"1080009",2,"Inadequate facilities",,
2009,"1080009",3,"Inadequate staff",,
2009,"1080009",4,"Wide road network",,
2009,"1080009",5,"Lack of peoples' interes",,
2009,"1080009",6,"Inadequate funding",1,3
2009,"1080009",7,"Low pay to staff",,
2009,"1080009",8,"Insecurity",,
2009,"1080009",9,"Other",2,2
2009,"1080013",1,"Delayed remittance of fu",,
2009,"1080013",2,"Inadequate facilities",,
2009,"1080013",3,"Inadequate staff",,
2009,"1080013",4,"Wide road network",,
2009,"1080013",5,"Lack of peoples' interes",2,2
2009,"1080013",6,"Inadequate funding",1,3
2009,"1080013",7,"Low pay to staff",,
2009,"1080013",8,"Insecurity",,
2009,"1080013",9,"Other",,
2009,"1080020",1,"Delayed remittance of fu",2,2
2009,"1080020",2,"Inadequate facilities",,
2009,"1080020",3,"Inadequate staff",,
2009,"1080020",4,"Wide road network",,
2009,"1080020",5,"Lack of peoples' interes",,
2009,"1080020",6,"Inadequate funding",1,2
2009,"1080020",7,"Low pay to staff",,
2009,"1080020",8,"Insecurity",,
2009,"1080020",9,"Other",3,2
2009,"1080023",1,"Delayed remittance of fu",,
2009,"1080023",2,"Inadequate facilities",,
2009,"1080023",3,"Inadequate staff",,
2009,"1080023",4,"Wide road network",,
2009,"1080023",5,"Lack of peoples' interes",,
2009,"1080023",6,"Inadequate funding",2,2
2009,"1080023",7,"Low pay to staff",,
2009,"1080023",8,"Insecurity",,
2009,"1080023",9,"Other",1,2
2009,"1080033",1,"Delayed remittance of fu",,
2009,"1080033",2,"Inadequate facilities",,
2009,"1080033",3,"Inadequate staff",,
2009,"1080033",4,"Wide road network",,
2009,"1080033",5,"Lack of peoples' interes",2,3
2009,"1080033",6,"Inadequate funding",1,2
2009,"1080033",7,"Low pay to staff",,
2009,"1080033",8,"Insecurity",,
2009,"1080033",9,"Other",3,2
2009,"1090004",1,"Delayed remittance of fu",2,3
2009,"1090004",2,"Inadequate facilities",,
2009,"1090004",3,"Inadequate staff",,
2009,"1090004",4,"Wide road network",,
2009,"1090004",5,"Lack of peoples' interes",,
2009,"1090004",6,"Inadequate funding",1,3
2009,"1090004",7,"Low pay to staff",,
2009,"1090004",8,"Insecurity",,
2009,"1090004",9,"Other",,
2009,"1100001",1,"Delayed remittance of fu",,
2009,"1100001",2,"Inadequate facilities",,
2009,"1100001",3,"Inadequate staff",,
2009,"1100001",4,"Wide road network",,
2009,"1100001",5,"Lack of peoples' interes",,
2009,"1100001",6,"Inadequate funding",1,1
2009,"1100001",7,"Low pay to staff",,
2009,"1100001",8,"Insecurity",3,1
2009,"1100001",9,"Other",2,2
2009,"1100005",1,"Delayed remittance of fu",,
2009,"1100005",2,"Inadequate facilities",,
2009,"1100005",3,"Inadequate staff",,
2009,"1100005",4,"Wide road network",,
2009,"1100005",5,"Lack of peoples' interes",,
2009,"1100005",6,"Inadequate funding",1,1
2009,"1100005",7,"Low pay to staff",,
2009,"1100005",8,"Insecurity",,
2009,"1100005",9,"Other",2,2
2009,"1100012",1,"Delayed remittance of fu",2,3
2009,"1100012",2,"Inadequate facilities",,
2009,"1100012",3,"Inadequate staff",,
2009,"1100012",4,"Wide road network",,
2009,"1100012",5,"Lack of peoples' interes",3,1
2009,"1100012",6,"Inadequate funding",1,3
2009,"1100012",7,"Low pay to staff",,
2009,"1100012",8,"Insecurity",,
2009,"1100012",9,"Other",,
2009,"1110001",1,"Delayed remittance of fu",,
2009,"1110001",2,"Inadequate facilities",,
2009,"1110001",3,"Inadequate staff",,
2009,"1110001",4,"Wide road network",,
2009,"1110001",5,"Lack of peoples' interes",,
2009,"1110001",6,"Inadequate funding",1,1
2009,"1110001",7,"Low pay to staff",,
2009,"1110001",8,"Insecurity",,
2009,"1110001",9,"Other",,
2009,"1110003",1,"Delayed remittance of fu",2,2
2009,"1110003",2,"Inadequate facilities",,
2009,"1110003",3,"Inadequate staff",,
2009,"1110003",4,"Wide road network",,
2009,"1110003",5,"Lack of peoples' interes",,
2009,"1110003",6,"Inadequate funding",1,2
2009,"1110003",7,"Low pay to staff",,
2009,"1110003",8,"Insecurity",,
2009,"1110003",9,"Other",3,1
2009,"1110005",1,"Delayed remittance of fu",,
2009,"1110005",2,"Inadequate facilities",,
2009,"1110005",3,"Inadequate staff",,
2009,"1110005",4,"Wide road network",,
2009,"1110005",5,"Lack of peoples' interes",2,1
2009,"1110005",6,"Inadequate funding",1,1
2009,"1110005",7,"Low pay to staff",,
2009,"1110005",8,"Insecurity",,
2009,"1110005",9,"Other",,
2009,"1120001",1,"Delayed remittance of fu",2,2
2009,"1120001",2,"Inadequate facilities",,
2009,"1120001",3,"Inadequate staff",,
2009,"1120001",4,"Wide road network",,
2009,"1120001",5,"Lack of peoples' interes",3,3
2009,"1120001",6,"Inadequate funding",1,1
2009,"1120001",7,"Low pay to staff",,
2009,"1120001",8,"Insecurity",,
2009,"1120001",9,"Other",,
2009,"1120003",1,"Delayed remittance of fu",,
2009,"1120003",2,"Inadequate facilities",,
2009,"1120003",3,"Inadequate staff",,
2009,"1120003",4,"Wide road network",,
2009,"1120003",5,"Lack of peoples' interes",,
2009,"1120003",6,"Inadequate funding",2,3
2009,"1120003",7,"Low pay to staff",,
2009,"1120003",8,"Insecurity",,
2009,"1120003",9,"Other",1,1
2009,"1120006",1,"Delayed remittance of fu",2,2
2009,"1120006",2,"Inadequate facilities",,
2009,"1120006",3,"Inadequate staff",,
2009,"1120006",4,"Wide road network",,
2009,"1120006",5,"Lack of peoples' interes",3,3
2009,"1120006",6,"Inadequate funding",1,1
2009,"1120006",7,"Low pay to staff",,
2009,"1120006",8,"Insecurity",,
2009,"1120006",9,"Other",,
2009,"1130003",1,"Delayed remittance of fu",,
2009,"1130003",2,"Inadequate facilities",,
2009,"1130003",3,"Inadequate staff",,
2009,"1130003",4,"Wide road network",3,2
2009,"1130003",5,"Lack of peoples' interes",,
2009,"1130003",6,"Inadequate funding",1,3
2009,"1130003",7,"Low pay to staff",,
2009,"1130003",8,"Insecurity",,
2009,"1130003",9,"Other",2,2
2009,"1130008",1,"Delayed remittance of fu",,
2009,"1130008",2,"Inadequate facilities",,
2009,"1130008",3,"Inadequate staff",,
2009,"1130008",4,"Wide road network",,
2009,"1130008",5,"Lack of peoples' interes",3,2
2009,"1130008",6,"Inadequate funding",1,2
2009,"1130008",7,"Low pay to staff",,
2009,"1130008",8,"Insecurity",,
2009,"1130008",9,"Other",2,2
2009,"1130010",1,"Delayed remittance of fu",,
2009,"1130010",2,"Inadequate facilities",2,2
2009,"1130010",3,"Inadequate staff",,
2009,"1130010",4,"Wide road network",,
2009,"1130010",5,"Lack of peoples' interes",,
2009,"1130010",6,"Inadequate funding",1,2
2009,"1130010",7,"Low pay to staff",,
2009,"1130010",8,"Insecurity",,
2009,"1130010",9,"Other",3,2
2009,"1130012",1,"Delayed remittance of fu",,
2009,"1130012",2,"Inadequate facilities",1,2
2009,"1130012",3,"Inadequate staff",,
2009,"1130012",4,"Wide road network",,
2009,"1130012",5,"Lack of peoples' interes",2,2
2009,"1130012",6,"Inadequate funding",,
2009,"1130012",7,"Low pay to staff",,
2009,"1130012",8,"Insecurity",,
2009,"1130012",9,"Other",3,2
2009,"1130016",1,"Delayed remittance of fu",2,1
2009,"1130016",2,"Inadequate facilities",,
2009,"1130016",3,"Inadequate staff",,
2009,"1130016",4,"Wide road network",,
2009,"1130016",5,"Lack of peoples' interes",,
2009,"1130016",6,"Inadequate funding",1,2
2009,"1130016",7,"Low pay to staff",,
2009,"1130016",8,"Insecurity",,
2009,"1130016",9,"Other",3,2
2009,"1130019",1,"Delayed remittance of fu",3,2
2009,"1130019",2,"Inadequate facilities",,
2009,"1130019",3,"Inadequate staff",,
2009,"1130019",4,"Wide road network",,
2009,"1130019",5,"Lack of peoples' interes",,
2009,"1130019",6,"Inadequate funding",1,2
2009,"1130019",7,"Low pay to staff",,
2009,"1130019",8,"Insecurity",,
2009,"1130019",9,"Other",2,2
2009,"1130021",1,"Delayed remittance of fu",2,2
2009,"1130021",2,"Inadequate facilities",,
2009,"1130021",3,"Inadequate staff",,
2009,"1130021",4,"Wide road network",,
2009,"1130021",5,"Lack of peoples' interes",,
2009,"1130021",6,"Inadequate funding",1,2
2009,"1130021",7,"Low pay to staff",,
2009,"1130021",8,"Insecurity",,
2009,"1130021",9,"Other",,
2009,"1130023",1,"Delayed remittance of fu",,
2009,"1130023",2,"Inadequate facilities",,
2009,"1130023",3,"Inadequate staff",,
2009,"1130023",4,"Wide road network",,
2009,"1130023",5,"Lack of peoples' interes",2,3
2009,"1130023",6,"Inadequate funding",1,3
2009,"1130023",7,"Low pay to staff",,
2009,"1130023",8,"Insecurity",,
2009,"1130023",9,"Other",,
2009,"1140003",1,"Delayed remittance of fu",,
2009,"1140003",2,"Inadequate facilities",,
2009,"1140003",3,"Inadequate staff",,
2009,"1140003",4,"Wide road network",,
2009,"1140003",5,"Lack of peoples' interes",2,3
2009,"1140003",6,"Inadequate funding",1,1
2009,"1140003",7,"Low pay to staff",,
2009,"1140003",8,"Insecurity",,
2009,"1140003",9,"Other",3,1
2009,"1150031",1,"Delayed remittance of fu",1,3
2009,"1150031",2,"Inadequate facilities",,
2009,"1150031",3,"Inadequate staff",,
2009,"1150031",4,"Wide road network",,
2009,"1150031",5,"Lack of peoples' interes",2,2
2009,"1150031",6,"Inadequate funding",3,3
2009,"1150031",7,"Low pay to staff",,
2009,"1150031",8,"Insecurity",,
2009,"1150031",9,"Other",,
2009,"1160011",1,"Delayed remittance of fu",,
2009,"1160011",2,"Inadequate facilities",,
2009,"1160011",3,"Inadequate staff",,
2009,"1160011",4,"Wide road network",,
2009,"1160011",5,"Lack of peoples' interes",3,2
2009,"1160011",6,"Inadequate funding",1,1
2009,"1160011",7,"Low pay to staff",,
2009,"1160011",8,"Insecurity",,
2009,"1160011",9,"Other",2,1
2009,"2010006",1,"Delayed remittance of fu",,
2009,"2010006",2,"Inadequate facilities",1,2
2009,"2010006",3,"Inadequate staff",,
2009,"2010006",4,"Wide road network",,
2009,"2010006",5,"Lack of peoples' interes",,
2009,"2010006",6,"Inadequate funding",2,3
2009,"2010006",7,"Low pay to staff",,
2009,"2010006",8,"Insecurity",,
2009,"2010006",9,"Other",3,1
2009,"2020001",1,"Delayed remittance of fu",,
2009,"2020001",2,"Inadequate facilities",3,2
2009,"2020001",3,"Inadequate staff",,
2009,"2020001",4,"Wide road network",,
2009,"2020001",5,"Lack of peoples' interes",,
2009,"2020001",6,"Inadequate funding",2,2
2009,"2020001",7,"Low pay to staff",,
2009,"2020001",8,"Insecurity",,
2009,"2020001",9,"Other",1,3
2009,"2020005",1,"Delayed remittance of fu",,
2009,"2020005",2,"Inadequate facilities",,
2009,"2020005",3,"Inadequate staff",,
2009,"2020005",4,"Wide road network",,
2009,"2020005",5,"Lack of peoples' interes",3,3
2009,"2020005",6,"Inadequate funding",1,2
2009,"2020005",7,"Low pay to staff",,
2009,"2020005",8,"Insecurity",,
2009,"2020005",9,"Other",2,2
2009,"2020007",1,"Delayed remittance of fu",,
2009,"2020007",2,"Inadequate facilities",,
2009,"2020007",3,"Inadequate staff",,
2009,"2020007",4,"Wide road network",,
2009,"2020007",5,"Lack of peoples' interes",,
2009,"2020007",6,"Inadequate funding",,
2009,"2020007",7,"Low pay to staff",,
2009,"2020007",8,"Insecurity",,
2009,"2020007",9,"Other",,
2009,"2030023",1,"Delayed remittance of fu",,
2009,"2030023",2,"Inadequate facilities",,
2009,"2030023",3,"Inadequate staff",,
2009,"2030023",4,"Wide road network",,
2009,"2030023",5,"Lack of peoples' interes",,
2009,"2030023",6,"Inadequate funding",,
2009,"2030023",7,"Low pay to staff",,
2009,"2030023",8,"Insecurity",,
2009,"2030023",9,"Other",,
2009,"2040002",1,"Delayed remittance of fu",,
2009,"2040002",2,"Inadequate facilities",2,1
2009,"2040002",3,"Inadequate staff",,
2009,"2040002",4,"Wide road network",,
2009,"2040002",5,"Lack of peoples' interes",,
2009,"2040002",6,"Inadequate funding",1,1
2009,"2040002",7,"Low pay to staff",,
2009,"2040002",8,"Insecurity",,
2009,"2040002",9,"Other",,
2009,"2040012",1,"Delayed remittance of fu",1,3
2009,"2040012",2,"Inadequate facilities",,
2009,"2040012",3,"Inadequate staff",,
2009,"2040012",4,"Wide road network",,
2009,"2040012",5,"Lack of peoples' interes",,
2009,"2040012",6,"Inadequate funding",2,3
2009,"2040012",7,"Low pay to staff",,
2009,"2040012",8,"Insecurity",,
2009,"2040012",9,"Other",,
2009,"2050004",1,"Delayed remittance of fu",,
2009,"2050004",2,"Inadequate facilities",3,3
2009,"2050004",3,"Inadequate staff",,
2009,"2050004",4,"Wide road network",,
2009,"2050004",5,"Lack of peoples' interes",2,3
2009,"2050004",6,"Inadequate funding",1,3
2009,"2050004",7,"Low pay to staff",,
2009,"2050004",8,"Insecurity",,
2009,"2050004",9,"Other",,
2009,"2050013",1,"Delayed remittance of fu",,
2009,"2050013",2,"Inadequate facilities",,
2009,"2050013",3,"Inadequate staff",,
2009,"2050013",4,"Wide road network",,
2009,"2050013",5,"Lack of peoples' interes",2,3
2009,"2050013",6,"Inadequate funding",1,2
2009,"2050013",7,"Low pay to staff",,
2009,"2050013",8,"Insecurity",,
2009,"2050013",9,"Other",,
2009,"2070006",1,"Delayed remittance of fu",,
2009,"2070006",2,"Inadequate facilities",2,2
2009,"2070006",3,"Inadequate staff",,
2009,"2070006",4,"Wide road network",,
2009,"2070006",5,"Lack of peoples' interes",,
2009,"2070006",6,"Inadequate funding",1,3
2009,"2070006",7,"Low pay to staff",,
2009,"2070006",8,"Insecurity",,
2009,"2070006",9,"Other",,
2009,"2080001",1,"Delayed remittance of fu",,
2009,"2080001",2,"Inadequate facilities",2,3
2009,"2080001",3,"Inadequate staff",3,2
2009,"2080001",4,"Wide road network",,
2009,"2080001",5,"Lack of peoples' interes",,
2009,"2080001",6,"Inadequate funding",1,3
2009,"2080001",7,"Low pay to staff",,
2009,"2080001",8,"Insecurity",,
2009,"2080001",9,"Other",,
2009,"2080005",1,"Delayed remittance of fu",3,2
2009,"2080005",2,"Inadequate facilities",,
2009,"2080005",3,"Inadequate staff",,
2009,"2080005",4,"Wide road network",,
2009,"2080005",5,"Lack of peoples' interes",1,2
2009,"2080005",6,"Inadequate funding",2,3
2009,"2080005",7,"Low pay to staff",,
2009,"2080005",8,"Insecurity",,
2009,"2080005",9,"Other",,
2009,"2080007",1,"Delayed remittance of fu",1,3
2009,"2080007",2,"Inadequate facilities",3,3
2009,"2080007",3,"Inadequate staff",,
2009,"2080007",4,"Wide road network",,
2009,"2080007",5,"Lack of peoples' interes",,
2009,"2080007",6,"Inadequate funding",2,3
2009,"2080007",7,"Low pay to staff",,
2009,"2080007",8,"Insecurity",,
2009,"2080007",9,"Other",,
2009,"2090003",1,"Delayed remittance of fu",,
2009,"2090003",2,"Inadequate facilities",,
2009,"2090003",3,"Inadequate staff",,
2009,"2090003",4,"Wide road network",,
2009,"2090003",5,"Lack of peoples' interes",2,1
2009,"2090003",6,"Inadequate funding",3,2
2009,"2090003",7,"Low pay to staff",,
2009,"2090003",8,"Insecurity",,
2009,"2090003",9,"Other",1,
2009,"2090033",1,"Delayed remittance of fu",2,2
2009,"2090033",2,"Inadequate facilities",,
2009,"2090033",3,"Inadequate staff",,
2009,"2090033",4,"Wide road network",,
2009,"2090033",5,"Lack of peoples' interes",,
2009,"2090033",6,"Inadequate funding",1,2
2009,"2090033",7,"Low pay to staff",,
2009,"2090033",8,"Insecurity",,
2009,"2090033",9,"Other",3,3
2009,"2100002",1,"Delayed remittance of fu",,
2009,"2100002",2,"Inadequate facilities",2,2
2009,"2100002",3,"Inadequate staff",3,2
2009,"2100002",4,"Wide road network",,
2009,"2100002",5,"Lack of peoples' interes",,
2009,"2100002",6,"Inadequate funding",1,2
2009,"2100002",7,"Low pay to staff",,
2009,"2100002",8,"Insecurity",,
2009,"2100002",9,"Other",,
2009,"2100004",1,"Delayed remittance of fu",,
2009,"2100004",2,"Inadequate facilities",2,2
2009,"2100004",3,"Inadequate staff",3,2
2009,"2100004",4,"Wide road network",,
2009,"2100004",5,"Lack of peoples' interes",,
2009,"2100004",6,"Inadequate funding",1,2
2009,"2100004",7,"Low pay to staff",,
2009,"2100004",8,"Insecurity",,
2009,"2100004",9,"Other",,
2009,"2100006",1,"Delayed remittance of fu",3,2
2009,"2100006",2,"Inadequate facilities",,
2009,"2100006",3,"Inadequate staff",2,2
2009,"2100006",4,"Wide road network",,
2009,"2100006",5,"Lack of peoples' interes",,
2009,"2100006",6,"Inadequate funding",1,2
2009,"2100006",7,"Low pay to staff",,
2009,"2100006",8,"Insecurity",,
2009,"2100006",9,"Other",,
2009,"2100007",1,"Delayed remittance of fu",,
2009,"2100007",2,"Inadequate facilities",,
2009,"2100007",3,"Inadequate staff",,
2009,"2100007",4,"Wide road network",,
2009,"2100007",5,"Lack of peoples' interes",2,2
2009,"2100007",6,"Inadequate funding",1,2
2009,"2100007",7,"Low pay to staff",,
2009,"2100007",8,"Insecurity",,
2009,"2100007",9,"Other",3,2
2009,"2110003",1,"Delayed remittance of fu",,
2009,"2110003",2,"Inadequate facilities",2,2
2009,"2110003",3,"Inadequate staff",3,2
2009,"2110003",4,"Wide road network",,
2009,"2110003",5,"Lack of peoples' interes",,
2009,"2110003",6,"Inadequate funding",1,3
2009,"2110003",7,"Low pay to staff",,
2009,"2110003",8,"Insecurity",,
2009,"2110003",9,"Other",,
2009,"2110004",1,"Delayed remittance of fu",,
2009,"2110004",2,"Inadequate facilities",2,3
2009,"2110004",3,"Inadequate staff",,
2009,"2110004",4,"Wide road network",,
2009,"2110004",5,"Lack of peoples' interes",,
2009,"2110004",6,"Inadequate funding",1,3
2009,"2110004",7,"Low pay to staff",,
2009,"2110004",8,"Insecurity",,
2009,"2110004",9,"Other",,
2009,"2110007",1,"Delayed remittance of fu",,
2009,"2110007",2,"Inadequate facilities",2,2
2009,"2110007",3,"Inadequate staff",3,2
2009,"2110007",4,"Wide road network",,
2009,"2110007",5,"Lack of peoples' interes",,
2009,"2110007",6,"Inadequate funding",1,3
2009,"2110007",7,"Low pay to staff",,
2009,"2110007",8,"Insecurity",,
2009,"2110007",9,"Other",,
2009,"2110009",1,"Delayed remittance of fu",2,2
2009,"2110009",2,"Inadequate facilities",,
2009,"2110009",3,"Inadequate staff",,
2009,"2110009",4,"Wide road network",,
2009,"2110009",5,"Lack of peoples' interes",,
2009,"2110009",6,"Inadequate funding",1,3
2009,"2110009",7,"Low pay to staff",,
2009,"2110009",8,"Insecurity",,
2009,"2110009",9,"Other",,
2009,"2120003",1,"Delayed remittance of fu",1,2
2009,"2120003",2,"Inadequate facilities",,
2009,"2120003",3,"Inadequate staff",,
2009,"2120003",4,"Wide road network",,
2009,"2120003",5,"Lack of peoples' interes",,
2009,"2120003",6,"Inadequate funding",2,2
2009,"2120003",7,"Low pay to staff",,
2009,"2120003",8,"Insecurity",,
2009,"2120003",9,"Other",3,3
2009,"2120008",1,"Delayed remittance of fu",,
2009,"2120008",2,"Inadequate facilities",,
2009,"2120008",3,"Inadequate staff",,
2009,"2120008",4,"Wide road network",,
2009,"2120008",5,"Lack of peoples' interes",2,2
2009,"2120008",6,"Inadequate funding",,
2009,"2120008",7,"Low pay to staff",,
2009,"2120008",8,"Insecurity",,
2009,"2120008",9,"Other",1,2
2009,"2120009",1,"Delayed remittance of fu",,
2009,"2120009",2,"Inadequate facilities",,
2009,"2120009",3,"Inadequate staff",3,2
2009,"2120009",4,"Wide road network",,
2009,"2120009",5,"Lack of peoples' interes",,
2009,"2120009",6,"Inadequate funding",1,2
2009,"2120009",7,"Low pay to staff",,
2009,"2120009",8,"Insecurity",,
2009,"2120009",9,"Other",2,2
2009,"2120011",1,"Delayed remittance of fu",,
2009,"2120011",2,"Inadequate facilities",,
2009,"2120011",3,"Inadequate staff",,
2009,"2120011",4,"Wide road network",,
2009,"2120011",5,"Lack of peoples' interes",2,3
2009,"2120011",6,"Inadequate funding",1,3
2009,"2120011",7,"Low pay to staff",,
2009,"2120011",8,"Insecurity",,
2009,"2120011",9,"Other",,
2009,"2120013",1,"Delayed remittance of fu",2,2
2009,"2120013",2,"Inadequate facilities",,
2009,"2120013",3,"Inadequate staff",,
2009,"2120013",4,"Wide road network",,
2009,"2120013",5,"Lack of peoples' interes",,
2009,"2120013",6,"Inadequate funding",1,2
2009,"2120013",7,"Low pay to staff",,
2009,"2120013",8,"Insecurity",,
2009,"2120013",9,"Other",3,
2009,"2150001",1,"Delayed remittance of fu",,
2009,"2150001",2,"Inadequate facilities",3,2
2009,"2150001",3,"Inadequate staff",,
2009,"2150001",4,"Wide road network",,
2009,"2150001",5,"Lack of peoples' interes",,
2009,"2150001",6,"Inadequate funding",1,1
2009,"2150001",7,"Low pay to staff",,
2009,"2150001",8,"Insecurity",,
2009,"2150001",9,"Other",2,2
2009,"2150002",1,"Delayed remittance of fu",,
2009,"2150002",2,"Inadequate facilities",,
2009,"2150002",3,"Inadequate staff",1,2
2009,"2150002",4,"Wide road network",,
2009,"2150002",5,"Lack of peoples' interes",,
2009,"2150002",6,"Inadequate funding",2,2
2009,"2150002",7,"Low pay to staff",,
2009,"2150002",8,"Insecurity",,
2009,"2150002",9,"Other",3,2
2009,"2150004",1,"Delayed remittance of fu",3,3
2009,"2150004",2,"Inadequate facilities",,
2009,"2150004",3,"Inadequate staff",,
2009,"2150004",4,"Wide road network",,
2009,"2150004",5,"Lack of peoples' interes",2,3
2009,"2150004",6,"Inadequate funding",1,3
2009,"2150004",7,"Low pay to staff",,
2009,"2150004",8,"Insecurity",,
2009,"2150004",9,"Other",,
2009,"2150006",1,"Delayed remittance of fu",,
2009,"2150006",2,"Inadequate facilities",,
2009,"2150006",3,"Inadequate staff",,
2009,"2150006",4,"Wide road network",,
2009,"2150006",5,"Lack of peoples' interes",3,3
2009,"2150006",6,"Inadequate funding",1,2
2009,"2150006",7,"Low pay to staff",,
2009,"2150006",8,"Insecurity",,
2009,"2150006",9,"Other",2,3
2009,"2160003",1,"Delayed remittance of fu",,
2009,"2160003",2,"Inadequate facilities",3,3
2009,"2160003",3,"Inadequate staff",,
2009,"2160003",4,"Wide road network",,
2009,"2160003",5,"Lack of peoples' interes",,
2009,"2160003",6,"Inadequate funding",1,2
2009,"2160003",7,"Low pay to staff",,
2009,"2160003",8,"Insecurity",,
2009,"2160003",9,"Other",2,3
2009,"2170009",1,"Delayed remittance of fu",3,
2009,"2170009",2,"Inadequate facilities",,
2009,"2170009",3,"Inadequate staff",,
2009,"2170009",4,"Wide road network",,
2009,"2170009",5,"Lack of peoples' interes",,
2009,"2170009",6,"Inadequate funding",2,2
2009,"2170009",7,"Low pay to staff",,
2009,"2170009",8,"Insecurity",,
2009,"2170009",9,"Other",1,2
2009,"2180037",1,"Delayed remittance of fu",,
2009,"2180037",2,"Inadequate facilities",,
2009,"2180037",3,"Inadequate staff",,
2009,"2180037",4,"Wide road network",,
2009,"2180037",5,"Lack of peoples' interes",3,3
2009,"2180037",6,"Inadequate funding",1,2
2009,"2180037",7,"Low pay to staff",,
2009,"2180037",8,"Insecurity",,
2009,"2180037",9,"Other",2,3
2009,"2200001",1,"Delayed remittance of fu",2,2
2009,"2200001",2,"Inadequate facilities",,
2009,"2200001",3,"Inadequate staff",,
2009,"2200001",4,"Wide road network",,
2009,"2200001",5,"Lack of peoples' interes",,
2009,"2200001",6,"Inadequate funding",3,2
2009,"2200001",7,"Low pay to staff",,
2009,"2200001",8,"Insecurity",,
2009,"2200001",9,"Other",1,2
2009,"2230011",1,"Delayed remittance of fu",2,3
2009,"2230011",2,"Inadequate facilities",3,3
2009,"2230011",3,"Inadequate staff",,
2009,"2230011",4,"Wide road network",,
2009,"2230011",5,"Lack of peoples' interes",,
2009,"2230011",6,"Inadequate funding",1,2
2009,"2230011",7,"Low pay to staff",,
2009,"2230011",8,"Insecurity",,
2009,"2230011",9,"Other",,
2009,"2240013",1,"Delayed remittance of fu",,
2009,"2240013",2,"Inadequate facilities",,
2009,"2240013",3,"Inadequate staff",,
2009,"2240013",4,"Wide road network",,
2009,"2240013",5,"Lack of peoples' interes",,
2009,"2240013",6,"Inadequate funding",1,2
2009,"2240013",7,"Low pay to staff",,
2009,"2240013",8,"Insecurity",,
2009,"2240013",9,"Other",2,2
2009,"3010003",1,"Delayed remittance of fu",,
2009,"3010003",2,"Inadequate facilities",,
2009,"3010003",3,"Inadequate staff",,
2009,"3010003",4,"Wide road network",,
2009,"3010003",5,"Lack of peoples' interes",,
2009,"3010003",6,"Inadequate funding",,
2009,"3010003",7,"Low pay to staff",,
2009,"3010003",8,"Insecurity",,
2009,"3010003",9,"Other",1,2
2009,"3020002",1,"Delayed remittance of fu",3,3
2009,"3020002",2,"Inadequate facilities",2,2
2009,"3020002",3,"Inadequate staff",,
2009,"3020002",4,"Wide road network",,
2009,"3020002",5,"Lack of peoples' interes",,
2009,"3020002",6,"Inadequate funding",1,2
2009,"3020002",7,"Low pay to staff",,
2009,"3020002",8,"Insecurity",,
2009,"3020002",9,"Other",,
2009,"3020003",1,"Delayed remittance of fu",,
2009,"3020003",2,"Inadequate facilities",,
2009,"3020003",3,"Inadequate staff",,
2009,"3020003",4,"Wide road network",,
2009,"3020003",5,"Lack of peoples' interes",1,1
2009,"3020003",6,"Inadequate funding",2,2
2009,"3020003",7,"Low pay to staff",,
2009,"3020003",8,"Insecurity",,
2009,"3020003",9,"Other",3,2
2009,"3020005",1,"Delayed remittance of fu",,
2009,"3020005",2,"Inadequate facilities",,
2009,"3020005",3,"Inadequate staff",,
2009,"3020005",4,"Wide road network",,
2009,"3020005",5,"Lack of peoples' interes",2,2
2009,"3020005",6,"Inadequate funding",1,2
2009,"3020005",7,"Low pay to staff",,
2009,"3020005",8,"Insecurity",,
2009,"3020005",9,"Other",3,3
2009,"3020008",1,"Delayed remittance of fu",,
2009,"3020008",2,"Inadequate facilities",,
2009,"3020008",3,"Inadequate staff",,
2009,"3020008",4,"Wide road network",,
2009,"3020008",5,"Lack of peoples' interes",2,2
2009,"3020008",6,"Inadequate funding",1,2
2009,"3020008",7,"Low pay to staff",,
2009,"3020008",8,"Insecurity",,
2009,"3020008",9,"Other",3,3
2009,"3020010",1,"Delayed remittance of fu",3,3
2009,"3020010",2,"Inadequate facilities",,
2009,"3020010",3,"Inadequate staff",1,2
2009,"3020010",4,"Wide road network",,
2009,"3020010",5,"Lack of peoples' interes",,
2009,"3020010",6,"Inadequate funding",2,1
2009,"3020010",7,"Low pay to staff",,
2009,"3020010",8,"Insecurity",,
2009,"3020010",9,"Other",,
2009,"3020013",1,"Delayed remittance of fu",,
2009,"3020013",2,"Inadequate facilities",2,3
2009,"3020013",3,"Inadequate staff",,
2009,"3020013",4,"Wide road network",,
2009,"3020013",5,"Lack of peoples' interes",,
2009,"3020013",6,"Inadequate funding",1,3
2009,"3020013",7,"Low pay to staff",,
2009,"3020013",8,"Insecurity",,
2009,"3020013",9,"Other",3,1
2009,"3020018",1,"Delayed remittance of fu",,
2009,"3020018",2,"Inadequate facilities",,
2009,"3020018",3,"Inadequate staff",,
2009,"3020018",4,"Wide road network",,
2009,"3020018",5,"Lack of peoples' interes",,
2009,"3020018",6,"Inadequate funding",1,3
2009,"3020018",7,"Low pay to staff",,
2009,"3020018",8,"Insecurity",,
2009,"3020018",9,"Other",2,2
2009,"3020035",1,"Delayed remittance of fu",,
2009,"3020035",2,"Inadequate facilities",,
2009,"3020035",3,"Inadequate staff",,
2009,"3020035",4,"Wide road network",,
2009,"3020035",5,"Lack of peoples' interes",2,1
2009,"3020035",6,"Inadequate funding",,
2009,"3020035",7,"Low pay to staff",,
2009,"3020035",8,"Insecurity",,
2009,"3020035",9,"Other",1,1
2009,"3030002",1,"Delayed remittance of fu",,
2009,"3030002",2,"Inadequate facilities",3,2
2009,"3030002",3,"Inadequate staff",,
2009,"3030002",4,"Wide road network",,
2009,"3030002",5,"Lack of peoples' interes",,
2009,"3030002",6,"Inadequate funding",2,2
2009,"3030002",7,"Low pay to staff",,
2009,"3030002",8,"Insecurity",,
2009,"3030002",9,"Other",1,2
2009,"3030006",1,"Delayed remittance of fu",2,1
2009,"3030006",2,"Inadequate facilities",,
2009,"3030006",3,"Inadequate staff",3,2
2009,"3030006",4,"Wide road network",,
2009,"3030006",5,"Lack of peoples' interes",,
2009,"3030006",6,"Inadequate funding",1,2
2009,"3030006",7,"Low pay to staff",,
2009,"3030006",8,"Insecurity",,
2009,"3030006",9,"Other",,
2009,"3030009",1,"Delayed remittance of fu",,
2009,"3030009",2,"Inadequate facilities",2,2
2009,"3030009",3,"Inadequate staff",,
2009,"3030009",4,"Wide road network",,
2009,"3030009",5,"Lack of peoples' interes",3,2
2009,"3030009",6,"Inadequate funding",1,2
2009,"3030009",7,"Low pay to staff",,
2009,"3030009",8,"Insecurity",,
2009,"3030009",9,"Other",,
2009,"3030015",1,"Delayed remittance of fu",,
2009,"3030015",2,"Inadequate facilities",,
2009,"3030015",3,"Inadequate staff",,
2009,"3030015",4,"Wide road network",,
2009,"3030015",5,"Lack of peoples' interes",,
2009,"3030015",6,"Inadequate funding",,
2009,"3030015",7,"Low pay to staff",,
2009,"3030015",8,"Insecurity",,
2009,"3030015",9,"Other",1,2
2009,"3030033",1,"Delayed remittance of fu",,
2009,"3030033",2,"Inadequate facilities",,
2009,"3030033",3,"Inadequate staff",,
2009,"3030033",4,"Wide road network",,
2009,"3030033",5,"Lack of peoples' interes",,
2009,"3030033",6,"Inadequate funding",,
2009,"3030033",7,"Low pay to staff",,
2009,"3030033",8,"Insecurity",,
2009,"3030033",9,"Other",1,2
2009,"3040002",1,"Delayed remittance of fu",,
2009,"3040002",2,"Inadequate facilities",1,2
2009,"3040002",3,"Inadequate staff",,
2009,"3040002",4,"Wide road network",,
2009,"3040002",5,"Lack of peoples' interes",,
2009,"3040002",6,"Inadequate funding",2,2
2009,"3040002",7,"Low pay to staff",,
2009,"3040002",8,"Insecurity",,
2009,"3040002",9,"Other",3,2
2009,"3040007",1,"Delayed remittance of fu",3,2
2009,"3040007",2,"Inadequate facilities",,
2009,"3040007",3,"Inadequate staff",,
2009,"3040007",4,"Wide road network",,
2009,"3040007",5,"Lack of peoples' interes",,
2009,"3040007",6,"Inadequate funding",1,2
2009,"3040007",7,"Low pay to staff",,
2009,"3040007",8,"Insecurity",,
2009,"3040007",9,"Other",2,2
2009,"3040009",1,"Delayed remittance of fu",,
2009,"3040009",2,"Inadequate facilities",,
2009,"3040009",3,"Inadequate staff",,
2009,"3040009",4,"Wide road network",,
2009,"3040009",5,"Lack of peoples' interes",2,1
2009,"3040009",6,"Inadequate funding",1,2
2009,"3040009",7,"Low pay to staff",,
2009,"3040009",8,"Insecurity",3,1
2009,"3040009",9,"Other",,
2009,"3040014",1,"Delayed remittance of fu",,
2009,"3040014",2,"Inadequate facilities",,
2009,"3040014",3,"Inadequate staff",,
2009,"3040014",4,"Wide road network",,
2009,"3040014",5,"Lack of peoples' interes",,
2009,"3040014",6,"Inadequate funding",,
2009,"3040014",7,"Low pay to staff",,
2009,"3040014",8,"Insecurity",,
2009,"3040014",9,"Other",1,3
2009,"3050001",1,"Delayed remittance of fu",,
2009,"3050001",2,"Inadequate facilities",,
2009,"3050001",3,"Inadequate staff",,
2009,"3050001",4,"Wide road network",,
2009,"3050001",5,"Lack of peoples' interes",,
2009,"3050001",6,"Inadequate funding",1,1
2009,"3050001",7,"Low pay to staff",,
2009,"3050001",8,"Insecurity",,
2009,"3050001",9,"Other",2,3
2009,"3060006",1,"Delayed remittance of fu",,
2009,"3060006",2,"Inadequate facilities",1,3
2009,"3060006",3,"Inadequate staff",3,3
2009,"3060006",4,"Wide road network",,
2009,"3060006",5,"Lack of peoples' interes",,
2009,"3060006",6,"Inadequate funding",2,3
2009,"3060006",7,"Low pay to staff",,
2009,"3060006",8,"Insecurity",,
2009,"3060006",9,"Other",,
2009,"3060007",1,"Delayed remittance of fu",,
2009,"3060007",2,"Inadequate facilities",2,3
2009,"3060007",3,"Inadequate staff",2,3
2009,"3060007",4,"Wide road network",,
2009,"3060007",5,"Lack of peoples' interes",,
2009,"3060007",6,"Inadequate funding",1,3
2009,"3060007",7,"Low pay to staff",,
2009,"3060007",8,"Insecurity",,
2009,"3060007",9,"Other",,
2009,"3070002",1,"Delayed remittance of fu",1,2
2009,"3070002",2,"Inadequate facilities",,
2009,"3070002",3,"Inadequate staff",,
2009,"3070002",4,"Wide road network",,
2009,"3070002",5,"Lack of peoples' interes",,
2009,"3070002",6,"Inadequate funding",2,2
2009,"3070002",7,"Low pay to staff",3,1
2009,"3070002",8,"Insecurity",,
2009,"3070002",9,"Other",,
2009,"3070005",1,"Delayed remittance of fu",,
2009,"3070005",2,"Inadequate facilities",,
2009,"3070005",3,"Inadequate staff",,
2009,"3070005",4,"Wide road network",,
2009,"3070005",5,"Lack of peoples' interes",2,3
2009,"3070005",6,"Inadequate funding",1,3
2009,"3070005",7,"Low pay to staff",,
2009,"3070005",8,"Insecurity",,
2009,"3070005",9,"Other",,
2009,"3070007",1,"Delayed remittance of fu",,
2009,"3070007",2,"Inadequate facilities",,
2009,"3070007",3,"Inadequate staff",,
2009,"3070007",4,"Wide road network",,
2009,"3070007",5,"Lack of peoples' interes",,
2009,"3070007",6,"Inadequate funding",3,1
2009,"3070007",7,"Low pay to staff",,
2009,"3070007",8,"Insecurity",,
2009,"3070007",9,"Other",1,3
2009,"3070012",1,"Delayed remittance of fu",,
2009,"3070012",2,"Inadequate facilities",,
2009,"3070012",3,"Inadequate staff",,
2009,"3070012",4,"Wide road network",,
2009,"3070012",5,"Lack of peoples' interes",2,3
2009,"3070012",6,"Inadequate funding",,
2009,"3070012",7,"Low pay to staff",,
2009,"3070012",8,"Insecurity",,
2009,"3070012",9,"Other",1,2
2009,"3070017",1,"Delayed remittance of fu",3,2
2009,"3070017",2,"Inadequate facilities",,
2009,"3070017",3,"Inadequate staff",,
2009,"3070017",4,"Wide road network",,
2009,"3070017",5,"Lack of peoples' interes",2,3
2009,"3070017",6,"Inadequate funding",,
2009,"3070017",7,"Low pay to staff",,
2009,"3070017",8,"Insecurity",,
2009,"3070017",9,"Other",1,2
2009,"3070018",1,"Delayed remittance of fu",3,2
2009,"3070018",2,"Inadequate facilities",,
2009,"3070018",3,"Inadequate staff",,
2009,"3070018",4,"Wide road network",,
2009,"3070018",5,"Lack of peoples' interes",2,3
2009,"3070018",6,"Inadequate funding",,
2009,"3070018",7,"Low pay to staff",,
2009,"3070018",8,"Insecurity",,
2009,"3070018",9,"Other",1,2
2009,"3070020",1,"Delayed remittance of fu",,
2009,"3070020",2,"Inadequate facilities",,
2009,"3070020",3,"Inadequate staff",,
2009,"3070020",4,"Wide road network",,
2009,"3070020",5,"Lack of peoples' interes",3,1
2009,"3070020",6,"Inadequate funding",1,1
2009,"3070020",7,"Low pay to staff",,
2009,"3070020",8,"Insecurity",,
2009,"3070020",9,"Other",2,1
2009,"3070022",1,"Delayed remittance of fu",,
2009,"3070022",2,"Inadequate facilities",,
2009,"3070022",3,"Inadequate staff",,
2009,"3070022",4,"Wide road network",,
2009,"3070022",5,"Lack of peoples' interes",,
2009,"3070022",6,"Inadequate funding",,
2009,"3070022",7,"Low pay to staff",,
2009,"3070022",8,"Insecurity",,
2009,"3070022",9,"Other",1,3
2009,"3070023",1,"Delayed remittance of fu",,
2009,"3070023",2,"Inadequate facilities",,
2009,"3070023",3,"Inadequate staff",,
2009,"3070023",4,"Wide road network",,
2009,"3070023",5,"Lack of peoples' interes",,
2009,"3070023",6,"Inadequate funding",,
2009,"3070023",7,"Low pay to staff",,
2009,"3070023",8,"Insecurity",,
2009,"3070023",9,"Other",1,3
2009,"3070025",1,"Delayed remittance of fu",,
2009,"3070025",2,"Inadequate facilities",,
2009,"3070025",3,"Inadequate staff",,
2009,"3070025",4,"Wide road network",,
2009,"3070025",5,"Lack of peoples' interes",2,3
2009,"3070025",6,"Inadequate funding",,
2009,"3070025",7,"Low pay to staff",,
2009,"3070025",8,"Insecurity",,
2009,"3070025",9,"Other",1,2
2009,"3080002",1,"Delayed remittance of fu",,
2009,"3080002",2,"Inadequate facilities",2,3
2009,"3080002",3,"Inadequate staff",,
2009,"3080002",4,"Wide road network",,
2009,"3080002",5,"Lack of peoples' interes",,
2009,"3080002",6,"Inadequate funding",1,3
2009,"3080002",7,"Low pay to staff",,
2009,"3080002",8,"Insecurity",3,3
2009,"3080002",9,"Other",,
2009,"3080004",1,"Delayed remittance of fu",,
2009,"3080004",2,"Inadequate facilities",3,3
2009,"3080004",3,"Inadequate staff",2,3
2009,"3080004",4,"Wide road network",,
2009,"3080004",5,"Lack of peoples' interes",,
2009,"3080004",6,"Inadequate funding",1,3
2009,"3080004",7,"Low pay to staff",,
2009,"3080004",8,"Insecurity",,
2009,"3080004",9,"Other",,
2009,"3090001",1,"Delayed remittance of fu",3,2
2009,"3090001",2,"Inadequate facilities",,
2009,"3090001",3,"Inadequate staff",2,2
2009,"3090001",4,"Wide road network",,
2009,"3090001",5,"Lack of peoples' interes",,
2009,"3090001",6,"Inadequate funding",1,2
2009,"3090001",7,"Low pay to staff",,
2009,"3090001",8,"Insecurity",,
2009,"3090001",9,"Other",,
2009,"3090002",1,"Delayed remittance of fu",,
2009,"3090002",2,"Inadequate facilities",,
2009,"3090002",3,"Inadequate staff",,
2009,"3090002",4,"Wide road network",3,2
2009,"3090002",5,"Lack of peoples' interes",,
2009,"3090002",6,"Inadequate funding",1,2
2009,"3090002",7,"Low pay to staff",,
2009,"3090002",8,"Insecurity",,
2009,"3090002",9,"Other",2,1
2009,"3100001",1,"Delayed remittance of fu",,
2009,"3100001",2,"Inadequate facilities",3,2
2009,"3100001",3,"Inadequate staff",,
2009,"3100001",4,"Wide road network",,
2009,"3100001",5,"Lack of peoples' interes",,
2009,"3100001",6,"Inadequate funding",1,3
2009,"3100001",7,"Low pay to staff",,
2009,"3100001",8,"Insecurity",,
2009,"3100001",9,"Other",2,2
2009,"3100004",1,"Delayed remittance of fu",,
2009,"3100004",2,"Inadequate facilities",3,2
2009,"3100004",3,"Inadequate staff",,
2009,"3100004",4,"Wide road network",1,1
2009,"3100004",5,"Lack of peoples' interes",,
2009,"3100004",6,"Inadequate funding",2,2
2009,"3100004",7,"Low pay to staff",,
2009,"3100004",8,"Insecurity",,
2009,"3100004",9,"Other",,
2009,"3100006",1,"Delayed remittance of fu",1,2
2009,"3100006",2,"Inadequate facilities",,
2009,"3100006",3,"Inadequate staff",,
2009,"3100006",4,"Wide road network",,
2009,"3100006",5,"Lack of peoples' interes",2,2
2009,"3100006",6,"Inadequate funding",3,1
2009,"3100006",7,"Low pay to staff",,
2009,"3100006",8,"Insecurity",,
2009,"3100006",9,"Other",,
2009,"3100007",1,"Delayed remittance of fu",,
2009,"3100007",2,"Inadequate facilities",2,2
2009,"3100007",3,"Inadequate staff",,
2009,"3100007",4,"Wide road network",,
2009,"3100007",5,"Lack of peoples' interes",,
2009,"3100007",6,"Inadequate funding",1,3
2009,"3100007",7,"Low pay to staff",3,1
2009,"3100007",8,"Insecurity",,
2009,"3100007",9,"Other",,
2009,"3100008",1,"Delayed remittance of fu",,
2009,"3100008",2,"Inadequate facilities",,
2009,"3100008",3,"Inadequate staff",2,1
2009,"3100008",4,"Wide road network",,
2009,"3100008",5,"Lack of peoples' interes",,
2009,"3100008",6,"Inadequate funding",1,2
2009,"3100008",7,"Low pay to staff",,
2009,"3100008",8,"Insecurity",,
2009,"3100008",9,"Other",3,2
2009,"3100009",1,"Delayed remittance of fu",,
2009,"3100009",2,"Inadequate facilities",,
2009,"3100009",3,"Inadequate staff",,
2009,"3100009",4,"Wide road network",,
2009,"3100009",5,"Lack of peoples' interes",,
2009,"3100009",6,"Inadequate funding",,
2009,"3100009",7,"Low pay to staff",,
2009,"3100009",8,"Insecurity",,
2009,"3100009",9,"Other",1,2
2009,"3100010",1,"Delayed remittance of fu",,
2009,"3100010",2,"Inadequate facilities",3,2
2009,"3100010",3,"Inadequate staff",,
2009,"3100010",4,"Wide road network",,
2009,"3100010",5,"Lack of peoples' interes",,
2009,"3100010",6,"Inadequate funding",1,3
2009,"3100010",7,"Low pay to staff",,
2009,"3100010",8,"Insecurity",,
2009,"3100010",9,"Other",2,3
2009,"3100012",1,"Delayed remittance of fu",,
2009,"3100012",2,"Inadequate facilities",,
2009,"3100012",3,"Inadequate staff",,
2009,"3100012",4,"Wide road network",,
2009,"3100012",5,"Lack of peoples' interes",2,2
2009,"3100012",6,"Inadequate funding",,
2009,"3100012",7,"Low pay to staff",,
2009,"3100012",8,"Insecurity",,
2009,"3100012",9,"Other",1,3
2009,"3110001",1,"Delayed remittance of fu",3,2
2009,"3110001",2,"Inadequate facilities",2,2
2009,"3110001",3,"Inadequate staff",,
2009,"3110001",4,"Wide road network",,
2009,"3110001",5,"Lack of peoples' interes",,
2009,"3110001",6,"Inadequate funding",1,3
2009,"3110001",7,"Low pay to staff",,
2009,"3110001",8,"Insecurity",,
2009,"3110001",9,"Other",,
2009,"3110003",1,"Delayed remittance of fu",,
2009,"3110003",2,"Inadequate facilities",3,3
2009,"3110003",3,"Inadequate staff",,
2009,"3110003",4,"Wide road network",,
2009,"3110003",5,"Lack of peoples' interes",,
2009,"3110003",6,"Inadequate funding",2,2
2009,"3110003",7,"Low pay to staff",,
2009,"3110003",8,"Insecurity",1,2
2009,"3110003",9,"Other",,
2009,"3130001",1,"Delayed remittance of fu",2,1
2009,"3130001",2,"Inadequate facilities",,
2009,"3130001",3,"Inadequate staff",,
2009,"3130001",4,"Wide road network",,
2009,"3130001",5,"Lack of peoples' interes",3,2
2009,"3130001",6,"Inadequate funding",1,1
2009,"3130001",7,"Low pay to staff",,
2009,"3130001",8,"Insecurity",,
2009,"3130001",9,"Other",,
2009,"3130002",1,"Delayed remittance of fu",,
2009,"3130002",2,"Inadequate facilities",2,2
2009,"3130002",3,"Inadequate staff",,
2009,"3130002",4,"Wide road network",,
2009,"3130002",5,"Lack of peoples' interes",1,2
2009,"3130002",6,"Inadequate funding",3,2
2009,"3130002",7,"Low pay to staff",,
2009,"3130002",8,"Insecurity",,
2009,"3130002",9,"Other",,
2009,"3130003",1,"Delayed remittance of fu",,
2009,"3130003",2,"Inadequate facilities",,
2009,"3130003",3,"Inadequate staff",,
2009,"3130003",4,"Wide road network",,
2009,"3130003",5,"Lack of peoples' interes",1,2
2009,"3130003",6,"Inadequate funding",3,2
2009,"3130003",7,"Low pay to staff",,
2009,"3130003",8,"Insecurity",,
2009,"3130003",9,"Other",2,2
2009,"3150016",1,"Delayed remittance of fu",,
2009,"3150016",2,"Inadequate facilities",,
2009,"3150016",3,"Inadequate staff",,
2009,"3150016",4,"Wide road network",,
2009,"3150016",5,"Lack of peoples' interes",2,
2009,"3150016",6,"Inadequate funding",1,
2009,"3150016",7,"Low pay to staff",,
2009,"3150016",8,"Insecurity",,
2009,"3150016",9,"Other",3,
2009,"3160016",1,"Delayed remittance of fu",,
2009,"3160016",2,"Inadequate facilities",,
2009,"3160016",3,"Inadequate staff",,
2009,"3160016",4,"Wide road network",,
2009,"3160016",5,"Lack of peoples' interes",3,3
2009,"3160016",6,"Inadequate funding",1,3
2009,"3160016",7,"Low pay to staff",,
2009,"3160016",8,"Insecurity",,
2009,"3160016",9,"Other",2,2
2009,"3170009",1,"Delayed remittance of fu",,
2009,"3170009",2,"Inadequate facilities",,
2009,"3170009",3,"Inadequate staff",,
2009,"3170009",4,"Wide road network",,
2009,"3170009",5,"Lack of peoples' interes",,
2009,"3170009",6,"Inadequate funding",,
2009,"3170009",7,"Low pay to staff",,
2009,"3170009",8,"Insecurity",,
2009,"3170009",9,"Other",3,3
2009,"3170010",1,"Delayed remittance of fu",3,2
2009,"3170010",2,"Inadequate facilities",,
2009,"3170010",3,"Inadequate staff",,
2009,"3170010",4,"Wide road network",,
2009,"3170010",5,"Lack of peoples' interes",,
2009,"3170010",6,"Inadequate funding",2,3
2009,"3170010",7,"Low pay to staff",,
2009,"3170010",8,"Insecurity",,
2009,"3170010",9,"Other",1,2
2009,"3170011",1,"Delayed remittance of fu",2,2
2009,"3170011",2,"Inadequate facilities",3,2
2009,"3170011",3,"Inadequate staff",,
2009,"3170011",4,"Wide road network",,
2009,"3170011",5,"Lack of peoples' interes",,
2009,"3170011",6,"Inadequate funding",,
2009,"3170011",7,"Low pay to staff",,
2009,"3170011",8,"Insecurity",,
2009,"3170011",9,"Other",1,2
2009,"3180001",1,"Delayed remittance of fu",,
2009,"3180001",2,"Inadequate facilities",3,3
2009,"3180001",3,"Inadequate staff",,
2009,"3180001",4,"Wide road network",,
2009,"3180001",5,"Lack of peoples' interes",,
2009,"3180001",6,"Inadequate funding",1,3
2009,"3180001",7,"Low pay to staff",,
2009,"3180001",8,"Insecurity",,
2009,"3180001",9,"Other",2,3
2009,"3180002",1,"Delayed remittance of fu",,
2009,"3180002",2,"Inadequate facilities",3,2
2009,"3180002",3,"Inadequate staff",,
2009,"3180002",4,"Wide road network",,
2009,"3180002",5,"Lack of peoples' interes",,
2009,"3180002",6,"Inadequate funding",1,3
2009,"3180002",7,"Low pay to staff",,
2009,"3180002",8,"Insecurity",,
2009,"3180002",9,"Other",2,2
2009,"3180003",1,"Delayed remittance of fu",,
2009,"3180003",2,"Inadequate facilities",2,2
2009,"3180003",3,"Inadequate staff",,
2009,"3180003",4,"Wide road network",,
2009,"3180003",5,"Lack of peoples' interes",,
2009,"3180003",6,"Inadequate funding",1,2
2009,"3180003",7,"Low pay to staff",,
2009,"3180003",8,"Insecurity",3,2
2009,"3180003",9,"Other",,
2009,"3180004",1,"Delayed remittance of fu",,
2009,"3180004",2,"Inadequate facilities",2,3
2009,"3180004",3,"Inadequate staff",,
2009,"3180004",4,"Wide road network",,
2009,"3180004",5,"Lack of peoples' interes",3,3
2009,"3180004",6,"Inadequate funding",1,2
2009,"3180004",7,"Low pay to staff",,
2009,"3180004",8,"Insecurity",,
2009,"3180004",9,"Other",,
2009,"3190005",1,"Delayed remittance of fu",,
2009,"3190005",2,"Inadequate facilities",2,2
2009,"3190005",3,"Inadequate staff",,
2009,"3190005",4,"Wide road network",,
2009,"3190005",5,"Lack of peoples' interes",3,2
2009,"3190005",6,"Inadequate funding",1,2
2009,"3190005",7,"Low pay to staff",,
2009,"3190005",8,"Insecurity",,
2009,"3190005",9,"Other",,
2009,"3190012",1,"Delayed remittance of fu",3,2
2009,"3190012",2,"Inadequate facilities",,
2009,"3190012",3,"Inadequate staff",,
2009,"3190012",4,"Wide road network",,
2009,"3190012",5,"Lack of peoples' interes",2,1
2009,"3190012",6,"Inadequate funding",1,2
2009,"3190012",7,"Low pay to staff",,
2009,"3190012",8,"Insecurity",,
2009,"3190012",9,"Other",,
2009,"3200018",1,"Delayed remittance of fu",2,2
2009,"3200018",2,"Inadequate facilities",,
2009,"3200018",3,"Inadequate staff",,
2009,"3200018",4,"Wide road network",,
2009,"3200018",5,"Lack of peoples' interes",3,2
2009,"3200018",6,"Inadequate funding",1,1
2009,"3200018",7,"Low pay to staff",,
2009,"3200018",8,"Insecurity",,
2009,"3200018",9,"Other",,
2009,"3200021",1,"Delayed remittance of fu",,
2009,"3200021",2,"Inadequate facilities",,
2009,"3200021",3,"Inadequate staff",3,2
2009,"3200021",4,"Wide road network",,
2009,"3200021",5,"Lack of peoples' interes",,
2009,"3200021",6,"Inadequate funding",1,2
2009,"3200021",7,"Low pay to staff",,
2009,"3200021",8,"Insecurity",,
2009,"3200021",9,"Other",2,1
2009,"3200024",1,"Delayed remittance of fu",,
2009,"3200024",2,"Inadequate facilities",,
2009,"3200024",3,"Inadequate staff",,
2009,"3200024",4,"Wide road network",,
2009,"3200024",5,"Lack of peoples' interes",,
2009,"3200024",6,"Inadequate funding",,
2009,"3200024",7,"Low pay to staff",,
2009,"3200024",8,"Insecurity",,
2009,"3200024",9,"Other",1,2
2009,"3200027",1,"Delayed remittance of fu",,
2009,"3200027",2,"Inadequate facilities",,
2009,"3200027",3,"Inadequate staff",,
2009,"3200027",4,"Wide road network",,
2009,"3200027",5,"Lack of peoples' interes",,
2009,"3200027",6,"Inadequate funding",,
2009,"3200027",7,"Low pay to staff",,
2009,"3200027",8,"Insecurity",,
2009,"3200027",9,"Other",1,2
2009,"3200030",1,"Delayed remittance of fu",,
2009,"3200030",2,"Inadequate facilities",,
2009,"3200030",3,"Inadequate staff",,
2009,"3200030",4,"Wide road network",,
2009,"3200030",5,"Lack of peoples' interes",1,2
2009,"3200030",6,"Inadequate funding",,
2009,"3200030",7,"Low pay to staff",,
2009,"3200030",8,"Insecurity",,
2009,"3200030",9,"Other",2,2
2009,"3210021",1,"Delayed remittance of fu",,
2009,"3210021",2,"Inadequate facilities",,
2009,"3210021",3,"Inadequate staff",,
2009,"3210021",4,"Wide road network",,
2009,"3210021",5,"Lack of peoples' interes",,
2009,"3210021",6,"Inadequate funding",,
2009,"3210021",7,"Low pay to staff",,
2009,"3210021",8,"Insecurity",,
2009,"3210021",9,"Other",1,2
2009,"3210023",1,"Delayed remittance of fu",3,2
2009,"3210023",2,"Inadequate facilities",,
2009,"3210023",3,"Inadequate staff",,
2009,"3210023",4,"Wide road network",,
2009,"3210023",5,"Lack of peoples' interes",,
2009,"3210023",6,"Inadequate funding",1,3
2009,"3210023",7,"Low pay to staff",,
2009,"3210023",8,"Insecurity",,
2009,"3210023",9,"Other",2,1
2009,"3210028",1,"Delayed remittance of fu",,
2009,"3210028",2,"Inadequate facilities",,
2009,"3210028",3,"Inadequate staff",,
2009,"3210028",4,"Wide road network",,
2009,"3210028",5,"Lack of peoples' interes",,
2009,"3210028",6,"Inadequate funding",,
2009,"3210028",7,"Low pay to staff",,
2009,"3210028",8,"Insecurity",,
2009,"3210028",9,"Other",1,2
2009,"3210030",1,"Delayed remittance of fu",,
2009,"3210030",2,"Inadequate facilities",,
2009,"3210030",3,"Inadequate staff",,
2009,"3210030",4,"Wide road network",,
2009,"3210030",5,"Lack of peoples' interes",,
2009,"3210030",6,"Inadequate funding",,
2009,"3210030",7,"Low pay to staff",,
2009,"3210030",8,"Insecurity",,
2009,"3210030",9,"Other",1,2
2009,"4010003",1,"Delayed remittance of fu",,
2009,"4010003",2,"Inadequate facilities",,
2009,"4010003",3,"Inadequate staff",,
2009,"4010003",4,"Wide road network",,
2009,"4010003",5,"Lack of peoples' interes",,
2009,"4010003",6,"Inadequate funding",1,2
2009,"4010003",7,"Low pay to staff",,
2009,"4010003",8,"Insecurity",,
2009,"4010003",9,"Other",,
2009,"4020002",1,"Delayed remittance of fu",2,1
2009,"4020002",2,"Inadequate facilities",,
2009,"4020002",3,"Inadequate staff",,
2009,"4020002",4,"Wide road network",,
2009,"4020002",5,"Lack of peoples' interes",3,1
2009,"4020002",6,"Inadequate funding",1,2
2009,"4020002",7,"Low pay to staff",,
2009,"4020002",8,"Insecurity",,
2009,"4020002",9,"Other",,
2009,"4020007",1,"Delayed remittance of fu",,
2009,"4020007",2,"Inadequate facilities",3,3
2009,"4020007",3,"Inadequate staff",,
2009,"4020007",4,"Wide road network",,
2009,"4020007",5,"Lack of peoples' interes",,
2009,"4020007",6,"Inadequate funding",2,3
2009,"4020007",7,"Low pay to staff",,
2009,"4020007",8,"Insecurity",,
2009,"4020007",9,"Other",1,2
2009,"4020011",1,"Delayed remittance of fu",3,3
2009,"4020011",2,"Inadequate facilities",,
2009,"4020011",3,"Inadequate staff",,
2009,"4020011",4,"Wide road network",2,2
2009,"4020011",5,"Lack of peoples' interes",1,3
2009,"4020011",6,"Inadequate funding",,
2009,"4020011",7,"Low pay to staff",,
2009,"4020011",8,"Insecurity",,
2009,"4020011",9,"Other",,
2009,"4020016",1,"Delayed remittance of fu",1,2
2009,"4020016",2,"Inadequate facilities",3,3
2009,"4020016",3,"Inadequate staff",,
2009,"4020016",4,"Wide road network",,
2009,"4020016",5,"Lack of peoples' interes",,
2009,"4020016",6,"Inadequate funding",2,3
2009,"4020016",7,"Low pay to staff",,
2009,"4020016",8,"Insecurity",,
2009,"4020016",9,"Other",,
2009,"4020020",1,"Delayed remittance of fu",3,3
2009,"4020020",2,"Inadequate facilities",,
2009,"4020020",3,"Inadequate staff",,
2009,"4020020",4,"Wide road network",,
2009,"4020020",5,"Lack of peoples' interes",,
2009,"4020020",6,"Inadequate funding",1,3
2009,"4020020",7,"Low pay to staff",,
2009,"4020020",8,"Insecurity",,
2009,"4020020",9,"Other",2,1
2009,"4020025",1,"Delayed remittance of fu",,
2009,"4020025",2,"Inadequate facilities",3,2
2009,"4020025",3,"Inadequate staff",,
2009,"4020025",4,"Wide road network",,
2009,"4020025",5,"Lack of peoples' interes",,
2009,"4020025",6,"Inadequate funding",2,2
2009,"4020025",7,"Low pay to staff",,
2009,"4020025",8,"Insecurity",,
2009,"4020025",9,"Other",1,3
2009,"4020030",1,"Delayed remittance of fu",,
2009,"4020030",2,"Inadequate facilities",,
2009,"4020030",3,"Inadequate staff",,
2009,"4020030",4,"Wide road network",3,2
2009,"4020030",5,"Lack of peoples' interes",,
2009,"4020030",6,"Inadequate funding",1,2
2009,"4020030",7,"Low pay to staff",,
2009,"4020030",8,"Insecurity",,
2009,"4020030",9,"Other",2,3
2009,"4030006",1,"Delayed remittance of fu",,
2009,"4030006",2,"Inadequate facilities",,
2009,"4030006",3,"Inadequate staff",,
2009,"4030006",4,"Wide road network",,
2009,"4030006",5,"Lack of peoples' interes",,
2009,"4030006",6,"Inadequate funding",1,2
2009,"4030006",7,"Low pay to staff",,
2009,"4030006",8,"Insecurity",,
2009,"4030006",9,"Other",2,2
2009,"4040003",1,"Delayed remittance of fu",,
2009,"4040003",2,"Inadequate facilities",2,2
2009,"4040003",3,"Inadequate staff",,
2009,"4040003",4,"Wide road network",,
2009,"4040003",5,"Lack of peoples' interes",,
2009,"4040003",6,"Inadequate funding",1,1
2009,"4040003",7,"Low pay to staff",,
2009,"4040003",8,"Insecurity",,
2009,"4040003",9,"Other",,
2009,"4040006",1,"Delayed remittance of fu",2,1
2009,"4040006",2,"Inadequate facilities",,
2009,"4040006",3,"Inadequate staff",,
2009,"4040006",4,"Wide road network",,
2009,"4040006",5,"Lack of peoples' interes",,
2009,"4040006",6,"Inadequate funding",1,1
2009,"4040006",7,"Low pay to staff",,
2009,"4040006",8,"Insecurity",,
2009,"4040006",9,"Other",,
2009,"4040008",1,"Delayed remittance of fu",3,1
2009,"4040008",2,"Inadequate facilities",,
2009,"4040008",3,"Inadequate staff",,
2009,"4040008",4,"Wide road network",,
2009,"4040008",5,"Lack of peoples' interes",,
2009,"4040008",6,"Inadequate funding",1,1
2009,"4040008",7,"Low pay to staff",,
2009,"4040008",8,"Insecurity",,
2009,"4040008",9,"Other",2,3
2009,"4040010",1,"Delayed remittance of fu",,
2009,"4040010",2,"Inadequate facilities",,
2009,"4040010",3,"Inadequate staff",,
2009,"4040010",4,"Wide road network",,
2009,"4040010",5,"Lack of peoples' interes",2,3
2009,"4040010",6,"Inadequate funding",1,3
2009,"4040010",7,"Low pay to staff",,
2009,"4040010",8,"Insecurity",,
2009,"4040010",9,"Other",3,3
2009,"4040012",1,"Delayed remittance of fu",,
2009,"4040012",2,"Inadequate facilities",1,2
2009,"4040012",3,"Inadequate staff",,
2009,"4040012",4,"Wide road network",3,3
2009,"4040012",5,"Lack of peoples' interes",,
2009,"4040012",6,"Inadequate funding",2,2
2009,"4040012",7,"Low pay to staff",,
2009,"4040012",8,"Insecurity",,
2009,"4040012",9,"Other",,
2009,"4050005",1,"Delayed remittance of fu",,
2009,"4050005",2,"Inadequate facilities",3,2
2009,"4050005",3,"Inadequate staff",,
2009,"4050005",4,"Wide road network",,
2009,"4050005",5,"Lack of peoples' interes",,
2009,"4050005",6,"Inadequate funding",1,2
2009,"4050005",7,"Low pay to staff",,
2009,"4050005",8,"Insecurity",,
2009,"4050005",9,"Other",2,2
2009,"4050006",1,"Delayed remittance of fu",2,2
2009,"4050006",2,"Inadequate facilities",,
2009,"4050006",3,"Inadequate staff",,
2009,"4050006",4,"Wide road network",,
2009,"4050006",5,"Lack of peoples' interes",3,2
2009,"4050006",6,"Inadequate funding",1,2
2009,"4050006",7,"Low pay to staff",,
2009,"4050006",8,"Insecurity",,
2009,"4050006",9,"Other",,
2009,"4050010",1,"Delayed remittance of fu",2,2
2009,"4050010",2,"Inadequate facilities",,
2009,"4050010",3,"Inadequate staff",,
2009,"4050010",4,"Wide road network",,
2009,"4050010",5,"Lack of peoples' interes",,
2009,"4050010",6,"Inadequate funding",1,2
2009,"4050010",7,"Low pay to staff",,
2009,"4050010",8,"Insecurity",,
2009,"4050010",9,"Other",3,2
2009,"4060008",1,"Delayed remittance of fu",,
2009,"4060008",2,"Inadequate facilities",3,2
2009,"4060008",3,"Inadequate staff",,
2009,"4060008",4,"Wide road network",,
2009,"4060008",5,"Lack of peoples' interes",,
2009,"4060008",6,"Inadequate funding",1,2
2009,"4060008",7,"Low pay to staff",,
2009,"4060008",8,"Insecurity",,
2009,"4060008",9,"Other",2,2
2009,"4060010",1,"Delayed remittance of fu",1,2
2009,"4060010",2,"Inadequate facilities",3,2
2009,"4060010",3,"Inadequate staff",,
2009,"4060010",4,"Wide road network",,
2009,"4060010",5,"Lack of peoples' interes",,
2009,"4060010",6,"Inadequate funding",,
2009,"4060010",7,"Low pay to staff",,
2009,"4060010",8,"Insecurity",,
2009,"4060010",9,"Other",2,2
2009,"4060011",1,"Delayed remittance of fu",1,2
2009,"4060011",2,"Inadequate facilities",,
2009,"4060011",3,"Inadequate staff",,
2009,"4060011",4,"Wide road network",,
2009,"4060011",5,"Lack of peoples' interes",3,2
2009,"4060011",6,"Inadequate funding",,
2009,"4060011",7,"Low pay to staff",,
2009,"4060011",8,"Insecurity",,
2009,"4060011",9,"Other",2,2
2009,"4060013",1,"Delayed remittance of fu",1,2
2009,"4060013",2,"Inadequate facilities",,
2009,"4060013",3,"Inadequate staff",,
2009,"4060013",4,"Wide road network",,
2009,"4060013",5,"Lack of peoples' interes",,
2009,"4060013",6,"Inadequate funding",,
2009,"4060013",7,"Low pay to staff",,
2009,"4060013",8,"Insecurity",,
2009,"4060013",9,"Other",2,2
2009,"4070003",1,"Delayed remittance of fu",,
2009,"4070003",2,"Inadequate facilities",,
2009,"4070003",3,"Inadequate staff",,
2009,"4070003",4,"Wide road network",,
2009,"4070003",5,"Lack of peoples' interes",,
2009,"4070003",6,"Inadequate funding",1,3
2009,"4070003",7,"Low pay to staff",,
2009,"4070003",8,"Insecurity",,
2009,"4070003",9,"Other",2,2
2009,"4070005",1,"Delayed remittance of fu",,
2009,"4070005",2,"Inadequate facilities",,
2009,"4070005",3,"Inadequate staff",,
2009,"4070005",4,"Wide road network",,
2009,"4070005",5,"Lack of peoples' interes",,
2009,"4070005",6,"Inadequate funding",1,2
2009,"4070005",7,"Low pay to staff",,
2009,"4070005",8,"Insecurity",,
2009,"4070005",9,"Other",2,2
2009,"4070007",1,"Delayed remittance of fu",,
2009,"4070007",2,"Inadequate facilities",,
2009,"4070007",3,"Inadequate staff",,
2009,"4070007",4,"Wide road network",2,2
2009,"4070007",5,"Lack of peoples' interes",,
2009,"4070007",6,"Inadequate funding",1,2
2009,"4070007",7,"Low pay to staff",,
2009,"4070007",8,"Insecurity",,
2009,"4070007",9,"Other",,
2009,"4080002",1,"Delayed remittance of fu",2,2
2009,"4080002",2,"Inadequate facilities",,
2009,"4080002",3,"Inadequate staff",,
2009,"4080002",4,"Wide road network",,
2009,"4080002",5,"Lack of peoples' interes",3,1
2009,"4080002",6,"Inadequate funding",,
2009,"4080002",7,"Low pay to staff",,
2009,"4080002",8,"Insecurity",,
2009,"4080002",9,"Other",1,1
2009,"4080004",1,"Delayed remittance of fu",1,2
2009,"4080004",2,"Inadequate facilities",,
2009,"4080004",3,"Inadequate staff",,
2009,"4080004",4,"Wide road network",,
2009,"4080004",5,"Lack of peoples' interes",,
2009,"4080004",6,"Inadequate funding",2,3
2009,"4080004",7,"Low pay to staff",,
2009,"4080004",8,"Insecurity",,
2009,"4080004",9,"Other",3,1
2009,"4090005",1,"Delayed remittance of fu",3,2
2009,"4090005",2,"Inadequate facilities",,
2009,"4090005",3,"Inadequate staff",,
2009,"4090005",4,"Wide road network",,
2009,"4090005",5,"Lack of peoples' interes",1,3
2009,"4090005",6,"Inadequate funding",2,2
2009,"4090005",7,"Low pay to staff",,
2009,"4090005",8,"Insecurity",,
2009,"4090005",9,"Other",,
2009,"4090011",1,"Delayed remittance of fu",,
2009,"4090011",2,"Inadequate facilities",2,2
2009,"4090011",3,"Inadequate staff",3,2
2009,"4090011",4,"Wide road network",,
2009,"4090011",5,"Lack of peoples' interes",,
2009,"4090011",6,"Inadequate funding",1,2
2009,"4090011",7,"Low pay to staff",,
2009,"4090011",8,"Insecurity",,
2009,"4090011",9,"Other",,
2009,"4100001",1,"Delayed remittance of fu",,
2009,"4100001",2,"Inadequate facilities",1,3
2009,"4100001",3,"Inadequate staff",,
2009,"4100001",4,"Wide road network",,
2009,"4100001",5,"Lack of peoples' interes",,
2009,"4100001",6,"Inadequate funding",2,2
2009,"4100001",7,"Low pay to staff",,
2009,"4100001",8,"Insecurity",,
2009,"4100001",9,"Other",3,3
2009,"4100005",1,"Delayed remittance of fu",,
2009,"4100005",2,"Inadequate facilities",,
2009,"4100005",3,"Inadequate staff",2,3
2009,"4100005",4,"Wide road network",3,3
2009,"4100005",5,"Lack of peoples' interes",,
2009,"4100005",6,"Inadequate funding",,
2009,"4100005",7,"Low pay to staff",,
2009,"4100005",8,"Insecurity",,
2009,"4100005",9,"Other",1,3
2009,"4100026",1,"Delayed remittance of fu",,
2009,"4100026",2,"Inadequate facilities",2,3
2009,"4100026",3,"Inadequate staff",,
2009,"4100026",4,"Wide road network",,
2009,"4100026",5,"Lack of peoples' interes",,
2009,"4100026",6,"Inadequate funding",1,3
2009,"4100026",7,"Low pay to staff",,
2009,"4100026",8,"Insecurity",,
2009,"4100026",9,"Other",3,3
2009,"4100029",1,"Delayed remittance of fu",,
2009,"4100029",2,"Inadequate facilities",,
2009,"4100029",3,"Inadequate staff",,
2009,"4100029",4,"Wide road network",,
2009,"4100029",5,"Lack of peoples' interes",,
2009,"4100029",6,"Inadequate funding",,
2009,"4100029",7,"Low pay to staff",,
2009,"4100029",8,"Insecurity",,
2009,"4100029",9,"Other",,
2009,"4100038",1,"Delayed remittance of fu",3,3
2009,"4100038",2,"Inadequate facilities",,
2009,"4100038",3,"Inadequate staff",,
2009,"4100038",4,"Wide road network",,
2009,"4100038",5,"Lack of peoples' interes",,
2009,"4100038",6,"Inadequate funding",1,3
2009,"4100038",7,"Low pay to staff",,
2009,"4100038",8,"Insecurity",,
2009,"4100038",9,"Other",2,3
2009,"4110002",1,"Delayed remittance of fu",,
2009,"4110002",2,"Inadequate facilities",2,2
2009,"4110002",3,"Inadequate staff",,
2009,"4110002",4,"Wide road network",,
2009,"4110002",5,"Lack of peoples' interes",,
2009,"4110002",6,"Inadequate funding",1,1
2009,"4110002",7,"Low pay to staff",,
2009,"4110002",8,"Insecurity",,
2009,"4110002",9,"Other",3,3
2009,"4110004",1,"Delayed remittance of fu",,
2009,"4110004",2,"Inadequate facilities",,
2009,"4110004",3,"Inadequate staff",,
2009,"4110004",4,"Wide road network",,
2009,"4110004",5,"Lack of peoples' interes",,
2009,"4110004",6,"Inadequate funding",1,2
2009,"4110004",7,"Low pay to staff",,
2009,"4110004",8,"Insecurity",,
2009,"4110004",9,"Other",,
2009,"4110006",1,"Delayed remittance of fu",,
2009,"4110006",2,"Inadequate facilities",2,2
2009,"4110006",3,"Inadequate staff",,
2009,"4110006",4,"Wide road network",,
2009,"4110006",5,"Lack of peoples' interes",,
2009,"4110006",6,"Inadequate funding",1,2
2009,"4110006",7,"Low pay to staff",,
2009,"4110006",8,"Insecurity",,
2009,"4110006",9,"Other",3,2
2009,"4110007",1,"Delayed remittance of fu",,
2009,"4110007",2,"Inadequate facilities",2,2
2009,"4110007",3,"Inadequate staff",,
2009,"4110007",4,"Wide road network",,
2009,"4110007",5,"Lack of peoples' interes",,
2009,"4110007",6,"Inadequate funding",,
2009,"4110007",7,"Low pay to staff",,
2009,"4110007",8,"Insecurity",,
2009,"4110007",9,"Other",1,2
2009,"4110009",1,"Delayed remittance of fu",,
2009,"4110009",2,"Inadequate facilities",,
2009,"4110009",3,"Inadequate staff",2,2
2009,"4110009",4,"Wide road network",,
2009,"4110009",5,"Lack of peoples' interes",,
2009,"4110009",6,"Inadequate funding",1,2
2009,"4110009",7,"Low pay to staff",,
2009,"4110009",8,"Insecurity",,
2009,"4110009",9,"Other",3,3
2009,"4120003",1,"Delayed remittance of fu",1,1
2009,"4120003",2,"Inadequate facilities",3,2
2009,"4120003",3,"Inadequate staff",,
2009,"4120003",4,"Wide road network",,
2009,"4120003",5,"Lack of peoples' interes",,
2009,"4120003",6,"Inadequate funding",,
2009,"4120003",7,"Low pay to staff",,
2009,"4120003",8,"Insecurity",,
2009,"4120003",9,"Other",2,2
2009,"4120005",1,"Delayed remittance of fu",,
2009,"4120005",2,"Inadequate facilities",,
2009,"4120005",3,"Inadequate staff",,
2009,"4120005",4,"Wide road network",,
2009,"4120005",5,"Lack of peoples' interes",,
2009,"4120005",6,"Inadequate funding",2,3
2009,"4120005",7,"Low pay to staff",,
2009,"4120005",8,"Insecurity",,
2009,"4120005",9,"Other",1,2
2009,"4130002",1,"Delayed remittance of fu",2,2
2009,"4130002",2,"Inadequate facilities",,
2009,"4130002",3,"Inadequate staff",,
2009,"4130002",4,"Wide road network",,
2009,"4130002",5,"Lack of peoples' interes",3,2
2009,"4130002",6,"Inadequate funding",,
2009,"4130002",7,"Low pay to staff",,
2009,"4130002",8,"Insecurity",,
2009,"4130002",9,"Other",1,2
2009,"4130003",1,"Delayed remittance of fu",,
2009,"4130003",2,"Inadequate facilities",,
2009,"4130003",3,"Inadequate staff",2,2
2009,"4130003",4,"Wide road network",,
2009,"4130003",5,"Lack of peoples' interes",,
2009,"4130003",6,"Inadequate funding",3,2
2009,"4130003",7,"Low pay to staff",,
2009,"4130003",8,"Insecurity",,
2009,"4130003",9,"Other",1,2
2009,"4130005",1,"Delayed remittance of fu",2,3
2009,"4130005",2,"Inadequate facilities",3,3
2009,"4130005",3,"Inadequate staff",,
2009,"4130005",4,"Wide road network",,
2009,"4130005",5,"Lack of peoples' interes",,
2009,"4130005",6,"Inadequate funding",1,3
2009,"4130005",7,"Low pay to staff",,
2009,"4130005",8,"Insecurity",,
2009,"4130005",9,"Other",,
2009,"4140001",1,"Delayed remittance of fu",,
2009,"4140001",2,"Inadequate facilities",3,1
2009,"4140001",3,"Inadequate staff",,
2009,"4140001",4,"Wide road network",,
2009,"4140001",5,"Lack of peoples' interes",,
2009,"4140001",6,"Inadequate funding",1,1
2009,"4140001",7,"Low pay to staff",,
2009,"4140001",8,"Insecurity",,
2009,"4140001",9,"Other",2,2
2009,"4140003",1,"Delayed remittance of fu",3,3
2009,"4140003",2,"Inadequate facilities",,
2009,"4140003",3,"Inadequate staff",,
2009,"4140003",4,"Wide road network",,
2009,"4140003",5,"Lack of peoples' interes",,
2009,"4140003",6,"Inadequate funding",1,1
2009,"4140003",7,"Low pay to staff",,
2009,"4140003",8,"Insecurity",,
2009,"4140003",9,"Other",2,3
2009,"4140005",1,"Delayed remittance of fu",,
2009,"4140005",2,"Inadequate facilities",3,3
2009,"4140005",3,"Inadequate staff",,
2009,"4140005",4,"Wide road network",,
2009,"4140005",5,"Lack of peoples' interes",,
2009,"4140005",6,"Inadequate funding",1,2
2009,"4140005",7,"Low pay to staff",,
2009,"4140005",8,"Insecurity",,
2009,"4140005",9,"Other",2,2
2009,"4150002",1,"Delayed remittance of fu",,
2009,"4150002",2,"Inadequate facilities",,
2009,"4150002",3,"Inadequate staff",3,2
2009,"4150002",4,"Wide road network",,
2009,"4150002",5,"Lack of peoples' interes",,
2009,"4150002",6,"Inadequate funding",1,2
2009,"4150002",7,"Low pay to staff",,
2009,"4150002",8,"Insecurity",,
2009,"4150002",9,"Other",2,2
2009,"4150006",1,"Delayed remittance of fu",1,2
2009,"4150006",2,"Inadequate facilities",,
2009,"4150006",3,"Inadequate staff",,
2009,"4150006",4,"Wide road network",,
2009,"4150006",5,"Lack of peoples' interes",,
2009,"4150006",6,"Inadequate funding",,
2009,"4150006",7,"Low pay to staff",,
2009,"4150006",8,"Insecurity",,
2009,"4150006",9,"Other",2,2
2009,"4150007",1,"Delayed remittance of fu",,
2009,"4150007",2,"Inadequate facilities",,
2009,"4150007",3,"Inadequate staff",,
2009,"4150007",4,"Wide road network",,
2009,"4150007",5,"Lack of peoples' interes",1,2
2009,"4150007",6,"Inadequate funding",3,2
2009,"4150007",7,"Low pay to staff",,
2009,"4150007",8,"Insecurity",,
2009,"4150007",9,"Other",2,3
2009,"4150009",1,"Delayed remittance of fu",,
2009,"4150009",2,"Inadequate facilities",,
2009,"4150009",3,"Inadequate staff",3,2
2009,"4150009",4,"Wide road network",,
2009,"4150009",5,"Lack of peoples' interes",,
2009,"4150009",6,"Inadequate funding",2,2
2009,"4150009",7,"Low pay to staff",,
2009,"4150009",8,"Insecurity",,
2009,"4150009",9,"Other",1,2
2009,"4170008",1,"Delayed remittance of fu",,
2009,"4170008",2,"Inadequate facilities",2,1
2009,"4170008",3,"Inadequate staff",,
2009,"4170008",4,"Wide road network",,
2009,"4170008",5,"Lack of peoples' interes",,
2009,"4170008",6,"Inadequate funding",1,3
2009,"4170008",7,"Low pay to staff",,
2009,"4170008",8,"Insecurity",,
2009,"4170008",9,"Other",,
2009,"4170014",1,"Delayed remittance of fu",,
2009,"4170014",2,"Inadequate facilities",,
2009,"4170014",3,"Inadequate staff",,
2009,"4170014",4,"Wide road network",,
2009,"4170014",5,"Lack of peoples' interes",2,3
2009,"4170014",6,"Inadequate funding",,
2009,"4170014",7,"Low pay to staff",,
2009,"4170014",8,"Insecurity",,
2009,"4170014",9,"Other",1,2
2009,"4170017",1,"Delayed remittance of fu",,
2009,"4170017",2,"Inadequate facilities",,
2009,"4170017",3,"Inadequate staff",,
2009,"4170017",4,"Wide road network",,
2009,"4170017",5,"Lack of peoples' interes",2,2
2009,"4170017",6,"Inadequate funding",1,2
2009,"4170017",7,"Low pay to staff",,
2009,"4170017",8,"Insecurity",,
2009,"4170017",9,"Other",,
2009,"4180011",1,"Delayed remittance of fu",,
2009,"4180011",2,"Inadequate facilities",,
2009,"4180011",3,"Inadequate staff",,
2009,"4180011",4,"Wide road network",,
2009,"4180011",5,"Lack of peoples' interes",,
2009,"4180011",6,"Inadequate funding",2,2
2009,"4180011",7,"Low pay to staff",,
2009,"4180011",8,"Insecurity",,
2009,"4180011",9,"Other",1,1
2009,"4180020",1,"Delayed remittance of fu",,
2009,"4180020",2,"Inadequate facilities",,
2009,"4180020",3,"Inadequate staff",,
2009,"4180020",4,"Wide road network",,
2009,"4180020",5,"Lack of peoples' interes",,
2009,"4180020",6,"Inadequate funding",1,3
2009,"4180020",7,"Low pay to staff",,
2009,"4180020",8,"Insecurity",,
2009,"4180020",9,"Other",,
2009,"4190032",1,"Delayed remittance of fu",,
2009,"4190032",2,"Inadequate facilities",3,3
2009,"4190032",3,"Inadequate staff",,
2009,"4190032",4,"Wide road network",,
2009,"4190032",5,"Lack of peoples' interes",1,2
2009,"4190032",6,"Inadequate funding",,
2009,"4190032",7,"Low pay to staff",,
2009,"4190032",8,"Insecurity",,
2009,"4190032",9,"Other",2,3
2009,"4190035",1,"Delayed remittance of fu",,
2009,"4190035",2,"Inadequate facilities",,
2009,"4190035",3,"Inadequate staff",,
2009,"4190035",4,"Wide road network",,
2009,"4190035",5,"Lack of peoples' interes",,
2009,"4190035",6,"Inadequate funding",1,2
2009,"4190035",7,"Low pay to staff",,
2009,"4190035",8,"Insecurity",,
2009,"4190035",9,"Other",2,3
