"Year","Hhid","H9bq6o","H9bq8o"
2005,"1021000202","A FRIEND",
2005,"1021000207","HUSBAND",
2005,"1021000410","RELATIVE",
2005,"1021001109","INHERITED FROM THE FATHER",
2005,"1021001206","HER HUSBAND",
2005,"1021001704","BORROWED FROM A FRIEND",
2005,"1021001709","FROM FRIEND",
2005,"1021001801","PARENT",
2005,"1021002312","FROM HUSBAND",
2005,"1021002705","MOTHER GAVE HIM THE MONEY",
2005,"1163001102","LOAN FROM A RELATIVE",
2005,"1053000802",,"FRIEND"
2005,"1053001508","FRIEND",
2005,"1053002307","RELATIVE",
2005,"1063000304","RELATIVE",
2005,"1063000504","RELATIVE",
2005,"1071000205","SOLD VEHICLE",
2005,"1153000401","BORROWED MONEY FROM A FRIEND",
2005,"1073001608","FRIENDS",
2005,"1073002310","GIVEN BY THE HUSBAND",
2005,"1083001603","RELATIVE",
2005,"2041000202","HUSBAND",
2005,"2081000103","SAVINGS FROM SALE OF ALCOHOL",
2005,"2083000810","BROTHER",
2005,"2103000710","/",
2005,"2121000301","THEIR FATHER GAVE THEM INITIAL BICYCLES BE4 ACQUIRED THEIRS",
2005,"2121000304","STANDS FOR SOLD LAND",
2005,"2121000305","CREDIT FROM SUPPLIER",
2005,"2123000803","BORROWED FROM A FRIEND",
2005,"3023000505","SPOUSE",
2005,"3213002807","BROTHER",
2005,"3023003503","HUSBAND",
2005,"3203002102","MONEY GIVEN BY MOTHER",
2005,"3041000408","FROM THE MOTHER",
2005,"3043000905","HOME PRODUCED CASSAVA, MILLET",
2005,"3071000205","GIVEN BY A RELATIVE",
2005,"3071000210","GOT FROM THE SPOUSE",
2005,"3173000901","PROVIDEDBY SPOUSE",
2005,"3073001703","RELATIVE",
2005,"3073002013","STEP BROTHER",
2005,"3093000102","HEAD OF HOUSEHOLD GAVE THEM MONEY",
2005,"3101000408","FROM THE SISTER",
2005,"3103001011","FROM THE HUSBAND",
2005,"3103001204","FRIEND",
2005,"4013000306","A RELATIVE BORROWED HIM THE MONEY",
2005,"4021000205","THE SPOUSE BOUGHT IT FOR HER.",
2005,"4023003001","RELATIVES",
2005,"4041000307","HIS PACKAGE",
2005,"4043000610","FROM RELATIVES",
2005,"4111000205","HER AUNT GAVE HER THE MONEY.",
2005,"4153000901","PARENTS",
