"interview__key","EA_code","rsection1c__id","s1cq02","s1cq03","s1cq04","s1cq05","s1cq06"
"12-09-37-88","00928229c3e64db9a66fd1f0d4dff345",2,2,70,96,12,4
"12-09-37-88","00928229c3e64db9a66fd1f0d4dff345",1,1,42,1,20,4
"12-09-37-88","00928229c3e64db9a66fd1f0d4dff345",5,1,35,9,8,6
"12-09-37-88","00928229c3e64db9a66fd1f0d4dff345",3,1,47,12,24,4
"12-09-37-88","00928229c3e64db9a66fd1f0d4dff345",4,1,41,12,13,2
"13-26-94-05","03e3d013ed9a4a7b9e72a04e5867ed88",2,1,42,96,42,5
"13-26-94-05","03e3d013ed9a4a7b9e72a04e5867ed88",1,2,38,96,33,6
"13-26-94-05","03e3d013ed9a4a7b9e72a04e5867ed88",3,1,42,1,42,5
"94-25-74-66","0548b11d746b41149960bad12ade2187",1,1,56,1,20,5
"94-25-74-66","0548b11d746b41149960bad12ade2187",2,2,60,4,20,3
"94-25-74-66","0548b11d746b41149960bad12ade2187",4,1,42,12,20,4
"94-25-74-66","0548b11d746b41149960bad12ade2187",3,2,34,2,20,2
"94-25-74-66","0548b11d746b41149960bad12ade2187",5,1,31,9,25,3
"66-47-37-97","06c492654e8342fabe3ec8af1aad4cef",4,1,43,12,43,3
"66-47-37-97","06c492654e8342fabe3ec8af1aad4cef",3,2,80,10,25,2
"66-47-37-97","06c492654e8342fabe3ec8af1aad4cef",1,1,47,1,47,4
"66-47-37-97","06c492654e8342fabe3ec8af1aad4cef",2,2,39,96,24,3
"39-29-24-84","07d762b045a54167af44618c38f26e49",2,1,43,96,10,3
"39-29-24-84","07d762b045a54167af44618c38f26e49",3,1,30,3,30,4
"39-29-24-84","07d762b045a54167af44618c38f26e49",1,1,35,1,2,4
"39-29-24-84","07d762b045a54167af44618c38f26e49",4,2,45,2,8,2
"74-65-87-03","09583a0be3d943588eccede22daecd45",1,1,55,1,25,6
"74-65-87-03","09583a0be3d943588eccede22daecd45",2,2,45,96,25,3
"96-05-61-85","09bd271138b34050a20647bb26da164e",4,1,45,12,45,6
"96-05-61-85","09bd271138b34050a20647bb26da164e",2,1,55,4,55,6
"96-05-61-85","09bd271138b34050a20647bb26da164e",1,1,82,1,2,6
"96-05-61-85","09bd271138b34050a20647bb26da164e",3,2,52,2,52,4
"02-82-25-55","09e5567a67b24c56b7c7bb13800ead7e",3,1,33,12,30,2
"02-82-25-55","09e5567a67b24c56b7c7bb13800ead7e",4,1,40,9,30,2
"02-82-25-55","09e5567a67b24c56b7c7bb13800ead7e",1,1,42,1,38,4
"02-82-25-55","09e5567a67b24c56b7c7bb13800ead7e",2,1,68,4,55,2
"05-20-15-42","0b6fdf9b7d2b484ea36915e5f8b3940d",1,1,63,96,35,2
"05-20-15-42","0b6fdf9b7d2b484ea36915e5f8b3940d",2,2,30,6,30,2
"54-45-74-15","0e2cb66e0eaa46feb1f41a241a8c4910",2,1,30,12,30,5
"54-45-74-15","0e2cb66e0eaa46feb1f41a241a8c4910",3,2,30,12,20,4
"54-45-74-15","0e2cb66e0eaa46feb1f41a241a8c4910",4,1,40,12,40,3
"54-45-74-15","0e2cb66e0eaa46feb1f41a241a8c4910",1,1,36,1,36,4
"98-06-19-96","0e53cc68fc734154a21bb2def6bbc5c6",1,1,55,96,55,2
"13-72-15-50","0e5fc948d76340ac9c27380a8837c56c",1,1,,,,
"76-22-41-77","12810e18eb6c41d7ac10cbb28f40fdf3",6,,,,,
"76-22-41-77","12810e18eb6c41d7ac10cbb28f40fdf3",7,,,,,
"76-22-41-77","12810e18eb6c41d7ac10cbb28f40fdf3",1,,,,,
"76-22-41-77","12810e18eb6c41d7ac10cbb28f40fdf3",4,,,,,
"76-22-41-77","12810e18eb6c41d7ac10cbb28f40fdf3",3,,,,,
"76-22-41-77","12810e18eb6c41d7ac10cbb28f40fdf3",2,,,,,
"76-22-41-77","12810e18eb6c41d7ac10cbb28f40fdf3",5,,,,,
"97-89-02-98","13a34d9690b54ab7b9eee7d1ddafbe9f",1,1,46,1,14,4
"97-89-02-98","13a34d9690b54ab7b9eee7d1ddafbe9f",3,2,32,2,8,4
"97-89-02-98","13a34d9690b54ab7b9eee7d1ddafbe9f",4,1,28,3,7,5
"97-89-02-98","13a34d9690b54ab7b9eee7d1ddafbe9f",2,1,70,10,25,6
"97-89-02-98","13a34d9690b54ab7b9eee7d1ddafbe9f",6,1,50,9,25,4
"97-89-02-98","13a34d9690b54ab7b9eee7d1ddafbe9f",5,1,70,4,20,6
"75-98-78-48","13f4006f120f4c3b800e7ccaedd4aee4",1,1,41,12,2,4
"98-86-51-07","150cdba4fed14b4a87d582d398577942",4,1,38,12,35,2
"98-86-51-07","150cdba4fed14b4a87d582d398577942",1,2,38,1,5,4
"98-86-51-07","150cdba4fed14b4a87d582d398577942",2,1,42,96,25,2
"98-86-51-07","150cdba4fed14b4a87d582d398577942",3,1,68,10,55,2
"16-77-56-74","155c5c1261c04747be7944ce3daa6ac2",3,2,66,12,44,4
"16-77-56-74","155c5c1261c04747be7944ce3daa6ac2",2,2,49,2,38,5
"16-77-56-74","155c5c1261c04747be7944ce3daa6ac2",1,1,45,1,45,4
"48-96-08-15","15e14a2aedca4f1dad88f6a30e6d8a2c",1,1,28,3,28,5
"48-96-08-15","15e14a2aedca4f1dad88f6a30e6d8a2c",3,2,35,96,15,5
"48-96-08-15","15e14a2aedca4f1dad88f6a30e6d8a2c",2,1,42,1,42,4
"13-39-91-73","166579dc0f4d4f19bdc2c8e6c2e31a0f",1,1,31,96,31,4
"13-39-91-73","166579dc0f4d4f19bdc2c8e6c2e31a0f",2,2,57,1,30,4
"61-27-08-63","168d74660fc04a2792cb437eedcec5e1",1,1,68,1,68,2
"61-27-08-63","168d74660fc04a2792cb437eedcec5e1",2,1,45,6,12,6
"61-27-08-63","168d74660fc04a2792cb437eedcec5e1",4,1,38,12,38,2
"61-27-08-63","168d74660fc04a2792cb437eedcec5e1",3,2,65,96,40,2
"05-10-89-43","16c6c976a02c414f8e01d02dddc97a5d",1,1,44,1,21,4
"05-10-89-43","16c6c976a02c414f8e01d02dddc97a5d",2,1,31,12,31,3
"77-05-32-40","1816825774944a8fa45dde05fc0e79dc",1,1,37,12,37,4
"34-03-95-15","191a256cbcac47a2966d2f058153bc70",2,1,52,12,40,3
"34-03-95-15","191a256cbcac47a2966d2f058153bc70",1,1,54,12,40,3
"34-03-95-15","191a256cbcac47a2966d2f058153bc70",4,1,58,12,45,5
"34-03-95-15","191a256cbcac47a2966d2f058153bc70",3,1,48,12,48,3
"41-72-74-44","195e5a9b4fcb4d7dbe18eaf543a9283b",1,1,55,4,45,6
"41-72-74-44","195e5a9b4fcb4d7dbe18eaf543a9283b",4,2,31,12,3,6
"41-72-74-44","195e5a9b4fcb4d7dbe18eaf543a9283b",2,1,53,1,50,2
"41-72-74-44","195e5a9b4fcb4d7dbe18eaf543a9283b",3,1,40,12,10,4
"01-51-54-41","1a257e54482e4ecf8b6aedc7cc89f8fd",1,2,38,6,12,6
"01-51-54-41","1a257e54482e4ecf8b6aedc7cc89f8fd",3,1,29,6,5,6
"01-51-54-41","1a257e54482e4ecf8b6aedc7cc89f8fd",2,1,52,96,20,4
"01-51-54-41","1a257e54482e4ecf8b6aedc7cc89f8fd",4,1,65,1,31,2
"32-45-14-74","1dce5f2d227147f4a9f8e27ad9423f5d",3,2,32,12,10,2
"32-45-14-74","1dce5f2d227147f4a9f8e27ad9423f5d",1,1,68,1,68,4
"32-45-14-74","1dce5f2d227147f4a9f8e27ad9423f5d",4,1,21,12,20,5
"32-45-14-74","1dce5f2d227147f4a9f8e27ad9423f5d",2,2,46,12,30,1
"32-45-14-74","1dce5f2d227147f4a9f8e27ad9423f5d",5,1,23,12,23,6
"48-93-82-89","2000d66f97714765bc8e85e671ad8283",2,1,47,1,47,3
"48-93-82-89","2000d66f97714765bc8e85e671ad8283",1,1,28,3,28,6
"36-96-62-29","20188c3dd7af4786a15806bc3d9cc605",3,1,45,96,25,2
"36-96-62-29","20188c3dd7af4786a15806bc3d9cc605",2,1,50,96,19,3
"36-96-62-29","20188c3dd7af4786a15806bc3d9cc605",1,1,33,96,19,2
"36-96-62-29","20188c3dd7af4786a15806bc3d9cc605",4,2,50,8,30,3
"02-80-79-45","20eb974e8c9b4361a62ccde0ce8611ad",3,1,50,12,34,3
"02-80-79-45","20eb974e8c9b4361a62ccde0ce8611ad",2,1,35,96,35,5
"02-80-79-45","20eb974e8c9b4361a62ccde0ce8611ad",1,1,49,1,36,2
"20-02-77-43","218cb290a69743c69e521b6122a6d507",1,1,63,12,63,4
"20-02-77-43","218cb290a69743c69e521b6122a6d507",5,1,39,12,39,4
"20-02-77-43","218cb290a69743c69e521b6122a6d507",4,1,54,12,54,5
"20-02-77-43","218cb290a69743c69e521b6122a6d507",2,2,33,12,22,3
"20-02-77-43","218cb290a69743c69e521b6122a6d507",6,1,43,12,43,3
"20-02-77-43","218cb290a69743c69e521b6122a6d507",3,1,38,12,38,5
"90-21-50-09","228bcac6d0b147dbaebbc943965f78c1",2,1,46,1,46,3
"90-21-50-09","228bcac6d0b147dbaebbc943965f78c1",4,2,27,8,8,6
"90-21-50-09","228bcac6d0b147dbaebbc943965f78c1",1,1,38,6,5,5
"90-21-50-09","228bcac6d0b147dbaebbc943965f78c1",3,1,33,3,33,4
"90-21-50-09","228bcac6d0b147dbaebbc943965f78c1",5,1,45,12,15,4
"76-53-22-95","237d3bd58d47443f984a1146cfb17596",4,2,29,2,11,3
"76-53-22-95","237d3bd58d47443f984a1146cfb17596",1,1,64,1,42,6
"76-53-22-95","237d3bd58d47443f984a1146cfb17596",2,1,22,12,7,3
"76-53-22-95","237d3bd58d47443f984a1146cfb17596",3,2,18,12,4,2
"71-53-71-15","2625ab72d0ca4e74bcc7a51eefc3c049",1,2,31,12,6,4
"71-53-71-15","2625ab72d0ca4e74bcc7a51eefc3c049",3,2,85,1,54,1
"71-53-71-15","2625ab72d0ca4e74bcc7a51eefc3c049",2,1,35,96,30,1
"01-86-81-64","29d53afc2900441fa7931d2da4f6ab7e",1,1,42,12,40,6
"55-22-88-49","29fdcdf88e2e444f9fbb7d235214e8e1",3,1,56,1,56,2
"55-22-88-49","29fdcdf88e2e444f9fbb7d235214e8e1",2,1,58,96,30,3
"55-22-88-49","29fdcdf88e2e444f9fbb7d235214e8e1",1,2,55,96,35,4
"55-22-88-49","29fdcdf88e2e444f9fbb7d235214e8e1",4,1,35,1,13,4
"10-91-96-82","2b9fe8ab9b854dc1a78be4554e2db70f",4,2,35,2,10,4
"10-91-96-82","2b9fe8ab9b854dc1a78be4554e2db70f",1,1,55,12,25,2
"10-91-96-82","2b9fe8ab9b854dc1a78be4554e2db70f",3,1,60,12,60,2
"10-91-96-82","2b9fe8ab9b854dc1a78be4554e2db70f",5,1,45,1,30,5
"10-91-96-82","2b9fe8ab9b854dc1a78be4554e2db70f",2,1,50,96,24,4
"37-99-38-49","2c005b61e9d3469bb8b37576d7c0a9dc",4,2,24,8,1,6
"37-99-38-49","2c005b61e9d3469bb8b37576d7c0a9dc",3,2,48,12,45,2
"37-99-38-49","2c005b61e9d3469bb8b37576d7c0a9dc",2,1,28,6,6,6
"37-99-38-49","2c005b61e9d3469bb8b37576d7c0a9dc",1,1,45,1,40,4
"18-49-15-19","2c09ec554d4e489bb9d6e97baaebfa65",1,2,61,1,35,3
"18-49-15-19","2c09ec554d4e489bb9d6e97baaebfa65",4,1,70,12,45,2
"18-49-15-19","2c09ec554d4e489bb9d6e97baaebfa65",3,1,68,12,68,3
"18-49-15-19","2c09ec554d4e489bb9d6e97baaebfa65",2,2,45,12,20,5
"91-50-78-15","2c1eac5793354569a5f6598d4cc1c4d9",1,1,50,1,30,4
"91-50-78-15","2c1eac5793354569a5f6598d4cc1c4d9",2,1,33,6,30,6
"33-98-51-91","2c79b64a9c5544fabbddb2b71590e49f",1,1,45,1,45,4
"33-98-51-91","2c79b64a9c5544fabbddb2b71590e49f",2,1,61,6,20,6
"33-98-51-91","2c79b64a9c5544fabbddb2b71590e49f",5,2,36,9,20,2
"33-98-51-91","2c79b64a9c5544fabbddb2b71590e49f",4,2,47,2,19,3
"33-98-51-91","2c79b64a9c5544fabbddb2b71590e49f",6,1,72,4,72,2
"33-98-51-91","2c79b64a9c5544fabbddb2b71590e49f",3,1,32,3,32,3
"02-42-11-75","2caf4db31e1947578d134f4b52b91d8f",4,1,40,96,40,5
"02-42-11-75","2caf4db31e1947578d134f4b52b91d8f",3,1,45,96,45,5
"02-42-11-75","2caf4db31e1947578d134f4b52b91d8f",5,2,42,2,28,4
"67-79-02-00","2ce29c6cfe0a456793b78a9eea712769",2,2,19,12,2,4
"67-79-02-00","2ce29c6cfe0a456793b78a9eea712769",3,1,20,12,2,2
"67-79-02-00","2ce29c6cfe0a456793b78a9eea712769",4,2,28,12,6,4
"67-79-02-00","2ce29c6cfe0a456793b78a9eea712769",1,2,50,2,20,3
"44-82-68-29","2d0189f201a24a6eb390e7644e7127ac",1,1,43,96,32,3
"44-82-68-29","2d0189f201a24a6eb390e7644e7127ac",3,1,48,1,32,4
"44-82-68-29","2d0189f201a24a6eb390e7644e7127ac",2,1,35,96,20,4
"42-91-93-12","2dd8b36de95c4d5bba92df1210413388",3,2,44,2,22,6
"42-91-93-12","2dd8b36de95c4d5bba92df1210413388",2,1,47,12,47,3
"42-91-93-12","2dd8b36de95c4d5bba92df1210413388",1,1,34,1,34,2
"43-35-34-23","2e97754263a84e12b95022950c69f673",2,1,40,1,40,4
"43-35-34-23","2e97754263a84e12b95022950c69f673",3,1,50,12,50,4
"43-35-34-23","2e97754263a84e12b95022950c69f673",9,1,24,12,12,3
"43-35-34-23","2e97754263a84e12b95022950c69f673",4,1,48,9,48,2
"43-35-34-23","2e97754263a84e12b95022950c69f673",8,1,32,12,32,4
"43-35-34-23","2e97754263a84e12b95022950c69f673",7,2,26,12,10,4
"43-35-34-23","2e97754263a84e12b95022950c69f673",6,2,37,12,37,2
"43-35-34-23","2e97754263a84e12b95022950c69f673",1,2,45,12,45,3
"43-35-34-23","2e97754263a84e12b95022950c69f673",5,1,24,9,24,4
"49-53-35-89","2f452dce46214291b99d8f76038d10c9",2,1,64,96,64,3
"49-53-35-89","2f452dce46214291b99d8f76038d10c9",4,2,50,2,50,1
"49-53-35-89","2f452dce46214291b99d8f76038d10c9",5,1,46,12,46,5
"49-53-35-89","2f452dce46214291b99d8f76038d10c9",3,1,48,96,48,6
"49-53-35-89","2f452dce46214291b99d8f76038d10c9",1,1,55,1,55,4
"88-51-03-21","2f82e41b4d9140b1a887dffbd36193b8",3,2,28,6,3,6
"88-51-03-21","2f82e41b4d9140b1a887dffbd36193b8",1,2,62,2,50,4
"88-51-03-21","2f82e41b4d9140b1a887dffbd36193b8",2,1,42,12,20,3
"65-91-23-57","2fc7c42417e64ebcaea375ffa538326d",1,1,55,1,55,5
"65-91-23-57","2fc7c42417e64ebcaea375ffa538326d",3,2,30,12,4,2
"65-91-23-57","2fc7c42417e64ebcaea375ffa538326d",2,1,66,12,66,3
"68-00-06-79","3048ed3a5a8a4ff69391cbfedd13657c",2,1,60,1,30,2
"68-00-06-79","3048ed3a5a8a4ff69391cbfedd13657c",1,1,45,96,45,3
"68-00-06-79","3048ed3a5a8a4ff69391cbfedd13657c",3,1,42,6,5,6
"37-68-69-42","305b636544344f65aabef33609978907",4,1,30,12,30,2
"37-68-69-42","305b636544344f65aabef33609978907",5,1,50,4,40,1
"37-68-69-42","305b636544344f65aabef33609978907",3,1,23,3,6,3
"37-68-69-42","305b636544344f65aabef33609978907",1,1,38,1,10,4
"37-68-69-42","305b636544344f65aabef33609978907",7,2,32,2,18,3
"37-68-69-42","305b636544344f65aabef33609978907",2,1,37,9,21,4
"37-68-69-42","305b636544344f65aabef33609978907",6,1,42,9,37,2
"83-68-83-41","30a233559a484aa884a3c795efb64cdf",3,1,55,1,35,6
"83-68-83-41","30a233559a484aa884a3c795efb64cdf",2,1,35,96,5,3
"83-68-83-41","30a233559a484aa884a3c795efb64cdf",1,2,55,96,25,4
"72-50-29-68","30fabcc38b1c4f909a0de8b415a2988e",3,1,42,96,20,2
"72-50-29-68","30fabcc38b1c4f909a0de8b415a2988e",1,1,35,96,13,4
"72-50-29-68","30fabcc38b1c4f909a0de8b415a2988e",2,1,49,96,32,4
"87-78-01-68","31b1bf8fbcc54ee09f83e940546a45b8",1,1,57,12,57,4
"87-78-01-68","31b1bf8fbcc54ee09f83e940546a45b8",2,1,50,11,25,3
"87-78-01-68","31b1bf8fbcc54ee09f83e940546a45b8",4,2,60,2,30,2
"87-78-01-68","31b1bf8fbcc54ee09f83e940546a45b8",3,1,38,96,38,2
"87-78-01-68","31b1bf8fbcc54ee09f83e940546a45b8",5,1,44,1,35,2
"91-29-19-18","332221c6e42c4c7693f07f18bf883c77",1,1,53,1,53,1
"91-29-19-18","332221c6e42c4c7693f07f18bf883c77",3,2,21,3,21,4
"91-29-19-18","332221c6e42c4c7693f07f18bf883c77",2,2,35,96,5,1
"31-50-07-11","36a60129e57347bea99b101f51c2d0a0",1,1,46,1,30,4
"31-50-07-11","36a60129e57347bea99b101f51c2d0a0",2,2,37,12,11,5
"31-50-07-11","36a60129e57347bea99b101f51c2d0a0",3,1,20,3,3,4
"66-53-93-59","37a0243153154356a3fae9c57c688f46",3,1,42,12,42,2
"66-53-93-59","37a0243153154356a3fae9c57c688f46",2,2,34,12,10,2
"66-53-93-59","37a0243153154356a3fae9c57c688f46",1,1,66,1,66,3
"07-01-51-11","3a2df233c4d3470b83d0d3e0851df33d",2,1,45,12,40,4
"07-01-51-11","3a2df233c4d3470b83d0d3e0851df33d",3,1,33,9,5,2
"07-01-51-11","3a2df233c4d3470b83d0d3e0851df33d",5,2,28,12,15,4
"07-01-51-11","3a2df233c4d3470b83d0d3e0851df33d",4,1,29,12,29,4
"07-01-51-11","3a2df233c4d3470b83d0d3e0851df33d",1,2,32,12,3,6
"56-67-32-81","3b39a3793b9e42deb8bea71311058e8a",1,1,45,96,27,4
"56-67-32-81","3b39a3793b9e42deb8bea71311058e8a",2,2,24,12,24,2
"92-67-60-32","3bd4a06cc7b5416d864333ff348bb354",1,2,33,6,9,5
"08-02-90-92","3c03c72ff5bb4e43bb462f77bc401895",2,1,54,1,32,4
"08-02-90-92","3c03c72ff5bb4e43bb462f77bc401895",1,1,33,96,20,4
"26-54-44-39","3c068ff6dd2648088c08a9fcdcb812f2",6,1,20,12,19,2
"26-54-44-39","3c068ff6dd2648088c08a9fcdcb812f2",3,2,19,12,2,4
"26-54-44-39","3c068ff6dd2648088c08a9fcdcb812f2",5,1,28,12,28,4
"26-54-44-39","3c068ff6dd2648088c08a9fcdcb812f2",4,2,39,12,39,3
"26-54-44-39","3c068ff6dd2648088c08a9fcdcb812f2",1,1,34,12,34,4
"26-54-44-39","3c068ff6dd2648088c08a9fcdcb812f2",2,1,27,12,27,4
"61-93-15-21","3c7b52089dbc43ecb5f3c5e354f1ec09",3,1,42,12,24,4
"61-93-15-21","3c7b52089dbc43ecb5f3c5e354f1ec09",1,1,52,1,19,4
"61-93-15-21","3c7b52089dbc43ecb5f3c5e354f1ec09",2,1,35,12,20,4
"36-93-22-14","3d3ecc270b3743a1ac5b07ac5161ae2f",1,1,53,96,29,4
"00-56-65-43","3dfec81ca5704294b2259b4da35ba66f",1,1,52,1,52,3
"24-54-97-79","3e4cfe4688a44d3ba5524f2574dbed04",3,1,67,4,67,4
"24-54-97-79","3e4cfe4688a44d3ba5524f2574dbed04",1,2,59,1,59,2
"24-54-97-79","3e4cfe4688a44d3ba5524f2574dbed04",2,1,34,12,20,4
"18-15-18-97","3e8f9d823ced4b679756834480de1eb1",1,1,42,12,42,6
"78-89-98-52","3f1a8214f7a14ede97f67c4a18cd0f07",1,1,47,1,47,4
"78-89-98-52","3f1a8214f7a14ede97f67c4a18cd0f07",3,2,31,8,5,6
"78-89-98-52","3f1a8214f7a14ede97f67c4a18cd0f07",4,1,25,12,15,4
"78-89-98-52","3f1a8214f7a14ede97f67c4a18cd0f07",2,1,78,4,50,2
"42-02-64-77","406d4f0d71384978ab447f7dd9057f40",4,2,45,12,45,5
"42-02-64-77","406d4f0d71384978ab447f7dd9057f40",3,1,51,96,51,2
"42-02-64-77","406d4f0d71384978ab447f7dd9057f40",2,1,47,96,47,5
"42-02-64-77","406d4f0d71384978ab447f7dd9057f40",1,2,59,1,45,3
"03-52-46-70","40d1c6c197a14e6eadf31dfcc95a200b",1,1,23,1,23,3
"03-52-46-70","40d1c6c197a14e6eadf31dfcc95a200b",2,1,27,12,27,5
"03-52-46-70","40d1c6c197a14e6eadf31dfcc95a200b",3,1,48,1,48,2
"03-52-46-70","40d1c6c197a14e6eadf31dfcc95a200b",4,1,26,3,26,5
"88-74-11-89","48a67d1f18994ef98a5949aef015bbd4",1,2,59,1,59,3
"88-74-11-89","48a67d1f18994ef98a5949aef015bbd4",5,1,24,12,24,4
"88-74-11-89","48a67d1f18994ef98a5949aef015bbd4",3,1,37,9,15,4
"88-74-11-89","48a67d1f18994ef98a5949aef015bbd4",4,2,51,2,28,3
"88-74-11-89","48a67d1f18994ef98a5949aef015bbd4",2,1,28,12,6,4
"67-26-59-19","48bea11db2944c909fda02151c5118af",3,1,20,12,20,4
"67-26-59-19","48bea11db2944c909fda02151c5118af",2,2,53,12,35,2
"67-26-59-19","48bea11db2944c909fda02151c5118af",1,1,55,12,55,4
"75-39-75-81","4904caa625114480b7dfb1ac1090ea9d",6,2,50,12,50,2
"75-39-75-81","4904caa625114480b7dfb1ac1090ea9d",3,1,42,12,42,4
"75-39-75-81","4904caa625114480b7dfb1ac1090ea9d",8,2,48,12,35,2
"75-39-75-81","4904caa625114480b7dfb1ac1090ea9d",9,2,45,12,45,2
"75-39-75-81","4904caa625114480b7dfb1ac1090ea9d",5,1,46,96,46,6
"75-39-75-81","4904caa625114480b7dfb1ac1090ea9d",2,1,48,12,1,4
"75-39-75-81","4904caa625114480b7dfb1ac1090ea9d",4,1,46,12,3,4
"75-39-75-81","4904caa625114480b7dfb1ac1090ea9d",7,2,29,12,4,4
"75-39-75-81","4904caa625114480b7dfb1ac1090ea9d",1,1,62,1,62,4
"65-53-81-18","49ac26b03a504025bc11014fb9fd07f0",2,1,47,12,20,2
"65-53-81-18","49ac26b03a504025bc11014fb9fd07f0",3,2,52,1,20,3
"65-53-81-18","49ac26b03a504025bc11014fb9fd07f0",1,1,62,4,26,4
"85-31-22-31","4ba54fb88a534722877835b1045a512d",2,2,34,2,18,4
"85-31-22-31","4ba54fb88a534722877835b1045a512d",1,1,48,1,48,4
"85-31-22-31","4ba54fb88a534722877835b1045a512d",3,2,37,12,17,4
"85-31-22-31","4ba54fb88a534722877835b1045a512d",4,1,66,12,66,1
"35-28-58-28","4cdaf79caf624178b5eadc9be94a36aa",2,1,34,96,34,4
"35-28-58-28","4cdaf79caf624178b5eadc9be94a36aa",3,1,34,12,34,4
"35-28-58-28","4cdaf79caf624178b5eadc9be94a36aa",5,1,47,96,20,3
"35-28-58-28","4cdaf79caf624178b5eadc9be94a36aa",4,2,36,96,36,4
"35-28-58-28","4cdaf79caf624178b5eadc9be94a36aa",1,1,42,96,42,2
"74-16-21-77","4cf59369cdf24583a27873140b200861",1,2,55,1,40,2
"74-16-21-77","4cf59369cdf24583a27873140b200861",2,1,37,9,5,6
"74-16-21-77","4cf59369cdf24583a27873140b200861",3,2,34,12,30,2
"91-91-63-66","4d5ac1450c634c6ca704f0e8848cc443",5,1,38,12,30,2
"91-91-63-66","4d5ac1450c634c6ca704f0e8848cc443",4,1,47,1,45,4
"91-91-63-66","4d5ac1450c634c6ca704f0e8848cc443",3,2,53,12,30,2
"91-91-63-66","4d5ac1450c634c6ca704f0e8848cc443",2,1,43,12,21,2
"91-91-63-66","4d5ac1450c634c6ca704f0e8848cc443",1,2,33,12,5,2
"00-95-07-36","4dd6d629e3ae4f8d89147cbaf0a79f8f",3,1,54,96,54,4
"00-95-07-36","4dd6d629e3ae4f8d89147cbaf0a79f8f",1,1,68,96,30,4
"00-95-07-36","4dd6d629e3ae4f8d89147cbaf0a79f8f",2,1,32,96,32,6
"98-74-07-23","4ecbd2e7063b4921af2e0b7e0a8db0ce",1,2,22,12,22,3
"98-74-07-23","4ecbd2e7063b4921af2e0b7e0a8db0ce",3,1,65,96,18,2
"98-74-07-23","4ecbd2e7063b4921af2e0b7e0a8db0ce",2,2,20,12,12,2
"85-33-44-23","4ece7adab00c4cf2bef7f7a13841c000",1,1,33,96,1,6
"85-33-44-23","4ece7adab00c4cf2bef7f7a13841c000",2,1,30,96,0,6
"36-09-12-99","4fead528c43a425c8ead7ad9e02285fe",1,1,45,1,45,4
"36-09-12-99","4fead528c43a425c8ead7ad9e02285fe",2,2,19,12,6,3
"36-09-12-99","4fead528c43a425c8ead7ad9e02285fe",4,2,35,12,25,4
"36-09-12-99","4fead528c43a425c8ead7ad9e02285fe",3,2,28,6,5,4
"83-55-75-67","50915c4977d44997a241f9e364f0a753",1,1,64,1,40,2
"83-55-75-67","50915c4977d44997a241f9e364f0a753",2,1,44,96,4,6
"80-32-55-46","511e248a967448a89f871d73acff14a4",3,1,51,96,51,4
"80-32-55-46","511e248a967448a89f871d73acff14a4",1,1,66,1,66,4
"80-32-55-46","511e248a967448a89f871d73acff14a4",2,2,51,96,51,2
"80-32-55-46","511e248a967448a89f871d73acff14a4",4,1,48,96,48,4
"71-61-98-83","53fd71c2301f43f8873de4f1f0eace0c",1,1,27,96,27,4
"71-61-98-83","53fd71c2301f43f8873de4f1f0eace0c",3,1,80,4,34,2
"71-61-98-83","53fd71c2301f43f8873de4f1f0eace0c",2,1,46,1,46,2
"32-71-89-73","54405a9ba99d4e618e87548191c47c14",4,2,72,12,47,1
"32-71-89-73","54405a9ba99d4e618e87548191c47c14",1,2,65,1,45,3
"32-71-89-73","54405a9ba99d4e618e87548191c47c14",2,1,34,12,34,2
"32-71-89-73","54405a9ba99d4e618e87548191c47c14",3,1,29,12,6,4
"72-32-17-28","54c10aa0c5a84733aa4d36847a5906e3",4,2,21,12,21,2
"72-32-17-28","54c10aa0c5a84733aa4d36847a5906e3",2,2,46,2,43,2
"72-32-17-28","54c10aa0c5a84733aa4d36847a5906e3",1,2,42,12,28,2
"72-32-17-28","54c10aa0c5a84733aa4d36847a5906e3",6,2,44,12,28,1
"72-32-17-28","54c10aa0c5a84733aa4d36847a5906e3",3,2,36,12,3,2
"72-32-17-28","54c10aa0c5a84733aa4d36847a5906e3",5,1,45,1,45,4
"72-32-17-28","54c10aa0c5a84733aa4d36847a5906e3",7,2,29,12,24,3
"02-73-44-22","56ad9167bff0445f93a7fbaced2e3152",1,2,25,96,3,6
"02-73-44-22","56ad9167bff0445f93a7fbaced2e3152",5,2,39,5,7,6
"02-73-44-22","56ad9167bff0445f93a7fbaced2e3152",4,1,28,6,3,6
"02-73-44-22","56ad9167bff0445f93a7fbaced2e3152",3,1,32,12,25,2
"02-73-44-22","56ad9167bff0445f93a7fbaced2e3152",2,1,45,12,40,2
"03-45-89-44","56c850451863421290489c656c6356a1",1,1,70,1,35,3
"41-24-08-74","56d5e1c386f34ef68f31280d6a7d8f46",4,1,47,12,5,2
"41-24-08-74","56d5e1c386f34ef68f31280d6a7d8f46",1,2,68,2,55,4
"41-24-08-74","56d5e1c386f34ef68f31280d6a7d8f46",2,2,57,12,30,4
"41-24-08-74","56d5e1c386f34ef68f31280d6a7d8f46",5,1,33,12,30,2
"41-24-08-74","56d5e1c386f34ef68f31280d6a7d8f46",3,2,21,12,21,6
"77-44-13-92","5781bbe35d9c4d5fa1246f3d26a59a0b",1,,,,,
"77-44-13-92","5781bbe35d9c4d5fa1246f3d26a59a0b",5,,,,,
"77-44-13-92","5781bbe35d9c4d5fa1246f3d26a59a0b",2,,,,,
"77-44-13-92","5781bbe35d9c4d5fa1246f3d26a59a0b",3,,,,,
"77-44-13-92","5781bbe35d9c4d5fa1246f3d26a59a0b",4,,,,,
"20-39-84-46","5b1bfa5bef2c4d529bd9d6297a3e11ec",3,1,71,4,45,2
"20-39-84-46","5b1bfa5bef2c4d529bd9d6297a3e11ec",5,1,47,4,5,2
"20-39-84-46","5b1bfa5bef2c4d529bd9d6297a3e11ec",4,1,68,4,51,2
"20-39-84-46","5b1bfa5bef2c4d529bd9d6297a3e11ec",1,1,35,1,35,2
"20-39-84-46","5b1bfa5bef2c4d529bd9d6297a3e11ec",2,1,28,9,28,4
"22-55-33-62","5d98309983cf4e319ba077b1e10020fc",2,2,69,2,35,2
"22-55-33-62","5d98309983cf4e319ba077b1e10020fc",5,1,43,12,43,4
"22-55-33-62","5d98309983cf4e319ba077b1e10020fc",1,1,53,1,53,4
"22-55-33-62","5d98309983cf4e319ba077b1e10020fc",4,2,69,12,50,2
"22-55-33-62","5d98309983cf4e319ba077b1e10020fc",3,2,63,12,32,4
"52-64-64-81","5df1b3d3aa7d4cb3b184c8ab9edf7506",2,1,65,4,65,5
"52-64-64-81","5df1b3d3aa7d4cb3b184c8ab9edf7506",3,1,28,3,28,4
"52-64-64-81","5df1b3d3aa7d4cb3b184c8ab9edf7506",1,1,71,1,70,3
"52-64-64-81","5df1b3d3aa7d4cb3b184c8ab9edf7506",4,1,62,12,62,3
"52-64-64-81","5df1b3d3aa7d4cb3b184c8ab9edf7506",6,1,32,9,4,3
"52-64-64-81","5df1b3d3aa7d4cb3b184c8ab9edf7506",7,2,46,2,27,2
"52-64-64-81","5df1b3d3aa7d4cb3b184c8ab9edf7506",5,1,55,12,55,2
"56-80-19-40","5ec0701dd9f54f1bbe921ca9175a60d9",2,2,35,12,30,2
"56-80-19-40","5ec0701dd9f54f1bbe921ca9175a60d9",1,1,54,1,30,2
"56-80-19-40","5ec0701dd9f54f1bbe921ca9175a60d9",3,2,45,12,45,2
"07-07-36-19","5f9ac4ea0e654d08b3cd6ed453de3ff1",1,1,73,1,43,6
"84-67-15-95","5fe1acda95ad4556b6a0983a641d479a",2,1,55,1,55,3
"84-67-15-95","5fe1acda95ad4556b6a0983a641d479a",1,1,45,96,23,6
"94-06-39-74","5feb56a602554863982002d7dffa96e9",2,1,28,9,28,2
"94-06-39-74","5feb56a602554863982002d7dffa96e9",4,2,55,12,48,3
"94-06-39-74","5feb56a602554863982002d7dffa96e9",5,1,37,12,37,2
"94-06-39-74","5feb56a602554863982002d7dffa96e9",3,2,30,12,30,2
"94-06-39-74","5feb56a602554863982002d7dffa96e9",1,1,54,1,54,2
"01-46-09-86","606dfeb842fa4339b5772cb092c00c26",2,1,49,96,33,4
"01-46-09-86","606dfeb842fa4339b5772cb092c00c26",1,1,70,96,39,4
"67-70-56-85","61187e593ce849f6b0b6f20972734150",3,1,46,96,46,4
"67-70-56-85","61187e593ce849f6b0b6f20972734150",2,1,59,1,33,2
"67-70-56-85","61187e593ce849f6b0b6f20972734150",1,1,59,96,59,3
"67-70-56-85","61187e593ce849f6b0b6f20972734150",4,2,68,96,20,2
"58-19-91-16","627c07fe24fc470f9300d75233c4b4ee",1,1,60,1,60,3
"58-19-91-16","627c07fe24fc470f9300d75233c4b4ee",2,2,55,2,32,2
"56-99-39-47","62c15549e2894eee9032940da84f6170",5,2,54,2,35,3
"56-99-39-47","62c15549e2894eee9032940da84f6170",1,1,58,1,30,3
"56-99-39-47","62c15549e2894eee9032940da84f6170",3,1,58,8,58,3
"56-99-39-47","62c15549e2894eee9032940da84f6170",2,1,68,4,30,5
"56-99-39-47","62c15549e2894eee9032940da84f6170",4,1,22,3,22,3
"95-66-18-46","639bf406ae23488b9674d26d841618fb",1,1,45,6,45,5
"18-43-14-59","6504c17bdaa94ba5b08d852aa03e266d",1,1,38,96,34,3
"18-43-14-59","6504c17bdaa94ba5b08d852aa03e266d",3,2,19,12,2,2
"18-43-14-59","6504c17bdaa94ba5b08d852aa03e266d",2,2,35,12,18,3
"16-93-07-51","67a9e20200064275ab4495b3b07aca86",3,1,51,12,28,2
"16-93-07-51","67a9e20200064275ab4495b3b07aca86",5,2,38,9,24,3
"16-93-07-51","67a9e20200064275ab4495b3b07aca86",1,1,48,1,37,3
"16-93-07-51","67a9e20200064275ab4495b3b07aca86",2,1,22,12,5,3
"16-93-07-51","67a9e20200064275ab4495b3b07aca86",4,1,37,12,12,3
"92-26-77-38","68f903f5bf9145f88554337640a5e431",1,1,48,1,18,4
"92-26-77-38","68f903f5bf9145f88554337640a5e431",2,1,33,3,7,4
"65-66-38-86","6a0f936dcc7846d187bcff0b122213e5",3,1,35,96,35,3
"65-66-38-86","6a0f936dcc7846d187bcff0b122213e5",2,1,45,96,45,6
"65-66-38-86","6a0f936dcc7846d187bcff0b122213e5",1,1,37,1,37,4
"22-09-94-20","6a3556900ab44aeb9fe37891164e8f6a",1,1,42,96,12,6
"22-09-94-20","6a3556900ab44aeb9fe37891164e8f6a",2,1,52,1,52,5
"00-16-89-29","6ab741446b254f54b494a75bc6c31575",4,1,36,9,36,3
"00-16-89-29","6ab741446b254f54b494a75bc6c31575",2,2,24,3,24,2
"00-16-89-29","6ab741446b254f54b494a75bc6c31575",1,1,49,1,49,4
"00-16-89-29","6ab741446b254f54b494a75bc6c31575",5,1,62,5,2,6
"00-16-89-29","6ab741446b254f54b494a75bc6c31575",6,1,71,4,6,6
"00-16-89-29","6ab741446b254f54b494a75bc6c31575",3,2,24,2,10,2
"18-73-98-72","6d88e79cdca94f44955a26a280ceaae8",1,1,56,1,56,3
"18-73-98-72","6d88e79cdca94f44955a26a280ceaae8",2,1,35,12,5,4
"61-26-83-13","6f717245375d48cbaee0ccc130704124",1,1,42,1,42,3
"61-26-83-13","6f717245375d48cbaee0ccc130704124",2,2,34,12,22,3
"64-64-66-34","6fdd02cc5fad4b6aaaa699355b50a2c5",3,2,45,12,40,2
"64-64-66-34","6fdd02cc5fad4b6aaaa699355b50a2c5",5,1,46,12,14,3
"64-64-66-34","6fdd02cc5fad4b6aaaa699355b50a2c5",4,2,37,12,10,2
"64-64-66-34","6fdd02cc5fad4b6aaaa699355b50a2c5",2,1,40,12,20,2
"64-64-66-34","6fdd02cc5fad4b6aaaa699355b50a2c5",1,1,56,1,3,4
"94-18-00-85","70b5acb304f142b291fc6b209f67a5b3",3,1,51,12,3,4
"94-18-00-85","70b5acb304f142b291fc6b209f67a5b3",2,2,18,12,5,3
"94-18-00-85","70b5acb304f142b291fc6b209f67a5b3",4,1,27,12,10,4
"94-18-00-85","70b5acb304f142b291fc6b209f67a5b3",1,1,38,12,38,4
"94-18-00-85","70b5acb304f142b291fc6b209f67a5b3",5,1,73,4,54,2
"40-73-51-73","71230c66d335494aa424d7f85a36da60",1,,,,,
"40-73-51-73","71230c66d335494aa424d7f85a36da60",6,,,,,
"40-73-51-73","71230c66d335494aa424d7f85a36da60",3,,,,,
"40-73-51-73","71230c66d335494aa424d7f85a36da60",5,,,,,
"40-73-51-73","71230c66d335494aa424d7f85a36da60",4,,,,,
"40-73-51-73","71230c66d335494aa424d7f85a36da60",2,,,,,
"33-62-41-35","7377cd30ca6540eabb25b4a9a3de369d",4,2,16,12,16,3
"33-62-41-35","7377cd30ca6540eabb25b4a9a3de369d",2,1,65,1,55,6
"33-62-41-35","7377cd30ca6540eabb25b4a9a3de369d",1,1,41,96,30,6
"33-62-41-35","7377cd30ca6540eabb25b4a9a3de369d",3,1,53,9,20,2
"23-95-21-09","741a8331efc04b6b845110d8a212aec0",1,1,65,1,65,2
"23-95-21-09","741a8331efc04b6b845110d8a212aec0",4,1,28,96,28,2
"23-95-21-09","741a8331efc04b6b845110d8a212aec0",2,1,29,12,29,4
"23-95-21-09","741a8331efc04b6b845110d8a212aec0",3,2,60,2,42,1
"23-95-21-09","741a8331efc04b6b845110d8a212aec0",5,1,32,12,32,2
"88-41-92-59","7557b1aecd28455e9909c6d2a923a832",1,1,38,1,20,3
"30-46-55-37","7663bb1198824f56a0370fa6f07e858a",2,2,58,96,42,4
"30-46-55-37","7663bb1198824f56a0370fa6f07e858a",3,1,32,3,32,3
"30-46-55-37","7663bb1198824f56a0370fa6f07e858a",1,1,73,1,73,2
"29-03-49-45","76864e14ab0a4c98a1cf17d54efe6acf",1,1,65,96,65,2
"29-03-49-45","76864e14ab0a4c98a1cf17d54efe6acf",3,1,42,1,42,3
"29-03-49-45","76864e14ab0a4c98a1cf17d54efe6acf",4,2,45,2,34,3
"29-03-49-45","76864e14ab0a4c98a1cf17d54efe6acf",2,1,51,96,51,6
"94-83-94-74","7746d7555f5844d3aa4e1b1db205baaa",2,1,60,1,60,6
"94-83-94-74","7746d7555f5844d3aa4e1b1db205baaa",1,2,45,12,30,4
"86-28-58-60","77d8e0bb2a8d40818176e4ca7fa67bed",5,2,33,12,26,4
"86-28-58-60","77d8e0bb2a8d40818176e4ca7fa67bed",4,2,28,12,2,5
"86-28-58-60","77d8e0bb2a8d40818176e4ca7fa67bed",3,2,19,12,6,4
"86-28-58-60","77d8e0bb2a8d40818176e4ca7fa67bed",1,2,31,12,5,6
"86-28-58-60","77d8e0bb2a8d40818176e4ca7fa67bed",2,1,42,12,16,6
"45-08-45-12","7858f0477c71435583949704dfdc8273",1,2,48,12,12,4
"45-08-45-12","7858f0477c71435583949704dfdc8273",2,1,51,1,30,2
"47-71-40-92","78bcb53eff2c4728a87f26ee0d5a7295",1,2,68,12,45,3
"30-29-17-25","7ae3d3fc9a4344ba8bb7d8670ba0a214",4,1,23,12,10,2
"30-29-17-25","7ae3d3fc9a4344ba8bb7d8670ba0a214",2,1,22,12,15,4
"30-29-17-25","7ae3d3fc9a4344ba8bb7d8670ba0a214",3,1,25,12,23,2
"30-29-17-25","7ae3d3fc9a4344ba8bb7d8670ba0a214",1,1,58,1,58,2
"88-94-99-21","7cbae8c05a404cca98e447173d257eb4",2,1,32,9,32,6
"88-94-99-21","7cbae8c05a404cca98e447173d257eb4",3,1,36,9,36,6
"88-94-99-21","7cbae8c05a404cca98e447173d257eb4",1,1,46,1,46,4
"88-94-99-21","7cbae8c05a404cca98e447173d257eb4",5,1,32,3,32,6
"88-94-99-21","7cbae8c05a404cca98e447173d257eb4",4,2,33,2,33,6
"52-89-16-75","7cbedb93a4d54e71a77f6282ce45b604",3,2,27,96,27,4
"52-89-16-75","7cbedb93a4d54e71a77f6282ce45b604",2,1,43,1,43,2
"52-89-16-75","7cbedb93a4d54e71a77f6282ce45b604",1,1,63,96,40,5
"19-39-69-85","7ce87defa03b47d28ca7a85807a835eb",2,1,55,12,55,2
"19-39-69-85","7ce87defa03b47d28ca7a85807a835eb",1,1,42,1,42,4
"19-39-69-85","7ce87defa03b47d28ca7a85807a835eb",3,1,45,12,45,2
"65-64-33-71","7d81ff7c7b1f45f682a2f778de1129d3",3,2,45,3,11,6
"65-64-33-71","7d81ff7c7b1f45f682a2f778de1129d3",1,2,37,12,5,6
"65-64-33-71","7d81ff7c7b1f45f682a2f778de1129d3",2,1,24,12,22,6
"97-27-45-82","7dfe77c10a6d423da8b1fe1af366ff1a",2,1,45,12,5,2
"97-27-45-82","7dfe77c10a6d423da8b1fe1af366ff1a",1,1,67,1,67,4
"97-27-45-82","7dfe77c10a6d423da8b1fe1af366ff1a",3,2,38,12,10,4
"55-30-97-28","7e25926b2a7440e69f203158d6092c89",4,1,58,4,50,2
"55-30-97-28","7e25926b2a7440e69f203158d6092c89",2,1,62,4,55,2
"55-30-97-28","7e25926b2a7440e69f203158d6092c89",3,2,30,9,10,3
"55-30-97-28","7e25926b2a7440e69f203158d6092c89",5,1,48,5,6,6
"55-30-97-28","7e25926b2a7440e69f203158d6092c89",1,2,41,12,15,2
"75-75-86-64","811f0969148848799fdeb81412c961b7",1,1,52,1,52,5
"97-06-48-22","819574132d744fb58ef76356982dab3e",2,1,46,1,46,6
"97-06-48-22","819574132d744fb58ef76356982dab3e",1,2,60,2,60,5
"97-06-48-22","819574132d744fb58ef76356982dab3e",3,1,54,12,14,2
"72-95-56-08","819dc7fb58f3487c92ce386410f0e484",2,1,45,1,45,4
"72-95-56-08","819dc7fb58f3487c92ce386410f0e484",1,1,42,96,42,5
"87-78-16-27","8240331915e74700903cd16936938273",1,1,39,96,35,2
"87-78-16-27","8240331915e74700903cd16936938273",2,1,55,1,50,4
"87-78-16-27","8240331915e74700903cd16936938273",3,1,42,12,25,5
"87-78-16-27","8240331915e74700903cd16936938273",4,1,33,9,10,6
"87-78-16-27","8240331915e74700903cd16936938273",5,1,44,12,20,6
"16-96-21-37","82a63311f1c84741bfd4b8e903e89fa4",3,1,30,12,30,4
"16-96-21-37","82a63311f1c84741bfd4b8e903e89fa4",4,1,20,12,20,4
"16-96-21-37","82a63311f1c84741bfd4b8e903e89fa4",1,1,45,96,45,5
"95-91-78-39","8513e8bd23c14fd198c0e28c57e978fb",2,1,52,96,28,2
"95-91-78-39","8513e8bd23c14fd198c0e28c57e978fb",1,1,60,1,28,4
"07-11-57-90","856d1989c4994c0bb213bd69b1cc4e28",3,1,44,12,44,3
"07-11-57-90","856d1989c4994c0bb213bd69b1cc4e28",2,1,20,12,20,3
"07-11-57-90","856d1989c4994c0bb213bd69b1cc4e28",1,1,49,1,49,4
"47-45-18-73","85d0e9e0a4f1496aaf118e34270048e6",2,1,45,12,5,4
"47-45-18-73","85d0e9e0a4f1496aaf118e34270048e6",3,1,53,12,53,3
"47-45-18-73","85d0e9e0a4f1496aaf118e34270048e6",1,1,40,1,40,4
"88-86-92-84","87888fff4c0c45d49f76bf7f930652a3",2,1,25,96,25,5
"88-86-92-84","87888fff4c0c45d49f76bf7f930652a3",1,1,48,96,24,2
"68-41-72-67","8873c7ea649641a9aa484ff5a2071ce5",1,1,70,1,70,2
"68-41-72-67","8873c7ea649641a9aa484ff5a2071ce5",2,1,52,96,52,2
"68-41-72-67","8873c7ea649641a9aa484ff5a2071ce5",3,1,31,3,31,5
"32-79-51-40","8a25746d91fd4a71903d25321bf21f4b",1,1,57,1,45,4
"35-92-49-53","8a796de4a4744d1896966983749b62ce",4,1,40,8,40,4
"35-92-49-53","8a796de4a4744d1896966983749b62ce",2,1,33,3,23,2
"35-92-49-53","8a796de4a4744d1896966983749b62ce",3,1,54,9,30,6
"35-92-49-53","8a796de4a4744d1896966983749b62ce",1,1,70,1,40,2
"33-86-34-01","8cce422c32fb487db7f64fc57ab28ea3",1,1,52,12,25,2
"33-86-34-01","8cce422c32fb487db7f64fc57ab28ea3",4,2,22,12,7,2
"33-86-34-01","8cce422c32fb487db7f64fc57ab28ea3",2,1,35,96,35,3
"33-86-34-01","8cce422c32fb487db7f64fc57ab28ea3",3,1,57,1,40,2
"13-27-67-54","8d6c882303774a69b457c672b327bb4b",6,1,49,12,5,3
"13-27-67-54","8d6c882303774a69b457c672b327bb4b",3,1,26,12,26,2
"13-27-67-54","8d6c882303774a69b457c672b327bb4b",5,1,53,96,53,4
"13-27-67-54","8d6c882303774a69b457c672b327bb4b",2,1,29,10,3,4
"13-27-67-54","8d6c882303774a69b457c672b327bb4b",7,2,25,12,7,3
"13-27-67-54","8d6c882303774a69b457c672b327bb4b",1,1,77,1,32,2
"13-27-67-54","8d6c882303774a69b457c672b327bb4b",4,1,41,12,41,2
"13-27-67-54","8d6c882303774a69b457c672b327bb4b",8,1,48,12,48,2
"59-49-37-12","8e0674510f124c79adff16fa72a15dbf",3,1,22,3,22,5
"59-49-37-12","8e0674510f124c79adff16fa72a15dbf",2,2,45,2,20,2
"59-49-37-12","8e0674510f124c79adff16fa72a15dbf",1,1,61,1,61,4
"19-59-74-37","8e2224a0b6494414a93947f05e8d132e",2,1,37,1,36,2
"19-59-74-37","8e2224a0b6494414a93947f05e8d132e",1,1,45,12,45,6
"63-03-43-30","8ef78b7b0f7147e0ac63d91538fa815c",1,1,54,1,30,4
"63-03-43-30","8ef78b7b0f7147e0ac63d91538fa815c",3,1,24,12,30,4
"63-03-43-30","8ef78b7b0f7147e0ac63d91538fa815c",2,1,49,6,8,6
"60-97-61-88","8f4c7489123f4036974cc7f574debbac",1,1,33,96,9,6
"60-97-61-88","8f4c7489123f4036974cc7f574debbac",4,1,26,3,26,4
"60-97-61-88","8f4c7489123f4036974cc7f574debbac",2,1,41,9,41,5
"60-97-61-88","8f4c7489123f4036974cc7f574debbac",3,2,33,2,18,4
"60-97-61-88","8f4c7489123f4036974cc7f574debbac",5,1,86,4,86,4
"43-33-76-18","8f4e78e6dc8746289651442eb40f7d6d",1,1,60,1,33,2
"43-33-76-18","8f4e78e6dc8746289651442eb40f7d6d",2,1,22,12,20,3
"43-33-76-18","8f4e78e6dc8746289651442eb40f7d6d",3,1,38,12,35,2
"22-52-74-75","8f6eac2d77894b3f8ba983cdb145dfa6",1,1,30,12,5,4
"22-52-74-75","8f6eac2d77894b3f8ba983cdb145dfa6",2,1,56,1,30,4
"04-35-73-80","8fc56ed20a424d2fac2361dd0f33e3ea",1,1,55,1,55,5
"04-35-73-80","8fc56ed20a424d2fac2361dd0f33e3ea",3,1,26,3,26,5
"04-35-73-80","8fc56ed20a424d2fac2361dd0f33e3ea",2,2,52,2,28,4
"20-43-32-61","91a39a9bf8bb4ad68964d8dc19ba3253",3,1,52,1,50,4
"20-43-32-61","91a39a9bf8bb4ad68964d8dc19ba3253",4,2,26,12,17,6
"20-43-32-61","91a39a9bf8bb4ad68964d8dc19ba3253",2,2,33,12,7,2
"20-43-32-61","91a39a9bf8bb4ad68964d8dc19ba3253",1,2,35,12,10,4
"20-43-32-61","91a39a9bf8bb4ad68964d8dc19ba3253",5,1,36,12,19,4
"35-98-52-71","92bc05e40dff4e818160d4bc3bd31eee",2,1,39,3,29,5
"35-98-52-71","92bc05e40dff4e818160d4bc3bd31eee",1,1,40,1,30,3
"35-98-52-71","92bc05e40dff4e818160d4bc3bd31eee",3,2,56,12,32,2
"22-63-38-40","93f32e4649e8452181fa4f17e75cbf30",3,1,29,12,20,4
"22-63-38-40","93f32e4649e8452181fa4f17e75cbf30",2,1,33,12,33,4
"22-63-38-40","93f32e4649e8452181fa4f17e75cbf30",1,1,38,1,38,5
"18-33-14-59","96087df97f6b4e1c8a0ec6aab97ffc23",5,1,58,9,11,6
"18-33-14-59","96087df97f6b4e1c8a0ec6aab97ffc23",1,1,44,1,44,4
"18-33-14-59","96087df97f6b4e1c8a0ec6aab97ffc23",2,2,32,2,16,6
"18-33-14-59","96087df97f6b4e1c8a0ec6aab97ffc23",4,1,45,12,45,2
"18-33-14-59","96087df97f6b4e1c8a0ec6aab97ffc23",3,2,48,12,24,3
"92-06-84-13","9693819c6c25424e8079d7bd5a399e59",1,1,40,6,15,6
"92-06-84-13","9693819c6c25424e8079d7bd5a399e59",2,1,62,1,62,2
"92-06-84-13","9693819c6c25424e8079d7bd5a399e59",3,2,48,2,36,2
"93-57-84-53","97ae00424b064a76ab02f3474665cca3",2,1,49,1,49,4
"93-57-84-53","97ae00424b064a76ab02f3474665cca3",4,2,31,12,5,4
"93-57-84-53","97ae00424b064a76ab02f3474665cca3",1,1,30,3,30,4
"93-57-84-53","97ae00424b064a76ab02f3474665cca3",3,1,24,12,10,5
"00-36-74-14","97eeb4f2eae84dfc85e15d277e751cfb",3,2,41,12,18,1
"00-36-74-14","97eeb4f2eae84dfc85e15d277e751cfb",1,1,39,1,39,3
"00-36-74-14","97eeb4f2eae84dfc85e15d277e751cfb",4,1,65,4,65,2
"00-36-74-14","97eeb4f2eae84dfc85e15d277e751cfb",5,1,52,12,46,6
"00-36-74-14","97eeb4f2eae84dfc85e15d277e751cfb",2,2,45,12,25,3
"30-99-66-58","989ebf98f43b4297beef92b24367e4c8",1,1,47,3,47,3
"30-99-66-58","989ebf98f43b4297beef92b24367e4c8",2,1,50,1,50,5
"30-99-66-58","989ebf98f43b4297beef92b24367e4c8",4,1,70,96,7,2
"30-99-66-58","989ebf98f43b4297beef92b24367e4c8",3,2,52,96,20,2
"09-71-54-71","9a2a6af2f9924430b9a0cc47327b661f",2,2,48,2,34,4
"09-71-54-71","9a2a6af2f9924430b9a0cc47327b661f",1,1,56,1,40,5
"22-11-58-99","9c9917e6e1554969a1d66ac128e8d541",1,1,39,96,39,4
"22-11-58-99","9c9917e6e1554969a1d66ac128e8d541",4,1,56,12,56,2
"22-11-58-99","9c9917e6e1554969a1d66ac128e8d541",3,1,48,12,8,3
"22-11-58-99","9c9917e6e1554969a1d66ac128e8d541",2,1,30,12,10,4
"06-94-60-69","9cb352e8b3464891a8e56c9682e6e772",1,,,,,
"06-94-60-69","9cb352e8b3464891a8e56c9682e6e772",3,,,,,
"06-94-60-69","9cb352e8b3464891a8e56c9682e6e772",2,,,,,
"12-56-84-63","9da07074406c46e68f1ad5e7813e373b",1,1,53,1,50,4
"12-56-84-63","9da07074406c46e68f1ad5e7813e373b",2,2,25,12,12,2
"12-56-84-63","9da07074406c46e68f1ad5e7813e373b",3,1,39,12,39,3
"12-56-84-63","9da07074406c46e68f1ad5e7813e373b",4,2,28,12,2,6
"12-56-84-63","9da07074406c46e68f1ad5e7813e373b",5,2,65,12,39,1
"55-27-58-19","a0b8bff5458e45b08b17f5b96f939cfb",1,1,65,1,65,2
"55-27-58-19","a0b8bff5458e45b08b17f5b96f939cfb",4,2,24,12,24,2
"55-27-58-19","a0b8bff5458e45b08b17f5b96f939cfb",3,1,28,12,28,5
"55-27-58-19","a0b8bff5458e45b08b17f5b96f939cfb",2,1,40,6,40,6
"20-49-68-89","a28038d2ed0047b28fc0ac652e00429b",2,1,38,12,22,5
"20-49-68-89","a28038d2ed0047b28fc0ac652e00429b",4,1,70,1,50,3
"20-49-68-89","a28038d2ed0047b28fc0ac652e00429b",1,1,35,12,25,5
"20-49-68-89","a28038d2ed0047b28fc0ac652e00429b",3,1,42,9,10,5
"41-07-98-38","a2b201c029f84e18ae079b30d287184d",3,1,43,12,43,3
"41-07-98-38","a2b201c029f84e18ae079b30d287184d",2,1,36,12,36,2
"41-07-98-38","a2b201c029f84e18ae079b30d287184d",5,1,55,12,45,2
"41-07-98-38","a2b201c029f84e18ae079b30d287184d",1,1,20,12,20,3
"41-07-98-38","a2b201c029f84e18ae079b30d287184d",4,1,28,12,28,4
"41-07-98-38","a2b201c029f84e18ae079b30d287184d",6,1,39,12,39,2
"48-26-89-12","a33b5f5221a14a80bfed99a205524fe7",1,1,47,1,17,4
"48-26-89-12","a33b5f5221a14a80bfed99a205524fe7",5,2,43,12,21,2
"48-26-89-12","a33b5f5221a14a80bfed99a205524fe7",3,1,38,96,17,4
"48-26-89-12","a33b5f5221a14a80bfed99a205524fe7",4,2,46,12,19,3
"48-26-89-12","a33b5f5221a14a80bfed99a205524fe7",2,1,55,12,55,2
"07-23-18-10","a3968f62607b402a85a551fab137e191",3,2,30,2,13,3
"07-23-18-10","a3968f62607b402a85a551fab137e191",2,1,52,96,8,5
"07-23-18-10","a3968f62607b402a85a551fab137e191",1,1,46,1,20,3
"26-48-88-55","a3e0e5b0bb6045dbb836bcae2ae555c5",2,1,28,12,28,5
"26-48-88-55","a3e0e5b0bb6045dbb836bcae2ae555c5",1,1,44,12,44,6
"26-48-88-55","a3e0e5b0bb6045dbb836bcae2ae555c5",5,1,55,12,55,6
"26-48-88-55","a3e0e5b0bb6045dbb836bcae2ae555c5",4,2,30,12,30,3
"26-48-88-55","a3e0e5b0bb6045dbb836bcae2ae555c5",3,1,26,12,26,3
"98-67-40-59","a3e421e5c8924b2ebd4c84e7ab0538a4",1,1,53,1,53,4
"98-67-40-59","a3e421e5c8924b2ebd4c84e7ab0538a4",4,2,69,12,50,2
"98-67-40-59","a3e421e5c8924b2ebd4c84e7ab0538a4",2,2,69,2,35,2
"98-67-40-59","a3e421e5c8924b2ebd4c84e7ab0538a4",3,2,63,12,32,4
"98-67-40-59","a3e421e5c8924b2ebd4c84e7ab0538a4",5,1,43,12,43,4
"82-74-17-32","a633fb014edd4a55953902a674518e63",2,1,35,12,15,4
"82-74-17-32","a633fb014edd4a55953902a674518e63",1,1,40,1,40,4
"82-74-17-32","a633fb014edd4a55953902a674518e63",3,1,39,12,35,2
"83-94-15-57","a63fa436b8c141679c0885b968ae1d73",1,1,56,1,56,5
"83-94-15-57","a63fa436b8c141679c0885b968ae1d73",2,1,42,96,42,3
"83-94-15-57","a63fa436b8c141679c0885b968ae1d73",3,2,68,2,40,1
"83-94-15-57","a63fa436b8c141679c0885b968ae1d73",4,2,62,12,45,1
"85-90-80-90","a835522691ae4b52a5e2902750d571d5",2,2,39,2,20,4
"85-90-80-90","a835522691ae4b52a5e2902750d571d5",1,1,75,1,15,4
"85-90-80-90","a835522691ae4b52a5e2902750d571d5",4,1,24,3,23,5
"85-90-80-90","a835522691ae4b52a5e2902750d571d5",3,2,54,9,8,5
"85-90-80-90","a835522691ae4b52a5e2902750d571d5",5,2,28,9,7,5
"82-09-93-64","a8fe82d0ebbd444d98af07dc137b4e07",5,2,62,2,30,2
"82-09-93-64","a8fe82d0ebbd444d98af07dc137b4e07",4,1,43,12,33,2
"82-09-93-64","a8fe82d0ebbd444d98af07dc137b4e07",2,1,43,96,43,3
"82-09-93-64","a8fe82d0ebbd444d98af07dc137b4e07",1,1,43,1,43,6
"82-09-93-64","a8fe82d0ebbd444d98af07dc137b4e07",3,1,58,96,58,2
"23-06-00-01","ab0749b99f874a8a9ad0e218c7070e41",3,2,38,96,28,4
"23-06-00-01","ab0749b99f874a8a9ad0e218c7070e41",1,1,74,1,74,5
"23-06-00-01","ab0749b99f874a8a9ad0e218c7070e41",2,1,42,96,42,3
"77-78-65-13","ab0e78b5778048bf9a70403cd622a4ff",2,1,42,12,32,2
"77-78-65-13","ab0e78b5778048bf9a70403cd622a4ff",1,1,51,1,35,2
"22-22-00-56","ab459ff868574eccbf2972ff990e7bf9",2,1,64,96,10,6
"22-22-00-56","ab459ff868574eccbf2972ff990e7bf9",1,1,42,1,42,4
"22-22-00-56","ab459ff868574eccbf2972ff990e7bf9",4,2,20,12,3,3
"22-22-00-56","ab459ff868574eccbf2972ff990e7bf9",3,1,29,12,3,5
"72-50-87-06","ab713365c71c4bb89d206b8093278f1c",1,1,44,1,16,4
"72-50-87-06","ab713365c71c4bb89d206b8093278f1c",2,1,44,96,34,2
"72-50-87-06","ab713365c71c4bb89d206b8093278f1c",3,1,56,12,20,4
"13-11-99-45","ac28a7c8f3e745efb2801d1e3304e9a3",1,,,,,
"74-93-61-60","aca7e45fe9774f0781f5651e408038e6",2,1,32,96,32,4
"74-93-61-60","aca7e45fe9774f0781f5651e408038e6",1,1,55,1,55,2
"24-59-00-53","ae56e2c944ce4a368290a335d0d2a43b",1,1,58,1,35,3
"24-59-00-53","ae56e2c944ce4a368290a335d0d2a43b",2,1,30,8,6,4
"24-59-00-53","ae56e2c944ce4a368290a335d0d2a43b",3,1,32,12,15,3
"24-59-00-53","ae56e2c944ce4a368290a335d0d2a43b",4,1,44,12,22,2
"24-59-00-53","ae56e2c944ce4a368290a335d0d2a43b",6,2,65,4,30,1
"24-59-00-53","ae56e2c944ce4a368290a335d0d2a43b",5,2,38,12,22,2
"76-04-95-30","ae7bb6fd7ff54143ae6ee473fdcc7afc",2,1,52,96,20,4
"76-04-95-30","ae7bb6fd7ff54143ae6ee473fdcc7afc",1,2,38,6,12,6
"76-04-95-30","ae7bb6fd7ff54143ae6ee473fdcc7afc",3,1,29,6,5,6
"76-04-95-30","ae7bb6fd7ff54143ae6ee473fdcc7afc",4,1,65,1,31,2
"35-51-00-88","aed4071826f04462a59bfabca5d2ca06",5,1,58,12,58,4
"35-51-00-88","aed4071826f04462a59bfabca5d2ca06",2,2,50,96,20,3
"35-51-00-88","aed4071826f04462a59bfabca5d2ca06",4,1,60,12,60,3
"35-51-00-88","aed4071826f04462a59bfabca5d2ca06",1,1,55,1,55,4
"35-51-00-88","aed4071826f04462a59bfabca5d2ca06",3,2,59,2,45,3
"24-46-40-79","af8d7a4a02504bb7821e271ac62d45fd",3,1,42,96,42,5
"24-46-40-79","af8d7a4a02504bb7821e271ac62d45fd",1,1,51,1,26,1
"24-46-40-79","af8d7a4a02504bb7821e271ac62d45fd",2,2,42,2,18,2
"25-20-92-54","afa09473cbcc44dfbe78de562eaa298f",3,2,85,1,54,1
"25-20-92-54","afa09473cbcc44dfbe78de562eaa298f",1,2,31,12,6,4
"25-20-92-54","afa09473cbcc44dfbe78de562eaa298f",2,1,35,96,30,1
"13-55-77-20","b01c536bdb1a45b898dab000df0f3267",2,2,35,12,35,5
"13-55-77-20","b01c536bdb1a45b898dab000df0f3267",5,1,36,96,36,3
"13-55-77-20","b01c536bdb1a45b898dab000df0f3267",4,1,49,12,49,4
"13-55-77-20","b01c536bdb1a45b898dab000df0f3267",1,1,33,96,20,5
"13-55-77-20","b01c536bdb1a45b898dab000df0f3267",3,2,52,12,30,3
"80-63-59-73","b0f9243778a344a8a72fc524a6863f9a",2,1,48,9,48,6
"80-63-59-73","b0f9243778a344a8a72fc524a6863f9a",1,1,65,1,65,6
"80-63-59-73","b0f9243778a344a8a72fc524a6863f9a",5,1,48,12,10,6
"80-63-59-73","b0f9243778a344a8a72fc524a6863f9a",3,2,70,2,45,6
"80-63-59-73","b0f9243778a344a8a72fc524a6863f9a",4,1,35,3,35,6
"47-97-04-43","b1884aea03a844029e86334683703b09",3,1,24,12,24,2
"47-97-04-43","b1884aea03a844029e86334683703b09",4,1,55,12,55,1
"47-97-04-43","b1884aea03a844029e86334683703b09",1,1,60,96,35,4
"47-97-04-43","b1884aea03a844029e86334683703b09",2,1,29,10,29,4
"53-55-20-69","b1abb00b1ee043ffa3c18766a7d63142",1,2,56,2,56,4
"53-55-20-69","b1abb00b1ee043ffa3c18766a7d63142",2,1,28,12,5,3
"80-00-26-34","b20b2988cc4140df81890d31bb284697",1,1,47,1,47,5
"72-13-08-02","b21b3ee4c5394287abdaa88134b11078",2,1,36,12,20,4
"72-13-08-02","b21b3ee4c5394287abdaa88134b11078",3,1,56,96,56,6
"72-13-08-02","b21b3ee4c5394287abdaa88134b11078",4,2,41,2,23,4
"72-13-08-02","b21b3ee4c5394287abdaa88134b11078",1,1,49,1,49,4
"36-87-56-87","b289994ae63440efbf4bd086457f67c8",2,1,51,12,34,2
"36-87-56-87","b289994ae63440efbf4bd086457f67c8",1,2,37,96,15,4
"36-87-56-87","b289994ae63440efbf4bd086457f67c8",3,1,27,12,25,3
"36-87-56-87","b289994ae63440efbf4bd086457f67c8",6,1,30,12,20,4
"36-87-56-87","b289994ae63440efbf4bd086457f67c8",4,1,27,12,24,3
"36-87-56-87","b289994ae63440efbf4bd086457f67c8",7,1,34,12,34,3
"36-87-56-87","b289994ae63440efbf4bd086457f67c8",5,2,35,12,35,2
"89-20-72-11","b32dc85cbfb145db9b0787c8bdf3b7d0",3,1,51,12,51,2
"89-20-72-11","b32dc85cbfb145db9b0787c8bdf3b7d0",5,1,45,12,45,4
"89-20-72-11","b32dc85cbfb145db9b0787c8bdf3b7d0",2,2,43,12,25,1
"89-20-72-11","b32dc85cbfb145db9b0787c8bdf3b7d0",1,1,42,1,37,2
"89-20-72-11","b32dc85cbfb145db9b0787c8bdf3b7d0",4,1,49,96,20,6
"81-20-77-29","b389c239719a4796854b290e12631dbb",1,1,48,96,48,2
"81-20-77-29","b389c239719a4796854b290e12631dbb",2,1,45,1,45,2
"81-61-50-13","b6c40689d08f41cfbcd481e1deb14577",1,1,42,1,42,4
"81-61-50-13","b6c40689d08f41cfbcd481e1deb14577",3,1,46,5,4,6
"81-61-50-13","b6c40689d08f41cfbcd481e1deb14577",2,1,70,4,70,2
"71-01-18-75","b8dcc618f4c342b3aee3d0ff6ce21e8f",1,2,55,96,28,6
"71-01-18-75","b8dcc618f4c342b3aee3d0ff6ce21e8f",2,1,60,1,60,6
"54-78-39-35","b92650e55fb14845840d3f164fba1491",1,1,56,1,40,4
"54-78-39-35","b92650e55fb14845840d3f164fba1491",3,1,42,6,2,5
"54-78-39-35","b92650e55fb14845840d3f164fba1491",4,1,26,9,26,3
"54-78-39-35","b92650e55fb14845840d3f164fba1491",2,2,38,6,6,5
"37-30-82-94","b959c6a261f04e80967f5261a5095c64",3,1,35,12,30,2
"37-30-82-94","b959c6a261f04e80967f5261a5095c64",4,1,56,12,45,2
"37-30-82-94","b959c6a261f04e80967f5261a5095c64",1,1,67,1,50,2
"37-30-82-94","b959c6a261f04e80967f5261a5095c64",2,1,23,12,20,4
"42-83-16-09","baa361cd94c74ceb900b4fe3cabbdbba",2,2,56,12,52,1
"42-83-16-09","baa361cd94c74ceb900b4fe3cabbdbba",1,1,62,96,62,4
"42-83-16-09","baa361cd94c74ceb900b4fe3cabbdbba",3,1,26,12,26,4
"59-24-40-04","bc01a17fd5d245e2a35d78b99bb04187",4,1,33,12,33,4
"59-24-40-04","bc01a17fd5d245e2a35d78b99bb04187",2,1,53,12,53,5
"59-24-40-04","bc01a17fd5d245e2a35d78b99bb04187",1,1,42,1,42,3
"59-24-40-04","bc01a17fd5d245e2a35d78b99bb04187",6,1,28,12,28,3
"59-24-40-04","bc01a17fd5d245e2a35d78b99bb04187",5,1,49,12,49,5
"59-24-40-04","bc01a17fd5d245e2a35d78b99bb04187",3,1,58,12,58,3
"37-77-55-14","bc2bf51e178c42e1bc7de3ade20338d5",3,2,43,12,3,3
"37-77-55-14","bc2bf51e178c42e1bc7de3ade20338d5",5,2,35,12,15,4
"37-77-55-14","bc2bf51e178c42e1bc7de3ade20338d5",2,1,32,96,32,5
"37-77-55-14","bc2bf51e178c42e1bc7de3ade20338d5",1,1,60,1,25,6
"37-77-55-14","bc2bf51e178c42e1bc7de3ade20338d5",4,1,20,12,20,5
"28-28-90-63","be03e0b731204737a2e4f7e0d2030d21",2,2,40,8,22,4
"28-28-90-63","be03e0b731204737a2e4f7e0d2030d21",1,1,56,1,56,4
"14-85-95-70","bea4b4b78acc42a6a591220eff1ca34e",5,2,23,12,23,2
"14-85-95-70","bea4b4b78acc42a6a591220eff1ca34e",4,2,18,12,18,2
"14-85-95-70","bea4b4b78acc42a6a591220eff1ca34e",2,1,47,1,47,2
"14-85-95-70","bea4b4b78acc42a6a591220eff1ca34e",3,2,42,12,42,2
"14-85-95-70","bea4b4b78acc42a6a591220eff1ca34e",1,1,32,12,32,4
"91-10-01-18","bedf52b414be4498a687aa04f00db6bf",5,1,26,3,26,6
"91-10-01-18","bedf52b414be4498a687aa04f00db6bf",4,2,67,2,20,6
"91-10-01-18","bedf52b414be4498a687aa04f00db6bf",1,1,39,9,13,6
"91-10-01-18","bedf52b414be4498a687aa04f00db6bf",3,1,57,1,57,6
"91-10-01-18","bedf52b414be4498a687aa04f00db6bf",2,1,46,6,21,6
"90-46-30-94","bfaec23e25e948f2b4be3e00fb79e2ba",4,2,45,2,15,2
"90-46-30-94","bfaec23e25e948f2b4be3e00fb79e2ba",2,1,50,96,50,6
"90-46-30-94","bfaec23e25e948f2b4be3e00fb79e2ba",1,1,53,1,30,6
"90-46-30-94","bfaec23e25e948f2b4be3e00fb79e2ba",3,1,31,96,10,5
"88-67-72-87","c05e5755364f4c9eb48addd0418e8f5d",1,1,59,1,30,3
"21-18-44-50","c0cdc564be864ac698cba75135459a5e",2,1,52,96,20,4
"21-18-44-50","c0cdc564be864ac698cba75135459a5e",3,1,29,6,5,6
"21-18-44-50","c0cdc564be864ac698cba75135459a5e",1,2,38,6,12,6
"21-18-44-50","c0cdc564be864ac698cba75135459a5e",4,1,65,1,31,2
"05-72-66-37","c1185221c2d343bb88b3ec950686798c",3,2,47,12,27,2
"05-72-66-37","c1185221c2d343bb88b3ec950686798c",5,2,23,3,5,3
"05-72-66-37","c1185221c2d343bb88b3ec950686798c",4,1,27,3,27,2
"05-72-66-37","c1185221c2d343bb88b3ec950686798c",2,2,45,2,24,3
"05-72-66-37","c1185221c2d343bb88b3ec950686798c",6,1,19,12,1,3
"05-72-66-37","c1185221c2d343bb88b3ec950686798c",1,1,55,1,55,3
"96-93-21-70","c1b998e93a934a8cb45545fc66b93d36",4,1,52,9,52,3
"96-93-21-70","c1b998e93a934a8cb45545fc66b93d36",2,1,63,6,63,6
"96-93-21-70","c1b998e93a934a8cb45545fc66b93d36",1,1,62,12,62,4
"96-93-21-70","c1b998e93a934a8cb45545fc66b93d36",3,1,52,12,52,2
"96-93-21-70","c1b998e93a934a8cb45545fc66b93d36",5,1,61,96,61,4
"08-27-94-74","c1dbf4334e904dc1b6b93391efe6de15",2,2,52,2,45,4
"08-27-94-74","c1dbf4334e904dc1b6b93391efe6de15",4,1,18,12,18,2
"08-27-94-74","c1dbf4334e904dc1b6b93391efe6de15",3,2,17,12,17,2
"08-27-94-74","c1dbf4334e904dc1b6b93391efe6de15",1,1,47,1,40,2
"08-27-94-74","c1dbf4334e904dc1b6b93391efe6de15",5,1,45,6,1,4
"96-05-76-94","c417d5092fa04356addbe1ab9f6c471d",5,1,40,10,40,4
"96-05-76-94","c417d5092fa04356addbe1ab9f6c471d",3,2,69,2,49,2
"96-05-76-94","c417d5092fa04356addbe1ab9f6c471d",2,1,52,4,52,3
"96-05-76-94","c417d5092fa04356addbe1ab9f6c471d",6,1,40,9,40,3
"96-05-76-94","c417d5092fa04356addbe1ab9f6c471d",4,1,30,3,30,2
"96-05-76-94","c417d5092fa04356addbe1ab9f6c471d",1,1,42,1,42,3
"33-46-89-47","c441996b11764b4a9b89ffa9e072e594",2,1,46,12,46,3
"33-46-89-47","c441996b11764b4a9b89ffa9e072e594",1,1,37,12,37,3
"33-46-89-47","c441996b11764b4a9b89ffa9e072e594",4,2,43,2,25,2
"33-46-89-47","c441996b11764b4a9b89ffa9e072e594",5,1,30,3,2,4
"33-46-89-47","c441996b11764b4a9b89ffa9e072e594",3,1,53,1,12,3
"86-65-40-94","c5a736b38a4843b68ddf780785c9403e",2,1,29,12,29,5
"86-65-40-94","c5a736b38a4843b68ddf780785c9403e",5,2,48,12,21,2
"86-65-40-94","c5a736b38a4843b68ddf780785c9403e",4,2,46,2,24,3
"86-65-40-94","c5a736b38a4843b68ddf780785c9403e",1,1,79,1,79,3
"86-65-40-94","c5a736b38a4843b68ddf780785c9403e",3,2,63,12,63,3
"40-59-35-84","c63d7a3af8c74ccca231ecfa5dffb50b",1,1,59,1,59,3
"41-29-42-22","cb6f1ca5c1d84fe4be8e6d65f1ecb6ee",4,1,32,12,6,4
"41-29-42-22","cb6f1ca5c1d84fe4be8e6d65f1ecb6ee",3,2,78,4,78,3
"41-29-42-22","cb6f1ca5c1d84fe4be8e6d65f1ecb6ee",1,1,58,1,32,3
"41-29-42-22","cb6f1ca5c1d84fe4be8e6d65f1ecb6ee",2,1,44,96,44,6
"20-19-89-31","cc21c380258748b09434448dd3cd19d6",3,2,30,12,30,3
"20-19-89-31","cc21c380258748b09434448dd3cd19d6",2,2,31,12,8,4
"20-19-89-31","cc21c380258748b09434448dd3cd19d6",1,2,50,8,50,3
"16-74-30-99","cc5224ac26434558b1870292cd790c14",3,1,35,12,5,4
"16-74-30-99","cc5224ac26434558b1870292cd790c14",2,2,60,2,35,2
"16-74-30-99","cc5224ac26434558b1870292cd790c14",1,1,54,1,54,3
"53-89-11-68","cc67d6bf9be34858953f0195bb61efdc",1,1,49,96,33,4
"53-89-11-68","cc67d6bf9be34858953f0195bb61efdc",3,1,38,1,33,3
"53-89-11-68","cc67d6bf9be34858953f0195bb61efdc",2,1,62,12,24,6
"66-28-67-92","cd53be65dbb54ae58e54c8e2e8876a98",3,1,20,12,2,4
"66-28-67-92","cd53be65dbb54ae58e54c8e2e8876a98",2,1,45,96,10,3
"66-28-67-92","cd53be65dbb54ae58e54c8e2e8876a98",4,1,48,1,48,3
"66-28-67-92","cd53be65dbb54ae58e54c8e2e8876a98",1,1,36,96,9,6
"93-24-80-62","cda502a2bc2f4dcb81105822378261d2",3,1,48,5,5,6
"93-24-80-62","cda502a2bc2f4dcb81105822378261d2",1,1,30,1,30,4
"93-24-80-62","cda502a2bc2f4dcb81105822378261d2",4,1,35,12,2,3
"93-24-80-62","cda502a2bc2f4dcb81105822378261d2",5,1,44,12,9,4
"93-24-80-62","cda502a2bc2f4dcb81105822378261d2",2,1,56,4,41,3
"18-69-48-95","cdda605e7bf84e2998e7dc1b3f9fc012",2,2,31,8,15,5
"18-69-48-95","cdda605e7bf84e2998e7dc1b3f9fc012",1,1,52,1,30,4
"41-30-97-75","ce09e57177af41adadea55b1118f29be",1,1,28,1,28,5
"41-30-97-75","ce09e57177af41adadea55b1118f29be",3,1,35,12,26,5
"41-30-97-75","ce09e57177af41adadea55b1118f29be",2,1,63,96,63,6
"59-65-12-85","cecbc69db6044c88b541853782f11ff2",2,1,73,12,28,2
"59-65-12-85","cecbc69db6044c88b541853782f11ff2",1,1,52,1,16,3
"59-65-12-85","cecbc69db6044c88b541853782f11ff2",3,2,49,12,18,2
"80-81-10-28","cff36b0b20f648be8341cd074068c657",3,2,41,12,15,4
"80-81-10-28","cff36b0b20f648be8341cd074068c657",2,1,36,12,20,5
"80-81-10-28","cff36b0b20f648be8341cd074068c657",1,1,49,1,49,4
"65-23-15-88","d0cdf3d489a641c0a3e23bb1fb1adcfc",3,1,36,96,36,5
"65-23-15-88","d0cdf3d489a641c0a3e23bb1fb1adcfc",1,1,41,1,41,4
"65-23-15-88","d0cdf3d489a641c0a3e23bb1fb1adcfc",2,2,56,96,25,3
"31-65-28-65","d132b4d495064853b88b9de098d24ae1",2,1,55,96,25,3
"31-65-28-65","d132b4d495064853b88b9de098d24ae1",1,1,65,1,30,3
"59-18-11-47","d27f68aecc4d4350baef7ba84d39d9f0",1,1,64,96,38,4
"59-37-58-86","d2ad4ad31dbd4666bec8eaec059c3d08",3,1,75,96,35,4
"59-37-58-86","d2ad4ad31dbd4666bec8eaec059c3d08",2,1,65,12,32,6
"59-37-58-86","d2ad4ad31dbd4666bec8eaec059c3d08",1,1,54,1,32,2
"52-68-30-65","d2d172cc1ef541e48cba1c6ed47f1841",2,1,29,3,8,5
"52-68-30-65","d2d172cc1ef541e48cba1c6ed47f1841",4,1,27,12,4,4
"52-68-30-65","d2d172cc1ef541e48cba1c6ed47f1841",3,1,61,1,61,4
"52-68-30-65","d2d172cc1ef541e48cba1c6ed47f1841",1,1,34,96,12,4
"68-46-02-26","d3f59ad872434ad1b2bec94ed6e6e947",3,2,42,96,35,4
"68-46-02-26","d3f59ad872434ad1b2bec94ed6e6e947",2,1,61,96,60,3
"68-46-02-26","d3f59ad872434ad1b2bec94ed6e6e947",1,1,64,1,45,5
"66-91-74-76","d451154d23f041d0915801f7838e703d",1,1,62,1,45,6
"13-38-51-04","d4eb3a77cedc42abb1e1bb99a214a7e8",4,2,26,12,10,2
"13-38-51-04","d4eb3a77cedc42abb1e1bb99a214a7e8",5,1,31,12,25,4
"13-38-51-04","d4eb3a77cedc42abb1e1bb99a214a7e8",1,1,62,1,62,2
"13-38-51-04","d4eb3a77cedc42abb1e1bb99a214a7e8",2,1,23,12,23,4
"13-38-51-04","d4eb3a77cedc42abb1e1bb99a214a7e8",3,2,30,12,14,4
"49-85-88-60","d50819d660b042d7b279465864368a55",1,1,57,1,31,3
"77-50-49-21","d59bcc343d9e47379e45203869d1f64f",4,1,52,1,30,3
"77-50-49-21","d59bcc343d9e47379e45203869d1f64f",3,1,60,12,38,3
"77-50-49-21","d59bcc343d9e47379e45203869d1f64f",1,1,52,96,30,3
"77-50-49-21","d59bcc343d9e47379e45203869d1f64f",2,2,58,2,35,3
"35-31-24-31","d5dab880982d42b9899469131ffc2054",1,1,49,96,47,3
"35-31-24-31","d5dab880982d42b9899469131ffc2054",2,1,48,1,30,5
"16-89-92-55","d72ffb6509f04269a54566ef5106a498",2,1,56,12,50,2
"16-89-92-55","d72ffb6509f04269a54566ef5106a498",1,1,43,1,43,3
"24-03-14-28","d852fc9843fe45ffb9544b916d5f2cfc",1,1,46,1,46,4
"24-03-14-28","d852fc9843fe45ffb9544b916d5f2cfc",3,1,32,12,32,4
"24-03-14-28","d852fc9843fe45ffb9544b916d5f2cfc",4,1,41,12,41,4
"24-03-14-28","d852fc9843fe45ffb9544b916d5f2cfc",2,2,37,12,37,2
"24-03-14-28","d852fc9843fe45ffb9544b916d5f2cfc",5,1,35,12,26,4
"09-82-39-37","d8c64e61dafa401b94c8afc0cfb15fef",4,1,30,6,30,6
"09-82-39-37","d8c64e61dafa401b94c8afc0cfb15fef",3,2,47,12,47,1
"09-82-39-37","d8c64e61dafa401b94c8afc0cfb15fef",2,1,54,96,54,6
"09-82-39-37","d8c64e61dafa401b94c8afc0cfb15fef",1,2,50,12,50,1
"54-82-15-45","d91d6fec7fec4232a968ff6c765ab1eb",2,2,24,96,24,3
"54-82-15-45","d91d6fec7fec4232a968ff6c765ab1eb",1,2,25,96,25,2
"54-82-15-45","d91d6fec7fec4232a968ff6c765ab1eb",3,2,20,96,20,4
"46-49-96-63","d935539999f64771a119eb32574c160e",1,1,58,1,38,5
"46-49-96-63","d935539999f64771a119eb32574c160e",2,1,52,96,50,5
"46-49-96-63","d935539999f64771a119eb32574c160e",3,2,60,2,24,3
"92-40-07-74","d93b73d98836425fafd96b0bc9407548",2,1,47,96,47,4
"92-40-07-74","d93b73d98836425fafd96b0bc9407548",1,1,53,1,35,2
"46-97-38-14","da0d63139da84fa088cb8a3f8893374e",1,1,57,96,53,4
"46-97-38-14","da0d63139da84fa088cb8a3f8893374e",2,1,56,1,33,3
"81-72-86-31","daafca5294924c609725305aa9da92d2",2,2,42,9,30,2
"81-72-86-31","daafca5294924c609725305aa9da92d2",4,1,47,12,47,6
"81-72-86-31","daafca5294924c609725305aa9da92d2",5,2,72,2,72,5
"81-72-86-31","daafca5294924c609725305aa9da92d2",1,1,47,1,47,4
"81-72-86-31","daafca5294924c609725305aa9da92d2",3,1,23,3,23,5
"81-72-86-31","daafca5294924c609725305aa9da92d2",6,1,72,4,30,5
"39-31-02-27","dacd91af18154d51894a52d02a3cb2b1",1,1,40,12,20,2
"39-31-02-27","dacd91af18154d51894a52d02a3cb2b1",3,1,34,12,8,4
"39-31-02-27","dacd91af18154d51894a52d02a3cb2b1",2,1,47,1,17,6
"39-31-02-27","dacd91af18154d51894a52d02a3cb2b1",4,1,31,12,3,4
"14-56-46-86","dc3741ca4a3c451291a3c0370adfd965",1,1,64,96,20,3
"14-56-46-86","dc3741ca4a3c451291a3c0370adfd965",3,1,42,96,42,2
"14-56-46-86","dc3741ca4a3c451291a3c0370adfd965",2,2,47,96,10,5
"30-44-92-98","dd72172834734d53967b7f13d9946d3e",1,1,42,1,42,4
"30-44-92-98","dd72172834734d53967b7f13d9946d3e",2,1,52,96,52,6
"92-54-66-94","de0d420b95f949409ddd6e6ef359572f",3,1,33,12,33,2
"92-54-66-94","de0d420b95f949409ddd6e6ef359572f",2,1,42,12,30,5
"92-54-66-94","de0d420b95f949409ddd6e6ef359572f",4,1,29,12,29,2
"92-54-66-94","de0d420b95f949409ddd6e6ef359572f",1,1,54,1,34,3
"41-87-65-27","dfd66efc10c04db4bc7a7710205fba47",2,1,39,96,15,3
"41-87-65-27","dfd66efc10c04db4bc7a7710205fba47",1,1,46,96,46,6
"51-59-01-53","e0d553e3abb24993844f0de7e20c86db",2,1,40,3,40,4
"51-59-01-53","e0d553e3abb24993844f0de7e20c86db",4,1,54,96,54,4
"51-59-01-53","e0d553e3abb24993844f0de7e20c86db",3,1,42,96,42,2
"51-59-01-53","e0d553e3abb24993844f0de7e20c86db",1,2,52,2,32,3
"92-04-38-87","e1d242437c104649bf3a034bad2925c9",2,1,49,96,49,4
"92-04-38-87","e1d242437c104649bf3a034bad2925c9",4,1,59,96,59,2
"92-04-38-87","e1d242437c104649bf3a034bad2925c9",1,1,55,1,55,4
"92-04-38-87","e1d242437c104649bf3a034bad2925c9",3,1,46,96,46,5
"48-37-16-81","e314846cc6e745f2b46ca45107218154",1,1,65,1,65,6
"48-37-16-81","e314846cc6e745f2b46ca45107218154",2,2,73,12,28,6
"08-49-55-81","e359063a9c1842feace88741f2b4863c",4,2,32,6,16,6
"08-49-55-81","e359063a9c1842feace88741f2b4863c",5,1,78,12,50,2
"08-49-55-81","e359063a9c1842feace88741f2b4863c",1,1,54,1,40,3
"08-49-55-81","e359063a9c1842feace88741f2b4863c",3,1,54,12,54,3
"08-49-55-81","e359063a9c1842feace88741f2b4863c",2,1,46,12,3,4
"24-81-35-44","e57503779f904b9a89276f70cdc6d98b",1,1,35,1,35,4
"04-12-51-46","e7fa94896c414ae5a4e11d7b299951b1",2,2,23,12,18,2
"04-12-51-46","e7fa94896c414ae5a4e11d7b299951b1",3,1,48,12,35,2
"04-12-51-46","e7fa94896c414ae5a4e11d7b299951b1",1,1,54,1,45,2
"04-12-51-46","e7fa94896c414ae5a4e11d7b299951b1",4,1,52,5,1,6
"16-34-77-09","e83ef3501b9148fc8d8660761d61f6b1",1,1,27,12,27,5
"16-34-77-09","e83ef3501b9148fc8d8660761d61f6b1",2,1,37,12,37,3
"35-16-36-79","e8807528500d494886e1493f22b6d612",2,1,42,12,25,5
"35-16-36-79","e8807528500d494886e1493f22b6d612",1,1,54,96,21,4
"35-16-36-79","e8807528500d494886e1493f22b6d612",4,2,50,2,50,2
"35-16-36-79","e8807528500d494886e1493f22b6d612",3,2,33,12,33,4
"88-64-25-80","ea112b0ba08542bfb07f10c636ff82a0",2,1,52,96,8,5
"88-64-25-80","ea112b0ba08542bfb07f10c636ff82a0",1,1,46,1,20,3
"88-64-25-80","ea112b0ba08542bfb07f10c636ff82a0",3,2,30,2,13,3
"46-50-03-97","eb9b8edf03314bb39c1982b462c88cd3",5,2,26,12,6,4
"46-50-03-97","eb9b8edf03314bb39c1982b462c88cd3",1,1,70,1,70,4
"46-50-03-97","eb9b8edf03314bb39c1982b462c88cd3",2,1,28,12,28,5
"46-50-03-97","eb9b8edf03314bb39c1982b462c88cd3",3,1,57,12,57,3
"46-50-03-97","eb9b8edf03314bb39c1982b462c88cd3",6,1,47,12,47,5
"46-50-03-97","eb9b8edf03314bb39c1982b462c88cd3",4,2,23,12,2,3
"34-64-32-00","eba103dd973241ecb07baee474e8f9d9",2,2,20,12,15,4
"34-64-32-00","eba103dd973241ecb07baee474e8f9d9",3,2,63,6,55,6
"34-64-32-00","eba103dd973241ecb07baee474e8f9d9",1,2,18,12,18,4
"34-64-32-00","eba103dd973241ecb07baee474e8f9d9",4,1,43,12,35,4
"96-79-66-75","ec1c482374644eb983a647909e350403",2,1,35,96,35,3
"96-79-66-75","ec1c482374644eb983a647909e350403",1,1,60,1,54,2
"96-79-66-75","ec1c482374644eb983a647909e350403",4,2,50,2,28,2
"96-79-66-75","ec1c482374644eb983a647909e350403",3,1,58,12,58,4
"49-96-25-37","ec3f5f7d84244a55ab42dff82b6846d9",4,2,32,8,32,4
"49-96-25-37","ec3f5f7d84244a55ab42dff82b6846d9",2,1,49,1,49,5
"49-96-25-37","ec3f5f7d84244a55ab42dff82b6846d9",3,1,54,96,54,2
"49-96-25-37","ec3f5f7d84244a55ab42dff82b6846d9",1,1,36,12,36,5
"96-60-14-26","ec558b4ca32e46a7943986f7ad4a9588",4,1,46,1,46,2
"96-60-14-26","ec558b4ca32e46a7943986f7ad4a9588",2,2,21,12,21,2
"96-60-14-26","ec558b4ca32e46a7943986f7ad4a9588",3,2,38,12,35,2
"96-60-14-26","ec558b4ca32e46a7943986f7ad4a9588",1,1,33,6,3,6
"51-48-45-42","ee1ae37bb5574ebb8cfcaa312e7e1f0b",1,1,42,5,42,4
"51-48-45-42","ee1ae37bb5574ebb8cfcaa312e7e1f0b",2,1,48,96,48,2
"34-89-24-08","ef140c8eb6aa466fa41b317628e0cbf8",3,2,42,12,42,2
"34-89-24-08","ef140c8eb6aa466fa41b317628e0cbf8",4,2,18,12,18,2
"34-89-24-08","ef140c8eb6aa466fa41b317628e0cbf8",1,1,32,12,32,4
"34-89-24-08","ef140c8eb6aa466fa41b317628e0cbf8",5,2,23,12,23,2
"34-89-24-08","ef140c8eb6aa466fa41b317628e0cbf8",2,1,47,1,47,2
"51-89-46-48","ef37261b68c446679bec7e072b4d916e",3,2,57,12,24,3
"51-89-46-48","ef37261b68c446679bec7e072b4d916e",1,1,45,1,35,3
"51-89-46-48","ef37261b68c446679bec7e072b4d916e",2,1,45,96,35,4
"15-63-97-83","f03953e0053e44408d6efa237ee3063f",3,1,47,8,14,6
"15-63-97-83","f03953e0053e44408d6efa237ee3063f",1,1,66,1,40,4
"15-63-97-83","f03953e0053e44408d6efa237ee3063f",2,2,50,9,25,4
"04-82-98-03","f107a301616c4ff69b6fa7bfa877faab",2,1,41,1,20,6
"04-82-98-03","f107a301616c4ff69b6fa7bfa877faab",1,1,39,96,20,6
"04-82-98-03","f107a301616c4ff69b6fa7bfa877faab",3,2,45,96,10,6
"27-44-94-20","f14f6099b4984c1d8b984fb22f251032",2,1,24,12,24,3
"27-44-94-20","f14f6099b4984c1d8b984fb22f251032",4,1,20,12,20,3
"27-44-94-20","f14f6099b4984c1d8b984fb22f251032",3,2,60,12,50,2
"27-44-94-20","f14f6099b4984c1d8b984fb22f251032",1,1,54,1,54,3
"65-42-84-81","f1dca8894a0b46eab802b52b2ecc70c0",1,1,46,96,46,3
"65-42-84-81","f1dca8894a0b46eab802b52b2ecc70c0",2,1,72,1,72,2
"65-42-84-81","f1dca8894a0b46eab802b52b2ecc70c0",4,1,50,12,50,4
"63-52-54-38","f33d7de27c14495a89301cb34c6e6dfb",5,2,47,96,47,4
"63-52-54-38","f33d7de27c14495a89301cb34c6e6dfb",1,1,48,1,30,4
"63-52-54-38","f33d7de27c14495a89301cb34c6e6dfb",2,1,60,4,45,4
"63-52-54-38","f33d7de27c14495a89301cb34c6e6dfb",3,1,32,12,32,4
"63-52-54-38","f33d7de27c14495a89301cb34c6e6dfb",4,1,68,12,50,3
"38-55-59-69","f4836ae1155c495c9363570573d1f81a",5,2,28,12,23,4
"38-55-59-69","f4836ae1155c495c9363570573d1f81a",1,1,52,1,38,4
"38-55-59-69","f4836ae1155c495c9363570573d1f81a",2,1,25,12,25,3
"38-55-59-69","f4836ae1155c495c9363570573d1f81a",3,2,39,96,30,4
"38-55-59-69","f4836ae1155c495c9363570573d1f81a",4,1,48,96,34,3
"48-32-44-07","f4c5c89950bb4141ab4d895c0b25bb20",1,1,48,12,48,6
"05-41-62-25","f5e7dce2332d41b28c3cd37fceac50cf",3,1,21,12,21,4
"05-41-62-25","f5e7dce2332d41b28c3cd37fceac50cf",4,1,27,12,10,5
"05-41-62-25","f5e7dce2332d41b28c3cd37fceac50cf",1,1,53,96,23,6
"92-58-44-91","f709ca33e5624c40bbebb5bbff93d32f",1,1,42,1,32,4
"92-58-44-91","f709ca33e5624c40bbebb5bbff93d32f",2,1,38,6,30,6
"08-27-83-30","f81dc4ec9efb45e0ac04ce96bd3fac02",4,2,48,2,15,4
"08-27-83-30","f81dc4ec9efb45e0ac04ce96bd3fac02",2,1,52,96,52,3
"08-27-83-30","f81dc4ec9efb45e0ac04ce96bd3fac02",1,1,45,1,45,2
"08-27-83-30","f81dc4ec9efb45e0ac04ce96bd3fac02",3,1,44,96,44,4
"36-13-76-78","f875111d04594103a21af312cda6e741",1,1,45,1,45,6
"36-13-76-78","f875111d04594103a21af312cda6e741",2,1,63,12,63,3
"66-72-06-13","f941ce88ba9a48e99842d995455d47bd",6,1,28,3,2,5
"66-72-06-13","f941ce88ba9a48e99842d995455d47bd",2,1,55,1,55,3
"66-72-06-13","f941ce88ba9a48e99842d995455d47bd",4,2,40,2,20,3
"66-72-06-13","f941ce88ba9a48e99842d995455d47bd",5,2,37,9,18,3
"66-72-06-13","f941ce88ba9a48e99842d995455d47bd",3,1,43,96,15,5
"66-72-06-13","f941ce88ba9a48e99842d995455d47bd",1,1,47,6,18,6
"88-18-91-21","f980545af05e454a9a37280d7272716d",2,2,23,12,23,4
"88-18-91-21","f980545af05e454a9a37280d7272716d",1,1,54,1,54,4
"88-18-91-21","f980545af05e454a9a37280d7272716d",3,1,35,12,20,3
"42-81-20-45","f9db50b4f83b436ab20692f8d1d0e345",3,1,20,12,20,2
"42-81-20-45","f9db50b4f83b436ab20692f8d1d0e345",1,1,43,12,43,6
"42-81-20-45","f9db50b4f83b436ab20692f8d1d0e345",2,1,60,1,20,2
"60-32-27-19","fb5c0b7c4fa64ce8b41a2d746086f7a1",1,2,60,1,30,6
"60-32-27-19","fb5c0b7c4fa64ce8b41a2d746086f7a1",5,1,28,3,28,5
"60-32-27-19","fb5c0b7c4fa64ce8b41a2d746086f7a1",4,1,49,12,49,6
"60-32-27-19","fb5c0b7c4fa64ce8b41a2d746086f7a1",2,1,47,9,20,5
"60-32-27-19","fb5c0b7c4fa64ce8b41a2d746086f7a1",3,1,48,9,10,4
"87-17-71-30","fd09bf6c0d16410f9135f36ef5e6993b",2,1,49,12,23,2
"87-17-71-30","fd09bf6c0d16410f9135f36ef5e6993b",3,1,41,12,13,3
"87-17-71-30","fd09bf6c0d16410f9135f36ef5e6993b",4,1,62,12,62,2
"87-17-71-30","fd09bf6c0d16410f9135f36ef5e6993b",6,1,32,12,22,2
"87-17-71-30","fd09bf6c0d16410f9135f36ef5e6993b",5,1,25,12,15,3
"87-17-71-30","fd09bf6c0d16410f9135f36ef5e6993b",1,1,53,96,54,2
"86-59-69-87","fd39653b0c2d49a2b86bf992b96cf4d0",2,1,40,6,5,2
"86-59-69-87","fd39653b0c2d49a2b86bf992b96cf4d0",4,1,43,12,5,2
"86-59-69-87","fd39653b0c2d49a2b86bf992b96cf4d0",1,1,36,96,36,4
"86-59-69-87","fd39653b0c2d49a2b86bf992b96cf4d0",5,1,54,6,25,6
"86-59-69-87","fd39653b0c2d49a2b86bf992b96cf4d0",3,1,33,12,25,2
"83-86-63-56","fecc0f5ccad940ceb621e46eb9f59f77",1,1,45,12,45,4
"17-59-88-03","fffa2187e3d447b085ed6aedd03b38da",3,2,30,2,14,3
"17-59-88-03","fffa2187e3d447b085ed6aedd03b38da",2,1,40,96,40,3
"17-59-88-03","fffa2187e3d447b085ed6aedd03b38da",1,1,46,1,46,2
