"EA_code","t0_EA_code","s4nq109","s4nq110","s4nq111a","s4nq111b","s4nq112","interview__key","supervisor_id"
"00928229c3e64db9a66fd1f0d4dff345",,,,,,,"12-09-37-88",1
"00928229c3e64db9a66fd1f0d4dff345",,,,,,,"12-09-37-88",2
"00928229c3e64db9a66fd1f0d4dff345",,,,,,,"12-09-37-88",3
"03e3d013ed9a4a7b9e72a04e5867ed88",,,,,,,"13-26-94-05",1
"03e3d013ed9a4a7b9e72a04e5867ed88",,,,,,,"13-26-94-05",2
"03e3d013ed9a4a7b9e72a04e5867ed88",,,,,,,"13-26-94-05",3
"0548b11d746b41149960bad12ade2187","3211070717",1,1,6,2018,2,"94-25-74-66",1
"0548b11d746b41149960bad12ade2187","3211070717",1,2,4,2018,2,"94-25-74-66",2
"0548b11d746b41149960bad12ade2187","3211070717",1,1,7,2018,2,"94-25-74-66",3
"06aeb38cf33a4c6b9ad71262908541eb",,,,,,,"34-90-92-66",1
"06aeb38cf33a4c6b9ad71262908541eb",,,,,,,"34-90-92-66",3
"06aeb38cf33a4c6b9ad71262908541eb",,,,,,,"34-90-92-66",2
"06c492654e8342fabe3ec8af1aad4cef","1074030303",,,,,,"66-47-37-97",3
"06c492654e8342fabe3ec8af1aad4cef","1074030303",,,,,,"66-47-37-97",1
"06c492654e8342fabe3ec8af1aad4cef","1074030303",,,,,,"66-47-37-97",2
"07d762b045a54167af44618c38f26e49","4032050503",1,1,11,2018,1,"39-29-24-84",2
"07d762b045a54167af44618c38f26e49","4032050503",1,1,10,2018,2,"39-29-24-84",3
"07d762b045a54167af44618c38f26e49","4032050503",1,1,11,2018,1,"39-29-24-84",1
"09583a0be3d943588eccede22daecd45",,,,,,,"74-65-87-03",1
"09583a0be3d943588eccede22daecd45",,,,,,,"74-65-87-03",2
"09583a0be3d943588eccede22daecd45",,,,,,,"74-65-87-03",3
"09bd271138b34050a20647bb26da164e","3072020202",,,,,,"96-05-61-85",3
"09bd271138b34050a20647bb26da164e","3072020202",,,,,,"96-05-61-85",2
"09bd271138b34050a20647bb26da164e","3072020202",,,,,,"96-05-61-85",1
"09e5567a67b24c56b7c7bb13800ead7e","1121040410",1,1,2,2018,2,"02-82-25-55",3
"09e5567a67b24c56b7c7bb13800ead7e","1121040410",1,1,3,2018,2,"02-82-25-55",1
"09e5567a67b24c56b7c7bb13800ead7e","1121040410",1,1,2,2018,2,"02-82-25-55",2
"0b6fdf9b7d2b484ea36915e5f8b3940d","3081020206",1,3,,,,"05-20-15-42",1
"0b6fdf9b7d2b484ea36915e5f8b3940d","3081020206",1,3,,,,"05-20-15-42",3
"0b6fdf9b7d2b484ea36915e5f8b3940d","3081020206",1,1,6,2018,2,"05-20-15-42",2
"0e2cb66e0eaa46feb1f41a241a8c4910","1101050507",1,1,4,2018,2,"54-45-74-15",2
"0e2cb66e0eaa46feb1f41a241a8c4910","1101050507",1,2,2,2018,2,"54-45-74-15",1
"0e2cb66e0eaa46feb1f41a241a8c4910","1101050507",2,,,,,"54-45-74-15",3
"0e53cc68fc734154a21bb2def6bbc5c6","2081070701",1,1,2,2018,2,"98-06-19-96",1
"0e53cc68fc734154a21bb2def6bbc5c6","2081070701",1,1,2,2018,2,"98-06-19-96",2
"0e53cc68fc734154a21bb2def6bbc5c6","2081070701",1,1,1,2018,2,"98-06-19-96",3
"0e5fc948d76340ac9c27380a8837c56c","2162020206",1,1,1,2018,2,"13-72-15-50",2
"0e5fc948d76340ac9c27380a8837c56c","2162020206",1,2,10,2017,2,"13-72-15-50",1
"0e5fc948d76340ac9c27380a8837c56c","2162020206",1,1,3,2018,2,"13-72-15-50",3
"120df4dbf75444178f10871b972869ac","1042080804",,,,,,"24-08-96-20",2
"120df4dbf75444178f10871b972869ac","1042080804",,,,,,"24-08-96-20",3
"120df4dbf75444178f10871b972869ac","1042080804",,,,,,"24-08-96-20",1
"12810e18eb6c41d7ac10cbb28f40fdf3","3211050502",,,,,,"76-22-41-77",2
"12810e18eb6c41d7ac10cbb28f40fdf3","3211050502",,,,,,"76-22-41-77",3
"12810e18eb6c41d7ac10cbb28f40fdf3","3211050502",,,,,,"76-22-41-77",1
"13a34d9690b54ab7b9eee7d1ddafbe9f","3023030305",,,,,,"97-89-02-98",1
"13a34d9690b54ab7b9eee7d1ddafbe9f","3023030305",,,,,,"97-89-02-98",2
"13a34d9690b54ab7b9eee7d1ddafbe9f","3023030305",,,,,,"97-89-02-98",3
"13f4006f120f4c3b800e7ccaedd4aee4","1133030301",1,1,7,2018,2,"75-98-78-48",2
"13f4006f120f4c3b800e7ccaedd4aee4","1133030301",1,1,8,2018,2,"75-98-78-48",1
"13f4006f120f4c3b800e7ccaedd4aee4","1133030301",1,1,8,2018,2,"75-98-78-48",3
"150cdba4fed14b4a87d582d398577942","1231080801",1,1,3,2018,2,"98-86-51-07",2
"150cdba4fed14b4a87d582d398577942","1231080801",1,1,1,2018,2,"98-86-51-07",3
"150cdba4fed14b4a87d582d398577942","1231080801",1,1,3,2018,2,"98-86-51-07",1
"155c5c1261c04747be7944ce3daa6ac2","2231212105",1,2,9,2018,3,"16-77-56-74",1
"155c5c1261c04747be7944ce3daa6ac2","2231212105",1,1,1,2019,2,"16-77-56-74",2
"155c5c1261c04747be7944ce3daa6ac2","2231212105",1,2,7,2018,3,"16-77-56-74",3
"15cebd17f95047b3b242caab688fc2a0","1221060618",,,,,,"70-23-73-82",1
"15cebd17f95047b3b242caab688fc2a0","1221060618",,,,,,"70-23-73-82",3
"15cebd17f95047b3b242caab688fc2a0","1221060618",,,,,,"70-23-73-82",2
"15e14a2aedca4f1dad88f6a30e6d8a2c","4241050502",1,3,,,,"48-96-08-15",1
"15e14a2aedca4f1dad88f6a30e6d8a2c","4241050502",1,1,11,2018,2,"48-96-08-15",3
"15e14a2aedca4f1dad88f6a30e6d8a2c","4241050502",1,1,12,2018,1,"48-96-08-15",2
"166579dc0f4d4f19bdc2c8e6c2e31a0f","4033010102",,,,,,"13-39-91-73",1
"166579dc0f4d4f19bdc2c8e6c2e31a0f","4033010102",,,,,,"13-39-91-73",2
"166579dc0f4d4f19bdc2c8e6c2e31a0f","4033010102",,,,,,"13-39-91-73",3
"168d74660fc04a2792cb437eedcec5e1","1051050501",1,1,3,2018,2,"61-27-08-63",2
"168d74660fc04a2792cb437eedcec5e1","1051050501",1,1,2,2018,2,"61-27-08-63",1
"168d74660fc04a2792cb437eedcec5e1","1051050501",2,,,,,"61-27-08-63",3
"16c6c976a02c414f8e01d02dddc97a5d","2322030305",1,2,6,2017,4,"05-10-89-43",3
"16c6c976a02c414f8e01d02dddc97a5d","2322030305",1,1,4,2018,2,"05-10-89-43",2
"16c6c976a02c414f8e01d02dddc97a5d","2322030305",1,1,4,2018,2,"05-10-89-43",1
"1816825774944a8fa45dde05fc0e79dc","4201080809",,,,,,"77-05-32-40",3
"1816825774944a8fa45dde05fc0e79dc","4201080809",,,,,,"77-05-32-40",1
"1816825774944a8fa45dde05fc0e79dc","4201080809",,,,,,"77-05-32-40",2
"191a256cbcac47a2966d2f058153bc70","4122030305",1,1,2,2018,2,"34-03-95-15",1
"191a256cbcac47a2966d2f058153bc70","4122030305",1,1,1,2018,2,"34-03-95-15",2
"191a256cbcac47a2966d2f058153bc70","4122030305",2,,,,,"34-03-95-15",3
"195e5a9b4fcb4d7dbe18eaf543a9283b","1021010102",,,,,,"41-72-74-44",1
"195e5a9b4fcb4d7dbe18eaf543a9283b","1021010102",,,,,,"41-72-74-44",3
"195e5a9b4fcb4d7dbe18eaf543a9283b","1021010102",,,,,,"41-72-74-44",2
"1a257e54482e4ecf8b6aedc7cc89f8fd","1121020202",1,1,7,2018,2,"01-51-54-41",1
"1a257e54482e4ecf8b6aedc7cc89f8fd","1121020202",1,1,6,2018,2,"01-51-54-41",3
"1a257e54482e4ecf8b6aedc7cc89f8fd","1121020202",1,1,7,2018,2,"01-51-54-41",2
"1dce5f2d227147f4a9f8e27ad9423f5d","3231040401",1,1,6,2018,2,"32-45-14-74",3
"1dce5f2d227147f4a9f8e27ad9423f5d","3231040401",1,1,6,2018,1,"32-45-14-74",1
"1dce5f2d227147f4a9f8e27ad9423f5d","3231040401",1,1,6,2018,1,"32-45-14-74",2
"2000d66f97714765bc8e85e671ad8283","4151101004",1,1,10,2018,2,"48-93-82-89",2
"2000d66f97714765bc8e85e671ad8283","4151101004",1,1,12,2018,2,"48-93-82-89",3
"2000d66f97714765bc8e85e671ad8283","4151101004",1,1,12,2018,1,"48-93-82-89",1
"20188c3dd7af4786a15806bc3d9cc605","4151050504",1,1,4,2018,2,"36-96-62-29",2
"20188c3dd7af4786a15806bc3d9cc605","4151050504",1,2,12,2017,2,"36-96-62-29",3
"20188c3dd7af4786a15806bc3d9cc605","4151050504",1,1,5,2018,1,"36-96-62-29",1
"20eb974e8c9b4361a62ccde0ce8611ad","4192040405",1,1,1,2018,2,"02-80-79-45",3
"20eb974e8c9b4361a62ccde0ce8611ad","4192040405",1,1,3,2018,1,"02-80-79-45",1
"20eb974e8c9b4361a62ccde0ce8611ad","4192040405",1,1,2,2018,1,"02-80-79-45",2
"218cb290a69743c69e521b6122a6d507","3231070704",1,1,3,2018,1,"20-02-77-43",1
"218cb290a69743c69e521b6122a6d507","3231070704",1,1,3,2018,2,"20-02-77-43",2
"218cb290a69743c69e521b6122a6d507","3231070704",1,1,2,2018,2,"20-02-77-43",3
"21e9da8b1950402aa3169598c2efeb4e","4062010103",1,2,6,2017,3,"25-50-00-53",3
"21e9da8b1950402aa3169598c2efeb4e","4062010103",1,2,10,2017,2,"25-50-00-53",2
"21e9da8b1950402aa3169598c2efeb4e","4062010103",1,1,2,2018,2,"25-50-00-53",1
"228bcac6d0b147dbaebbc943965f78c1","2241050511",1,1,9,2018,2,"90-21-50-09",1
"228bcac6d0b147dbaebbc943965f78c1","2241050511",1,1,9,2018,2,"90-21-50-09",2
"228bcac6d0b147dbaebbc943965f78c1","2241050511",1,1,10,2018,1,"90-21-50-09",3
"237d3bd58d47443f984a1146cfb17596","3111030302",1,1,4,2018,2,"76-53-22-95",2
"237d3bd58d47443f984a1146cfb17596","3111030302",1,1,3,2018,2,"76-53-22-95",3
"237d3bd58d47443f984a1146cfb17596","3111030302",1,1,4,2018,2,"76-53-22-95",1
"2625ab72d0ca4e74bcc7a51eefc3c049","3062010101",1,3,,,,"71-53-71-15",1
"2625ab72d0ca4e74bcc7a51eefc3c049","3062010101",1,1,4,2018,2,"71-53-71-15",3
"2625ab72d0ca4e74bcc7a51eefc3c049","3062010101",1,1,4,2018,2,"71-53-71-15",2
"29d53afc2900441fa7931d2da4f6ab7e","4062101006",1,2,12,2017,2,"01-86-81-64",2
"29d53afc2900441fa7931d2da4f6ab7e","4062101006",1,1,3,2018,1,"01-86-81-64",1
"29d53afc2900441fa7931d2da4f6ab7e","4062101006",1,1,3,2018,1,"01-86-81-64",3
"29fdcdf88e2e444f9fbb7d235214e8e1","4051040405",1,2,12,2017,3,"55-22-88-49",3
"29fdcdf88e2e444f9fbb7d235214e8e1","4051040405",1,1,1,2019,1,"55-22-88-49",2
"29fdcdf88e2e444f9fbb7d235214e8e1","4051040405",1,1,1,2019,1,"55-22-88-49",1
"2b9fe8ab9b854dc1a78be4554e2db70f","2261050510",1,1,3,2018,2,"10-91-96-82",2
"2b9fe8ab9b854dc1a78be4554e2db70f","2261050510",1,1,2,2018,2,"10-91-96-82",3
"2b9fe8ab9b854dc1a78be4554e2db70f","2261050510",1,1,3,2018,2,"10-91-96-82",1
"2be916b9e8004a559894ec6c28948826","2221111101",,,,,,"54-21-11-77",2
"2be916b9e8004a559894ec6c28948826","2221111101",,,,,,"54-21-11-77",1
"2be916b9e8004a559894ec6c28948826","2221111101",,,,,,"54-21-11-77",3
"2c005b61e9d3469bb8b37576d7c0a9dc","1181010110",1,1,5,2018,2,"37-99-38-49",1
"2c005b61e9d3469bb8b37576d7c0a9dc","1181010110",1,1,6,2018,2,"37-99-38-49",2
"2c005b61e9d3469bb8b37576d7c0a9dc","1181010110",1,1,5,2018,2,"37-99-38-49",3
"2c09ec554d4e489bb9d6e97baaebfa65","4122010104",1,1,10,2017,2,"18-49-15-19",1
"2c09ec554d4e489bb9d6e97baaebfa65","4122010104",2,,,,,"18-49-15-19",3
"2c09ec554d4e489bb9d6e97baaebfa65","4122010104",1,1,12,2017,3,"18-49-15-19",2
"2c1eac5793354569a5f6598d4cc1c4d9","3092040406",1,1,3,2018,2,"91-50-78-15",2
"2c1eac5793354569a5f6598d4cc1c4d9","3092040406",2,,,,,"91-50-78-15",1
"2c1eac5793354569a5f6598d4cc1c4d9","3092040406",1,1,2,2018,2,"91-50-78-15",3
"2c79b64a9c5544fabbddb2b71590e49f","3171020201",1,2,1,2018,4,"33-98-51-91",3
"2c79b64a9c5544fabbddb2b71590e49f","3171020201",1,1,7,2018,1,"33-98-51-91",2
"2c79b64a9c5544fabbddb2b71590e49f","3171020201",1,1,7,2018,1,"33-98-51-91",1
"2caf4db31e1947578d134f4b52b91d8f","2181151501",1,1,2,2018,2,"02-42-11-75",2
"2caf4db31e1947578d134f4b52b91d8f","2181151501",1,1,1,2018,2,"02-42-11-75",1
"2caf4db31e1947578d134f4b52b91d8f","2181151501",1,1,2,2018,2,"02-42-11-75",3
"2ce29c6cfe0a456793b78a9eea712769","1151030304",1,1,5,2018,3,"67-79-02-00",3
"2ce29c6cfe0a456793b78a9eea712769","1151030304",2,,,,,"67-79-02-00",1
"2ce29c6cfe0a456793b78a9eea712769","1151030304",1,1,5,2018,2,"67-79-02-00",2
"2d0189f201a24a6eb390e7644e7127ac","3192030304",,,,,,"44-82-68-29",3
"2d0189f201a24a6eb390e7644e7127ac","3192030304",,,,,,"44-82-68-29",2
"2d0189f201a24a6eb390e7644e7127ac","3192030304",,,,,,"44-82-68-29",1
"2dd8b36de95c4d5bba92df1210413388","2231212102",1,1,1,2019,2,"42-91-93-12",2
"2dd8b36de95c4d5bba92df1210413388","2231212102",1,2,7,2018,3,"42-91-93-12",3
"2dd8b36de95c4d5bba92df1210413388","2231212102",1,2,9,2018,3,"42-91-93-12",1
"2e97754263a84e12b95022950c69f673","11710.0.",,,,,,"43-35-34-23",2
"2e97754263a84e12b95022950c69f673","11710.0.",,,,,,"43-35-34-23",3
"2e97754263a84e12b95022950c69f673","11710.0.",,,,,,"43-35-34-23",1
"2f452dce46214291b99d8f76038d10c9","2251030306",1,2,1,2018,2,"49-53-35-89",2
"2f452dce46214291b99d8f76038d10c9","2251030306",1,1,4,2018,1,"49-53-35-89",1
"2f452dce46214291b99d8f76038d10c9","2251030306",1,1,1,2018,3,"49-53-35-89",3
"2f82e41b4d9140b1a887dffbd36193b8",,,,,,,"88-51-03-21",2
"2f82e41b4d9140b1a887dffbd36193b8",,,,,,,"88-51-03-21",3
"2f82e41b4d9140b1a887dffbd36193b8",,,,,,,"88-51-03-21",1
"2fc7c42417e64ebcaea375ffa538326d","4103030301",1,1,10,2018,1,"65-91-23-57",2
"2fc7c42417e64ebcaea375ffa538326d","4103030301",1,1,9,2018,2,"65-91-23-57",3
"2fc7c42417e64ebcaea375ffa538326d","4103030301",1,1,11,2018,1,"65-91-23-57",1
"3048ed3a5a8a4ff69391cbfedd13657c","1061060602",1,1,11,2017,2,"68-00-06-79",2
"3048ed3a5a8a4ff69391cbfedd13657c","1061060602",1,1,11,2017,2,"68-00-06-79",1
"3048ed3a5a8a4ff69391cbfedd13657c","1061060602",1,2,11,2017,2,"68-00-06-79",3
"305b636544344f65aabef33609978907","3251030302",1,1,7,2018,2,"37-68-69-42",1
"305b636544344f65aabef33609978907","3251030302",1,2,8,2018,4,"37-68-69-42",3
"305b636544344f65aabef33609978907","3251030302",1,1,8,2018,2,"37-68-69-42",2
"30a233559a484aa884a3c795efb64cdf","1021050505",,,,,,"83-68-83-41",1
"30a233559a484aa884a3c795efb64cdf","1021050505",,,,,,"83-68-83-41",2
"30a233559a484aa884a3c795efb64cdf","1021050505",,,,,,"83-68-83-41",3
"30fabcc38b1c4f909a0de8b415a2988e","3091030301",1,1,6,2018,1,"72-50-29-68",3
"30fabcc38b1c4f909a0de8b415a2988e","3091030301",1,1,5,2018,2,"72-50-29-68",1
"30fabcc38b1c4f909a0de8b415a2988e","3091030301",1,1,5,2018,2,"72-50-29-68",2
"31b1bf8fbcc54ee09f83e940546a45b8","2261010102",,,,,,"87-78-01-68",1
"31b1bf8fbcc54ee09f83e940546a45b8","2261010102",,,,,,"87-78-01-68",2
"31b1bf8fbcc54ee09f83e940546a45b8","2261010102",,,,,,"87-78-01-68",3
"332221c6e42c4c7693f07f18bf883c77","3062040406",1,1,4,2018,2,"91-29-19-18",2
"332221c6e42c4c7693f07f18bf883c77","3062040406",1,1,4,2018,2,"91-29-19-18",1
"332221c6e42c4c7693f07f18bf883c77","3062040406",1,1,9,2017,4,"91-29-19-18",3
"36a60129e57347bea99b101f51c2d0a0","3131020205",1,1,1,2018,2,"31-50-07-11",3
"36a60129e57347bea99b101f51c2d0a0","3131020205",1,1,3,2018,1,"31-50-07-11",1
"36a60129e57347bea99b101f51c2d0a0","3131020205",1,1,3,2018,1,"31-50-07-11",2
"37a0243153154356a3fae9c57c688f46","1102040407",1,1,6,2018,2,"66-53-93-59",2
"37a0243153154356a3fae9c57c688f46","1102040407",2,,,,,"66-53-93-59",3
"37a0243153154356a3fae9c57c688f46","1102040407",1,2,3,2018,3,"66-53-93-59",1
"3a2df233c4d3470b83d0d3e0851df33d","1021030304",,,,,,"07-01-51-11",3
"3a2df233c4d3470b83d0d3e0851df33d","1021030304",,,,,,"07-01-51-11",2
"3a2df233c4d3470b83d0d3e0851df33d","1021030304",,,,,,"07-01-51-11",1
"3b39a3793b9e42deb8bea71311058e8a","3181141407",1,2,1,2018,2,"56-67-32-81",1
"3b39a3793b9e42deb8bea71311058e8a","3181141407",1,2,4,2018,2,"56-67-32-81",2
"3b39a3793b9e42deb8bea71311058e8a","3181141407",1,3,,,,"56-67-32-81",3
"3bd4a06cc7b5416d864333ff348bb354","2082020201",1,1,6,2018,2,"92-67-60-32",1
"3bd4a06cc7b5416d864333ff348bb354","2082020201",1,1,6,2018,2,"92-67-60-32",2
"3bd4a06cc7b5416d864333ff348bb354","2082020201",1,1,5,2018,2,"92-67-60-32",3
"3c03c72ff5bb4e43bb462f77bc401895","3301070703",1,1,3,2018,2,"08-02-90-92",1
"3c03c72ff5bb4e43bb462f77bc401895","3301070703",1,1,6,2018,1,"08-02-90-92",3
"3c03c72ff5bb4e43bb462f77bc401895","3301070703",1,1,6,2018,1,"08-02-90-92",2
"3c068ff6dd2648088c08a9fcdcb812f2","1102070703",1,1,11,2018,2,"26-54-44-39",2
"3c068ff6dd2648088c08a9fcdcb812f2","1102070703",2,,,,,"26-54-44-39",3
"3c068ff6dd2648088c08a9fcdcb812f2","1102070703",1,1,10,2018,2,"26-54-44-39",1
"3c7b52089dbc43ecb5f3c5e354f1ec09","3034050511",1,1,1,2018,2,"61-93-15-21",2
"3c7b52089dbc43ecb5f3c5e354f1ec09","3034050511",1,2,12,2017,3,"61-93-15-21",3
"3c7b52089dbc43ecb5f3c5e354f1ec09","3034050511",1,1,1,2018,2,"61-93-15-21",1
"3d3ecc270b3743a1ac5b07ac5161ae2f",,,,,,,"36-93-22-14",1
"3d3ecc270b3743a1ac5b07ac5161ae2f",,,,,,,"36-93-22-14",2
"3d3ecc270b3743a1ac5b07ac5161ae2f",,,,,,,"36-93-22-14",3
"3dfec81ca5704294b2259b4da35ba66f","1073020205",1,1,7,2018,2,"00-56-65-43",1
"3dfec81ca5704294b2259b4da35ba66f","1073020205",1,2,9,2017,4,"00-56-65-43",2
"3dfec81ca5704294b2259b4da35ba66f","1073020205",1,1,9,2018,4,"00-56-65-43",3
"3e4cfe4688a44d3ba5524f2574dbed04","2051060603",,,,,,"24-54-97-79",3
"3e4cfe4688a44d3ba5524f2574dbed04","2051060603",,,,,,"24-54-97-79",2
"3e4cfe4688a44d3ba5524f2574dbed04","2051060603",,,,,,"24-54-97-79",1
"3e8f9d823ced4b679756834480de1eb1","4022080805",1,1,5,2018,2,"18-15-18-97",1
"3e8f9d823ced4b679756834480de1eb1","4022080805",1,1,6,2018,2,"18-15-18-97",2
"3e8f9d823ced4b679756834480de1eb1","4022080805",1,1,7,2018,2,"18-15-18-97",3
"3f1a8214f7a14ede97f67c4a18cd0f07","1225050503",1,1,6,2018,4,"78-89-98-52",1
"3f1a8214f7a14ede97f67c4a18cd0f07","1225050503",1,1,1,2019,2,"78-89-98-52",3
"3f1a8214f7a14ede97f67c4a18cd0f07","1225050503",1,1,11,2018,2,"78-89-98-52",2
"406d4f0d71384978ab447f7dd9057f40","2261040403",1,1,10,2018,2,"42-02-64-77",1
"406d4f0d71384978ab447f7dd9057f40","2261040403",1,2,8,2018,2,"42-02-64-77",3
"406d4f0d71384978ab447f7dd9057f40","2261040403",1,1,10,2018,1,"42-02-64-77",2
"40d1c6c197a14e6eadf31dfcc95a200b","4032010105",1,1,12,2018,2,"03-52-46-70",3
"40d1c6c197a14e6eadf31dfcc95a200b","4032010105",1,1,12,2018,1,"03-52-46-70",2
"40d1c6c197a14e6eadf31dfcc95a200b","4032010105",1,1,12,2018,1,"03-52-46-70",1
"421f6dc9b1b74d31bff813bbbec0946c","1083010105",1,2,2,2018,2,"86-08-76-83",1
"421f6dc9b1b74d31bff813bbbec0946c","1083010105",1,1,7,2018,2,"86-08-76-83",2
"421f6dc9b1b74d31bff813bbbec0946c","1083010105",2,,,,,"86-08-76-83",3
"48a67d1f18994ef98a5949aef015bbd4","2141131303",1,1,10,2018,2,"88-74-11-89",2
"48a67d1f18994ef98a5949aef015bbd4","2141131303",1,3,,,,"88-74-11-89",3
"48a67d1f18994ef98a5949aef015bbd4","2141131303",1,1,10,2018,2,"88-74-11-89",1
"48bea11db2944c909fda02151c5118af","2191030304",1,1,4,2018,2,"67-26-59-19",3
"48bea11db2944c909fda02151c5118af","2191030304",1,1,4,2018,2,"67-26-59-19",1
"48bea11db2944c909fda02151c5118af","2191030304",1,1,4,2018,2,"67-26-59-19",2
"4904caa625114480b7dfb1ac1090ea9d","3042040401",1,1,3,2018,3,"75-39-75-81",3
"4904caa625114480b7dfb1ac1090ea9d","3042040401",1,1,4,2018,1,"75-39-75-81",1
"4904caa625114480b7dfb1ac1090ea9d","3042040401",1,1,3,2018,2,"75-39-75-81",2
"49ac26b03a504025bc11014fb9fd07f0","1031070701",1,1,11,2018,2,"65-53-81-18",2
"49ac26b03a504025bc11014fb9fd07f0","1031070701",1,1,11,2018,2,"65-53-81-18",1
"49ac26b03a504025bc11014fb9fd07f0","1031070701",1,1,10,2018,2,"65-53-81-18",3
"4a1d00f074cc4b00918c46c988ddbe64",,,,,,,"45-42-36-18",2
"4a1d00f074cc4b00918c46c988ddbe64",,,,,,,"45-42-36-18",1
"4a1d00f074cc4b00918c46c988ddbe64",,,,,,,"45-42-36-18",3
"4ba54fb88a534722877835b1045a512d","4042070709",1,1,2,2018,2,"85-31-22-31",2
"4ba54fb88a534722877835b1045a512d","4042070709",1,1,3,2018,1,"85-31-22-31",1
"4ba54fb88a534722877835b1045a512d","4042070709",1,1,1,2018,2,"85-31-22-31",3
"4cdaf79caf624178b5eadc9be94a36aa","3141030304",1,1,3,2018,2,"35-28-58-28",1
"4cdaf79caf624178b5eadc9be94a36aa","3141030304",1,2,11,2017,3,"35-28-58-28",3
"4cdaf79caf624178b5eadc9be94a36aa","3141030304",1,1,3,2018,2,"35-28-58-28",2
"4cf59369cdf24583a27873140b200861","1122040401",,,,,,"74-16-21-77",2
"4cf59369cdf24583a27873140b200861","1122040401",,,,,,"74-16-21-77",1
"4cf59369cdf24583a27873140b200861","1122040401",,,,,,"74-16-21-77",3
"4d5ac1450c634c6ca704f0e8848cc443","1012040404",,,,,,"91-91-63-66",1
"4d5ac1450c634c6ca704f0e8848cc443","1012040404",,,,,,"91-91-63-66",2
"4d5ac1450c634c6ca704f0e8848cc443","1012040404",,,,,,"91-91-63-66",3
"4dd6d629e3ae4f8d89147cbaf0a79f8f","2231282802",1,1,4,2018,2,"00-95-07-36",3
"4dd6d629e3ae4f8d89147cbaf0a79f8f","2231282802",1,1,9,2018,1,"00-95-07-36",2
"4dd6d629e3ae4f8d89147cbaf0a79f8f","2231282802",1,1,8,2018,2,"00-95-07-36",1
"4ecbd2e7063b4921af2e0b7e0a8db0ce","3271030305",1,1,10,2018,2,"98-74-07-23",2
"4ecbd2e7063b4921af2e0b7e0a8db0ce","3271030305",1,1,9,2018,2,"98-74-07-23",3
"4ecbd2e7063b4921af2e0b7e0a8db0ce","3271030305",1,1,11,2018,1,"98-74-07-23",1
"4ece7adab00c4cf2bef7f7a13841c000","2071040404",1,1,6,2018,2,"85-33-44-23",1
"4ece7adab00c4cf2bef7f7a13841c000","2071040404",1,2,4,2017,3,"85-33-44-23",2
"4ece7adab00c4cf2bef7f7a13841c000","2071040404",1,2,4,2018,4,"85-33-44-23",3
"4fead528c43a425c8ead7ad9e02285fe","2221111101",,,,,,"36-09-12-99",3
"4fead528c43a425c8ead7ad9e02285fe","2221111101",,,,,,"36-09-12-99",2
"4fead528c43a425c8ead7ad9e02285fe","2221111101",,,,,,"36-09-12-99",1
"50915c4977d44997a241f9e364f0a753",,1,1,10,2018,2,"83-55-75-67",1
"50915c4977d44997a241f9e364f0a753",,1,1,10,2018,2,"83-55-75-67",2
"50915c4977d44997a241f9e364f0a753",,1,1,11,2018,2,"83-55-75-67",3
"511e248a967448a89f871d73acff14a4","4151141403",1,1,5,2018,1,"80-32-55-46",1
"511e248a967448a89f871d73acff14a4","4151141403",1,1,5,2018,2,"80-32-55-46",3
"511e248a967448a89f871d73acff14a4","4151141403",1,1,5,2018,1,"80-32-55-46",2
"53fd71c2301f43f8873de4f1f0eace0c","3032010105",2,,,,,"71-61-98-83",1
"53fd71c2301f43f8873de4f1f0eace0c","3032010105",1,1,3,2018,2,"71-61-98-83",2
"53fd71c2301f43f8873de4f1f0eace0c","3032010105",2,,,,,"71-61-98-83",3
"54405a9ba99d4e618e87548191c47c14","4041020202",1,1,1,2018,2,"32-71-89-73",3
"54405a9ba99d4e618e87548191c47c14","4041020202",1,1,2,2018,2,"32-71-89-73",1
"54405a9ba99d4e618e87548191c47c14","4041020202",1,1,3,2018,2,"32-71-89-73",2
"54c10aa0c5a84733aa4d36847a5906e3","3071080801",1,1,3,2018,2,"72-32-17-28",1
"54c10aa0c5a84733aa4d36847a5906e3","3071080801",1,1,3,2018,2,"72-32-17-28",2
"54c10aa0c5a84733aa4d36847a5906e3","3071080801",1,1,6,2018,4,"72-32-17-28",3
"56ad9167bff0445f93a7fbaced2e3152","1102060609",1,1,3,2018,2,"02-73-44-22",3
"56ad9167bff0445f93a7fbaced2e3152","1102060609",1,1,6,2018,2,"02-73-44-22",2
"56ad9167bff0445f93a7fbaced2e3152","1102060609",1,1,4,2018,2,"02-73-44-22",1
"56c850451863421290489c656c6356a1","4044030303",1,1,4,2018,1,"03-45-89-44",1
"56c850451863421290489c656c6356a1","4044030303",2,,,,,"03-45-89-44",3
"56c850451863421290489c656c6356a1","4044030303",1,1,6,2018,1,"03-45-89-44",2
"56d5e1c386f34ef68f31280d6a7d8f46","1173010111",1,1,12,2017,2,"41-24-08-74",1
"56d5e1c386f34ef68f31280d6a7d8f46","1173010111",1,1,12,2017,2,"41-24-08-74",3
"56d5e1c386f34ef68f31280d6a7d8f46","1173010111",1,1,2,2018,2,"41-24-08-74",2
"5781bbe35d9c4d5fa1246f3d26a59a0b","3211030305",,,,,,"77-44-13-92",1
"5781bbe35d9c4d5fa1246f3d26a59a0b","3211030305",,,,,,"77-44-13-92",2
"5781bbe35d9c4d5fa1246f3d26a59a0b","3211030305",,,,,,"77-44-13-92",3
"588cfcfc790240e98d9ca22db6683fd8","1241010103",,,,,,"81-59-88-07",1
"588cfcfc790240e98d9ca22db6683fd8","1241010103",,,,,,"81-59-88-07",2
"588cfcfc790240e98d9ca22db6683fd8","1241010103",,,,,,"81-59-88-07",3
"5b1bfa5bef2c4d529bd9d6297a3e11ec","2261020208",,,,,,"20-39-84-46",2
"5b1bfa5bef2c4d529bd9d6297a3e11ec","2261020208",,,,,,"20-39-84-46",1
"5b1bfa5bef2c4d529bd9d6297a3e11ec","2261020208",,,,,,"20-39-84-46",3
"5d98309983cf4e319ba077b1e10020fc","3221111112",1,1,5,2018,4,"22-55-33-62",3
"5d98309983cf4e319ba077b1e10020fc","3221111112",1,1,5,2018,1,"22-55-33-62",2
"5d98309983cf4e319ba077b1e10020fc","3221111112",1,1,5,2018,2,"22-55-33-62",1
"5df1b3d3aa7d4cb3b184c8ab9edf7506","3151050502",1,1,6,2018,2,"52-64-64-81",1
"5df1b3d3aa7d4cb3b184c8ab9edf7506","3151050502",1,2,4,2018,2,"52-64-64-81",2
"5df1b3d3aa7d4cb3b184c8ab9edf7506","3151050502",1,2,8,2017,4,"52-64-64-81",3
"5ec0701dd9f54f1bbe921ca9175a60d9","1112020218",,,,,,"56-80-19-40",3
"5ec0701dd9f54f1bbe921ca9175a60d9","1112020218",,,,,,"56-80-19-40",1
"5ec0701dd9f54f1bbe921ca9175a60d9","1112020218",,,,,,"56-80-19-40",2
"5f9ac4ea0e654d08b3cd6ed453de3ff1","1021040402",1,1,8,2018,2,"07-07-36-19",2
"5f9ac4ea0e654d08b3cd6ed453de3ff1","1021040402",1,2,5,2018,2,"07-07-36-19",3
"5f9ac4ea0e654d08b3cd6ed453de3ff1","1021040402",1,1,6,2018,2,"07-07-36-19",1
"5fe1acda95ad4556b6a0983a641d479a","4182020204",1,1,12,2018,1,"84-67-15-95",2
"5fe1acda95ad4556b6a0983a641d479a","4182020204",1,1,10,2018,2,"84-67-15-95",3
"5fe1acda95ad4556b6a0983a641d479a","4182020204",1,1,1,2019,1,"84-67-15-95",1
"5feb56a602554863982002d7dffa96e9","3291060606",1,2,7,2017,2,"94-06-39-74",3
"5feb56a602554863982002d7dffa96e9","3291060606",1,1,4,2018,1,"94-06-39-74",1
"5feb56a602554863982002d7dffa96e9","3291060606",1,2,11,2017,2,"94-06-39-74",2
"606dfeb842fa4339b5772cb092c00c26","3103060608",1,2,1,2016,4,"01-46-09-86",1
"606dfeb842fa4339b5772cb092c00c26","3103060608",1,2,3,2018,2,"01-46-09-86",2
"606dfeb842fa4339b5772cb092c00c26","3103060608",1,2,11,2017,4,"01-46-09-86",3
"61187e593ce849f6b0b6f20972734150","2211090905",1,3,,,,"67-70-56-85",3
"61187e593ce849f6b0b6f20972734150","2211090905",1,2,11,2017,2,"67-70-56-85",1
"61187e593ce849f6b0b6f20972734150","2211090905",1,1,3,2018,2,"67-70-56-85",2
"627c07fe24fc470f9300d75233c4b4ee","2123111101",,,,,,"58-19-91-16",1
"627c07fe24fc470f9300d75233c4b4ee","2123111101",,,,,,"58-19-91-16",3
"627c07fe24fc470f9300d75233c4b4ee","2123111101",,,,,,"58-19-91-16",2
"62c15549e2894eee9032940da84f6170","331BIBI010104",1,2,6,2017,4,"56-99-39-47",3
"62c15549e2894eee9032940da84f6170","331BIBI010104",1,1,8,2018,2,"56-99-39-47",2
"62c15549e2894eee9032940da84f6170","331BIBI010104",1,1,9,2018,2,"56-99-39-47",1
"639bf406ae23488b9674d26d841618fb","2111070708",1,2,4,2018,2,"95-66-18-46",1
"639bf406ae23488b9674d26d841618fb","2111070708",1,2,3,2018,2,"95-66-18-46",2
"639bf406ae23488b9674d26d841618fb","2111070708",1,2,9,2017,3,"95-66-18-46",3
"64a7c25789dc44988120f839b628656f",,,,,,,"31-52-69-96",3
"64a7c25789dc44988120f839b628656f",,,,,,,"31-52-69-96",1
"64a7c25789dc44988120f839b628656f",,,,,,,"31-52-69-96",2
"6504c17bdaa94ba5b08d852aa03e266d","2111050505",1,1,6,2018,2,"18-43-14-59",2
"6504c17bdaa94ba5b08d852aa03e266d","2111050505",1,1,5,2018,2,"18-43-14-59",3
"6504c17bdaa94ba5b08d852aa03e266d","2111050505",1,1,6,2018,2,"18-43-14-59",1
"67a9e20200064275ab4495b3b07aca86","2301040403",,,,,,"16-93-07-51",3
"67a9e20200064275ab4495b3b07aca86","2301040403",,,,,,"16-93-07-51",2
"67a9e20200064275ab4495b3b07aca86","2301040403",,,,,,"16-93-07-51",1
"68f903f5bf9145f88554337640a5e431","3301101002",1,1,6,2018,2,"92-26-77-38",1
"68f903f5bf9145f88554337640a5e431","3301101002",1,1,6,2018,1,"92-26-77-38",2
"68f903f5bf9145f88554337640a5e431","3301101002",2,,,,,"92-26-77-38",3
"6927081db9f440ca849fbd55ac30e9bd",,,,,,,"34-91-15-19",2
"6927081db9f440ca849fbd55ac30e9bd",,,,,,,"34-91-15-19",1
"6927081db9f440ca849fbd55ac30e9bd",,,,,,,"34-91-15-19",3
"6a0f936dcc7846d187bcff0b122213e5","1134060601",1,1,1,2019,1,"65-66-38-86",2
"6a0f936dcc7846d187bcff0b122213e5","1134060601",1,1,1,2019,1,"65-66-38-86",3
"6a0f936dcc7846d187bcff0b122213e5","1134060601",2,,,,,"65-66-38-86",1
"6a3556900ab44aeb9fe37891164e8f6a","2051070702",,,,,,"22-09-94-20",2
"6a3556900ab44aeb9fe37891164e8f6a","2051070702",,,,,,"22-09-94-20",1
"6a3556900ab44aeb9fe37891164e8f6a","2051070702",,,,,,"22-09-94-20",3
"6a981e6f28e34024b3877b143c78a411",,,,,,,"08-74-10-74",2
"6a981e6f28e34024b3877b143c78a411",,,,,,,"08-74-10-74",1
"6a981e6f28e34024b3877b143c78a411",,,,,,,"08-74-10-74",3
"6ab741446b254f54b494a75bc6c31575","3171070712",1,1,7,2018,2,"00-16-89-29",2
"6ab741446b254f54b494a75bc6c31575","3171070712",1,1,7,2018,2,"00-16-89-29",3
"6ab741446b254f54b494a75bc6c31575","3171070712",1,1,7,2018,1,"00-16-89-29",1
"6d88e79cdca94f44955a26a280ceaae8","4022070707",1,1,5,2018,1,"18-73-98-72",1
"6d88e79cdca94f44955a26a280ceaae8","4022070707",1,1,6,2018,1,"18-73-98-72",2
"6d88e79cdca94f44955a26a280ceaae8","4022070707",1,1,5,2018,2,"18-73-98-72",3
"6f717245375d48cbaee0ccc130704124","4181040401",1,1,10,2018,1,"61-26-83-13",2
"6f717245375d48cbaee0ccc130704124","4181040401",1,1,11,2018,2,"61-26-83-13",1
"6f717245375d48cbaee0ccc130704124","4181040401",2,,,,,"61-26-83-13",3
"6fdd02cc5fad4b6aaaa699355b50a2c5","1241040402",2,,,,,"64-64-66-34",1
"6fdd02cc5fad4b6aaaa699355b50a2c5","1241040402",1,1,5,2018,4,"64-64-66-34",3
"6fdd02cc5fad4b6aaaa699355b50a2c5","1241040402",1,1,4,2018,2,"64-64-66-34",2
"70b5acb304f142b291fc6b209f67a5b3","2141020206",1,2,9,2018,2,"94-18-00-85",1
"70b5acb304f142b291fc6b209f67a5b3","2141020206",1,2,9,2018,2,"94-18-00-85",2
"70b5acb304f142b291fc6b209f67a5b3","2141020206",1,3,,,,"94-18-00-85",3
"71230c66d335494aa424d7f85a36da60","3211060605",,,,,,"40-73-51-73",2
"71230c66d335494aa424d7f85a36da60","3211060605",,,,,,"40-73-51-73",3
"71230c66d335494aa424d7f85a36da60","3211060605",,,,,,"40-73-51-73",1
"7377cd30ca6540eabb25b4a9a3de369d","1021040402",,,,,,"33-62-41-35",2
"7377cd30ca6540eabb25b4a9a3de369d","1021040402",,,,,,"33-62-41-35",1
"7377cd30ca6540eabb25b4a9a3de369d","1021040402",,,,,,"33-62-41-35",3
"741a8331efc04b6b845110d8a212aec0","4081131305",1,1,3,2018,1,"23-95-21-09",1
"741a8331efc04b6b845110d8a212aec0","4081131305",1,1,1,2018,2,"23-95-21-09",3
"741a8331efc04b6b845110d8a212aec0","4081131305",1,1,3,2018,2,"23-95-21-09",2
"7557b1aecd28455e9909c6d2a923a832","2043010103",1,1,3,2018,1,"88-41-92-59",1
"7557b1aecd28455e9909c6d2a923a832","2043010103",1,1,1,2018,2,"88-41-92-59",2
"7557b1aecd28455e9909c6d2a923a832","2043010103",1,1,1,2018,2,"88-41-92-59",3
"7663bb1198824f56a0370fa6f07e858a","2151151502",1,2,6,2018,3,"30-46-55-37",1
"7663bb1198824f56a0370fa6f07e858a","2151151502",1,2,1,2018,4,"30-46-55-37",3
"7663bb1198824f56a0370fa6f07e858a","2151151502",1,1,1,2018,1,"30-46-55-37",2
"76864e14ab0a4c98a1cf17d54efe6acf","2231202004",1,1,6,2018,2,"29-03-49-45",3
"76864e14ab0a4c98a1cf17d54efe6acf","2231202004",1,1,6,2018,2,"29-03-49-45",1
"76864e14ab0a4c98a1cf17d54efe6acf","2231202004",1,2,6,2018,2,"29-03-49-45",2
"7746d7555f5844d3aa4e1b1db205baaa","4053020204",1,1,11,2018,2,"94-83-94-74",3
"7746d7555f5844d3aa4e1b1db205baaa","4053020204",1,1,11,2018,1,"94-83-94-74",1
"7746d7555f5844d3aa4e1b1db205baaa","4053020204",1,1,11,2018,1,"94-83-94-74",2
"77d8e0bb2a8d40818176e4ca7fa67bed",,,,,,,"86-28-58-60",2
"77d8e0bb2a8d40818176e4ca7fa67bed",,,,,,,"86-28-58-60",1
"77d8e0bb2a8d40818176e4ca7fa67bed",,,,,,,"86-28-58-60",3
"7858f0477c71435583949704dfdc8273","4171020202",1,1,5,2018,1,"45-08-45-12",2
"7858f0477c71435583949704dfdc8273","4171020202",1,1,4,2018,1,"45-08-45-12",1
"7858f0477c71435583949704dfdc8273","4171020202",1,1,4,2018,2,"45-08-45-12",3
"78bcb53eff2c4728a87f26ee0d5a7295","4102010106",1,1,5,2018,1,"47-71-40-92",1
"78bcb53eff2c4728a87f26ee0d5a7295","4102010106",1,1,4,2018,1,"47-71-40-92",2
"78bcb53eff2c4728a87f26ee0d5a7295","4102010106",1,1,3,2018,1,"47-71-40-92",3
"7ae3d3fc9a4344ba8bb7d8670ba0a214","1191030304",1,1,4,2018,2,"30-29-17-25",3
"7ae3d3fc9a4344ba8bb7d8670ba0a214","1191030304",1,1,6,2018,2,"30-29-17-25",1
"7ae3d3fc9a4344ba8bb7d8670ba0a214","1191030304",1,1,6,2018,2,"30-29-17-25",2
"7cbae8c05a404cca98e447173d257eb4","1021030303",,,,,,"88-94-99-21",1
"7cbae8c05a404cca98e447173d257eb4","1021030303",,,,,,"88-94-99-21",3
"7cbae8c05a404cca98e447173d257eb4","1021030303",,,,,,"88-94-99-21",2
"7cbedb93a4d54e71a77f6282ce45b604","4092030309",1,1,1,2018,2,"52-89-16-75",2
"7cbedb93a4d54e71a77f6282ce45b604","4092030309",1,1,4,2018,2,"52-89-16-75",3
"7cbedb93a4d54e71a77f6282ce45b604","4092030309",1,2,6,2017,2,"52-89-16-75",1
"7ce87defa03b47d28ca7a85807a835eb","4114020204",1,1,4,2018,2,"19-39-69-85",1
"7ce87defa03b47d28ca7a85807a835eb","4114020204",1,1,1,2018,2,"19-39-69-85",3
"7ce87defa03b47d28ca7a85807a835eb","4114020204",1,1,3,2018,2,"19-39-69-85",2
"7d81ff7c7b1f45f682a2f778de1129d3",,,,,,,"65-64-33-71",1
"7d81ff7c7b1f45f682a2f778de1129d3",,,,,,,"65-64-33-71",2
"7d81ff7c7b1f45f682a2f778de1129d3",,,,,,,"65-64-33-71",3
"7dfe77c10a6d423da8b1fe1af366ff1a","1131131304",1,1,7,2018,2,"97-27-45-82",3
"7dfe77c10a6d423da8b1fe1af366ff1a","1131131304",1,1,7,2018,2,"97-27-45-82",2
"7dfe77c10a6d423da8b1fe1af366ff1a","1131131304",1,1,6,2018,1,"97-27-45-82",1
"7e25926b2a7440e69f203158d6092c89",,1,1,8,2018,2,"55-30-97-28",3
"7e25926b2a7440e69f203158d6092c89",,1,2,5,2018,2,"55-30-97-28",1
"7e25926b2a7440e69f203158d6092c89",,1,1,6,2018,2,"55-30-97-28",2
"811f0969148848799fdeb81412c961b7","4053010109",,,,,,"75-75-86-64",2
"811f0969148848799fdeb81412c961b7","4053010109",,,,,,"75-75-86-64",3
"811f0969148848799fdeb81412c961b7","4053010109",,,,,,"75-75-86-64",1
"819574132d744fb58ef76356982dab3e","4281111105",,,,,,"97-06-48-22",1
"819574132d744fb58ef76356982dab3e","4281111105",,,,,,"97-06-48-22",3
"819574132d744fb58ef76356982dab3e","4281111105",,,,,,"97-06-48-22",2
"819dc7fb58f3487c92ce386410f0e484","2251141426",1,3,,,,"72-95-56-08",1
"819dc7fb58f3487c92ce386410f0e484","2251141426",1,1,5,2018,1,"72-95-56-08",2
"819dc7fb58f3487c92ce386410f0e484","2251141426",1,1,3,2018,2,"72-95-56-08",3
"8240331915e74700903cd16936938273","1021030304",,,,,,"87-78-16-27",3
"8240331915e74700903cd16936938273","1021030304",,,,,,"87-78-16-27",2
"8240331915e74700903cd16936938273","1021030304",,,,,,"87-78-16-27",1
"82a63311f1c84741bfd4b8e903e89fa4",,1,1,9,2018,2,"16-96-21-37",1
"82a63311f1c84741bfd4b8e903e89fa4",,1,1,11,2018,2,"16-96-21-37",3
"82a63311f1c84741bfd4b8e903e89fa4",,1,1,9,2018,2,"16-96-21-37",2
"8513e8bd23c14fd198c0e28c57e978fb","3301070701",1,1,3,2018,2,"95-91-78-39",1
"8513e8bd23c14fd198c0e28c57e978fb","3301070701",1,1,6,2018,1,"95-91-78-39",3
"8513e8bd23c14fd198c0e28c57e978fb","3301070701",1,1,6,2018,1,"95-91-78-39",2
"856d1989c4994c0bb213bd69b1cc4e28","4171090902",1,1,5,2018,1,"07-11-57-90",2
"856d1989c4994c0bb213bd69b1cc4e28","4171090902",1,1,5,2018,2,"07-11-57-90",3
"856d1989c4994c0bb213bd69b1cc4e28","4171090902",1,1,2,2018,2,"07-11-57-90",1
"85d0e9e0a4f1496aaf118e34270048e6","1072020201",,,,,,"47-45-18-73",2
"85d0e9e0a4f1496aaf118e34270048e6","1072020201",,,,,,"47-45-18-73",3
"85d0e9e0a4f1496aaf118e34270048e6","1072020201",,,,,,"47-45-18-73",1
"86105861a94a405a9af8478fdf715f04","1136040402",,,,,,"80-98-40-63",3
"86105861a94a405a9af8478fdf715f04","1136040402",,,,,,"80-98-40-63",2
"86105861a94a405a9af8478fdf715f04","1136040402",,,,,,"80-98-40-63",1
"87888fff4c0c45d49f76bf7f930652a3","1021030344",,,,,,"88-86-92-84",3
"87888fff4c0c45d49f76bf7f930652a3","1021030344",,,,,,"88-86-92-84",1
"87888fff4c0c45d49f76bf7f930652a3","1021030344",,,,,,"88-86-92-84",2
"8873c7ea649641a9aa484ff5a2071ce5","2121040406",1,1,4,2018,3,"68-41-72-67",3
"8873c7ea649641a9aa484ff5a2071ce5","2121040406",1,1,4,2018,1,"68-41-72-67",2
"8873c7ea649641a9aa484ff5a2071ce5","2121040406",1,1,2,2018,2,"68-41-72-67",1
"8a25746d91fd4a71903d25321bf21f4b",,1,1,12,2017,3,"32-79-51-40",2
"8a25746d91fd4a71903d25321bf21f4b",,1,1,3,2018,2,"32-79-51-40",1
"8a25746d91fd4a71903d25321bf21f4b",,2,,,,,"32-79-51-40",3
"8a796de4a4744d1896966983749b62ce","4201070703",1,1,12,2018,2,"35-92-49-53",2
"8a796de4a4744d1896966983749b62ce","4201070703",1,1,1,2019,1,"35-92-49-53",1
"8a796de4a4744d1896966983749b62ce","4201070703",1,1,1,2019,2,"35-92-49-53",3
"8cce422c32fb487db7f64fc57ab28ea3","1102030301",1,1,6,2018,2,"33-86-34-01",1
"8cce422c32fb487db7f64fc57ab28ea3","1102030301",1,1,2,2018,2,"33-86-34-01",3
"8cce422c32fb487db7f64fc57ab28ea3","1102030301",1,1,4,2018,2,"33-86-34-01",2
"8d6c882303774a69b457c672b327bb4b",,2,,,,,"13-27-67-54",2
"8d6c882303774a69b457c672b327bb4b",,2,,,,,"13-27-67-54",3
"8d6c882303774a69b457c672b327bb4b",,1,2,6,2018,4,"13-27-67-54",1
"8e0674510f124c79adff16fa72a15dbf","2211090903",1,1,2,2018,2,"59-49-37-12",1
"8e0674510f124c79adff16fa72a15dbf","2211090903",1,1,4,2018,1,"59-49-37-12",3
"8e0674510f124c79adff16fa72a15dbf","2211090903",1,1,3,2018,2,"59-49-37-12",2
"8e2224a0b6494414a93947f05e8d132e","4081010106",,,,,,"19-59-74-37",3
"8e2224a0b6494414a93947f05e8d132e","4081010106",,,,,,"19-59-74-37",1
"8e2224a0b6494414a93947f05e8d132e","4081010106",,,,,,"19-59-74-37",2
"8ef78b7b0f7147e0ac63d91538fa815c","3034040402",1,1,3,2018,2,"63-03-43-30",3
"8ef78b7b0f7147e0ac63d91538fa815c","3034040402",1,1,3,2018,1,"63-03-43-30",2
"8ef78b7b0f7147e0ac63d91538fa815c","3034040402",2,,,,,"63-03-43-30",1
"8f4c7489123f4036974cc7f574debbac","3231060609",1,1,6,2018,2,"60-97-61-88",3
"8f4c7489123f4036974cc7f574debbac","3231060609",1,1,8,2017,2,"60-97-61-88",1
"8f4c7489123f4036974cc7f574debbac","3231060609",1,1,8,2018,2,"60-97-61-88",2
"8f4e78e6dc8746289651442eb40f7d6d","1221060618",1,1,3,2018,2,"43-33-76-18",1
"8f4e78e6dc8746289651442eb40f7d6d","1221060618",1,1,6,2018,2,"43-33-76-18",2
"8f4e78e6dc8746289651442eb40f7d6d","1221060618",1,1,3,2018,2,"43-33-76-18",3
"8f6eac2d77894b3f8ba983cdb145dfa6","1021050532",1,1,9,2018,1,"22-52-74-75",1
"8f6eac2d77894b3f8ba983cdb145dfa6","1021050532",1,1,9,2018,2,"22-52-74-75",3
"8f6eac2d77894b3f8ba983cdb145dfa6","1021050532",1,1,8,2018,1,"22-52-74-75",2
"8fc56ed20a424d2fac2361dd0f33e3ea","2151202008",1,1,8,2018,2,"04-35-73-80",1
"8fc56ed20a424d2fac2361dd0f33e3ea","2151202008",1,1,8,2018,2,"04-35-73-80",3
"8fc56ed20a424d2fac2361dd0f33e3ea","2151202008",1,1,9,2018,2,"04-35-73-80",2
"8fc986ddd794404797432dfcdde4cbd3","1103060602",,,,,,"85-17-19-95",3
"8fc986ddd794404797432dfcdde4cbd3","1103060602",,,,,,"85-17-19-95",2
"8fc986ddd794404797432dfcdde4cbd3","1103060602",,,,,,"85-17-19-95",1
"91a39a9bf8bb4ad68964d8dc19ba3253","1152050505",1,1,2,2017,2,"20-43-32-61",2
"91a39a9bf8bb4ad68964d8dc19ba3253","1152050505",1,1,2,2018,2,"20-43-32-61",1
"91a39a9bf8bb4ad68964d8dc19ba3253","1152050505",1,1,2,2017,2,"20-43-32-61",3
"92bc05e40dff4e818160d4bc3bd31eee","3131040412",1,1,3,2018,2,"35-98-52-71",2
"92bc05e40dff4e818160d4bc3bd31eee","3131040412",1,1,1,2018,2,"35-98-52-71",3
"92bc05e40dff4e818160d4bc3bd31eee","3131040412",1,1,2,2018,2,"35-98-52-71",1
"93f32e4649e8452181fa4f17e75cbf30","2041020205",1,1,1,2019,2,"22-63-38-40",1
"93f32e4649e8452181fa4f17e75cbf30","2041020205",1,1,12,2018,1,"22-63-38-40",3
"93f32e4649e8452181fa4f17e75cbf30","2041020205",1,1,12,2018,2,"22-63-38-40",2
"96087df97f6b4e1c8a0ec6aab97ffc23","3052020202",,,,,,"18-33-14-59",3
"96087df97f6b4e1c8a0ec6aab97ffc23","3052020202",,,,,,"18-33-14-59",1
"96087df97f6b4e1c8a0ec6aab97ffc23","3052020202",,,,,,"18-33-14-59",2
"9693819c6c25424e8079d7bd5a399e59","4272020202",1,2,2,2018,2,"92-06-84-13",1
"9693819c6c25424e8079d7bd5a399e59","4272020202",2,,,,,"92-06-84-13",3
"9693819c6c25424e8079d7bd5a399e59","4272020202",1,1,5,2018,1,"92-06-84-13",2
"97ae00424b064a76ab02f3474665cca3","2043010102",1,1,1,2018,2,"93-57-84-53",3
"97ae00424b064a76ab02f3474665cca3","2043010102",1,1,5,2018,2,"93-57-84-53",2
"97ae00424b064a76ab02f3474665cca3","2043010102",1,1,5,2018,1,"93-57-84-53",1
"97eeb4f2eae84dfc85e15d277e751cfb","3171010102",1,1,4,2018,2,"00-36-74-14",1
"97eeb4f2eae84dfc85e15d277e751cfb","3171010102",1,1,2,2018,2,"00-36-74-14",2
"97eeb4f2eae84dfc85e15d277e751cfb","3171010102",1,2,6,2017,4,"00-36-74-14",3
"989ebf98f43b4297beef92b24367e4c8","4151060612",1,1,10,2018,2,"30-99-66-58",2
"989ebf98f43b4297beef92b24367e4c8","4151060612",1,1,1,2019,1,"30-99-66-58",1
"989ebf98f43b4297beef92b24367e4c8","4151060612",1,1,12,2018,3,"30-99-66-58",3
"9a2a6af2f9924430b9a0cc47327b661f","1021030312",,,,,,"09-71-54-71",2
"9a2a6af2f9924430b9a0cc47327b661f","1021030312",,,,,,"09-71-54-71",3
"9a2a6af2f9924430b9a0cc47327b661f","1021030312",,,,,,"09-71-54-71",1
"9c9917e6e1554969a1d66ac128e8d541","1171040404",,,,,,"22-11-58-99",1
"9c9917e6e1554969a1d66ac128e8d541","1171040404",,,,,,"22-11-58-99",2
"9c9917e6e1554969a1d66ac128e8d541","1171040404",,,,,,"22-11-58-99",3
"9cb352e8b3464891a8e56c9682e6e772","2231262615",1,1,5,2018,1,"06-94-60-69",2
"9cb352e8b3464891a8e56c9682e6e772","2231262615",1,1,4,2018,2,"06-94-60-69",1
"9cb352e8b3464891a8e56c9682e6e772","2231262615",1,1,4,2018,2,"06-94-60-69",3
"9da07074406c46e68f1ad5e7813e373b","3021010115",1,1,2,2018,1,"12-56-84-63",1
"9da07074406c46e68f1ad5e7813e373b","3021010115",1,1,4,2018,1,"12-56-84-63",2
"9da07074406c46e68f1ad5e7813e373b","3021010115",1,2,11,2017,4,"12-56-84-63",3
"9eec20fc44d14b1485a5b54407494313","1061060602",,,,,,"30-88-55-94",3
"9eec20fc44d14b1485a5b54407494313","1061060602",,,,,,"30-88-55-94",1
"9eec20fc44d14b1485a5b54407494313","1061060602",,,,,,"30-88-55-94",2
"a0b8bff5458e45b08b17f5b96f939cfb","4081020204",1,1,3,2018,1,"55-27-58-19",1
"a0b8bff5458e45b08b17f5b96f939cfb","4081020204",1,1,2,2018,1,"55-27-58-19",3
"a0b8bff5458e45b08b17f5b96f939cfb","4081020204",1,1,2,2018,1,"55-27-58-19",2
"a28038d2ed0047b28fc0ac652e00429b","4102010107",1,1,9,2018,1,"20-49-68-89",2
"a28038d2ed0047b28fc0ac652e00429b","4102010107",1,1,10,2018,1,"20-49-68-89",1
"a28038d2ed0047b28fc0ac652e00429b","4102010107",1,1,9,2018,2,"20-49-68-89",3
"a2b201c029f84e18ae079b30d287184d","4114030308",1,1,2,2018,2,"41-07-98-38",2
"a2b201c029f84e18ae079b30d287184d","4114030308",2,,,,,"41-07-98-38",3
"a2b201c029f84e18ae079b30d287184d","4114030308",1,1,4,2018,2,"41-07-98-38",1
"a33b5f5221a14a80bfed99a205524fe7","3201080801",1,1,5,2018,2,"48-26-89-12",1
"a33b5f5221a14a80bfed99a205524fe7","3201080801",1,1,5,2018,3,"48-26-89-12",3
"a33b5f5221a14a80bfed99a205524fe7","3201080801",1,1,4,2018,2,"48-26-89-12",2
"a3968f62607b402a85a551fab137e191","4281060619",,,,,,"07-23-18-10",3
"a3968f62607b402a85a551fab137e191","4281060619",,,,,,"07-23-18-10",1
"a3968f62607b402a85a551fab137e191","4281060619",,,,,,"07-23-18-10",2
"a3e0e5b0bb6045dbb836bcae2ae555c5","4121030305",1,1,11,2017,3,"26-48-88-55",1
"a3e0e5b0bb6045dbb836bcae2ae555c5","4121030305",1,1,9,2017,3,"26-48-88-55",2
"a3e0e5b0bb6045dbb836bcae2ae555c5","4121030305",2,,,,,"26-48-88-55",3
"a3e421e5c8924b2ebd4c84e7ab0538a4","3221111112",1,1,5,2018,2,"98-67-40-59",1
"a3e421e5c8924b2ebd4c84e7ab0538a4","3221111112",1,1,5,2018,4,"98-67-40-59",3
"a3e421e5c8924b2ebd4c84e7ab0538a4","3221111112",1,1,5,2018,1,"98-67-40-59",2
"a633fb014edd4a55953902a674518e63","1021010102",,,,,,"82-74-17-32",1
"a633fb014edd4a55953902a674518e63","1021010102",,,,,,"82-74-17-32",3
"a633fb014edd4a55953902a674518e63","1021010102",,,,,,"82-74-17-32",2
"a63fa436b8c141679c0885b968ae1d73","2123050504",1,1,1,2019,2,"83-94-15-57",2
"a63fa436b8c141679c0885b968ae1d73","2123050504",1,1,1,2019,2,"83-94-15-57",3
"a63fa436b8c141679c0885b968ae1d73","2123050504",1,1,12,2018,1,"83-94-15-57",1
"a835522691ae4b52a5e2902750d571d5","3042040405",1,1,10,2018,2,"85-90-80-90",1
"a835522691ae4b52a5e2902750d571d5","3042040405",1,3,,,,"85-90-80-90",3
"a835522691ae4b52a5e2902750d571d5","3042040405",1,1,10,2818,2,"85-90-80-90",2
"a8fe82d0ebbd444d98af07dc137b4e07","2121050507",1,1,6,2018,1,"82-09-93-64",1
"a8fe82d0ebbd444d98af07dc137b4e07","2121050507",1,1,6,2018,3,"82-09-93-64",3
"a8fe82d0ebbd444d98af07dc137b4e07","2121050507",1,1,4,2018,2,"82-09-93-64",2
"a9b4f7035d6e4a3b9f8176902c619b5b","1112020203",,,,,,"80-49-13-36",3
"a9b4f7035d6e4a3b9f8176902c619b5b","1112020203",,,,,,"80-49-13-36",1
"a9b4f7035d6e4a3b9f8176902c619b5b","1112020203",,,,,,"80-49-13-36",2
"ab0749b99f874a8a9ad0e218c7070e41","4231101006",,,,,,"23-06-00-01",1
"ab0749b99f874a8a9ad0e218c7070e41","4231101006",,,,,,"23-06-00-01",3
"ab0749b99f874a8a9ad0e218c7070e41","4231101006",,,,,,"23-06-00-01",2
"ab0e78b5778048bf9a70403cd622a4ff","3034040404",1,1,3,2018,1,"77-78-65-13",2
"ab0e78b5778048bf9a70403cd622a4ff","3034040404",2,,,,,"77-78-65-13",1
"ab0e78b5778048bf9a70403cd622a4ff","3034040404",1,1,3,2018,2,"77-78-65-13",3
"ab459ff868574eccbf2972ff990e7bf9","3201020206",1,1,4,2018,3,"22-22-00-56",3
"ab459ff868574eccbf2972ff990e7bf9","3201020206",1,1,4,2018,2,"22-22-00-56",1
"ab459ff868574eccbf2972ff990e7bf9","3201020206",1,1,4,2018,2,"22-22-00-56",2
"ab713365c71c4bb89d206b8093278f1c","3035030311",2,,,,,"72-50-87-06",3
"ab713365c71c4bb89d206b8093278f1c","3035030311",1,2,5,2017,4,"72-50-87-06",2
"ab713365c71c4bb89d206b8093278f1c","3035030311",1,2,3,2017,4,"72-50-87-06",1
"ac28a7c8f3e745efb2801d1e3304e9a3",,,,,,,"13-11-99-45",1
"ac28a7c8f3e745efb2801d1e3304e9a3",,,,,,,"13-11-99-45",3
"ac28a7c8f3e745efb2801d1e3304e9a3",,,,,,,"13-11-99-45",2
"aca7e45fe9774f0781f5651e408038e6","3181030304",1,2,10,2017,4,"74-93-61-60",1
"aca7e45fe9774f0781f5651e408038e6","3181030304",1,3,,,,"74-93-61-60",3
"aca7e45fe9774f0781f5651e408038e6","3181030304",1,1,3,2018,2,"74-93-61-60",2
"ae56e2c944ce4a368290a335d0d2a43b","3032020206",1,1,4,2018,2,"24-59-00-53",2
"ae56e2c944ce4a368290a335d0d2a43b","3032020206",1,1,4,2018,2,"24-59-00-53",1
"ae56e2c944ce4a368290a335d0d2a43b","3032020206",1,1,4,2018,2,"24-59-00-53",3
"ae7bb6fd7ff54143ae6ee473fdcc7afc","1121020202",1,1,7,2018,2,"76-04-95-30",1
"ae7bb6fd7ff54143ae6ee473fdcc7afc","1121020202",1,1,7,2018,2,"76-04-95-30",2
"ae7bb6fd7ff54143ae6ee473fdcc7afc","1121020202",1,1,6,2018,2,"76-04-95-30",3
"aed4071826f04462a59bfabca5d2ca06","1074020202",,,,,,"35-51-00-88",1
"aed4071826f04462a59bfabca5d2ca06","1074020202",,,,,,"35-51-00-88",3
"aed4071826f04462a59bfabca5d2ca06","1074020202",,,,,,"35-51-00-88",2
"af8d7a4a02504bb7821e271ac62d45fd","1081060609",1,1,7,2018,2,"24-46-40-79",2
"af8d7a4a02504bb7821e271ac62d45fd","1081060609",1,1,8,2018,3,"24-46-40-79",3
"af8d7a4a02504bb7821e271ac62d45fd","1081060609",1,2,5,2017,4,"24-46-40-79",1
"afa09473cbcc44dfbe78de562eaa298f","3062010101",1,1,4,2018,2,"25-20-92-54",2
"afa09473cbcc44dfbe78de562eaa298f","3062010101",1,1,4,2018,2,"25-20-92-54",3
"afa09473cbcc44dfbe78de562eaa298f","3062010101",1,3,,,,"25-20-92-54",1
"b01c536bdb1a45b898dab000df0f3267","1133010104",,,,,,"13-55-77-20",3
"b01c536bdb1a45b898dab000df0f3267","1133010104",,,,,,"13-55-77-20",2
"b01c536bdb1a45b898dab000df0f3267","1133010104",,,,,,"13-55-77-20",1
"b0f9243778a344a8a72fc524a6863f9a","1021030306",,,,,,"80-63-59-73",3
"b0f9243778a344a8a72fc524a6863f9a","1021030306",,,,,,"80-63-59-73",2
"b0f9243778a344a8a72fc524a6863f9a","1021030306",,,,,,"80-63-59-73",1
"b1884aea03a844029e86334683703b09","2081020202",1,1,4,2018,2,"47-97-04-43",2
"b1884aea03a844029e86334683703b09","2081020202",1,2,1,2018,3,"47-97-04-43",3
"b1884aea03a844029e86334683703b09","2081020202",1,1,5,2018,1,"47-97-04-43",1
"b1abb00b1ee043ffa3c18766a7d63142",,,,,,,"53-55-20-69",3
"b1abb00b1ee043ffa3c18766a7d63142",,,,,,,"53-55-20-69",1
"b1abb00b1ee043ffa3c18766a7d63142",,,,,,,"53-55-20-69",2
"b20b2988cc4140df81890d31bb284697","1083010101",,,,,,"80-00-26-34",3
"b20b2988cc4140df81890d31bb284697","1083010101",,,,,,"80-00-26-34",1
"b20b2988cc4140df81890d31bb284697","1083010101",,,,,,"80-00-26-34",2
"b21b3ee4c5394287abdaa88134b11078","11520.0.01",2,,,,,"72-13-08-02",3
"b21b3ee4c5394287abdaa88134b11078","11520.0.01",1,1,11,2018,1,"72-13-08-02",1
"b21b3ee4c5394287abdaa88134b11078","11520.0.01",1,1,11,2018,2,"72-13-08-02",2
"b289994ae63440efbf4bd086457f67c8","1073050502",1,1,9,2018,2,"36-87-56-87",1
"b289994ae63440efbf4bd086457f67c8","1073050502",2,,,,,"36-87-56-87",3
"b289994ae63440efbf4bd086457f67c8","1073050502",1,1,10,2018,2,"36-87-56-87",2
"b32dc85cbfb145db9b0787c8bdf3b7d0","3071080802",1,1,1,2018,1,"89-20-72-11",2
"b32dc85cbfb145db9b0787c8bdf3b7d0","3071080802",1,1,2,2018,2,"89-20-72-11",3
"b32dc85cbfb145db9b0787c8bdf3b7d0","3071080802",1,1,2,2018,2,"89-20-72-11",1
"b389c239719a4796854b290e12631dbb","3181070701",1,3,,,,"81-20-77-29",3
"b389c239719a4796854b290e12631dbb","3181070701",1,2,1,2018,2,"81-20-77-29",2
"b389c239719a4796854b290e12631dbb","3181070701",1,2,1,2018,2,"81-20-77-29",1
"b6c40689d08f41cfbcd481e1deb14577","1111020205",1,1,5,2018,2,"81-61-50-13",2
"b6c40689d08f41cfbcd481e1deb14577","1111020205",1,1,6,2018,2,"81-61-50-13",1
"b6c40689d08f41cfbcd481e1deb14577","1111020205",2,,,,,"81-61-50-13",3
"b8dcc618f4c342b3aee3d0ff6ce21e8f",,,,,,,"71-01-18-75",3
"b8dcc618f4c342b3aee3d0ff6ce21e8f",,,,,,,"71-01-18-75",2
"b8dcc618f4c342b3aee3d0ff6ce21e8f",,,,,,,"71-01-18-75",1
"b92650e55fb14845840d3f164fba1491","2301090905",,,,,,"54-78-39-35",1
"b92650e55fb14845840d3f164fba1491","2301090905",,,,,,"54-78-39-35",3
"b92650e55fb14845840d3f164fba1491","2301090905",,,,,,"54-78-39-35",2
"b959c6a261f04e80967f5261a5095c64","1151040404",1,1,2,2010,2,"37-30-82-94",2
"b959c6a261f04e80967f5261a5095c64","1151040404",1,1,12,2017,4,"37-30-82-94",3
"b959c6a261f04e80967f5261a5095c64","1151040404",1,1,1,2018,2,"37-30-82-94",1
"baa361cd94c74ceb900b4fe3cabbdbba","2191030302",1,1,4,2018,2,"42-83-16-09",3
"baa361cd94c74ceb900b4fe3cabbdbba","2191030302",1,1,5,2018,1,"42-83-16-09",2
"baa361cd94c74ceb900b4fe3cabbdbba","2191030302",1,1,4,2018,2,"42-83-16-09",1
"bc01a17fd5d245e2a35d78b99bb04187","4182090902",1,1,11,2018,1,"59-24-40-04",1
"bc01a17fd5d245e2a35d78b99bb04187","4182090902",1,1,9,2018,2,"59-24-40-04",3
"bc01a17fd5d245e2a35d78b99bb04187","4182090902",1,1,10,2018,1,"59-24-40-04",2
"bc2bf51e178c42e1bc7de3ade20338d5","1061010102",,,,,,"37-77-55-14",3
"bc2bf51e178c42e1bc7de3ade20338d5","1061010102",,,,,,"37-77-55-14",1
"bc2bf51e178c42e1bc7de3ade20338d5","1061010102",,,,,,"37-77-55-14",2
"be03e0b731204737a2e4f7e0d2030d21","4052111110",1,2,2,2018,2,"28-28-90-63",3
"be03e0b731204737a2e4f7e0d2030d21","4052111110",1,1,11,2018,1,"28-28-90-63",2
"be03e0b731204737a2e4f7e0d2030d21","4052111110",1,1,12,2018,1,"28-28-90-63",1
"bea4b4b78acc42a6a591220eff1ca34e","3022010108",1,1,5,2018,2,"14-85-95-70",1
"bea4b4b78acc42a6a591220eff1ca34e","3022010108",1,1,5,2018,2,"14-85-95-70",2
"bea4b4b78acc42a6a591220eff1ca34e","3022010108",1,2,11,2017,4,"14-85-95-70",3
"bedf52b414be4498a687aa04f00db6bf","1021020205",1,1,9,2018,1,"91-10-01-18",1
"bedf52b414be4498a687aa04f00db6bf","1021020205",1,1,9,2018,2,"91-10-01-18",3
"bedf52b414be4498a687aa04f00db6bf","1021020205",1,1,8,2018,1,"91-10-01-18",2
"bfaec23e25e948f2b4be3e00fb79e2ba","1021030309",,,,,,"90-46-30-94",1
"bfaec23e25e948f2b4be3e00fb79e2ba","1021030309",,,,,,"90-46-30-94",2
"bfaec23e25e948f2b4be3e00fb79e2ba","1021030309",,,,,,"90-46-30-94",3
"c05e5755364f4c9eb48addd0418e8f5d","4112030302",1,1,6,2018,2,"88-67-72-87",3
"c05e5755364f4c9eb48addd0418e8f5d","4112030302",1,1,7,2018,1,"88-67-72-87",2
"c05e5755364f4c9eb48addd0418e8f5d","4112030302",2,,,,,"88-67-72-87",1
"c0cdc564be864ac698cba75135459a5e","1121020202",1,1,7,2018,2,"21-18-44-50",1
"c0cdc564be864ac698cba75135459a5e","1121020202",1,1,7,2018,2,"21-18-44-50",2
"c0cdc564be864ac698cba75135459a5e","1121020202",1,1,6,2018,2,"21-18-44-50",3
"c1185221c2d343bb88b3ec950686798c","3022040405",1,1,6,2018,1,"05-72-66-37",2
"c1185221c2d343bb88b3ec950686798c","3022040405",1,1,5,2018,3,"05-72-66-37",3
"c1185221c2d343bb88b3ec950686798c","3022040405",1,1,6,2018,1,"05-72-66-37",1
"c1b998e93a934a8cb45545fc66b93d36","2321010106",1,1,5,2018,2,"96-93-21-70",1
"c1b998e93a934a8cb45545fc66b93d36","2321010106",1,1,4,2018,2,"96-93-21-70",3
"c1b998e93a934a8cb45545fc66b93d36","2321010106",1,1,5,2018,2,"96-93-21-70",2
"c1befc6653a84ef68640bc9923760c39",,1,,,,,"09-41-83-25",3
"c1befc6653a84ef68640bc9923760c39",,1,2,8,2018,,"09-41-83-25",1
"c1befc6653a84ef68640bc9923760c39",,1,,,,,"09-41-83-25",2
"c1dbf4334e904dc1b6b93391efe6de15","1161020201",1,1,3,2018,2,"08-27-94-74",2
"c1dbf4334e904dc1b6b93391efe6de15","1161020201",1,1,3,2018,2,"08-27-94-74",3
"c1dbf4334e904dc1b6b93391efe6de15","1161020201",1,1,3,2018,2,"08-27-94-74",1
"c417d5092fa04356addbe1ab9f6c471d","3251070703",1,2,1,2018,3,"96-05-76-94",3
"c417d5092fa04356addbe1ab9f6c471d","3251070703",1,2,4,2018,3,"96-05-76-94",2
"c417d5092fa04356addbe1ab9f6c471d","3251070703",1,1,7,2018,2,"96-05-76-94",1
"c441996b11764b4a9b89ffa9e072e594","3251030301",1,2,4,2018,3,"33-46-89-47",2
"c441996b11764b4a9b89ffa9e072e594","3251030301",1,2,1,2018,3,"33-46-89-47",3
"c441996b11764b4a9b89ffa9e072e594","3251030301",1,1,7,2018,2,"33-46-89-47",1
"c5a736b38a4843b68ddf780785c9403e","3221080806",1,1,4,2018,2,"86-65-40-94",2
"c5a736b38a4843b68ddf780785c9403e","3221080806",1,2,9,2017,2,"86-65-40-94",3
"c5a736b38a4843b68ddf780785c9403e","3221080806",2,,,,,"86-65-40-94",1
"c63d7a3af8c74ccca231ecfa5dffb50b","4151151507",1,2,7,2018,2,"40-59-35-84",3
"c63d7a3af8c74ccca231ecfa5dffb50b","4151151507",2,,,,,"40-59-35-84",1
"c63d7a3af8c74ccca231ecfa5dffb50b","4151151507",1,1,11,2018,1,"40-59-35-84",2
"cb6f1ca5c1d84fe4be8e6d65f1ecb6ee","2012030303",1,1,12,2018,2,"41-29-42-22",3
"cb6f1ca5c1d84fe4be8e6d65f1ecb6ee","2012030303",1,1,1,2019,2,"41-29-42-22",2
"cb6f1ca5c1d84fe4be8e6d65f1ecb6ee","2012030303",1,1,12,2018,2,"41-29-42-22",1
"cc21c380258748b09434448dd3cd19d6","4031050502",1,1,10,2018,1,"20-19-89-31",2
"cc21c380258748b09434448dd3cd19d6","4031050502",1,1,10,2018,2,"20-19-89-31",1
"cc21c380258748b09434448dd3cd19d6","4031050502",1,1,8,2018,2,"20-19-89-31",3
"cc5224ac26434558b1870292cd790c14","4171030307",2,,,,,"16-74-30-99",1
"cc5224ac26434558b1870292cd790c14","4171030307",1,1,4,2018,1,"16-74-30-99",2
"cc5224ac26434558b1870292cd790c14","4171030307",1,1,4,2018,1,"16-74-30-99",3
"cc67d6bf9be34858953f0195bb61efdc","3035040405",1,,,,,"53-89-11-68",1
"cc67d6bf9be34858953f0195bb61efdc","3035040405",1,2,11,2017,2,"53-89-11-68",2
"cc67d6bf9be34858953f0195bb61efdc","3035040405",1,2,5,2017,4,"53-89-11-68",3
"cd53be65dbb54ae58e54c8e2e8876a98","3103060609",2,,,,,"66-28-67-92",3
"cd53be65dbb54ae58e54c8e2e8876a98","3103060609",1,2,1,2016,4,"66-28-67-92",1
"cd53be65dbb54ae58e54c8e2e8876a98","3103060609",1,1,8,2018,2,"66-28-67-92",2
"cda502a2bc2f4dcb81105822378261d2","2291040410",,,,,,"93-24-80-62",1
"cda502a2bc2f4dcb81105822378261d2","2291040410",,,,,,"93-24-80-62",3
"cda502a2bc2f4dcb81105822378261d2","2291040410",,,,,,"93-24-80-62",2
"cdda605e7bf84e2998e7dc1b3f9fc012","4221020201",1,1,9,2018,1,"18-69-48-95",2
"cdda605e7bf84e2998e7dc1b3f9fc012","4221020201",1,1,10,2018,1,"18-69-48-95",1
"cdda605e7bf84e2998e7dc1b3f9fc012","4221020201",1,1,11,2018,2,"18-69-48-95",3
"ce09e57177af41adadea55b1118f29be","2231080806",1,1,4,2018,2,"41-30-97-75",3
"ce09e57177af41adadea55b1118f29be","2231080806",1,1,8,2018,2,"41-30-97-75",1
"ce09e57177af41adadea55b1118f29be","2231080806",1,1,9,2018,1,"41-30-97-75",2
"cecbc69db6044c88b541853782f11ff2","3034020208",1,2,4,2017,3,"59-65-12-85",1
"cecbc69db6044c88b541853782f11ff2","3034020208",1,1,3,2018,2,"59-65-12-85",2
"cecbc69db6044c88b541853782f11ff2","3034020208",2,,,,,"59-65-12-85",3
"cff36b0b20f648be8341cd074068c657","1131131302",,,,,,"80-81-10-28",2
"cff36b0b20f648be8341cd074068c657","1131131302",,,,,,"80-81-10-28",1
"cff36b0b20f648be8341cd074068c657","1131131302",,,,,,"80-81-10-28",3
"d0cdf3d489a641c0a3e23bb1fb1adcfc","2281020204",1,1,6,2018,1,"65-23-15-88",2
"d0cdf3d489a641c0a3e23bb1fb1adcfc","2281020204",1,1,5,2018,1,"65-23-15-88",3
"d0cdf3d489a641c0a3e23bb1fb1adcfc","2281020204",1,2,4,2018,2,"65-23-15-88",1
"d132b4d495064853b88b9de098d24ae1","2122020201",1,1,5,2018,2,"31-65-28-65",1
"d132b4d495064853b88b9de098d24ae1","2122020201",1,2,3,2018,3,"31-65-28-65",2
"d132b4d495064853b88b9de098d24ae1","2122020201",1,1,5,2018,2,"31-65-28-65",3
"d27f68aecc4d4350baef7ba84d39d9f0","1131050531",,,,,,"59-18-11-47",1
"d27f68aecc4d4350baef7ba84d39d9f0","1131050531",,,,,,"59-18-11-47",3
"d27f68aecc4d4350baef7ba84d39d9f0","1131050531",,,,,,"59-18-11-47",2
"d2ad4ad31dbd4666bec8eaec059c3d08","3091020202",1,1,3,2018,2,"59-37-58-86",3
"d2ad4ad31dbd4666bec8eaec059c3d08","3091020202",1,1,1,2018,2,"59-37-58-86",2
"d2ad4ad31dbd4666bec8eaec059c3d08","3091020202",2,,,,,"59-37-58-86",1
"d2d172cc1ef541e48cba1c6ed47f1841","3101020203",2,,,,,"52-68-30-65",3
"d2d172cc1ef541e48cba1c6ed47f1841","3101020203",1,1,4,2018,2,"52-68-30-65",1
"d2d172cc1ef541e48cba1c6ed47f1841","3101020203",2,,,,,"52-68-30-65",2
"d3f59ad872434ad1b2bec94ed6e6e947","4063030306",1,2,9,2018,1,"68-46-02-26",1
"d3f59ad872434ad1b2bec94ed6e6e947","4063030306",1,1,11,2018,2,"68-46-02-26",3
"d3f59ad872434ad1b2bec94ed6e6e947","4063030306",1,1,12,2018,1,"68-46-02-26",2
"d451154d23f041d0915801f7838e703d","1021020204",,,,,,"66-91-74-76",1
"d451154d23f041d0915801f7838e703d","1021020204",,,,,,"66-91-74-76",2
"d451154d23f041d0915801f7838e703d","1021020204",,,,,,"66-91-74-76",3
"d4eb3a77cedc42abb1e1bb99a214a7e8","3121050502",1,2,5,2017,2,"13-38-51-04",1
"d4eb3a77cedc42abb1e1bb99a214a7e8","3121050502",1,2,2,2018,1,"13-38-51-04",2
"d4eb3a77cedc42abb1e1bb99a214a7e8","3121050502",1,2,12,2015,4,"13-38-51-04",3
"d50819d660b042d7b279465864368a55","4062121202",1,2,11,2017,3,"49-85-88-60",3
"d50819d660b042d7b279465864368a55","4062121202",1,1,2,2018,2,"49-85-88-60",1
"d50819d660b042d7b279465864368a55","4062121202",1,1,3,2018,2,"49-85-88-60",2
"d59bcc343d9e47379e45203869d1f64f","2151090908",1,1,3,2018,2,"77-50-49-21",2
"d59bcc343d9e47379e45203869d1f64f","2151090908",1,1,3,2018,2,"77-50-49-21",3
"d59bcc343d9e47379e45203869d1f64f","2151090908",1,1,3,2018,2,"77-50-49-21",1
"d5dab880982d42b9899469131ffc2054","4091010101",,,,,,"35-31-24-31",3
"d5dab880982d42b9899469131ffc2054","4091010101",,,,,,"35-31-24-31",2
"d5dab880982d42b9899469131ffc2054","4091010101",,,,,,"35-31-24-31",1
"d72ffb6509f04269a54566ef5106a498","4172010109",1,1,4,2018,2,"16-89-92-55",3
"d72ffb6509f04269a54566ef5106a498","4172010109",1,1,6,2018,1,"16-89-92-55",1
"d72ffb6509f04269a54566ef5106a498","4172010109",1,1,6,2018,1,"16-89-92-55",2
"d852fc9843fe45ffb9544b916d5f2cfc","3041020201",1,1,5,2018,1,"24-03-14-28",2
"d852fc9843fe45ffb9544b916d5f2cfc","3041020201",1,1,5,2018,1,"24-03-14-28",1
"d852fc9843fe45ffb9544b916d5f2cfc","3041020201",1,1,4,2018,2,"24-03-14-28",3
"d8c64e61dafa401b94c8afc0cfb15fef","1103050506",1,1,6,2018,2,"09-82-39-37",3
"d8c64e61dafa401b94c8afc0cfb15fef","1103050506",1,1,2,2018,2,"09-82-39-37",2
"d8c64e61dafa401b94c8afc0cfb15fef","1103050506",1,1,6,2018,2,"09-82-39-37",1
"d91d6fec7fec4232a968ff6c765ab1eb","3112020202",1,1,6,2018,2,"54-82-15-45",2
"d91d6fec7fec4232a968ff6c765ab1eb","3112020202",1,2,4,2018,2,"54-82-15-45",1
"d91d6fec7fec4232a968ff6c765ab1eb","3112020202",1,2,2,2018,2,"54-82-15-45",3
"d935539999f64771a119eb32574c160e","2092010105",1,2,2,2018,3,"46-49-96-63",3
"d935539999f64771a119eb32574c160e","2092010105",1,1,5,2018,2,"46-49-96-63",2
"d935539999f64771a119eb32574c160e","2092010105",1,1,4,2018,1,"46-49-96-63",1
"d93b73d98836425fafd96b0bc9407548","4221070708",1,1,1,2019,1,"92-40-07-74",2
"d93b73d98836425fafd96b0bc9407548","4221070708",1,1,12,2018,1,"92-40-07-74",1
"d93b73d98836425fafd96b0bc9407548","4221070708",1,1,11,2018,2,"92-40-07-74",3
"d961227555964a0bb362122c6b66dca2","1153030307",,,,,,"88-32-58-62",3
"d961227555964a0bb362122c6b66dca2","1153030307",,,,,,"88-32-58-62",1
"d961227555964a0bb362122c6b66dca2","1153030307",,,,,,"88-32-58-62",2
"da0d63139da84fa088cb8a3f8893374e","4101010107",1,1,5,2018,1,"46-97-38-14",1
"da0d63139da84fa088cb8a3f8893374e","4101010107",1,1,3,2018,2,"46-97-38-14",3
"da0d63139da84fa088cb8a3f8893374e","4101010107",1,1,3,2018,1,"46-97-38-14",2
"daafca5294924c609725305aa9da92d2","3022050502",1,1,7,2018,2,"81-72-86-31",3
"daafca5294924c609725305aa9da92d2","3022050502",1,1,7,2018,1,"81-72-86-31",1
"daafca5294924c609725305aa9da92d2","3022050502",1,1,8,2018,1,"81-72-86-31",2
"dacd91af18154d51894a52d02a3cb2b1","1041040408",1,1,3,2018,2,"39-31-02-27",1
"dacd91af18154d51894a52d02a3cb2b1","1041040408",1,1,3,2018,2,"39-31-02-27",2
"dacd91af18154d51894a52d02a3cb2b1","1041040408",1,1,1,2018,2,"39-31-02-27",3
"dc3741ca4a3c451291a3c0370adfd965","4171070704",2,,,,,"14-56-46-86",1
"dc3741ca4a3c451291a3c0370adfd965","4171070704",1,2,4,2018,3,"14-56-46-86",3
"dc3741ca4a3c451291a3c0370adfd965","4171070704",1,1,11,2018,1,"14-56-46-86",2
"dd72172834734d53967b7f13d9946d3e","4141161601",1,1,12,2018,2,"30-44-92-98",3
"dd72172834734d53967b7f13d9946d3e","4141161601",1,1,1,2019,1,"30-44-92-98",1
"dd72172834734d53967b7f13d9946d3e","4141161601",1,1,1,2019,1,"30-44-92-98",2
"de0d420b95f949409ddd6e6ef359572f","3102020201",,,,,,"92-54-66-94",2
"de0d420b95f949409ddd6e6ef359572f","3102020201",,,,,,"92-54-66-94",3
"de0d420b95f949409ddd6e6ef359572f","3102020201",,,,,,"92-54-66-94",1
"df9e133eb2f54a81911f454050262cc9","2041010102",,,,,,"15-27-59-11",1
"df9e133eb2f54a81911f454050262cc9","2041010102",,,,,,"15-27-59-11",3
"df9e133eb2f54a81911f454050262cc9","2041010102",,,,,,"15-27-59-11",2
"dfd66efc10c04db4bc7a7710205fba47",,,,,,,"41-87-65-27",2
"dfd66efc10c04db4bc7a7710205fba47",,,,,,,"41-87-65-27",1
"dfd66efc10c04db4bc7a7710205fba47",,,,,,,"41-87-65-27",3
"e0d553e3abb24993844f0de7e20c86db","2181030313",,,,,,"51-59-01-53",3
"e0d553e3abb24993844f0de7e20c86db","2181030313",,,,,,"51-59-01-53",1
"e0d553e3abb24993844f0de7e20c86db","2181030313",,,,,,"51-59-01-53",2
"e1d242437c104649bf3a034bad2925c9","2102050501",1,1,6,2018,1,"92-04-38-87",3
"e1d242437c104649bf3a034bad2925c9","2102050501",1,1,6,2018,2,"92-04-38-87",2
"e1d242437c104649bf3a034bad2925c9","2102050501",1,3,,,,"92-04-38-87",1
"e2087f2693664d9097024fd484730d71","2012060605",,,,,,"66-82-27-82",2
"e2087f2693664d9097024fd484730d71","2012060605",,,,,,"66-82-27-82",3
"e2087f2693664d9097024fd484730d71","2012060605",,,,,,"66-82-27-82",1
"e314846cc6e745f2b46ca45107218154","3032040402",,,,,,"48-37-16-81",1
"e314846cc6e745f2b46ca45107218154","3032040402",,,,,,"48-37-16-81",3
"e314846cc6e745f2b46ca45107218154","3032040402",,,,,,"48-37-16-81",2
"e359063a9c1842feace88741f2b4863c","1041020205",1,1,5,2018,2,"08-49-55-81",2
"e359063a9c1842feace88741f2b4863c","1041020205",1,1,4,2018,2,"08-49-55-81",3
"e359063a9c1842feace88741f2b4863c","1041020205",2,,,,,"08-49-55-81",1
"e57503779f904b9a89276f70cdc6d98b",,1,2,1,2019,1,"24-81-35-44",1
"e57503779f904b9a89276f70cdc6d98b",,1,1,1,2019,1,"24-81-35-44",2
"e57503779f904b9a89276f70cdc6d98b",,1,1,1,2019,1,"24-81-35-44",3
"e7fa94896c414ae5a4e11d7b299951b1","1241080811",1,1,7,2018,2,"04-12-51-46",2
"e7fa94896c414ae5a4e11d7b299951b1","1241080811",1,1,5,2018,2,"04-12-51-46",1
"e7fa94896c414ae5a4e11d7b299951b1","1241080811",1,1,6,2018,2,"04-12-51-46",3
"e83ef3501b9148fc8d8660761d61f6b1","1172020202",,,,,,"16-34-77-09",3
"e83ef3501b9148fc8d8660761d61f6b1","1172020202",,,,,,"16-34-77-09",1
"e83ef3501b9148fc8d8660761d61f6b1","1172020202",,,,,,"16-34-77-09",2
"e8807528500d494886e1493f22b6d612","1021050505",,,,,,"35-16-36-79",3
"e8807528500d494886e1493f22b6d612","1021050505",,,,,,"35-16-36-79",1
"e8807528500d494886e1493f22b6d612","1021050505",,,,,,"35-16-36-79",2
"ea112b0ba08542bfb07f10c636ff82a0","4281060619",,,,,,"88-64-25-80",3
"ea112b0ba08542bfb07f10c636ff82a0","4281060619",,,,,,"88-64-25-80",1
"ea112b0ba08542bfb07f10c636ff82a0","4281060619",,,,,,"88-64-25-80",2
"eb9b8edf03314bb39c1982b462c88cd3","1221020204",1,1,12,2017,4,"46-50-03-97",3
"eb9b8edf03314bb39c1982b462c88cd3","1221020204",1,1,2,2018,2,"46-50-03-97",2
"eb9b8edf03314bb39c1982b462c88cd3","1221020204",1,1,1,2018,2,"46-50-03-97",1
"eba103dd973241ecb07baee474e8f9d9","1041050503",1,1,8,2018,2,"34-64-32-00",3
"eba103dd973241ecb07baee474e8f9d9","1041050503",1,1,7,2018,2,"34-64-32-00",2
"eba103dd973241ecb07baee474e8f9d9","1041050503",1,1,8,2018,2,"34-64-32-00",1
"ec1c482374644eb983a647909e350403","4113040403",1,1,1,2018,2,"96-79-66-75",3
"ec1c482374644eb983a647909e350403","4113040403",1,1,2,2018,2,"96-79-66-75",1
"ec1c482374644eb983a647909e350403","4113040403",1,1,1,2018,2,"96-79-66-75",2
"ec3f5f7d84244a55ab42dff82b6846d9",,1,1,11,2018,2,"49-96-25-37",3
"ec3f5f7d84244a55ab42dff82b6846d9",,1,1,10,2018,1,"49-96-25-37",1
"ec3f5f7d84244a55ab42dff82b6846d9",,1,1,10,2018,1,"49-96-25-37",2
"ec558b4ca32e46a7943986f7ad4a9588","1171060602",1,1,9,2018,2,"96-60-14-26",3
"ec558b4ca32e46a7943986f7ad4a9588","1171060602",1,1,11,2018,2,"96-60-14-26",2
"ec558b4ca32e46a7943986f7ad4a9588","1171060602",1,1,11,2018,2,"96-60-14-26",1
"ee1ae37bb5574ebb8cfcaa312e7e1f0b","3062040403",1,1,4,2018,1,"51-48-45-42",1
"ee1ae37bb5574ebb8cfcaa312e7e1f0b","3062040403",1,1,3,2018,2,"51-48-45-42",3
"ee1ae37bb5574ebb8cfcaa312e7e1f0b","3062040403",1,1,4,2018,1,"51-48-45-42",2
"ef140c8eb6aa466fa41b317628e0cbf8","3022010108",1,1,5,2018,2,"34-89-24-08",1
"ef140c8eb6aa466fa41b317628e0cbf8","3022010108",1,2,11,2017,4,"34-89-24-08",3
"ef140c8eb6aa466fa41b317628e0cbf8","3022010108",1,1,5,2018,2,"34-89-24-08",2
"ef37261b68c446679bec7e072b4d916e","3191070702",,,,,,"51-89-46-48",2
"ef37261b68c446679bec7e072b4d916e","3191070702",,,,,,"51-89-46-48",3
"ef37261b68c446679bec7e072b4d916e","3191070702",,,,,,"51-89-46-48",1
"f03953e0053e44408d6efa237ee3063f","1103060602",,,,,,"15-63-97-83",1
"f03953e0053e44408d6efa237ee3063f","1103060602",,,,,,"15-63-97-83",3
"f03953e0053e44408d6efa237ee3063f","1103060602",,,,,,"15-63-97-83",2
"f107a301616c4ff69b6fa7bfa877faab","4093010104",,,,,,"04-82-98-03",3
"f107a301616c4ff69b6fa7bfa877faab","4093010104",,,,,,"04-82-98-03",2
"f107a301616c4ff69b6fa7bfa877faab","4093010104",,,,,,"04-82-98-03",1
"f14f6099b4984c1d8b984fb22f251032","3231080804",1,1,6,2018,2,"27-44-94-20",2
"f14f6099b4984c1d8b984fb22f251032","3231080804",1,1,3,2018,2,"27-44-94-20",3
"f14f6099b4984c1d8b984fb22f251032","3231080804",1,1,4,2018,2,"27-44-94-20",1
"f1dca8894a0b46eab802b52b2ecc70c0","1122030304",2,,,,,"65-42-84-81",3
"f1dca8894a0b46eab802b52b2ecc70c0","1122030304",1,2,12,2017,2,"65-42-84-81",2
"f1dca8894a0b46eab802b52b2ecc70c0","1122030304",1,1,12,2017,2,"65-42-84-81",1
"f33d7de27c14495a89301cb34c6e6dfb","1153030307",1,1,11,2018,4,"63-52-54-38",3
"f33d7de27c14495a89301cb34c6e6dfb","1153030307",1,1,9,2018,2,"63-52-54-38",2
"f33d7de27c14495a89301cb34c6e6dfb","1153030307",1,1,10,2018,1,"63-52-54-38",1
"f4836ae1155c495c9363570573d1f81a","1031050505",,,,,,"38-55-59-69",1
"f4836ae1155c495c9363570573d1f81a","1031050505",,,,,,"38-55-59-69",2
"f4836ae1155c495c9363570573d1f81a","1031050505",,,,,,"38-55-59-69",3
"f4c5c89950bb4141ab4d895c0b25bb20","4111030305",1,1,11,2018,2,"48-32-44-07",3
"f4c5c89950bb4141ab4d895c0b25bb20","4111030305",1,1,1,2019,1,"48-32-44-07",2
"f4c5c89950bb4141ab4d895c0b25bb20","4111030305",1,1,1,2019,1,"48-32-44-07",1
"f568ccaeb7434baf8b85c82b6999a9e1","2141010103",,,,,,"33-49-10-28",3
"f568ccaeb7434baf8b85c82b6999a9e1","2141010103",,,,,,"33-49-10-28",2
"f568ccaeb7434baf8b85c82b6999a9e1","2141010103",,,,,,"33-49-10-28",1
"f5e7dce2332d41b28c3cd37fceac50cf","1061010106",1,1,6,2018,1,"05-41-62-25",1
"f5e7dce2332d41b28c3cd37fceac50cf","1061010106",1,1,6,2018,1,"05-41-62-25",2
"f5e7dce2332d41b28c3cd37fceac50cf","1061010106",1,1,5,2018,4,"05-41-62-25",3
"f709ca33e5624c40bbebb5bbff93d32f","3191050503",1,2,11,2018,3,"92-58-44-91",2
"f709ca33e5624c40bbebb5bbff93d32f","3191050503",2,,,,,"92-58-44-91",3
"f709ca33e5624c40bbebb5bbff93d32f","3191050503",1,2,11,2017,2,"92-58-44-91",1
"f81dc4ec9efb45e0ac04ce96bd3fac02","2231212104",1,1,1,2019,2,"08-27-83-30",2
"f81dc4ec9efb45e0ac04ce96bd3fac02","2231212104",1,2,7,2018,3,"08-27-83-30",3
"f81dc4ec9efb45e0ac04ce96bd3fac02","2231212104",1,2,9,2018,3,"08-27-83-30",1
"f875111d04594103a21af312cda6e741","4262020201",1,1,4,2018,2,"36-13-76-78",3
"f875111d04594103a21af312cda6e741","4262020201",1,1,2,2018,2,"36-13-76-78",1
"f875111d04594103a21af312cda6e741","4262020201",1,1,3,2018,2,"36-13-76-78",2
"f941ce88ba9a48e99842d995455d47bd","3251010105",1,2,11,2017,3,"66-72-06-13",1
"f941ce88ba9a48e99842d995455d47bd","3251010105",1,2,6,2017,4,"66-72-06-13",3
"f941ce88ba9a48e99842d995455d47bd","3251010105",1,2,11,2017,3,"66-72-06-13",2
"f94bd031b7014493ba1c0295e5614dca","2141141405",1,2,1,2018,2,"38-34-59-31",1
"f94bd031b7014493ba1c0295e5614dca","2141141405",1,2,3,2018,2,"38-34-59-31",3
"f94bd031b7014493ba1c0295e5614dca","2141141405",1,2,3,2018,2,"38-34-59-31",2
"f980545af05e454a9a37280d7272716d",,1,1,12,2018,1,"88-18-91-21",1
"f980545af05e454a9a37280d7272716d",,2,,,,,"88-18-91-21",3
"f980545af05e454a9a37280d7272716d",,1,1,11,2018,2,"88-18-91-21",2
"f9db50b4f83b436ab20692f8d1d0e345","4113020204",1,1,1,2019,1,"42-81-20-45",2
"f9db50b4f83b436ab20692f8d1d0e345","4113020204",1,1,1,2019,1,"42-81-20-45",1
"f9db50b4f83b436ab20692f8d1d0e345","4113020204",1,1,1,2019,1,"42-81-20-45",3
"fb5c0b7c4fa64ce8b41a2d746086f7a1","1021020203",1,1,8,2018,1,"60-32-27-19",2
"fb5c0b7c4fa64ce8b41a2d746086f7a1","1021020203",1,1,9,2018,1,"60-32-27-19",1
"fb5c0b7c4fa64ce8b41a2d746086f7a1","1021020203",1,1,9,2018,2,"60-32-27-19",3
"fd09bf6c0d16410f9135f36ef5e6993b","1241070706",2,,,,,"87-17-71-30",3
"fd09bf6c0d16410f9135f36ef5e6993b","1241070706",1,1,10,2018,2,"87-17-71-30",2
"fd09bf6c0d16410f9135f36ef5e6993b","1241070706",1,1,12,2018,2,"87-17-71-30",1
"fd39653b0c2d49a2b86bf992b96cf4d0",,1,1,6,2018,2,"86-59-69-87",1
"fd39653b0c2d49a2b86bf992b96cf4d0",,1,1,8,2018,2,"86-59-69-87",2
"fd39653b0c2d49a2b86bf992b96cf4d0",,1,1,8,2018,2,"86-59-69-87",3
"fe70d97f97424e029d2757d98e8d9723","1221050503",,,,,,"64-34-31-60",3
"fe70d97f97424e029d2757d98e8d9723","1221050503",,,,,,"64-34-31-60",2
"fe70d97f97424e029d2757d98e8d9723","1221050503",,,,,,"64-34-31-60",1
"fecc0f5ccad940ceb621e46eb9f59f77","21110606",1,1,9,2018,2,"83-86-63-56",2
"fecc0f5ccad940ceb621e46eb9f59f77","21110606",1,1,9,2018,4,"83-86-63-56",3
"fecc0f5ccad940ceb621e46eb9f59f77","21110606",1,1,9,2018,1,"83-86-63-56",1
"fffa2187e3d447b085ed6aedd03b38da","4061080801",1,2,9,2016,3,"17-59-88-03",2
"fffa2187e3d447b085ed6aedd03b38da","4061080801",1,1,2,2018,2,"17-59-88-03",3
"fffa2187e3d447b085ed6aedd03b38da","4061080801",1,2,3,2017,2,"17-59-88-03",1
