"interview__key","EA_code","year_id","s3q30a","s3q30b","s3q31a","s3q31b","s3q32a","s3q32b","s3q33a","s3q33b"
"12-09-37-88","00928229c3e64db9a66fd1f0d4dff345",0,3,5,0,0,2,5,0,0
"12-09-37-88","00928229c3e64db9a66fd1f0d4dff345",1,7,9,3,0,4,6,0,2
"13-26-94-05","03e3d013ed9a4a7b9e72a04e5867ed88",1,,,,,,,,
"13-26-94-05","03e3d013ed9a4a7b9e72a04e5867ed88",0,,,,,,,,
"94-25-74-66","0548b11d746b41149960bad12ade2187",0,17,19,0,0,3,2,4,9
"94-25-74-66","0548b11d746b41149960bad12ade2187",1,,,,,,,,
"34-90-92-66","06aeb38cf33a4c6b9ad71262908541eb",1,,,,,,,,
"34-90-92-66","06aeb38cf33a4c6b9ad71262908541eb",0,,,,,,,,
"66-47-37-97","06c492654e8342fabe3ec8af1aad4cef",0,80,75,6,0,46,45,13,16
"66-47-37-97","06c492654e8342fabe3ec8af1aad4cef",1,88,86,10,2,54,41,14,27
"39-29-24-84","07d762b045a54167af44618c38f26e49",1,,,,,,,,
"39-29-24-84","07d762b045a54167af44618c38f26e49",0,,,,,,,,
"74-65-87-03","09583a0be3d943588eccede22daecd45",0,,,,,,,,
"74-65-87-03","09583a0be3d943588eccede22daecd45",1,,,,,,,,
"96-05-61-85","09bd271138b34050a20647bb26da164e",1,62,50,1,2,30,37,14,14
"96-05-61-85","09bd271138b34050a20647bb26da164e",0,37,32,6,1,30,27,1,4
"02-82-25-55","09e5567a67b24c56b7c7bb13800ead7e",0,19,12,0,0,1,0,7,5
"02-82-25-55","09e5567a67b24c56b7c7bb13800ead7e",1,16,13,0,0,0,1,2,1
"05-20-15-42","0b6fdf9b7d2b484ea36915e5f8b3940d",0,41,15,0,0,31,8,4,4
"05-20-15-42","0b6fdf9b7d2b484ea36915e5f8b3940d",1,18,7,1,0,17,3,2,4
"54-45-74-15","0e2cb66e0eaa46feb1f41a241a8c4910",0,9,14,0,0,4,6,3,6
"54-45-74-15","0e2cb66e0eaa46feb1f41a241a8c4910",1,8,18,0,0,1,4,5,5
"98-06-19-96","0e53cc68fc734154a21bb2def6bbc5c6",1,24,13,2,0,6,4,12,7
"98-06-19-96","0e53cc68fc734154a21bb2def6bbc5c6",0,21,24,0,0,12,5,8,10
"13-72-15-50","0e5fc948d76340ac9c27380a8837c56c",0,27,25,0,0,14,10,7,5
"13-72-15-50","0e5fc948d76340ac9c27380a8837c56c",1,27,18,0,0,12,8,10,4
"76-22-41-77","12810e18eb6c41d7ac10cbb28f40fdf3",1,,,,,,,,
"76-22-41-77","12810e18eb6c41d7ac10cbb28f40fdf3",0,,,,,,,,
"97-89-02-98","13a34d9690b54ab7b9eee7d1ddafbe9f",1,40,16,4,0,29,14,5,2
"97-89-02-98","13a34d9690b54ab7b9eee7d1ddafbe9f",0,31,32,1,1,25,18,3,8
"75-98-78-48","13f4006f120f4c3b800e7ccaedd4aee4",1,,,,,,,,
"75-98-78-48","13f4006f120f4c3b800e7ccaedd4aee4",0,,,,,,,,
"98-86-51-07","150cdba4fed14b4a87d582d398577942",0,9,11,0,0,6,4,0,1
"98-86-51-07","150cdba4fed14b4a87d582d398577942",1,5,8,1,0,4,1,0,5
"16-77-56-74","155c5c1261c04747be7944ce3daa6ac2",1,32,51,0,1,9,9,11,15
"16-77-56-74","155c5c1261c04747be7944ce3daa6ac2",0,21,36,0,0,7,10,10,9
"70-23-73-82","15cebd17f95047b3b242caab688fc2a0",0,,,,,,,,
"70-23-73-82","15cebd17f95047b3b242caab688fc2a0",1,,,,,,,,
"48-96-08-15","15e14a2aedca4f1dad88f6a30e6d8a2c",1,16,11,2,0,12,7,2,4
"48-96-08-15","15e14a2aedca4f1dad88f6a30e6d8a2c",0,33,39,1,0,2,44,3,4
"13-39-91-73","166579dc0f4d4f19bdc2c8e6c2e31a0f",0,,,,,,,,
"13-39-91-73","166579dc0f4d4f19bdc2c8e6c2e31a0f",1,,,,,,,,
"61-27-08-63","168d74660fc04a2792cb437eedcec5e1",0,32,39,0,1,20,12,9,19
"61-27-08-63","168d74660fc04a2792cb437eedcec5e1",1,31,44,1,2,10,14,8,15
"05-10-89-43","16c6c976a02c414f8e01d02dddc97a5d",0,28,25,0,0,19,16,7,7
"05-10-89-43","16c6c976a02c414f8e01d02dddc97a5d",1,31,33,1,0,7,9,13,7
"77-05-32-40","1816825774944a8fa45dde05fc0e79dc",1,12,35,0,0,4,10,5,13
"77-05-32-40","1816825774944a8fa45dde05fc0e79dc",0,9,14,0,0,2,4,7,9
"34-03-95-15","191a256cbcac47a2966d2f058153bc70",1,13,12,1,0,8,1,4,3
"34-03-95-15","191a256cbcac47a2966d2f058153bc70",0,9,6,1,0,4,1,1,3
"41-72-74-44","195e5a9b4fcb4d7dbe18eaf543a9283b",1,,,,,,,,
"41-72-74-44","195e5a9b4fcb4d7dbe18eaf543a9283b",0,,,,,,,,
"01-51-54-41","1a257e54482e4ecf8b6aedc7cc89f8fd",1,2,0,0,0,1,0,1,0
"01-51-54-41","1a257e54482e4ecf8b6aedc7cc89f8fd",0,4,2,0,0,2,0,1,0
"32-45-14-74","1dce5f2d227147f4a9f8e27ad9423f5d",1,53,32,3,0,34,16,12,9
"32-45-14-74","1dce5f2d227147f4a9f8e27ad9423f5d",0,51,220,1,0,36,10,12,10
"48-93-82-89","2000d66f97714765bc8e85e671ad8283",0,18,21,0,0,10,10,4,5
"48-93-82-89","2000d66f97714765bc8e85e671ad8283",1,23,17,0,0,9,6,8,3
"36-96-62-29","20188c3dd7af4786a15806bc3d9cc605",1,100,67,11,9,67,53,0,2
"36-96-62-29","20188c3dd7af4786a15806bc3d9cc605",0,94,86,4,0,84,81,4,4
"02-80-79-45","20eb974e8c9b4361a62ccde0ce8611ad",1,10,17,0,0,10,17,0,0
"02-80-79-45","20eb974e8c9b4361a62ccde0ce8611ad",0,9,10,0,0,9,9,0,1
"20-02-77-43","218cb290a69743c69e521b6122a6d507",1,38,33,0,0,13,12,15,14
"20-02-77-43","218cb290a69743c69e521b6122a6d507",0,36,44,0,0,26,19,7,6
"25-50-00-53","21e9da8b1950402aa3169598c2efeb4e",1,28,29,1,0,21,26,5,3
"25-50-00-53","21e9da8b1950402aa3169598c2efeb4e",0,20,25,1,0,20,20,0,3
"90-21-50-09","228bcac6d0b147dbaebbc943965f78c1",1,40,50,0,1,8,14,12,17
"90-21-50-09","228bcac6d0b147dbaebbc943965f78c1",0,22,32,0,0,11,3,7,13
"76-53-22-95","237d3bd58d47443f984a1146cfb17596",1,20,14,0,0,12,6,1,4
"76-53-22-95","237d3bd58d47443f984a1146cfb17596",0,6,11,1,0,4,4,0,3
"71-53-71-15","2625ab72d0ca4e74bcc7a51eefc3c049",0,30,19,2,0,26,18,1,1
"71-53-71-15","2625ab72d0ca4e74bcc7a51eefc3c049",1,,,,,,,,
"01-86-81-64","29d53afc2900441fa7931d2da4f6ab7e",0,23,20,0,0,15,14,5,5
"01-86-81-64","29d53afc2900441fa7931d2da4f6ab7e",1,19,20,1,0,6,14,6,1
"55-22-88-49","29fdcdf88e2e444f9fbb7d235214e8e1",0,,,,,,,,
"55-22-88-49","29fdcdf88e2e444f9fbb7d235214e8e1",1,,,,,,,,
"10-91-96-82","2b9fe8ab9b854dc1a78be4554e2db70f",0,21,21,0,0,9,4,10,8
"10-91-96-82","2b9fe8ab9b854dc1a78be4554e2db70f",1,40,45,1,0,13,4,7,9
"37-99-38-49","2c005b61e9d3469bb8b37576d7c0a9dc",1,,,,,,,,
"37-99-38-49","2c005b61e9d3469bb8b37576d7c0a9dc",0,,,,,,,,
"18-49-15-19","2c09ec554d4e489bb9d6e97baaebfa65",1,,,,,,,,
"18-49-15-19","2c09ec554d4e489bb9d6e97baaebfa65",0,13,19,1,0,9,10,4,5
"91-50-78-15","2c1eac5793354569a5f6598d4cc1c4d9",1,20,12,0,0,3,0,10,3
"91-50-78-15","2c1eac5793354569a5f6598d4cc1c4d9",0,16,14,1,0,6,7,4,6
"33-98-51-91","2c79b64a9c5544fabbddb2b71590e49f",1,38,21,0,0,12,9,13,6
"33-98-51-91","2c79b64a9c5544fabbddb2b71590e49f",0,23,31,0,0,5,4,6,11
"02-42-11-75","2caf4db31e1947578d134f4b52b91d8f",0,14,11,1,0,4,4,4,6
"02-42-11-75","2caf4db31e1947578d134f4b52b91d8f",1,17,29,0,0,4,7,4,5
"67-79-02-00","2ce29c6cfe0a456793b78a9eea712769",1,22,14,4,1,17,13,0,0
"67-79-02-00","2ce29c6cfe0a456793b78a9eea712769",0,7,21,0,1,7,16,0,3
"44-82-68-29","2d0189f201a24a6eb390e7644e7127ac",0,71,57,1,0,58,31,9,18
"44-82-68-29","2d0189f201a24a6eb390e7644e7127ac",1,70,54,1,0,57,38,7,11
"42-91-93-12","2dd8b36de95c4d5bba92df1210413388",1,46,40,0,0,3,2,14,9
"42-91-93-12","2dd8b36de95c4d5bba92df1210413388",0,11,19,0,0,2,0,7,7
"43-35-34-23","2e97754263a84e12b95022950c69f673",1,,,,,,,,
"43-35-34-23","2e97754263a84e12b95022950c69f673",0,,,,,,,,
"49-53-35-89","2f452dce46214291b99d8f76038d10c9",0,28,31,0,0,15,18,5,4
"49-53-35-89","2f452dce46214291b99d8f76038d10c9",1,32,35,1,1,11,4,5,12
"88-51-03-21","2f82e41b4d9140b1a887dffbd36193b8",0,,,,,,,,
"88-51-03-21","2f82e41b4d9140b1a887dffbd36193b8",1,,,,,,,,
"65-91-23-57","2fc7c42417e64ebcaea375ffa538326d",0,,,,,,,,
"65-91-23-57","2fc7c42417e64ebcaea375ffa538326d",1,,,,,,,,
"68-00-06-79","3048ed3a5a8a4ff69391cbfedd13657c",0,7,7,0,0,2,1,0,1
"68-00-06-79","3048ed3a5a8a4ff69391cbfedd13657c",1,7,15,0,0,1,3,0,5
"37-68-69-42","305b636544344f65aabef33609978907",1,43,28,1,1,19,7,7,11
"37-68-69-42","305b636544344f65aabef33609978907",0,21,16,0,0,6,0,3,5
"83-68-83-41","30a233559a484aa884a3c795efb64cdf",0,61,63,2,1,30,29,12,17
"83-68-83-41","30a233559a484aa884a3c795efb64cdf",1,44,61,2,1,24,26,11,13
"72-50-29-68","30fabcc38b1c4f909a0de8b415a2988e",1,0,0,0,0,0,0,0,0
"72-50-29-68","30fabcc38b1c4f909a0de8b415a2988e",0,0,0,0,0,0,0,0,0
"87-78-01-68","31b1bf8fbcc54ee09f83e940546a45b8",0,7,9,0,0,6,6,0,3
"87-78-01-68","31b1bf8fbcc54ee09f83e940546a45b8",1,20,16,0,0,2,3,4,6
"91-29-19-18","332221c6e42c4c7693f07f18bf883c77",1,28,6,1,0,13,2,7,4
"91-29-19-18","332221c6e42c4c7693f07f18bf883c77",0,16,8,0,0,11,2,5,2
"31-50-07-11","36a60129e57347bea99b101f51c2d0a0",1,19,10,0,0,5,2,3,1
"31-50-07-11","36a60129e57347bea99b101f51c2d0a0",0,32,24,0,1,9,2,11,10
"66-53-93-59","37a0243153154356a3fae9c57c688f46",1,7,15,2,3,5,10,0,1
"66-53-93-59","37a0243153154356a3fae9c57c688f46",0,9,8,1,0,8,8,0,0
"07-01-51-11","3a2df233c4d3470b83d0d3e0851df33d",1,,,,,,,,
"07-01-51-11","3a2df233c4d3470b83d0d3e0851df33d",0,,,,,,,,
"56-67-32-81","3b39a3793b9e42deb8bea71311058e8a",1,,,,,,,,
"56-67-32-81","3b39a3793b9e42deb8bea71311058e8a",0,21,2,0,0,16,2,3,0
"92-67-60-32","3bd4a06cc7b5416d864333ff348bb354",1,,,,,,,,
"92-67-60-32","3bd4a06cc7b5416d864333ff348bb354",0,58,64,4,5,39,46,7,7
"08-02-90-92","3c03c72ff5bb4e43bb462f77bc401895",1,62,0,3,0,45,0,11,0
"08-02-90-92","3c03c72ff5bb4e43bb462f77bc401895",0,45,0,3,0,35,0,6,0
"26-54-44-39","3c068ff6dd2648088c08a9fcdcb812f2",1,16,20,0,0,10,5,4,10
"26-54-44-39","3c068ff6dd2648088c08a9fcdcb812f2",0,14,18,0,0,8,6,6,12
"61-93-15-21","3c7b52089dbc43ecb5f3c5e354f1ec09",0,2,4,0,0,0,0,1,0
"61-93-15-21","3c7b52089dbc43ecb5f3c5e354f1ec09",1,6,4,0,0,1,0,4,0
"36-93-22-14","3d3ecc270b3743a1ac5b07ac5161ae2f",0,140,118,9,2,83,114,23,53
"36-93-22-14","3d3ecc270b3743a1ac5b07ac5161ae2f",1,151,185,15,11,78,87,29,49
"00-56-65-43","3dfec81ca5704294b2259b4da35ba66f",0,45,50,2,1,20,28,10,5
"00-56-65-43","3dfec81ca5704294b2259b4da35ba66f",1,40,45,5,2,15,15,8,5
"24-54-97-79","3e4cfe4688a44d3ba5524f2574dbed04",1,,,,,,,,
"24-54-97-79","3e4cfe4688a44d3ba5524f2574dbed04",0,,,,,,,,
"18-15-18-97","3e8f9d823ced4b679756834480de1eb1",0,16,18,0,2,14,16,1,0
"18-15-18-97","3e8f9d823ced4b679756834480de1eb1",1,24,15,6,5,18,20,0,0
"78-89-98-52","3f1a8214f7a14ede97f67c4a18cd0f07",1,43,54,4,4,30,27,7,17
"78-89-98-52","3f1a8214f7a14ede97f67c4a18cd0f07",0,57,91,2,4,29,46,15,27
"42-02-64-77","406d4f0d71384978ab447f7dd9057f40",1,24,12,0,0,3,4,6,5
"42-02-64-77","406d4f0d71384978ab447f7dd9057f40",0,25,13,0,0,8,7,4,7
"03-52-46-70","40d1c6c197a14e6eadf31dfcc95a200b",1,26,12,0,0,3,5,8,1
"03-52-46-70","40d1c6c197a14e6eadf31dfcc95a200b",0,,,,,,,,
"86-08-76-83","421f6dc9b1b74d31bff813bbbec0946c",0,14,20,0,0,7,8,3,6
"86-08-76-83","421f6dc9b1b74d31bff813bbbec0946c",1,17,13,1,1,4,3,8,3
"88-74-11-89","48a67d1f18994ef98a5949aef015bbd4",0,,,,,,,,
"88-74-11-89","48a67d1f18994ef98a5949aef015bbd4",1,,,,,,,,
"67-26-59-19","48bea11db2944c909fda02151c5118af",1,21,16,0,0,7,7,8,7
"67-26-59-19","48bea11db2944c909fda02151c5118af",0,29,27,0,0,14,12,11,15
"75-39-75-81","4904caa625114480b7dfb1ac1090ea9d",0,18,12,0,0,18,5,2,1
"75-39-75-81","4904caa625114480b7dfb1ac1090ea9d",1,18,13,0,0,11,7,4,3
"65-53-81-18","49ac26b03a504025bc11014fb9fd07f0",1,9,18,0,0,3,2,4,6
"65-53-81-18","49ac26b03a504025bc11014fb9fd07f0",0,15,18,0,0,4,2,8,8
"45-42-36-18","4a1d00f074cc4b00918c46c988ddbe64",1,,,,,,,,
"45-42-36-18","4a1d00f074cc4b00918c46c988ddbe64",0,,,,,,,,
"85-31-22-31","4ba54fb88a534722877835b1045a512d",0,26,30,0,0,18,15,5,11
"85-31-22-31","4ba54fb88a534722877835b1045a512d",1,26,35,0,0,17,20,6,9
"35-28-58-28","4cdaf79caf624178b5eadc9be94a36aa",1,25,26,2,0,15,17,6,4
"35-28-58-28","4cdaf79caf624178b5eadc9be94a36aa",0,33,17,1,0,30,14,2,3
"74-16-21-77","4cf59369cdf24583a27873140b200861",1,,,,,,,,
"74-16-21-77","4cf59369cdf24583a27873140b200861",0,,,,,,,,
"91-91-63-66","4d5ac1450c634c6ca704f0e8848cc443",1,,,,,,,,
"91-91-63-66","4d5ac1450c634c6ca704f0e8848cc443",0,,,,,,,,
"00-95-07-36","4dd6d629e3ae4f8d89147cbaf0a79f8f",0,5,10,0,0,4,4,0,5
"00-95-07-36","4dd6d629e3ae4f8d89147cbaf0a79f8f",1,18,13,2,0,4,2,6,6
"98-74-07-23","4ecbd2e7063b4921af2e0b7e0a8db0ce",1,31,13,1,0,10,4,8,5
"98-74-07-23","4ecbd2e7063b4921af2e0b7e0a8db0ce",0,36,24,0,0,16,13,12,4
"85-33-44-23","4ece7adab00c4cf2bef7f7a13841c000",0,9,7,0,0,4,2,6,3
"85-33-44-23","4ece7adab00c4cf2bef7f7a13841c000",1,12,14,0,0,2,0,6,9
"36-09-12-99","4fead528c43a425c8ead7ad9e02285fe",0,,,,,,,,
"36-09-12-99","4fead528c43a425c8ead7ad9e02285fe",1,,,,,,,,
"83-55-75-67","50915c4977d44997a241f9e364f0a753",0,,,,,,,,
"83-55-75-67","50915c4977d44997a241f9e364f0a753",1,,,,,,,,
"80-32-55-46","511e248a967448a89f871d73acff14a4",0,49,35,3,1,45,32,1,2
"80-32-55-46","511e248a967448a89f871d73acff14a4",1,8,23,0,0,1,9,5,9
"71-61-98-83","53fd71c2301f43f8873de4f1f0eace0c",1,21,8,0,0,3,1,5,1
"71-61-98-83","53fd71c2301f43f8873de4f1f0eace0c",0,29,7,0,0,5,0,9,0
"32-71-89-73","54405a9ba99d4e618e87548191c47c14",1,12,20,0,1,8,8,3,6
"32-71-89-73","54405a9ba99d4e618e87548191c47c14",0,10,27,1,2,4,21,4,1
"72-32-17-28","54c10aa0c5a84733aa4d36847a5906e3",1,17,14,1,0,5,0,8,5
"72-32-17-28","54c10aa0c5a84733aa4d36847a5906e3",0,18,29,0,0,6,4,3,7
"02-73-44-22","56ad9167bff0445f93a7fbaced2e3152",0,22,17,2,0,16,13,4,3
"02-73-44-22","56ad9167bff0445f93a7fbaced2e3152",1,14,11,2,0,12,10,0,1
"03-45-89-44","56c850451863421290489c656c6356a1",0,7,14,0,0,5,3,0,1
"03-45-89-44","56c850451863421290489c656c6356a1",1,5,11,0,0,2,4,1,3
"41-24-08-74","56d5e1c386f34ef68f31280d6a7d8f46",1,38,47,2,4,22,24,6,10
"41-24-08-74","56d5e1c386f34ef68f31280d6a7d8f46",0,36,20,4,0,18,15,5,3
"77-44-13-92","5781bbe35d9c4d5fa1246f3d26a59a0b",0,,,,,,,,
"77-44-13-92","5781bbe35d9c4d5fa1246f3d26a59a0b",1,,,,,,,,
"20-39-84-46","5b1bfa5bef2c4d529bd9d6297a3e11ec",1,,,,,,,,
"20-39-84-46","5b1bfa5bef2c4d529bd9d6297a3e11ec",0,,,,,,,,
"22-55-33-62","5d98309983cf4e319ba077b1e10020fc",1,26,10,0,0,12,1,10,4
"22-55-33-62","5d98309983cf4e319ba077b1e10020fc",0,25,9,0,0,13,2,6,4
"52-64-64-81","5df1b3d3aa7d4cb3b184c8ab9edf7506",0,29,20,0,0,7,1,10,4
"52-64-64-81","5df1b3d3aa7d4cb3b184c8ab9edf7506",1,23,27,0,0,7,8,5,3
"56-80-19-40","5ec0701dd9f54f1bbe921ca9175a60d9",1,26,20,0,0,10,10,10,6
"56-80-19-40","5ec0701dd9f54f1bbe921ca9175a60d9",0,14,25,0,0,5,14,2,3
"07-07-36-19","5f9ac4ea0e654d08b3cd6ed453de3ff1",0,34,62,0,0,20,40,8,7
"07-07-36-19","5f9ac4ea0e654d08b3cd6ed453de3ff1",1,,,,,,,,
"84-67-15-95","5fe1acda95ad4556b6a0983a641d479a",0,15,10,3,0,10,8,1,1
"84-67-15-95","5fe1acda95ad4556b6a0983a641d479a",1,17,18,4,1,11,13,2,3
"94-06-39-74","5feb56a602554863982002d7dffa96e9",1,14,9,0,0,5,4,3,3
"94-06-39-74","5feb56a602554863982002d7dffa96e9",0,11,4,0,0,4,1,1,2
"01-46-09-86","606dfeb842fa4339b5772cb092c00c26",1,21,12,0,0,9,3,5,3
"01-46-09-86","606dfeb842fa4339b5772cb092c00c26",0,20,17,0,0,1,3,9,8
"67-70-56-85","61187e593ce849f6b0b6f20972734150",1,40,32,12,4,28,28,0,0
"67-70-56-85","61187e593ce849f6b0b6f20972734150",0,51,25,6,1,45,24,0,0
"58-19-91-16","627c07fe24fc470f9300d75233c4b4ee",0,,,,,,,,
"58-19-91-16","627c07fe24fc470f9300d75233c4b4ee",1,,,,,,,,
"56-99-39-47","62c15549e2894eee9032940da84f6170",1,0,0,0,0,0,0,0,0
"56-99-39-47","62c15549e2894eee9032940da84f6170",0,18,24,0,0,6,8,7,9
"95-66-18-46","639bf406ae23488b9674d26d841618fb",0,9,2,0,0,6,0,1,1
"95-66-18-46","639bf406ae23488b9674d26d841618fb",1,11,3,0,0,1,1,4,1
"31-52-69-96","64a7c25789dc44988120f839b628656f",0,,,,,,,,
"31-52-69-96","64a7c25789dc44988120f839b628656f",1,,,,,,,,
"18-43-14-59","6504c17bdaa94ba5b08d852aa03e266d",1,24,22,0,0,10,7,9,9
"18-43-14-59","6504c17bdaa94ba5b08d852aa03e266d",0,14,28,0,0,9,14,4,9
"16-93-07-51","67a9e20200064275ab4495b3b07aca86",0,19,11,0,0,4,3,3,3
"16-93-07-51","67a9e20200064275ab4495b3b07aca86",1,20,12,0,0,6,3,9,9
"92-26-77-38","68f903f5bf9145f88554337640a5e431",1,24,10,0,0,15,6,7,4
"92-26-77-38","68f903f5bf9145f88554337640a5e431",0,18,12,0,0,12,11,4,1
"34-91-15-19","6927081db9f440ca849fbd55ac30e9bd",1,,,,,,,,
"34-91-15-19","6927081db9f440ca849fbd55ac30e9bd",0,,,,,,,,
"65-66-38-86","6a0f936dcc7846d187bcff0b122213e5",1,,,,,,,,
"65-66-38-86","6a0f936dcc7846d187bcff0b122213e5",0,,,,,,,,
"22-09-94-20","6a3556900ab44aeb9fe37891164e8f6a",0,,,,,,,,
"22-09-94-20","6a3556900ab44aeb9fe37891164e8f6a",1,,,,,,,,
"08-74-10-74","6a981e6f28e34024b3877b143c78a411",0,,,,,,,,
"08-74-10-74","6a981e6f28e34024b3877b143c78a411",1,,,,,,,,
"00-16-89-29","6ab741446b254f54b494a75bc6c31575",0,28,28,1,0,15,8,7,7
"00-16-89-29","6ab741446b254f54b494a75bc6c31575",1,40,32,1,0,6,7,10,9
"18-73-98-72","6d88e79cdca94f44955a26a280ceaae8",0,,,,,,,,
"18-73-98-72","6d88e79cdca94f44955a26a280ceaae8",1,,,,,,,,
"61-26-83-13","6f717245375d48cbaee0ccc130704124",1,9,19,0,0,0,8,6,2
"61-26-83-13","6f717245375d48cbaee0ccc130704124",0,10,16,0,0,2,1,3,4
"64-64-66-34","6fdd02cc5fad4b6aaaa699355b50a2c5",1,34,61,3,3,26,47,3,8
"64-64-66-34","6fdd02cc5fad4b6aaaa699355b50a2c5",0,64,59,8,3,42,31,2,7
"94-18-00-85","70b5acb304f142b291fc6b209f67a5b3",1,,,,,,,,
"94-18-00-85","70b5acb304f142b291fc6b209f67a5b3",0,,,,,,,,
"40-73-51-73","71230c66d335494aa424d7f85a36da60",1,,,,,,,,
"40-73-51-73","71230c66d335494aa424d7f85a36da60",0,,,,,,,,
"33-62-41-35","7377cd30ca6540eabb25b4a9a3de369d",1,,,,,,,,
"33-62-41-35","7377cd30ca6540eabb25b4a9a3de369d",0,,,,,,,,
"23-95-21-09","741a8331efc04b6b845110d8a212aec0",0,9,9,0,0,3,3,3,4
"23-95-21-09","741a8331efc04b6b845110d8a212aec0",1,9,24,1,0,3,6,0,6
"88-41-92-59","7557b1aecd28455e9909c6d2a923a832",0,16,30,0,0,3,4,5,9
"88-41-92-59","7557b1aecd28455e9909c6d2a923a832",1,23,23,0,0,4,6,6,7
"30-46-55-37","7663bb1198824f56a0370fa6f07e858a",0,26,40,0,0,2,11,11,16
"30-46-55-37","7663bb1198824f56a0370fa6f07e858a",1,,,,,,,,
"29-03-49-45","76864e14ab0a4c98a1cf17d54efe6acf",0,,,,,,,,
"29-03-49-45","76864e14ab0a4c98a1cf17d54efe6acf",1,,,,,,,,
"94-83-94-74","7746d7555f5844d3aa4e1b1db205baaa",0,,,,,,,,
"94-83-94-74","7746d7555f5844d3aa4e1b1db205baaa",1,,,,,,,,
"86-28-58-60","77d8e0bb2a8d40818176e4ca7fa67bed",0,,,,,,,,
"86-28-58-60","77d8e0bb2a8d40818176e4ca7fa67bed",1,,,,,,,,
"45-08-45-12","7858f0477c71435583949704dfdc8273",1,6,14,0,0,0,0,1,1
"45-08-45-12","7858f0477c71435583949704dfdc8273",0,14,8,0,0,0,0,0,3
"47-71-40-92","78bcb53eff2c4728a87f26ee0d5a7295",0,193,210,158,142,35,68,0,0
"47-71-40-92","78bcb53eff2c4728a87f26ee0d5a7295",1,267,112,225,94,42,18,0,0
"30-29-17-25","7ae3d3fc9a4344ba8bb7d8670ba0a214",1,4,4,0,0,0,0,3,2
"30-29-17-25","7ae3d3fc9a4344ba8bb7d8670ba0a214",0,3,1,0,0,0,0,1,1
"88-94-99-21","7cbae8c05a404cca98e447173d257eb4",0,19,19,16,14,3,5,0,0
"88-94-99-21","7cbae8c05a404cca98e447173d257eb4",1,27,16,17,10,10,5,0,0
"52-89-16-75","7cbedb93a4d54e71a77f6282ce45b604",0,13,17,0,0,6,6,5,6
"52-89-16-75","7cbedb93a4d54e71a77f6282ce45b604",1,27,18,0,0,12,8,10,3
"19-39-69-85","7ce87defa03b47d28ca7a85807a835eb",0,,,,,,,,
"19-39-69-85","7ce87defa03b47d28ca7a85807a835eb",1,,,,,,,,
"65-64-33-71","7d81ff7c7b1f45f682a2f778de1129d3",1,,,,,,,,
"65-64-33-71","7d81ff7c7b1f45f682a2f778de1129d3",0,,,,,,,,
"97-27-45-82","7dfe77c10a6d423da8b1fe1af366ff1a",0,,,,,,,,
"97-27-45-82","7dfe77c10a6d423da8b1fe1af366ff1a",1,,,,,,,,
"55-30-97-28","7e25926b2a7440e69f203158d6092c89",1,20,14,1,0,10,6,8,8
"55-30-97-28","7e25926b2a7440e69f203158d6092c89",0,18,26,0,0,10,7,5,9
"75-75-86-64","811f0969148848799fdeb81412c961b7",0,25,27,1,2,22,24,1,0
"75-75-86-64","811f0969148848799fdeb81412c961b7",1,21,35,6,9,15,26,0,0
"97-06-48-22","819574132d744fb58ef76356982dab3e",0,15,30,0,0,6,9,6,12
"97-06-48-22","819574132d744fb58ef76356982dab3e",1,23,22,1,0,9,5,7,9
"72-95-56-08","819dc7fb58f3487c92ce386410f0e484",0,31,28,3,1,18,11,6,4
"72-95-56-08","819dc7fb58f3487c92ce386410f0e484",1,16,16,1,0,4,1,3,3
"87-78-16-27","8240331915e74700903cd16936938273",1,,,,,,,,
"87-78-16-27","8240331915e74700903cd16936938273",0,,,,,,,,
"16-96-21-37","82a63311f1c84741bfd4b8e903e89fa4",0,63,95,2,3,52,65,5,20
"16-96-21-37","82a63311f1c84741bfd4b8e903e89fa4",1,58,90,3,1,29,50,15,26
"95-91-78-39","8513e8bd23c14fd198c0e28c57e978fb",0,32,19,1,0,25,16,4,3
"95-91-78-39","8513e8bd23c14fd198c0e28c57e978fb",1,35,29,2,0,26,16,2,5
"07-11-57-90","856d1989c4994c0bb213bd69b1cc4e28",0,22,18,0,0,1,7,7,7
"07-11-57-90","856d1989c4994c0bb213bd69b1cc4e28",1,17,16,1,0,7,7,6,3
"47-45-18-73","85d0e9e0a4f1496aaf118e34270048e6",0,2,2,0,0,1,2,1,0
"47-45-18-73","85d0e9e0a4f1496aaf118e34270048e6",1,4,4,0,0,2,1,0,0
"88-86-92-84","87888fff4c0c45d49f76bf7f930652a3",0,44,56,0,1,32,36,5,8
"88-86-92-84","87888fff4c0c45d49f76bf7f930652a3",1,41,46,5,1,27,25,3,3
"68-41-72-67","8873c7ea649641a9aa484ff5a2071ce5",1,15,12,0,0,7,4,8,13
"68-41-72-67","8873c7ea649641a9aa484ff5a2071ce5",0,23,31,0,0,7,4,8,13
"32-79-51-40","8a25746d91fd4a71903d25321bf21f4b",1,11,14,0,0,8,5,2,7
"32-79-51-40","8a25746d91fd4a71903d25321bf21f4b",0,21,22,0,1,13,4,6,11
"35-92-49-53","8a796de4a4744d1896966983749b62ce",1,,,,,,,,
"35-92-49-53","8a796de4a4744d1896966983749b62ce",0,13,23,2,0,8,12,1,6
"33-86-34-01","8cce422c32fb487db7f64fc57ab28ea3",0,,,,,,,,
"33-86-34-01","8cce422c32fb487db7f64fc57ab28ea3",1,,,,,,,,
"13-27-67-54","8d6c882303774a69b457c672b327bb4b",0,17,21,0,0,6,10,7,4
"13-27-67-54","8d6c882303774a69b457c672b327bb4b",1,17,26,0,0,7,2,4,7
"59-49-37-12","8e0674510f124c79adff16fa72a15dbf",1,28,17,0,0,8,0,8,6
"59-49-37-12","8e0674510f124c79adff16fa72a15dbf",0,21,17,0,0,17,10,3,3
"19-59-74-37","8e2224a0b6494414a93947f05e8d132e",0,,,,,,,,
"19-59-74-37","8e2224a0b6494414a93947f05e8d132e",1,,,,,,,,
"63-03-43-30","8ef78b7b0f7147e0ac63d91538fa815c",1,0,0,0,0,0,0,0,0
"63-03-43-30","8ef78b7b0f7147e0ac63d91538fa815c",0,8,6,0,0,1,0,4,1
"60-97-61-88","8f4c7489123f4036974cc7f574debbac",1,18,22,0,0,14,5,3,7
"60-97-61-88","8f4c7489123f4036974cc7f574debbac",0,15,23,0,0,5,4,1,6
"43-33-76-18","8f4e78e6dc8746289651442eb40f7d6d",0,18,34,0,0,4,3,4,0
"43-33-76-18","8f4e78e6dc8746289651442eb40f7d6d",1,17,41,0,0,0,2,2,5
"22-52-74-75","8f6eac2d77894b3f8ba983cdb145dfa6",0,59,79,21,13,35,60,3,5
"22-52-74-75","8f6eac2d77894b3f8ba983cdb145dfa6",1,42,80,4,8,26,52,6,12
"04-35-73-80","8fc56ed20a424d2fac2361dd0f33e3ea",0,16,12,0,0,11,5,4,4
"04-35-73-80","8fc56ed20a424d2fac2361dd0f33e3ea",1,74,73,1,1,28,22,23,20
"20-43-32-61","91a39a9bf8bb4ad68964d8dc19ba3253",0,,,,,,,,
"20-43-32-61","91a39a9bf8bb4ad68964d8dc19ba3253",1,,,,,,,,
"35-98-52-71","92bc05e40dff4e818160d4bc3bd31eee",0,20,11,0,0,9,0,8,5
"35-98-52-71","92bc05e40dff4e818160d4bc3bd31eee",1,26,12,0,0,8,0,7,6
"22-63-38-40","93f32e4649e8452181fa4f17e75cbf30",1,,,,,,,,
"22-63-38-40","93f32e4649e8452181fa4f17e75cbf30",0,,,,,,,,
"18-33-14-59","96087df97f6b4e1c8a0ec6aab97ffc23",0,30,13,1,0,24,12,2,1
"18-33-14-59","96087df97f6b4e1c8a0ec6aab97ffc23",1,19,16,0,0,12,13,5,1
"92-06-84-13","9693819c6c25424e8079d7bd5a399e59",0,,,,,,,,
"92-06-84-13","9693819c6c25424e8079d7bd5a399e59",1,11,9,1,0,3,1,2,1
"93-57-84-53","97ae00424b064a76ab02f3474665cca3",0,30,16,3,1,18,7,7,6
"93-57-84-53","97ae00424b064a76ab02f3474665cca3",1,37,28,1,0,9,7,11,6
"00-36-74-14","97eeb4f2eae84dfc85e15d277e751cfb",0,76,51,0,0,17,5,20,8
"00-36-74-14","97eeb4f2eae84dfc85e15d277e751cfb",1,43,44,0,0,5,7,15,5
"30-99-66-58","989ebf98f43b4297beef92b24367e4c8",0,,,,,,,,
"30-99-66-58","989ebf98f43b4297beef92b24367e4c8",1,,,,,,,,
"09-71-54-71","9a2a6af2f9924430b9a0cc47327b661f",0,,,,,,,,
"09-71-54-71","9a2a6af2f9924430b9a0cc47327b661f",1,,,,,,,,
"22-11-58-99","9c9917e6e1554969a1d66ac128e8d541",0,32,49,2,1,27,37,1,10
"22-11-58-99","9c9917e6e1554969a1d66ac128e8d541",1,45,42,3,3,36,31,5,4
"06-94-60-69","9cb352e8b3464891a8e56c9682e6e772",1,,,,,,,,
"06-94-60-69","9cb352e8b3464891a8e56c9682e6e772",0,,,,,,,,
"12-56-84-63","9da07074406c46e68f1ad5e7813e373b",0,10,6,0,0,6,1,2,6
"12-56-84-63","9da07074406c46e68f1ad5e7813e373b",1,9,6,0,0,2,1,2,3
"30-88-55-94","9eec20fc44d14b1485a5b54407494313",1,,,,,,,,
"30-88-55-94","9eec20fc44d14b1485a5b54407494313",0,,,,,,,,
"55-27-58-19","a0b8bff5458e45b08b17f5b96f939cfb",1,21,18,1,0,11,7,5,6
"55-27-58-19","a0b8bff5458e45b08b17f5b96f939cfb",0,21,14,0,0,15,7,3,4
"20-49-68-89","a28038d2ed0047b28fc0ac652e00429b",1,43,56,17,17,21,30,6,1
"20-49-68-89","a28038d2ed0047b28fc0ac652e00429b",0,25,22,4,5,18,20,0,0
"41-07-98-38","a2b201c029f84e18ae079b30d287184d",0,19,14,0,0,6,2,4,5
"41-07-98-38","a2b201c029f84e18ae079b30d287184d",1,11,11,0,0,1,0,1,1
"48-26-89-12","a33b5f5221a14a80bfed99a205524fe7",0,19,8,0,0,7,2,3,3
"48-26-89-12","a33b5f5221a14a80bfed99a205524fe7",1,15,12,0,0,5,2,4,3
"07-23-18-10","a3968f62607b402a85a551fab137e191",1,,,,,,,,
"07-23-18-10","a3968f62607b402a85a551fab137e191",0,,,,,,,,
"26-48-88-55","a3e0e5b0bb6045dbb836bcae2ae555c5",0,10,20,0,0,5,6,4,11
"26-48-88-55","a3e0e5b0bb6045dbb836bcae2ae555c5",1,15,18,0,0,8,2,4,5
"98-67-40-59","a3e421e5c8924b2ebd4c84e7ab0538a4",0,25,9,0,0,13,2,6,4
"98-67-40-59","a3e421e5c8924b2ebd4c84e7ab0538a4",1,26,10,0,0,12,1,10,4
"82-74-17-32","a633fb014edd4a55953902a674518e63",0,,,,,,,,
"82-74-17-32","a633fb014edd4a55953902a674518e63",1,,,,,,,,
"83-94-15-57","a63fa436b8c141679c0885b968ae1d73",0,31,29,0,0,8,2,8,13
"83-94-15-57","a63fa436b8c141679c0885b968ae1d73",1,22,17,0,0,8,4,3,4
"85-90-80-90","a835522691ae4b52a5e2902750d571d5",0,34,56,9,7,23,48,0,2
"85-90-80-90","a835522691ae4b52a5e2902750d571d5",1,40,51,14,8,23,38,3,5
"82-09-93-64","a8fe82d0ebbd444d98af07dc137b4e07",0,32,22,0,0,1,1,4,8
"82-09-93-64","a8fe82d0ebbd444d98af07dc137b4e07",1,39,27,0,0,10,2,10,9
"23-06-00-01","ab0749b99f874a8a9ad0e218c7070e41",1,,,,,,,,
"23-06-00-01","ab0749b99f874a8a9ad0e218c7070e41",0,,,,,,,,
"77-78-65-13","ab0e78b5778048bf9a70403cd622a4ff",0,50,22,0,0,31,11,11,7
"77-78-65-13","ab0e78b5778048bf9a70403cd622a4ff",1,27,16,3,0,11,3,9,8
"22-22-00-56","ab459ff868574eccbf2972ff990e7bf9",1,38,32,2,1,29,10,4,11
"22-22-00-56","ab459ff868574eccbf2972ff990e7bf9",0,36,32,1,0,29,17,2,9
"72-50-87-06","ab713365c71c4bb89d206b8093278f1c",0,22,6,0,0,5,2,12,3
"72-50-87-06","ab713365c71c4bb89d206b8093278f1c",1,14,6,0,0,3,1,6,4
"13-11-99-45","ac28a7c8f3e745efb2801d1e3304e9a3",0,,,,,,,,
"13-11-99-45","ac28a7c8f3e745efb2801d1e3304e9a3",1,,,,,,,,
"74-93-61-60","aca7e45fe9774f0781f5651e408038e6",1,17,10,0,0,4,0,8,4
"74-93-61-60","aca7e45fe9774f0781f5651e408038e6",0,23,11,0,0,16,1,2,6
"24-59-00-53","ae56e2c944ce4a368290a335d0d2a43b",0,36,38,0,0,15,7,9,8
"24-59-00-53","ae56e2c944ce4a368290a335d0d2a43b",1,34,44,1,0,11,10,12,11
"76-04-95-30","ae7bb6fd7ff54143ae6ee473fdcc7afc",1,2,0,0,0,1,0,1,0
"76-04-95-30","ae7bb6fd7ff54143ae6ee473fdcc7afc",0,4,2,0,0,2,0,1,0
"35-51-00-88","aed4071826f04462a59bfabca5d2ca06",1,40,55,7,5,25,23,3,13
"35-51-00-88","aed4071826f04462a59bfabca5d2ca06",0,32,50,1,1,15,31,5,7
"24-46-40-79","af8d7a4a02504bb7821e271ac62d45fd",1,10,16,0,0,3,2,6,9
"24-46-40-79","af8d7a4a02504bb7821e271ac62d45fd",0,9,16,0,0,5,4,3,10
"25-20-92-54","afa09473cbcc44dfbe78de562eaa298f",0,30,19,2,0,26,18,1,1
"25-20-92-54","afa09473cbcc44dfbe78de562eaa298f",1,,,,,,,,
"13-55-77-20","b01c536bdb1a45b898dab000df0f3267",1,,,,,,,,
"13-55-77-20","b01c536bdb1a45b898dab000df0f3267",0,,,,,,,,
"80-63-59-73","b0f9243778a344a8a72fc524a6863f9a",1,74,101,28,11,39,73,5,11
"80-63-59-73","b0f9243778a344a8a72fc524a6863f9a",0,84,107,13,13,62,82,5,10
"47-97-04-43","b1884aea03a844029e86334683703b09",0,21,13,0,0,6,2,6,5
"47-97-04-43","b1884aea03a844029e86334683703b09",1,14,27,0,0,8,1,5,12
"53-55-20-69","b1abb00b1ee043ffa3c18766a7d63142",1,22,34,2,0,4,5,6,7
"53-55-20-69","b1abb00b1ee043ffa3c18766a7d63142",0,23,24,0,1,8,11,6,8
"80-00-26-34","b20b2988cc4140df81890d31bb284697",1,15,19,0,0,4,0,4,8
"80-00-26-34","b20b2988cc4140df81890d31bb284697",0,13,11,0,0,7,1,0,8
"72-13-08-02","b21b3ee4c5394287abdaa88134b11078",1,,,,,,,,
"72-13-08-02","b21b3ee4c5394287abdaa88134b11078",0,,,,,,,,
"36-87-56-87","b289994ae63440efbf4bd086457f67c8",0,53,80,4,2,44,52,11,12
"36-87-56-87","b289994ae63440efbf4bd086457f67c8",1,69,68,3,2,22,43,8,19
"89-20-72-11","b32dc85cbfb145db9b0787c8bdf3b7d0",1,22,31,2,2,13,16,2,2
"89-20-72-11","b32dc85cbfb145db9b0787c8bdf3b7d0",0,17,16,0,0,6,8,7,4
"81-20-77-29","b389c239719a4796854b290e12631dbb",1,,,,,,,,
"81-20-77-29","b389c239719a4796854b290e12631dbb",0,17,4,1,0,15,2,1,2
"81-61-50-13","b6c40689d08f41cfbcd481e1deb14577",0,16,10,0,0,3,3,4,5
"81-61-50-13","b6c40689d08f41cfbcd481e1deb14577",1,12,17,0,0,4,1,2,5
"71-01-18-75","b8dcc618f4c342b3aee3d0ff6ce21e8f",0,31,32,2,0,17,13,7,9
"71-01-18-75","b8dcc618f4c342b3aee3d0ff6ce21e8f",1,29,29,1,1,18,13,7,10
"54-78-39-35","b92650e55fb14845840d3f164fba1491",1,5,4,0,0,1,1,5,2
"54-78-39-35","b92650e55fb14845840d3f164fba1491",0,3,5,0,0,0,0,1,0
"37-30-82-94","b959c6a261f04e80967f5261a5095c64",0,,,,,,,,
"37-30-82-94","b959c6a261f04e80967f5261a5095c64",1,,,,,,,,
"42-83-16-09","baa361cd94c74ceb900b4fe3cabbdbba",1,16,19,1,0,10,11,2,5
"42-83-16-09","baa361cd94c74ceb900b4fe3cabbdbba",0,6,14,0,0,5,11,0,2
"59-24-40-04","bc01a17fd5d245e2a35d78b99bb04187",1,12,13,0,0,3,4,2,4
"59-24-40-04","bc01a17fd5d245e2a35d78b99bb04187",0,7,8,0,0,1,0,2,2
"37-77-55-14","bc2bf51e178c42e1bc7de3ade20338d5",0,6,14,0,0,3,3,3,0
"37-77-55-14","bc2bf51e178c42e1bc7de3ade20338d5",1,4,8,0,0,1,1,1,1
"28-28-90-63","be03e0b731204737a2e4f7e0d2030d21",0,17,39,0,0,16,38,1,1
"28-28-90-63","be03e0b731204737a2e4f7e0d2030d21",1,17,29,1,0,16,29,0,0
"14-85-95-70","bea4b4b78acc42a6a591220eff1ca34e",0,33,53,0,0,18,21,6,6
"14-85-95-70","bea4b4b78acc42a6a591220eff1ca34e",1,76,44,0,2,13,23,36,2
"91-10-01-18","bedf52b414be4498a687aa04f00db6bf",0,59,79,21,13,35,60,3,5
"91-10-01-18","bedf52b414be4498a687aa04f00db6bf",1,42,80,4,8,26,52,6,12
"90-46-30-94","bfaec23e25e948f2b4be3e00fb79e2ba",0,,,,,,,,
"90-46-30-94","bfaec23e25e948f2b4be3e00fb79e2ba",1,,,,,,,,
"88-67-72-87","c05e5755364f4c9eb48addd0418e8f5d",1,14,20,5,5,15,5,1,3
"88-67-72-87","c05e5755364f4c9eb48addd0418e8f5d",0,16,20,3,1,9,19,2,0
"21-18-44-50","c0cdc564be864ac698cba75135459a5e",0,4,2,0,0,2,0,1,0
"21-18-44-50","c0cdc564be864ac698cba75135459a5e",1,2,0,0,0,1,0,1,0
"05-72-66-37","c1185221c2d343bb88b3ec950686798c",1,,,,,,,,
"05-72-66-37","c1185221c2d343bb88b3ec950686798c",0,,,,,,,,
"96-93-21-70","c1b998e93a934a8cb45545fc66b93d36",0,15,20,0,0,7,4,8,10
"96-93-21-70","c1b998e93a934a8cb45545fc66b93d36",1,22,23,0,0,5,3,8,6
"09-41-83-25","c1befc6653a84ef68640bc9923760c39",1,,,,,,,,
"09-41-83-25","c1befc6653a84ef68640bc9923760c39",0,,,,,,,,
"08-27-94-74","c1dbf4334e904dc1b6b93391efe6de15",0,16,21,2,4,13,18,0,0
"08-27-94-74","c1dbf4334e904dc1b6b93391efe6de15",1,16,33,3,2,11,28,1,2
"96-05-76-94","c417d5092fa04356addbe1ab9f6c471d",1,32,22,0,0,12,7,8,8
"96-05-76-94","c417d5092fa04356addbe1ab9f6c471d",0,23,19,0,0,17,11,3,3
"33-46-89-47","c441996b11764b4a9b89ffa9e072e594",0,21,16,0,0,6,0,3,5
"33-46-89-47","c441996b11764b4a9b89ffa9e072e594",1,43,28,1,1,19,7,7,11
"86-65-40-94","c5a736b38a4843b68ddf780785c9403e",1,45,11,1,0,21,0,11,1
"86-65-40-94","c5a736b38a4843b68ddf780785c9403e",0,29,12,0,0,10,0,7,2
"40-59-35-84","c63d7a3af8c74ccca231ecfa5dffb50b",1,22,24,0,0,20,23,1,0
"40-59-35-84","c63d7a3af8c74ccca231ecfa5dffb50b",0,20,24,0,0,21,24,0,0
"41-29-42-22","cb6f1ca5c1d84fe4be8e6d65f1ecb6ee",1,,,,,,,,
"41-29-42-22","cb6f1ca5c1d84fe4be8e6d65f1ecb6ee",0,,,,,,,,
"20-19-89-31","cc21c380258748b09434448dd3cd19d6",0,17,38,0,0,8,13,1,11
"20-19-89-31","cc21c380258748b09434448dd3cd19d6",1,19,29,0,0,9,9,4,11
"16-74-30-99","cc5224ac26434558b1870292cd790c14",0,21,23,0,0,4,12,3,12
"16-74-30-99","cc5224ac26434558b1870292cd790c14",1,30,34,1,0,12,7,9,6
"53-89-11-68","cc67d6bf9be34858953f0195bb61efdc",0,21,23,0,0,13,4,6,11
"53-89-11-68","cc67d6bf9be34858953f0195bb61efdc",1,18,12,0,0,7,3,6,6
"66-28-67-92","cd53be65dbb54ae58e54c8e2e8876a98",1,24,6,0,0,12,4,10,1
"66-28-67-92","cd53be65dbb54ae58e54c8e2e8876a98",0,21,9,1,0,10,2,5,5
"93-24-80-62","cda502a2bc2f4dcb81105822378261d2",0,,,,,,,,
"93-24-80-62","cda502a2bc2f4dcb81105822378261d2",1,,,,,,,,
"18-69-48-95","cdda605e7bf84e2998e7dc1b3f9fc012",0,8,8,1,1,7,5,0,1
"18-69-48-95","cdda605e7bf84e2998e7dc1b3f9fc012",1,10,11,0,0,6,5,3,3
"41-30-97-75","ce09e57177af41adadea55b1118f29be",0,6,14,0,0,5,6,1,6
"41-30-97-75","ce09e57177af41adadea55b1118f29be",1,,,,,,,,
"59-65-12-85","cecbc69db6044c88b541853782f11ff2",0,0,0,0,0,0,0,0,0
"59-65-12-85","cecbc69db6044c88b541853782f11ff2",1,10,5,0,0,0,0,4,0
"80-81-10-28","cff36b0b20f648be8341cd074068c657",1,,,,,,,,
"80-81-10-28","cff36b0b20f648be8341cd074068c657",0,39,86,2,1,18,62,5,15
"65-23-15-88","d0cdf3d489a641c0a3e23bb1fb1adcfc",1,50,54,0,0,13,7,13,9
"65-23-15-88","d0cdf3d489a641c0a3e23bb1fb1adcfc",0,74,48,1,0,32,21,18,7
"31-65-28-65","d132b4d495064853b88b9de098d24ae1",0,40,53,0,0,20,30,9,12
"31-65-28-65","d132b4d495064853b88b9de098d24ae1",1,46,66,4,1,22,33,10,17
"59-18-11-47","d27f68aecc4d4350baef7ba84d39d9f0",0,40,67,7,3,30,59,3,5
"59-18-11-47","d27f68aecc4d4350baef7ba84d39d9f0",1,41,75,11,14,26,52,2,7
"59-37-58-86","d2ad4ad31dbd4666bec8eaec059c3d08",1,19,17,0,0,12,4,6,6
"59-37-58-86","d2ad4ad31dbd4666bec8eaec059c3d08",0,18,13,0,0,10,3,6,7
"52-68-30-65","d2d172cc1ef541e48cba1c6ed47f1841",1,,,,,,,,
"52-68-30-65","d2d172cc1ef541e48cba1c6ed47f1841",0,,,,,,,,
"68-46-02-26","d3f59ad872434ad1b2bec94ed6e6e947",0,43,67,7,9,26,45,5,6
"68-46-02-26","d3f59ad872434ad1b2bec94ed6e6e947",1,38,54,19,15,17,36,0,2
"66-91-74-76","d451154d23f041d0915801f7838e703d",0,13,14,10,10,3,4,0,0
"66-91-74-76","d451154d23f041d0915801f7838e703d",1,14,11,13,10,1,1,0,0
"13-38-51-04","d4eb3a77cedc42abb1e1bb99a214a7e8",0,13,4,0,0,7,2,5,2
"13-38-51-04","d4eb3a77cedc42abb1e1bb99a214a7e8",1,15,3,1,0,12,1,2,2
"49-85-88-60","d50819d660b042d7b279465864368a55",1,13,3,0,0,1,0,1,1
"49-85-88-60","d50819d660b042d7b279465864368a55",0,20,22,0,0,4,4,4,5
"77-50-49-21","d59bcc343d9e47379e45203869d1f64f",0,17,28,0,0,9,8,7,11
"77-50-49-21","d59bcc343d9e47379e45203869d1f64f",1,26,32,0,0,8,4,11,13
"35-31-24-31","d5dab880982d42b9899469131ffc2054",0,81,61,45,15,36,45,0,1
"35-31-24-31","d5dab880982d42b9899469131ffc2054",1,45,29,25,32,2,0,0,0
"16-89-92-55","d72ffb6509f04269a54566ef5106a498",0,6,13,0,0,3,2,2,11
"16-89-92-55","d72ffb6509f04269a54566ef5106a498",1,8,14,1,0,5,8,1,2
"24-03-14-28","d852fc9843fe45ffb9544b916d5f2cfc",0,20,37,0,0,10,9,3,15
"24-03-14-28","d852fc9843fe45ffb9544b916d5f2cfc",1,46,27,0,0,26,7,7,10
"09-82-39-37","d8c64e61dafa401b94c8afc0cfb15fef",1,32,29,4,1,18,6,5,12
"09-82-39-37","d8c64e61dafa401b94c8afc0cfb15fef",0,12,19,2,1,6,11,2,5
"54-82-15-45","d91d6fec7fec4232a968ff6c765ab1eb",1,42,17,1,0,21,3,10,5
"54-82-15-45","d91d6fec7fec4232a968ff6c765ab1eb",0,36,14,1,0,22,3,7,6
"46-49-96-63","d935539999f64771a119eb32574c160e",0,22,31,3,0,16,28,3,0
"46-49-96-63","d935539999f64771a119eb32574c160e",1,24,45,0,2,20,31,4,11
"92-40-07-74","d93b73d98836425fafd96b0bc9407548",1,17,5,1,0,14,4,1,0
"92-40-07-74","d93b73d98836425fafd96b0bc9407548",0,17,26,0,1,11,12,4,5
"46-97-38-14","da0d63139da84fa088cb8a3f8893374e",1,,,,,,,,
"46-97-38-14","da0d63139da84fa088cb8a3f8893374e",0,,,,,,,,
"81-72-86-31","daafca5294924c609725305aa9da92d2",1,19,10,1,0,5,3,6,4
"81-72-86-31","daafca5294924c609725305aa9da92d2",0,31,14,0,0,15,6,9,4
"39-31-02-27","dacd91af18154d51894a52d02a3cb2b1",0,20,30,0,0,15,16,3,10
"39-31-02-27","dacd91af18154d51894a52d02a3cb2b1",1,19,19,4,2,12,11,2,1
"14-56-46-86","dc3741ca4a3c451291a3c0370adfd965",1,,,,,,,,
"14-56-46-86","dc3741ca4a3c451291a3c0370adfd965",0,,,,,,,,
"30-44-92-98","dd72172834734d53967b7f13d9946d3e",0,,,,,,,,
"30-44-92-98","dd72172834734d53967b7f13d9946d3e",1,,,,,,,,
"92-54-66-94","de0d420b95f949409ddd6e6ef359572f",0,7,4,0,0,3,0,1,0
"92-54-66-94","de0d420b95f949409ddd6e6ef359572f",1,0,0,0,0,0,0,0,0
"15-27-59-11","df9e133eb2f54a81911f454050262cc9",1,,,,,,,,
"15-27-59-11","df9e133eb2f54a81911f454050262cc9",0,,,,,,,,
"41-87-65-27","dfd66efc10c04db4bc7a7710205fba47",1,8,14,0,0,2,4,1,4
"41-87-65-27","dfd66efc10c04db4bc7a7710205fba47",0,20,7,1,0,11,4,4,2
"51-59-01-53","e0d553e3abb24993844f0de7e20c86db",0,13,15,0,0,4,4,2,4
"51-59-01-53","e0d553e3abb24993844f0de7e20c86db",1,15,8,0,0,3,1,4,2
"92-04-38-87","e1d242437c104649bf3a034bad2925c9",0,20,17,0,0,5,0,8,10
"92-04-38-87","e1d242437c104649bf3a034bad2925c9",1,,,,,,,,
"66-82-27-82","e2087f2693664d9097024fd484730d71",1,,,,,,,,
"66-82-27-82","e2087f2693664d9097024fd484730d71",0,,,,,,,,
"48-37-16-81","e314846cc6e745f2b46ca45107218154",0,39,51,1,0,33,38,6,8
"48-37-16-81","e314846cc6e745f2b46ca45107218154",1,34,24,6,0,28,20,0,2
"08-49-55-81","e359063a9c1842feace88741f2b4863c",0,9,16,0,0,7,6,0,7
"08-49-55-81","e359063a9c1842feace88741f2b4863c",1,21,15,0,0,1,0,6,1
"24-81-35-44","e57503779f904b9a89276f70cdc6d98b",0,,,,,,,,
"24-81-35-44","e57503779f904b9a89276f70cdc6d98b",1,,,,,,,,
"04-12-51-46","e7fa94896c414ae5a4e11d7b299951b1",0,8,9,0,0,2,1,2,0
"04-12-51-46","e7fa94896c414ae5a4e11d7b299951b1",1,10,3,0,0,3,1,0,0
"16-34-77-09","e83ef3501b9148fc8d8660761d61f6b1",1,12,16,0,0,7,7,3,3
"16-34-77-09","e83ef3501b9148fc8d8660761d61f6b1",0,19,21,0,0,6,11,4,5
"35-16-36-79","e8807528500d494886e1493f22b6d612",1,,,,,,,,
"35-16-36-79","e8807528500d494886e1493f22b6d612",0,,,,,,,,
"88-64-25-80","ea112b0ba08542bfb07f10c636ff82a0",0,,,,,,,,
"88-64-25-80","ea112b0ba08542bfb07f10c636ff82a0",1,,,,,,,,
"46-50-03-97","eb9b8edf03314bb39c1982b462c88cd3",0,,,,,,,,
"46-50-03-97","eb9b8edf03314bb39c1982b462c88cd3",1,,,,,,,,
"34-64-32-00","eba103dd973241ecb07baee474e8f9d9",1,,,,,,,,
"34-64-32-00","eba103dd973241ecb07baee474e8f9d9",0,,,,,,,,
"96-79-66-75","ec1c482374644eb983a647909e350403",0,23,24,1,0,4,6,3,5
"96-79-66-75","ec1c482374644eb983a647909e350403",1,,,,,,,,
"49-96-25-37","ec3f5f7d84244a55ab42dff82b6846d9",1,22,24,1,1,7,0,6,13
"49-96-25-37","ec3f5f7d84244a55ab42dff82b6846d9",0,7,17,1,0,3,3,2,9
"96-60-14-26","ec558b4ca32e46a7943986f7ad4a9588",0,10,8,0,0,1,1,1,2
"96-60-14-26","ec558b4ca32e46a7943986f7ad4a9588",1,5,11,0,0,3,0,1,8
"51-48-45-42","ee1ae37bb5574ebb8cfcaa312e7e1f0b",1,0,0,0,0,0,0,0,0
"51-48-45-42","ee1ae37bb5574ebb8cfcaa312e7e1f0b",0,0,0,0,0,0,0,0,0
"34-89-24-08","ef140c8eb6aa466fa41b317628e0cbf8",0,33,53,0,0,18,21,6,6
"34-89-24-08","ef140c8eb6aa466fa41b317628e0cbf8",1,76,44,0,2,13,23,36,2
"51-89-46-48","ef37261b68c446679bec7e072b4d916e",1,15,15,0,0,1,1,4,2
"51-89-46-48","ef37261b68c446679bec7e072b4d916e",0,15,7,0,0,8,1,2,2
"15-63-97-83","f03953e0053e44408d6efa237ee3063f",1,,,,,,,,
"15-63-97-83","f03953e0053e44408d6efa237ee3063f",0,,,,,,,,
"04-82-98-03","f107a301616c4ff69b6fa7bfa877faab",1,14,24,2,1,10,20,2,3
"04-82-98-03","f107a301616c4ff69b6fa7bfa877faab",0,20,23,2,1,18,21,0,1
"27-44-94-20","f14f6099b4984c1d8b984fb22f251032",1,23,12,0,0,11,3,5,3
"27-44-94-20","f14f6099b4984c1d8b984fb22f251032",0,28,23,0,0,5,3,11,7
"65-42-84-81","f1dca8894a0b46eab802b52b2ecc70c0",1,27,40,1,0,9,8,10,11
"65-42-84-81","f1dca8894a0b46eab802b52b2ecc70c0",0,38,33,4,0,25,21,3,7
"63-52-54-38","f33d7de27c14495a89301cb34c6e6dfb",1,34,31,0,1,17,18,8,7
"63-52-54-38","f33d7de27c14495a89301cb34c6e6dfb",0,30,27,0,0,13,11,8,6
"38-55-59-69","f4836ae1155c495c9363570573d1f81a",1,,,,,,,,
"38-55-59-69","f4836ae1155c495c9363570573d1f81a",0,,,,,,,,
"48-32-44-07","f4c5c89950bb4141ab4d895c0b25bb20",1,,,,,,,,
"48-32-44-07","f4c5c89950bb4141ab4d895c0b25bb20",0,,,,,,,,
"33-49-10-28","f568ccaeb7434baf8b85c82b6999a9e1",1,,,,,,,,
"33-49-10-28","f568ccaeb7434baf8b85c82b6999a9e1",0,,,,,,,,
"05-41-62-25","f5e7dce2332d41b28c3cd37fceac50cf",1,27,34,2,2,21,25,1,10
"05-41-62-25","f5e7dce2332d41b28c3cd37fceac50cf",0,38,36,2,2,31,26,3,4
"92-58-44-91","f709ca33e5624c40bbebb5bbff93d32f",0,30,14,0,0,11,0,8,9
"92-58-44-91","f709ca33e5624c40bbebb5bbff93d32f",1,30,21,0,0,8,1,12,8
"08-27-83-30","f81dc4ec9efb45e0ac04ce96bd3fac02",1,17,12,0,0,11,6,3,1
"08-27-83-30","f81dc4ec9efb45e0ac04ce96bd3fac02",0,12,15,1,0,6,9,4,5
"36-13-76-78","f875111d04594103a21af312cda6e741",0,9,13,0,1,7,9,2,1
"36-13-76-78","f875111d04594103a21af312cda6e741",1,9,13,1,0,5,3,1,5
"66-72-06-13","f941ce88ba9a48e99842d995455d47bd",0,23,20,0,0,13,9,5,7
"66-72-06-13","f941ce88ba9a48e99842d995455d47bd",1,21,15,0,0,15,15,2,1
"38-34-59-31","f94bd031b7014493ba1c0295e5614dca",0,51,61,11,7,42,60,1,1
"38-34-59-31","f94bd031b7014493ba1c0295e5614dca",1,48,72,17,11,26,53,3,5
"88-18-91-21","f980545af05e454a9a37280d7272716d",0,18,7,1,1,8,2,6,1
"88-18-91-21","f980545af05e454a9a37280d7272716d",1,12,17,1,0,5,7,3,0
"42-81-20-45","f9db50b4f83b436ab20692f8d1d0e345",1,,,,,,,,
"42-81-20-45","f9db50b4f83b436ab20692f8d1d0e345",0,,,,,,,,
"60-32-27-19","fb5c0b7c4fa64ce8b41a2d746086f7a1",1,25,49,1,2,18,38,4,7
"60-32-27-19","fb5c0b7c4fa64ce8b41a2d746086f7a1",0,29,31,1,2,23,17,5,9
"87-17-71-30","fd09bf6c0d16410f9135f36ef5e6993b",1,,,,,,,,
"87-17-71-30","fd09bf6c0d16410f9135f36ef5e6993b",0,,,,,,,,
"86-59-69-87","fd39653b0c2d49a2b86bf992b96cf4d0",0,,,,,,,,
"86-59-69-87","fd39653b0c2d49a2b86bf992b96cf4d0",1,,,,,,,,
"83-86-63-56","fecc0f5ccad940ceb621e46eb9f59f77",0,13,16,0,0,5,5,4,8
"83-86-63-56","fecc0f5ccad940ceb621e46eb9f59f77",1,16,20,0,0,5,6,6,9
"17-59-88-03","fffa2187e3d447b085ed6aedd03b38da",0,26,26,0,0,5,15,7,14
"17-59-88-03","fffa2187e3d447b085ed6aedd03b38da",1,21,36,0,0,16,10,4,19
