"comcod","c4hmis1","c4hmis2","c4hmis3","c4hmis4","c4hmis5a","c4hmis5b","c4hmis5c","c4hcom1","c4hcom2"
"1010002","KALANGALA",,"SHALOM",,,,,"DONT DO DELIVERIES AND IMMUNISATION OF CHILDREN","DONT MAKE HMIS 105"
"1020001","KAMPALA","KISENYI","CENTRAC",3,6,12,2010,,
"1020002","KAMPALA","CENTRAL","KISENYI",3,6,12,2010,,
"1020003","KAMPALA","KAMPALA CENTRAL DIVISION","KLA DISPENSARI",33,8,12,2010,"SOME TALLY SHEETS FOR IMMUZATION MISSING.",
"1020004","KAMPALA","KAWEMPE","KAWEMPE",3,1,2,2011,"THE UINT HAS TOO MANY REGISTERS THAT SOME HAVE BEEN MISPLACE","ED"
"1020005",,,,,,,,,
"1020006","KAMPALA","KAWEMPE","KAWEMPE",3,1,2,2011,"TH EUNIT HAS MANY REGISTERS HENCE SOME HAVE BEEN MISPLACED.",
"1020007","KAMPALA","KAWEMPE NORTH","KOMAMBOGA",117,29,10,2010,"HMIS FOR REMAINED AT THE HSD.",
"1020008","KAMPALA","KAWEMPE","KAWEMPE",3,1,2,2011,,
"1020009",,,,,,,,,
"1020010",,,,,,,,,
"1020011",,,,,,,,,
"1020012","KAMPALA","MAKINDYE","SIMBA CLINIC",,23,9,2011,,
"1020013",,,,,,,,,
"1020014","KAMPALA","MAKINDYE DIVISION","ANTONY CLINIC",111,31,5,2011,"THE KEY TO THE STORE WAS NOT AVAILABLE",
"1020015",,,,,,,,,
"1020016",,,,,,,,,
"1020017","KAMPALA","MAKINDYE DIVISION","KIRUDDI H/C 3",83,18,8,2011,,
"1020018","KAMPALA",,"ST ANDREANS",,23,9,2011,,
"1020019","KAMPALA","MAKINDYE","KANSANGA MC",,6,5,2011,,"ACCOUNTSWITH THE HEALTH CENTRE AND ARE NOT RECORDED IN REGIS"
"1020020","KAMPALA","UGANDA MEDICAL CATHIOC .","KCCC",,2,6,2012,,
"1020021",,,,,,,,,
"1020022",,,,,,,,,
"1020023",,,,,,,,,
"1020024","KAMPALA","KAMPALA","KISWA",23,5,4,2011,,
"1020025","KAMPALA","KAMPALA","KISWA",23,25,10,2010,,
"1020026",,,,,,,,,
"1020027","KAMPALA","RUBAGA DIVISION","KITEBI",56,,,,,
"1020028","KAMPALA","RUBAGA NORTH","KAWAALA",84,28,7,2011,"THEY ALSO SEE ABOUT 800 A.R.T PATIENTS WHO HAVE BEEN","EXCLUDED FROM THIS RECORD."
"1020029",,,,,,,,,
"1020030",,,,,,,,,
"1020031",,,,,,,,,
"1020032",,,,,,,,,
"1020033",,,,,,,,,
"1020034","KAMPALA","RUBAGA DIVISION","KITEBI HEALTH CENTRE III",86,28,1,2011,,
"1030003","KIBOGA","LWAMATA","BUKOMERO HEALTH CENTRE",15,27,4,2011,"HAVE DATABASE THOUGH IT WAS NOT FILLED IN FOR THE POINTS","OF INTERESTS."
"1030005","KYANKWANZI","KYANKWANZI D.H.O'S OFFICE","NTWETWE",20,21,3,2010,"MONTH OF INTEREST NOT FILLED. NO DISTINCTION BETWEEN ATTENDA","NCE AND RE-ATTENDENCE"
"1040002","LUWERO","NYIMBWA HSD","NJOVU MEDICAL CENTRE",,23,6,2011,"THEY KEEP THEIR RECORDS FOR OPD AND MATERNITY RECORDS IN THE","COMPUTER AND HAD NO ELECTRICITY AT THE MOMENT."
"1040004","LUWEERO","KALAGALA H/C 4","KALAGALA H/C 4",20,3,10,10,"RECORD ASSISTANT DOESN'T WRITE UP THE FACILITY REPORT",
"1040006","LUWERO","BAMUNANIKA","ZIROBWE",23,22,3,2011,,"TALLY SHEETS ARE MISSING"
"1040008","LUWERO","KASANA","KYALUGONDO",47,20,12,2010,"PATIENTS HAVE TO PAY FOR THE AVAILABLE AMULANCE OR ELSE USE","A BODBODA"
"1160011","NAKASEKE","NAKASEKE HOSPITAL","NAMUSEALE",,20,12,2010,"HAVE NO DATABASE /FACILITY REPORT.ALSO H/C DOESN'T HAVE L","TALLY SHEETS AND HASNOT BEEN HAVING THEM FOR THE MOST TIME"
"1160013","NAKASEKE","BUTALANGU","NGOMA",5,18,1,2011,"OPD REGISTERS NOT CLEARLY MARKED, NO ART SERVICES FOR THE","COMMUNITY,NO SCANNER AT THE H.C"
"1050001",,,,,,,,,
"1050003",,,,,,,,,
"1050004","BUKOMANSIMBI","BUTANGA HSD","BIGASA",25,29,11,2010,"REGISTER FOR OPD OF JUNE IS MISSING.",
"1050008","BUKOMAHSIMBI","BUTENGA HC","ST YOANA",26,9,2,2011,,
"1050012","LWENGO","KIWANGALA HSD","KINONI",1,12,2,2010,"HACE NO DATABASE/ FACILITY REPORT TALLY SLEETS ARE MISSING","AND CLAIN THAT THE RECORDS CLERK THEY HAD LEFT THEM."
"1050015","MASAKA","BUKOTO LEST","KYAZANGA HEALTH CENTRE",10,30,3,2011,"HEALTH CENTRE ITS SELF IS A HEALTH SUB-DISTRICT",
"1050019","LWENGO","LWENGO HC IV","MAKONDO",63,24,1,2011,"DON'T DO DELIVERES.",
"1050023","RAKAI","KALISIZO HISPITAL","KAYANJA HC 2",63,15,10,2010,"THEY DO NOT WRITE/RECORD THE DATABASE FACILITY REPORT","NO DATABASE REPORTS KEPT"
"1050026","MASAKA","KIYUMBA","MPUGWE",16,26,8,2011,"DONT KEEP A DATABASE",
"1050030","KALUNGO","BUKULU","KIRAGGA",85,25,5,2011,,
"1050033","KALUNGU/MASAKA","KYAMULIBWA HC 4-KALUNGU WEST","KALUNGU HC 3",31,5,4,2011,"RELUETANT TO RECORD IN THE DATABASE FACILITY",
"1060003","MPIGI","MADDU HEALTH CENTRE IV","KIFAMPA HEALTH CENTRE III",25,12,12,2010,"DATABASE FACILITY REPORT NOT PREPARED","TREATMENT ON THE HMIS 105"
"1060005","GOMBA","DH.O OFFICE","MADDU",35,29,10,2010,,
"1060007","MPIGI","NKOZI HOSPITAL","ST.ANTHONY MITALA MARIA",36,19,1,2011,,
"1060009","MPIGI","MAWOKOTA NORTH","KAFUMU HEALTH CENTRE II",,23,11,2010,"THE HEALTH CENTRE HASNOT BEEN ALLOCATED A CODE AS YET .THEY","DONOT RECORD THE DATABASE /FACILITY REPORT."
"1070001",,,,,,,,,
"1070002","MITYANA","MITYANA SOUTH","MAGALA",11,14,2,2011,"THIS HC IS STILL CONSIDERED AS A HC 2  YET ITS ROW HC 3","SUPPLIES TI RECORDS ARE AS PER HC2 LEVEL."
"1150004","MITYANA","MWERA","MAANYI",25,15,2,2011,"HAVE NO DATA BASE/ FACILITY REPORT",
"1070008",,,,,,,,,
"1070012",,,,,,,,,
"1070016","MUBENDE","KASSANDA NORTH","BUKUUYA H/C 3",2,17,1,2011,"THE DATABASE REPORT IS NOT WRITTEN",
"1070020","MUBENDE","KASANDA SOUTH(KIGANDA)","KYANAMUGERA H.C 2",71,22,10,2010,"DATABASE FACILITY REPORT NOT AVAILABLE",
"1070023","MUBENDE","KASSANDA HC 4","KIKANDWA HC 2",18,12,9,2011,,
"1150027","MITYANA","MITYANA SOUTH","KABULE H/C 3",7,26,11,2010,,
"1150031","MITYANA","MITYANA SOUTH","BUSUNJU HC 2",9,19,9,2011,,
"1080002","BUIKWE","BUIKWE WEST","KAWOLO HOSPITAL",20,31,11,2010,,
"1080003","NJERU","BUIKWE NORTH","NAMWEZI",103,29,3,2011,"ONLY MATERNITY WORKS AT NIGHT,","HAVE ELECTRICITY BUT UNIT IS POOR; HAVE NO DATABASE"
"1080006","MUKONO","BUIKWE SOUTH NKOKONJERU HOSP","MAKONGE H/C 3",51,13,12,2010,"NO DATA BASE/ FACILITY REPORT",
"1080009","BUWAGAJJO BUIKWE","NYENGA HOSPITAL BUIKWE NORTH","BUWAGAJJO",10,16,10,2010,"THIS HEALTH CENTRE HASN'T BEEN KEEPING DATABASE/FACILITY","REPORT BUT HAS STARTED THIS FINANCIAL YEAR TO KEEP ONE."
"1080013","MUKONO","BUIKWE NORTH;NYENGA HOSP.","BUWAGAJJO H.C 3",10,26,1,2011,"THE DATABASE REPORT IS N OT WRITTEN",
"1080016",,,,,,,,,
"1080020","MUKONO","MUKONO NORTH","KATOOGO H.C 3",108,11,2,2011,,
"1080023","MUKONO","MUKONO NORTH 4","GOMA HEALTH CENTRE 3",13,15,12,2010,,
"1080027","MUKONO","NAKIFUMA H.C 3","KASANA",91,16,9,2011,"ONLY MATERNITY WORKS AT NIGHT. SEC.4P QN 3  INCHARGE RULES","STAFF JUST SEE THINGS HAPPENING"
"1080030","MUKONO","NAKIFUMA H.C 4","KASAWO H.C 3",16,24,1,2011,"NO DATABASE REPORT WRITTEN",
"1080033","MUKONO","NAKIFUMA HOSPITAL(HC IV)","KYABAZAALA",25,22,10,2010,"WHERE NOT KEEPING DATABASE CONTAINING MONTHS OF INTEREST",
"1090004","NAKASONGOLA","NAKASONGOLA H/C 4","MULONZI H/C 2",140,8,2,2011,"NO DATABASE FACILIYT REPORT",
"1100001","RAKAI","KALISIZO HOSPITAL","KYETERA",75,20,7,2011,"HEALTH CENTRE DOES MIROR SURGENIS.",
"1140003","LYANTONDE","KABULA HSD","MPUMUDDE",36,19,5,2011,"HAVE DATEBASE AND USED TO KEEP ONE BUT VAULES WERE NOT PUT","IN IT."
"1100005","RAKAI","KAKUUTO HEALTH CENTRE 4","GWANDA 2",85,1,4,2011,"THEY DON'T PUT EMPHASIS ON RECORD KEEPING",
"1100007","RAKAI","RAKAI HOSITAL","KACHEARD",31,16,6,2011,"THE REGIS IS NOT CLEARLY MARKED.",
"1100009","RAKAI","KOOKI","KIBUUKA HEALTH CENTRE 2",11,18,10,10,"NO DATABASE FACILITY REPORTS","HAD NO DRUGS IN MONTH OF JUNE"
"1100012","RAKAI","BUYIISA","KALISIZO HOSPITAL",72,18,7,2011,,"ENERGENCY."
"1110001","SSEMBABULE","DHO'S OFFICE","NTUUSI",5,22,11,2010,"HEALTH CENTRE HAS NO FACILITY/DATABASE REPORT.","2"
"1110003",,,,,,,,"HAVE NO RECORDS",
"1110005",,,,,,,,,
"1120001","KAYUNGA","KAYUNGA D.H.O OFFICE","KAYUNGA HOSPITAL",11,19,10,2010,,"1"
"1120003","KAYUNGA","BBAALE","WABWOKO",16,18,9,2011,"HAVE DATABASE, BUT AREAS OF INTEREST NOT EFFECTIVELY FILLED","TALLY SHEETS NOT AVAILABLE"
"1120006","KAYUNGA","NTENJERU NORTH","BUSAALE HC 2",18,22,1,2011,"THEY DON'T KEEP RECORDS IN THE DATDBASE/FACILITY REPORTS",
"1130002","WAKISO",,"ENTEBBE HOSPITAL",10,28,1,2011,"HOSPITAL LEVEL",
"1130003","WAKISO","KISUBI HOSPITAL BUSIRO SOUTH","KAJJANSI HC",3,2,12,2010,"ITS VERY HARD IN THE OPP  REGISTED OF THIS HEALTH CENTRE FOR","ONE TO DIFFERENTIATE BETWEEN NEW ATTENDANCES."
"1130004","WAKISO","KASANGATI HEALTH CENTRE IV","BWEYOGERERE HEALTH CENTRE III",555,15,2,2011,"NO DATABASE /FACILITY REPORT",
"1130006","WAKISO","KYADONDO NORTH","NANSANA HEALTH CENTRE II",167,7,12,2010,"NO DATABASE/FACILITY REPORT","ARE ATTENDING FOR FIRST TIME OR IT IS A RE-ATTENDENCE."
"1130007","WAKISO","NDEGE H/C",,,,,,"DON'T DO HMIS 105 FIFTY","HAVE NO DATABESS"
"1130008","WAKISO","KISUBI HOSPITAL","BUSSI HEALTH CENTRE II",7,24,10,2010,"DATABASE WASNOT PREPARED BY DATE OF VISIT. THEY TREAT PEOPLE","IN OUTREACHES BUT NOT RECORDED ANYWHERE."
"1130010","WAKISO","KISUBI HOSPITAL","NALUGALA HEALTH CENTRE II",18,14,2,2011,,
"1130012","WAKISO","BUSIRO EAST WAKISO HC IV","KYENGERA HEALTH CENTRE II",,22,11,2010,"THE DATABASE/FACILITY REPORT WASNOT WRITTEN /COMPILED",
"1130014",,,,,,,,,
"1130016","WAKISO","BBIRA HEALTH CENTRE","KAWUZI HEALTH CENTRE II",,17,12,2010,"IMMUNISATION IS DONE BY VISITING STAFF FROM THE HSD.","NO DATABASE /FACILITY REPORT."
"1130019","WAKISO","KASANGATI H.C 4","KIRINYA H.C 2",32,28,10,2010,,"TENDANCE;WHICH BRINGS A MISMATCH."
"1130021",,,,,,,,,
"1130023","WAKISO","KYADONDO SOUTH","NDEJJE HEALTY CENTRE 4",214,22,11,2010,"DATABASE REPORT IS BEING COMPILED AND NOT YET COMPLETE",
"1130025","WAKISO","NDEJJE HEALTH CENTRE III","MENGO DOCTORS CLINIC",,15,2,2011,"THEY DONOT CARRYOUT IMMUNISATION","NO DATABASE /FACILITY REPORT"
"2010004","BUGIRI","NANKOMA","BULUWE",104,19,1,2010,"LACK OF STATIONARY","POOR RECORDING SYSTEM"
"2010006","NAMAYINGO","BUKOOLI SOUTH","BUYINJA H/C",44,29,10,2010,,
"2010008","BUGIRI","BUKOLI NORTH","WANGOBO",75,11,2,2010,,
"2010009","IGANGA","BUGWERI H/C","MAKUUTU",95,28,10,2010,,
"2020001",,,,,,,,,
"2020005","BUSIA","BUSIA H/C 4","BUTABA H/C 3",9,31,2,2011,,
"2020007","BUSIA","MASAJU H/C 3","BUMUNDI H/C 2",22,10,12,2010,,
"2030001","IGANGA","KIGULU SOUTH","IGANGA T/C",54,18,9,2011,,
"2030004",,,,,,,,,
"2030008",,,,,,,,,
"2240013","NAMUTUMBA","NSINZE","IVUKULA",60,23,1,2011,,
"2030018",,,,,,,,,
"2030023",,,,,,,,,
"2030028","LUUKA","KIYUNGA","IKUMBYA H/C",56,20,6,2011,,
"2030033","LUUKA","LUUKA","KIYUNGA H/C",85,1,4,2011,,
"2040002",,,,,,,,,
"2040006","JINJA","JINJA MUNICIPAL EAST","MASESE PORT",68,25,8,2011,,
"2040009","JINA","BUTEMBE",,14,,,,,
"2040012","JINJA","BUTEMBE","BUSSEDDE",19,26,1,2011,,
"2040014","JINJA","KIIRA SUB HEALTH","KIBIBI",31,20,10,2010,,
"2040015","JINJA","BUTAGAYA","NAWAMPANDA",1,15,2,2011,,
"2050001","KAMULI","BUGABULA NORTH","KAMULI MISSION",25,24,3,2011,,
"2050004",,,,,,,,,
"2050009","BUYENDE","BUYENDE","KAGULU",3,12,9,2011,,
"2050013","KAMULI","BUGABULA NORTH","NAMASAGALI",30,10,12,2010,,
"2050017",,,,,,,,,
"2220022",,,,,,,,,
"2220026","KALILO","BULUMBA","NAWAIKOKE",17,20,5,2011,,
"2050030","KAMULI","BUZAAYA","KIYUNGA",63,7,2,2011,,
"2200001","BUKWO","BUKWO HEALTH CENTRE IV","KAMET HEALTH CENTRE II",5,16,12,2010,,
"2060003","KAPCHORWA","TINGEY","CHEBONET H/C 3",1,23,2,2011,,
"2160003","AMURIA","AMURIA","ABEKO",,18,7,2011,,
"2070005","KATAKWI","USUK","AKOBOI",22,22,10,2010,,
"2070006","KATAKWI","TOROMA","AKURAO",,11,2,2011,"HMIS RECORDS ARE LOST AND THE REGISTERS MISSING.",
"2080001","KUMI","KUMI","KUMI",14,24,6,2011,,
"2190003","BUKEDEA","BUKEDEA","KACHUMBALA",6,18,11,2010,,
"2080005","KUMI","KUMI","OMURANG H/C",9,12,9,2011,,
"2080007","KUMI","KUMI","ONGINO H/C",25,13,12,2010,"ERRORS COMMITED WHILE NUMBERING",
"2080008","NGORA","NGORA","MUKURU",19,18,10,2010,"NO RECORD ON DATABASE REPORT",
"2090003","MBALE","MBALE MUNISPALITY","NAMATALA H/C 3",28,26,4,2011,,
"2090006","MBALE","MBALE MUNICIPAL","NAMAKWEKWE H/C II",26,21,1,2011,,
"2230011","MANAFWA","BUBULO WEST","BUTIRU HEALTH CENTRE III",29,19,1,2011,"BOOKS MISPLACED",
"2230014","MANAFA","MAGDE H/C 4","NABITSIKHI H/C 3",37,18,5,2011,,
"2230018","MANAFWA","MANAFWA","MAGALE H/C 4",43,23,8,2011,,
"2230022","MANAFWA","BUBULO EAST","BUBUTU H/C 3",46,20,6,2011,,
"2230026",,,,,,,,,
"2230029",,,,,,,,,
"2090033","MBALE","BUSIO H/C 4","NAIKU H/C 3",24,20,10,2010,,
"2180037","BUDUDA","MANJIYA","BUSHIKA H/C 3",25,7,2,2011,,
"2100002","PALLISA","PALLISA HOSPITAL","PALLISA TOWN COUNCIL",54,19,11,2010,,
"2100004","KIBUKU","BUDAKA H/C 4","KADERUNA H/C 3",4,20,11,2010,,
"2100006","PALISA","PALISA [DR. OKOT]","AGULE H/C 3",1,21,3,2011,,
"2100007","PALLISA","PALLISA [MR. AKISA]","KANEKE H/C 3",22,16,12,2010,,
"2170009","BUDAKA","BUDAKA H/C 4","KATIRA H/C 3",9,16,10,2010,,
"2110003",,,,,,,,,
"2110004","SERERE","KASILO","KAMOD HEALTH CENTRE",12,24,1,2011,"WRONG SERIALS","S ARE MISPLACED."
"2110006","SERERE","SERERE","KYERE",17,22,11,2010,"NUMBERS ARE REPEATED 7 SKIPPED WHILE SERALIZING",
"2110007","SOROTI","SOROTI","ARAPAI",61,22,8,2011,,
"2110009","SOROTI","SOROTI","OPUYO",62,15,12,2010,"WRONG NUMBERING",
"2120003",,,,,,,,,
"2210006","BUTALEJA","BUNYOLE","NABIGANDA H/C 3",32,14,9,2011,,
"2120008","TORORO","MUKUJU HEALTH CENTRE IV","MERIKIT HEALTH CENTRE III",26,25,1,2011,,
"2120009","TORORO","TORORO COUNTY","OSUKURU H/C 3",34,30,4,2011,,
"2120011","TORORO","TORORO","MULANDA H/C 4",30,14,2,2011,,
"2120013","TORORO","WEST BUDAMA SOUTH","PANYAGASI H/C 3",6,29,11,2010,,
"2140002",,,,,,,,,
"2140003","MAYUGE","BUNYA EAST","KIGANDALO",22,14,12,2010,,
"2150001","SIRONKO","BUDADIRI WEST BUWASA","SIRONKO H/C 3",30,13,9,2011,,
"2150002","SIRONKO","BUDADIRI","BUMULISYA H/C 3",3,20,4,2011,,
"2150004","SIRONKO","SIRONKO","BUWASA HEALTH CENTRE IV",22,17,1,2011,,
"2150006",,,,,,,,,
"2150007","BULAMBULI","MUYEMBE H/C 4","BUNABUYE H/C 3",17,9,2,2011,,
"3010003","ADJUMANI","EAST MOYO","DZAIPI",4,16,7,2011,,
"3020002","APAC","MARUZI","GARDEN MEDICAL CENTRE",,19,12,2010,"HEALTH FACILITY DOES NOT HAVE REGISTER NOR HMIS",
"3020003","KOLE","KOLE","OPETA",49,28,10,2010,"MISSING INFORMATION COULD NOT BE GOT BECAUSE THE INCHARGE","WASNT PRESENT AND DOCUMENT WERE LOCKED UP."
"3020005","KOLE","KOLE","ALITO",15,29,11,2010,"NOT ALL DATA COULD BE GOT","DATA STILL MISSING EVEN BY SECOND VISIT"
"3020008","KOLE","KOLE","ALITO",15,29,11,2010,"NOT ALL DATA COULD BE GOT","DATA STILL MISSING EVEN BY 2ND VISIT"
"3020010","KOLE","BALA","KOLE",22,4,4,2011,"HMIS 105 FOR MARCH WAS MISSING FROM THE HEAITH FACLLITY.","G."
"3020013","APAC","ADUKU","KWANIA",7,17,12,2010,"DELIVARIES AND IMMUNISATION IS NOT IN THE DATA BASE.",
"3020016","APAC","MARUZI","ALENGA",41,2,11,2010,,
"3020018","APAC","MARUZI","AKOKORO",12,26,1,2011,"TALLY SHEETS FOR MARCH WERE MISSING","MISMATCH IN OPD COULD BE DUE TO ESTIMATION"
"3210021","OYAM","OYAM SOUTH","ZAMBIA",36,22,11,2010,"WRONG NUMBERING","HMIS AT H.C SAME AS THAT AT HSD"
"3210023","OYAM","OYAM","AKWANGI",9,20,8,2011,"MIS-MATCH ISB DUE TO WRONG NUMBERING","TALLY SHEET WERE MISSING"
"3210030","OYAM","OYAM SOUTH","LORO",19,23,3,2010,"HMIS 105 FOR JUNE WAS MISSING FROM THE HSD.",
"3030002",,,,,,,,,
"3190005","KOBOKO","KOBOKO","KOBOKO",1,26,11,2010,,
"3030006","ARUA","AROI","AYIVU",61,15,10,2010,,
"3030009","ARUA","AYIVU","ORIVU",65,11,2,2011,,
"3190012","KOBOKO","KOBOKO","KOBOKO",1,26,11,2010,"OPD REGISTER COULD NOT BE FOUND",
"3030015","ARUA","VURRA & UPPER MADI","OKOLLO",41,1,4,2011,,
"3200018","MARACHA","MARACHA","YIVU ABEA",,13,12,2010,,
"3200021","MARACHA","MARACHA","OLEBA",12,20,10,2010,,
"3200024","ARUA","TEREGO","WANDI",59,25,1,2011,,
"3200027","ARUA OMUGO TEREGO","NICU","NICU",,29,11,2010,,
"3200030","ARUA","OMUGO","OTUMBARI",57,10,2,2011,"NO IMMUMIZATION DONE IN MACH SINCE FACILITY RAN OUT OF GAS,",
"3030033","ARUA","VURRA AND UPPER MADI","LAZEBU",5,14,12,2010,"IN MARCH THE UNIT DIDNOT HAVE GAS TO RUN THE REFREGERATOR","TO KEEP VACCINE."
"3040002","GULU","GULU MUNICIPALITY","COMMUNITY",,16,10,2010,"THE HEALTH FACILITY DOES NOT SUBMIT ITS REPORTS TO THE","SUB DISTRICT"
"3040004","GULU","GULU MUNICIPLE","AYWEE",16,7,2,2011,"HMIS 105 FOR JUN WAS MISSING FROM THE HEALTH FACILITY, TALLY","SHEETS FOR JUN WERE ALSO MISSING"
"3040007","GULU","GULU MUNICIPLE","LAROO",62,24,4,2010,"WRONG NUMBERING, HMIS 105 WERE MISSING FROM HSD FOR BOTH","MONTHS"
"3040009","GULU","GULU MUNICIPAL","BAR-DEGE",63,25,3,2011,"IMMUNISATION AND DPT 3 FOR MARCH WAS NOT RECORDED IN THE","SUMMARY."
"3040014","GULU","OMORO","ST.JOSEPH",42,17,1,2011,"MIS MATCH IS MAINLY DUE TO WRONG NUMBERING","HSD TO BE VISITED DURING SECOND PHASE"
"3160016","AMURU","KILAK","KALADIMA",0,18,10,2010,"HMIS 105 FOR MARCH WAS MISSING FROM THE HSD","TALLY SHEETS WERE ALSO LOCKED UP"
"3050001","KITGUM","CHUA","ST JOSEPHS",,28,3,2011,"OTHER REGISTERS WERE MISSING.",
"3180001",,,,,,,,,
"3180002","KAABONG","DODOTH WEST","KAPEDO",5,24,8,2011,,
"3180003","KABOONG","DODOTH SOUTH","KATHILE",4,26,11,2010,"HEALTH SUB-DISTRICT HAS CHANGED FROM DOROTH TO SOUTH",
"3180004",,,,,,,,,
"3060006","KOTIDO","JIE","KOTIDO H/C",18,21,12,2010,"JUNE FORMS WERE MISPALCED","RECORDS"
"3060007",,,,,,,,,
"3070002","LIRA","LIRA MUNICIPLE","OBER",79,21,10,2010,"MIS MACTH IS DUE TO WRONG NUMBERING","WAS ON LEAVE"
"3070005",,,,,,,,,
"3070007",,,,,,,,,
"3170009","DOKOLO","DOKOLO","AGWATA",6,19,1,2011,"MIS IS MAILY DUE TO WRONG TALLING[OPD]","IN-CHARGE INSISTS IN GIVING ACCURATE DATA."
"3170010","DOKOLO","DOKOLO","BATTA",26,23,5,2011,"OVERSIGHT IN TALLYING, MISSING TALLY SHEETS,WRONG NUMBERING","HSD AND H.C HAVE SAME HMIS 105"
"3170011","DOKOLO","DOKOLO","KANGAI",30,10,2,2011,"TALLY SHEETS WILL BE GOT DURING SECOND ROUND","RECORDS PREPARED WHEN OTHER TALLY SHEETS ARE MISSING"
"3070012","LIRA","LIRA MUNICIPAL","AYAGO",50,14,12,2010,"TALLY SHEETS NMISSING",
"3150016","AMOLATAR","KIOGA","APUTI",3,1,4,2011,"HMIS 105 FOR JUNE MISSING FROM THE FACILLTY.",
"3070017","ALEBTONG","MOROTO","ABAKO",45,25,10,2010,"WRONG NUMBERING CAUSES MISMATCH, TAAL SHEETS FO MARCH DPT3","MISSING"
"3070018","ALEBTONG","MOROTO.","ABAKO",45,25,10,2010,"TALLY SHEETS FOR MARCH WERE MISSING EVEN BY SECOND VISIT",
"3070020","ALEBTONG","MOROTO","APALA",18,11,2,2011,"TALLY SHEETS FOR MARCH WERE MISSING","WRONG NUMBERING IN HEALTH FACILITY"
"3070022","LIRA","ERUTE SOUTH","ONYWAKO",42,3,12,2010,"DATA WAS MISSING EVEN BY SECOND VISIT","NO DELIVERIES FROM START OF YEAR;NO EQUIPMENT IN HOSPITAL"
"3070023","LIRA","ERUTE SOUTH","AGALI",5,30,3,2011,"NOTALLY SHEETS.",
"3070025","LIRA","ERUTE","ONIGICA",42,20,6,2011,,"MIS-MATCH IS DUE TO WRONGNUMBERING"
"3080001","NAPAK","BOKORA","IRIIRI",4,23,4,2011,"/",
"3080002","MOROTO","BOKORA","LOTOME",13,27,1,2011,,
"3080004","MOROTO","MATHENIKO","NADUNGET",16,27,5,2011,,
"3090001","4","OBONGI","MOYO",10,5,2,2011,,
"3090002","MOYO","OBONGI","IBAKWE",,10,12,2010,,
"3100001",,,,,,,,,
"3100004","ZOMBO","OKORO","PAIDHA",27,17,12,2010,,
"3100006","NEBBI","JONAM","PANYIGORO",35,24,3,2011,,
"3100007","ZOMBO","OKORO","THER -UR",,28,1,2011,,
"3100008","ZOMBO","OKORO","PADEA",25,24,10,2010,,
"3100009","ZOMBO","OKORO","ZUMBO",4,14,2,2011,,
"3100010","ZOMBO","OKORO","ZEU",43,3,12,2010,"HMIS FOR JUNE MISPLACED",
"3100012","NEBBI","PADYERE","KOCH",49,29,3,2011,,
"3110001","NAKAPIRIPIRIT","CHEKWII","NAKAPIRIPORIT H/C",23,21,3,2011,"SERIAL NUMBERING IS WRONG",
"3110003","NAKAPIRIPIRIT","PIAN","LORENGEDWAT",12,18,12,2010,,
"3110004","AMUDAT","CHEKWII","LEMUSUI",8,24,3,2011,,
"3130001","YUMBE","ARINGA","LOBE",21,20,1,2011,,
"3130002","YUMBE","ARINGA","III",6,24,11,2010,"3 DPT3,TALLY SHEETS FOR OUTREACHES OF SOME POSTS MISSING",
"3130003","YUMBE","ARINGA","ARIWA",1,7,2,2011,,
"4010003","BUNDIBUGYO","NYAHUKA","II",2,22,8,2011,"NURSING ASSISTANT FAILED TO GET RECORDS FOR THE MONTH OF","AUGUST"
"4010005","NTOROKO","KARUGUTU","KARUGUTA",9,21,4,2011,,
"4020002",,,,,,,,,
"4020007",,,,,,,,,
"4020011",,,,,,,,,
"4020016","BUSHENYI","IGARA WEST",,35,26,3,2011,,
"4020020","BUSHENYI","IGARA EAST",,28,15,12,2010,,
"4020025","MITOOMA","MITOOMA HC4",,,15,10,2010,,
"4020030","SHEEMA","KABWOHE HEALTH CENTRE IV",,79,23,7,11,,
"4030002",,,,,,,,,
"4030004","HOIMA","BUGAHANYA","BUTEMA",9,19,11,2010,,
"4030006","HOIMA","BUGAHYA","DWOLI",11,5,2,2011,"INCHARGE WASN'T AVAILABLE TO GIVE US THE INFORMATON,HOWEVER","MANAGED TO SOME FROM THE MATERNITY SEXTION."
"4030007","HOIMA","BUHAGUZI","BUGAMBE",1,11,12,2010,,
"4030009","HOIMA","KYANGWALI","KYANGWALI",26,24,3,2011,,
"4040003","KABALE","KAMUKIRA",,50,24,1,2011,,
"4040006","KABALE","NDORWA EAST",,45,22,1,2010,,
"4040008","KABALE","NDORWAMESI",,5,18,4,2011,"THE INCHARGE WHO KEEPS THE RECORDS WAS NOT AROUND",
"4040010","KABALE","RUBANDA WEST",,47,5,2,2011,,
"4040012","KABALE","MPARO",,57,25,11,2010,,
"4050002","KABAROLE","MUCWA","KATARAKA",18,18,10,2010,"THERE WERE NO DELIVERIES IN THESE MONTHS BECAUSE THEY DIDNT","HAVE THE MIDWIFE TO ASSIST IN THE SAME."
"4050005","KABAROLE","FORT PORTAL","KASUSU",32,24,8,2011,,
"4050006","KABAROLE","KIBIITO","KABONERO",38,21,3,2011,"NO DELIVERIES SINCE IT'S A CENTRE II",
"4050008",,,,,,,,,
"4050010","KABAROLE","BUKUKU","MUGUSU",51,23,10,2010,,
"4060003","KASESE","KILEMBE","KASESE T.C H.C",26,24,11,2010,,
"4060008","KASESE","BUKONZO WEST","NYABUGANDO",2,24,1,2011,,
"4060010","KASESE","BUKHONZO EAST","KINYAMASEKE",42,22,11,2010,,
"4060011","KASESE","BUSONGORA NORTH","IBANDA",98,9,2,2011,"IN CHARGE HAS THE KEY TO THE STORES WHERE WE COULD ACCESS","INFORMATION"
"4060013","KASESE","KAGANDO","KITABU ST.FRANCIS OF ASSISS",8,14,12,2010,,
"4070002",,,,,,,,,
"4070003",,,,,,,,,
"4070005","KIBAALE","BUYAGA","BWIKARA",3,21,1,2011,,
"4070007",,,,,,,,,
"4070009","KIBAALE","KIBAALE","KYEBANDO",16,7,2,2010,,
"4080002","KISORO","RUBUNGURI H/SD",,2,23,11,2010,,
"4080004","KISORO","MUTORERE",,35,21,3,2011,"\",
"4090002",,,,,,,,,
"4090005",,,,,,,,,
"4160007","BULIISA","BULIISA","III AVOGERA",35,14,10,2010,"MARCH RECORDS MISPLACED NO BODY AT HSD TO PROVIDE US","WITH DATA"
"4090009","MASINDI","MASINDI HOSPITAL","KILANYI",18,18,1,2011,,
"4090011","KIRYANDONGO","KIBANDA","DIIMA H.C",32,18,11,2010,,
"4100001",,,,,,,,,
"4100005","MBARARA","MBARARA MUNICIPAL COUNCIL",,113,29,1,2011,,
"4170008","IBANDA","IBANDA SOUTH",,3,24,5,2011,,
"4180011",,,,,,,,,
"4170014","IBANDA","IBANDA NORTH",,26,17,12,2010,,
"4170017","IBANDA","IBANDA SOUTH",,38,17,9,2011,,
"4180020","ISINGIRO","ISINGIRO NORTH",,,25,1,2011,,
"4180023","ISINGIRO","KABUYANDA",,165,22,10,2010,,"MONTHLY REPORT FORMS FOR AUGUST 2010."
"4100026","MBARARA","MBARARA MUNICIPAL COUNCIL",,113,11,2,2011,,
"4100029","MBARARA","KASHARI HSD",,,29,11,2010,,
"4190032","KIRUHURA","KAZO",,2,30,3,2011,"FOR DELIVERIES NOTHING WAS FILLED IN FOR BOTH",
"4190035","KIRUHURA","NYABUSHOZI",,,24,6,2011,,
"4100038","MBARARA","RWAMPARA",,18,21,4,2011,,
"4110002","NTUNGAMO","RUHAAMA",,15,7,2,2011,,
"4110004","NTUNGAMO","RWASHAMAIRE",,,21,1,2011,"THE PUSH SYSTEM OF DRUGS DISTUBATION HAS AFFECTED THE MEMBER","OF PATIENTS,AS MOST OF THE TIME THEY DONT HAVE DRUGS."
"4110006","NTUNGAMO","RUHAAMA HSD",,27,26,11,2010,,
"4110007","NTUNGAMO","RUHAAMA",,11,9,2,2011,,
"4110009","NTUNGAMO","RUBAARE HSD",,38,9,12,2010,"THEY DON'T RECORD AND IN MOST CASES THEY DON'T SUBMIT TO THE","HEALTH SUB DISTRICT."
"4120003","RUKUNGURI","RUBABO",,21,23,3,2011,,
"4120005","RUKUNGIRI","BUGANGARI HEALTH CENTRE IV",,,18,7,2011,,
"4130002","KAMWENGE","RUKUNYU","BUSIRIBA",16,25,10,2010,,"THEM."
"4130003",,,,,,,,,
"4130005","KAMWENGE","NTARA","MAHYORO",102,18,5,2011,,
"4140001",,,,,,,,,
"4140003","KANUNGU","KIHIHI",,15,14,9,2011,,
"4140005","KANUNGU","KINKIZI EAST",,37,11,12,2010,,
"4150002",,,,,,,,,
"4150004","KYEGEGWA","KYEGEGWA","ST.THEREZA WEKOMIRE",600,26,10,2010,,
"4150006","KYENJOJO","KYENJOJO","NYAKARONGO",,26,1,2011,,
"4150007",,,,,,,,,
"4150009","KYENJOJO","KYARUSOZI","NYANKWANZI",121,8,2,2011,"RECORDS CLERK NOT AROUND WENTWITH THE KEY",
"3210028","OYAM","OYAM NORTH","ATIPE",15,10,12,2010,"REPORT DELIVERED AT THE HSM WAS ESTIMATED.",
"3020035","APAC","MARUZI","IBUJE A/C",24,27,1,2011,,
