"comcod","c6q2a","c6q2b","c6q2c"
"1010002",3,"Forest",80.5
"1020001",6,"Residential",90
"1020002",7,"Other (Specify)",40
"1020003",,,
"1020004",3,"Forest",0
"1020005",2,"Agro-business/planta",0
"1020006",5,"Wetland",3
"1020007",1,"Cultivation by villa",10
"1020008",2,"Agro-business/planta",0
"1020009",,,
"1020010",,,
"1020011",,,
"1020012",,,
"1020013",,,
"1020014",,,
"1020015",,,
"1020016",,,
"1020017",1,"Cultivation by villa",6
"1020018",,,
"1020019",3,"Forest",0
"1020020",1,"Cultivation by villa",0
"1020021",4,"Pasture (common acce",0
"1020022",,,
"1020023",,,
"1020024",1,"Cultivation by villa",0
"1020025",5,"Wetland",0
"1020026",3,"Forest",0
"1020027",,,
"1020028",5,"Wetland",1
"1020029",,,
"1020030",,,
"1020031",1,"Cultivation by villa",0
"1020032",3,"Forest",0
"1020033",,,
"1020034",4,"Pasture (common acce",0
"1030003",2,"Agro-business/planta",0
"1030005",6,"Residential",10
"1040002",3,"Forest",0
"1040004",1,"Cultivation by villa",30
"1040006",3,"Forest",0
"1040008",3,"Forest",0
"1050001",2,"Agro-business/planta",0
"1050003",,,
"1050004",2,"Agro-business/planta",0
"1050008",1,"Cultivation by villa",80
"1050012",5,"Wetland",4
"1050015",5,"Wetland",0
"1050019",2,"Agro-business/planta",0
"1050023",2,"Agro-business/planta",0
"1050026",1,"Cultivation by villa",40
"1050030",5,"Wetland",0
"1050033",1,"Cultivation by villa",50
"1060003",7,"Other (Specify)",5
"1060005",5,"Wetland",0
"1060007",1,"Cultivation by villa",55
"1060009",6,"Residential",17
"1070001",5,"Wetland",0
"1070002",6,"Residential",65
"1070008",1,"Cultivation by villa",10
"1070012",5,"Wetland",0
"1070016",1,"Cultivation by villa",65
"1070020",7,"Other (Specify)",0
"1070023",,,
"1080002",5,"Wetland",0
"1080003",2,"Agro-business/planta",0
"1080006",4,"Pasture (common acce",
"1080009",3,"Forest",3
"1080013",4,"Pasture (common acce",10
"1080016",3,"Forest",0
"1080020",3,"Forest",2
"1080023",4,"Pasture (common acce",0
"1080027",6,"Residential",30
"1080030",6,"Residential",15
"1080033",6,"Residential",10
"1090004",7,"Other (Specify)",5
"1100001",7,"Other (Specify)",0
"1100005",2,"Agro-business/planta",0
"1100007",1,"Cultivation by villa",60
"1100009",1,"Cultivation by villa",60
"1100012",1,"Cultivation by villa",70
"1110001",1,"Cultivation by villa",20
"1110003",6,"Residential",10
"1110005",7,"Other (Specify)",0
"1120001",6,"Residential",60
"1120003",6,"Residential",12.5
"1120006",6,"Residential",10
"1130002",2,"Agro-business/planta",0
"1130003",2,"Agro-business/planta",0
"1130004",5,"Wetland",2
"1130006",2,"Agro-business/planta",0
"1130007",,,
"1130008",1,"Cultivation by villa",60
"1130010",2,"Agro-business/planta",0
"1130012",5,"Wetland",10
"1130014",,,
"1130016",5,"Wetland",0
"1130019",6,"Residential",74
"1130021",,,
"1130023",6,"Residential",70
"1130025",,,
"1140003",2,"Agro-business/planta",0
"1150004",1,"Cultivation by villa",70
"1150027",2,"Agro-business/planta",0
"1150031",,,
"1160011",1,"Cultivation by villa",60
"1160013",7,"Other (Specify)",9.30000019073486
"2010004",6,"Residential",0
"2010006",5,"Wetland",1
"2010008",1,"Cultivation by villa",70
"2010009",1,"Cultivation by villa",75
"2020001",,,
"2020005",6,"Residential",30
"2020007",1,"Cultivation by villa",71
"2030001",,,
"2030004",4,"Pasture (common acce",0
"2030008",,,
"2030018",2,"Agro-business/planta",0
"2030023",,,
"2030028",2,"Agro-business/planta",0
"2030033",3,"Forest",0
"2040002",7,"Other (Specify)",0
"2040006",5,"Wetland",0
"2040009",3,"Forest",0
"2040012",3,"Forest",0
"2040014",6,"Residential",15
"2040015",7,"Other (Specify)",0
"2050001",5,"Wetland",1
"2050004",4,"Pasture (common acce",15
"2050009",6,"Residential",20
"2050013",6,"Residential",20
"2050017",3,"Forest",0
"2050030",1,"Cultivation by villa",78
"2060003",7,"Other (Specify)",0
"2070005",3,"Forest",0
"2070006",5,"Wetland",15
"2080001",,,
"2080005",,,
"2080007",2,"Agro-business/planta",0
"2080008",4,"Pasture (common acce",
"2090003",2,"Agro-business/planta",0
"2090006",5,"Wetland",0
"2090033",5,"Wetland",0
"2100002",6,"Residential",75
"2100004",6,"Residential",10
"2100006",4,"Pasture (common acce",10
"2100007",1,"Cultivation by villa",79
"2110003",,,
"2110004",5,"Wetland",10
"2110006",2,"Agro-business/planta",0
"2110007",6,"Residential",10
"2110009",,,
"2120003",1,"Cultivation by villa",20
"2120008",4,"Pasture (common acce",0
"2120009",3,"Forest",0
"2120011",6,"Residential",29
"2120013",,,
"2140002",4,"Pasture (common acce",5
"2140003",3,"Forest",0
"2150001",4,"Pasture (common acce",0
"2150002",3,"Forest",0
"2150004",4,"Pasture (common acce",0
"2150006",3,"Forest",0
"2150007",3,"Forest",3
"2160003",4,"Pasture (common acce",20
"2170009",1,"Cultivation by villa",45
"2180037",6,"Residential",19
"2190003",2,"Agro-business/planta",0
"2200001",3,"Forest",0
"2210006",2,"Agro-business/planta",0
"2220022",,,
"2220026",5,"Wetland",
"2230011",7,"Other (Specify)",0
"2230014",5,"Wetland",0
"2230018",,,
"2230022",2,"Agro-business/planta",0
"2230026",6,"Residential",30
"2230029",1,"Cultivation by villa",80
"2240013",6,"Residential",20
"3010003",5,"Wetland",15
"3020002",1,"Cultivation by villa",4
"3020003",1,"Cultivation by villa",90
"3020005",2,"Agro-business/planta",0
"3020008",5,"Wetland",0
"3020010",2,"Agro-business/planta",0
"3020013",2,"Agro-business/planta",0
"3020016",2,"Agro-business/planta",0
"3020018",5,"Wetland",0
"3020035",7,"Other (Specify)",0
"3030002",5,"Wetland",5
"3030006",5,"Wetland",5
"3030009",3,"Forest",2
"3030015",4,"Pasture (common acce",0
"3030033",3,"Forest",20
"3040002",7,"Other (Specify)",40
"3040004",2,"Agro-business/planta",0
"3040007",3,"Forest",15
"3040009",2,"Agro-business/planta",0
"3040014",6,"Residential",19
"3050001",1,"Cultivation by villa",0
"3060006",4,"Pasture (common acce",50
"3060007",,,
"3070002",4,"Pasture (common acce",0
"3070005",5,"Wetland",10
"3070007",4,"Pasture (common acce",0
"3070012",3,"Forest",10
"3070017",3,"Forest",0
"3070018",4,"Pasture (common acce",0
"3070020",1,"Cultivation by villa",60
"3070022",4,"Pasture (common acce",0
"3070023",3,"Forest",0
"3070025",6,"Residential",15
"3080001",1,"Cultivation by villa",65
"3080002",,,
"3080004",4,"Pasture (common acce",60
"3090001",3,"Forest",5
"3090002",6,"Residential",25
"3100001",3,"Forest",0
"3100004",2,"Agro-business/planta",0
"3100006",7,"Other (Specify)",5
"3100007",6,"Residential",30
"3100008",6,"Residential",20
"3100009",6,"Residential",25
"3100010",7,"Other (Specify)",10
"3100012",3,"Forest",0
"3110001",,,
"3110003",,,
"3110004",6,"Residential",10
"3130001",2,"Agro-business/planta",0
"3130002",6,"Residential",10
"3130003",3,"Forest",0
"3150016",6,"Residential",5
"3160016",3,"Forest",0
"3170009",5,"Wetland",10
"3170010",5,"Wetland",5
"3170011",6,"Residential",25
"3180001",,,
"3180002",1,"Cultivation by villa",20
"3180003",5,"Wetland",0
"3180004",7,"Other (Specify)",0
"3190005",6,"Residential",80
"3190012",6,"Residential",15
"3200018",4,"Pasture (common acce",7
"3200021",6,"Residential",20
"3200024",5,"Wetland",6
"3200027",6,"Residential",15
"3200030",3,"Forest",0
"3210021",4,"Pasture (common acce",0
"3210023",6,"Residential",35
"3210028",5,"Wetland",0
"3210030",2,"Agro-business/planta",0
"4010003",2,"Agro-business/planta",0
"4010005",1,"Cultivation by villa",70
"4020002",7,"Other (Specify)",0
"4020007",3,"Forest",4
"4020011",7,"Other (Specify)",0
"4020016",5,"Wetland",2
"4020020",5,"Wetland",2
"4020025",1,"Cultivation by villa",75
"4020030",2,"Agro-business/planta",0
"4030002",,,
"4030004",7,"Other (Specify)",0
"4030006",7,"Other (Specify)",10
"4030007",5,"Wetland",0
"4030009",5,"Wetland",0
"4040003",1,"Cultivation by villa",60
"4040006",6,"Residential",30
"4040008",1,"Cultivation by villa",45
"4040010",7,"Other (Specify)",0
"4040012",2,"Agro-business/planta",0
"4050002",4,"Pasture (common acce",20
"4050005",7,"Other (Specify)",0
"4050006",1,"Cultivation by villa",60
"4050008",,,
"4050010",1,"Cultivation by villa",40
"4060003",,,
"4060008",5,"Wetland",0
"4060010",3,"Forest",0
"4060011",4,"Pasture (common acce",0
"4060013",6,"Residential",50
"4070002",6,"Residential",20
"4070003",3,"Forest",0
"4070005",4,"Pasture (common acce",0
"4070007",7,"Other (Specify)",
"4070009",5,"Wetland",0
"4080002",1,"Cultivation by villa",50
"4080004",5,"Wetland",5
"4090002",1,"Cultivation by villa",5
"4090005",7,"Other (Specify)",99
"4090009",5,"Wetland",0
"4090011",,,
"4100001",,,
"4100005",5,"Wetland",1
"4100026",6,"Residential",60
"4100029",7,"Other (Specify)",0
"4100038",6,"Residential",10
"4110002",5,"Wetland",0
"4110004",4,"Pasture (common acce",20
"4110006",6,"Residential",28
"4110007",6,"Residential",30
"4110009",5,"Wetland",0
"4120003",6,"Residential",30
"4120005",7,"Other (Specify)",26
"4130002",,,
"4130003",2,"Agro-business/planta",0
"4130005",5,"Wetland",5
"4140001",4,"Pasture (common acce",10
"4140003",2,"Agro-business/planta",0
"4140005",1,"Cultivation by villa",50
"4150002",,,
"4150004",,,
"4150006",4,"Pasture (common acce",0
"4150007",2,"Agro-business/planta",0
"4150009",7,"Other (Specify)",0
"4160007",4,"Pasture (common acce",0
"4170008",3,"Forest",0
"4170014",6,"Residential",30
"4170017",2,"Agro-business/planta",0
"4180011",2,"Agro-business/planta",0
"4180020",7,"Other (Specify)",0
"4180023",5,"Wetland",5
"4190032",6,"Residential",10
"4190035",,,
"1010002",4,"Pasture (common acce",0
"1010002",7,"Other (Specify)",2
"1010002",1,"Cultivation by villa",12.5
"1010002",6,"Residential",5
"1010002",2,"Agro-business/planta",0
"1010002",5,"Wetland",0
"1020001",7,"Other (Specify)",10
"1020001",5,"Wetland",0
"1020001",3,"Forest",0
"1020001",2,"Agro-business/planta",0
"1020001",1,"Cultivation by villa",0
"1020001",4,"Pasture (common acce",0
"1020002",4,"Pasture (common acce",0
"1020002",6,"Residential",60
"1020002",2,"Agro-business/planta",0
"1020002",5,"Wetland",0
"1020002",3,"Forest",0
"1020002",1,"Cultivation by villa",0
"1020004",1,"Cultivation by villa",0
"1020004",6,"Residential",80
"1020004",7,"Other (Specify)",20
"1020004",2,"Agro-business/planta",0
"1020004",4,"Pasture (common acce",0
"1020004",5,"Wetland",0
"1020005",7,"Other (Specify)",1
"1020005",1,"Cultivation by villa",0
"1020005",5,"Wetland",0
"1020005",6,"Residential",99
"1020005",4,"Pasture (common acce",0
"1020005",3,"Forest",0
"1020006",3,"Forest",0
"1020006",1,"Cultivation by villa",1
"1020006",4,"Pasture (common acce",0
"1020006",2,"Agro-business/planta",0
"1020006",7,"Other (Specify)",26
"1020006",6,"Residential",70
"1020007",3,"Forest",0
"1020007",6,"Residential",40
"1020007",4,"Pasture (common acce",0
"1020007",7,"Other (Specify)",43
"1020007",5,"Wetland",7
"1020007",2,"Agro-business/planta",0
"1020008",1,"Cultivation by villa",2
"1020008",4,"Pasture (common acce",0
"1020008",5,"Wetland",3
"1020008",6,"Residential",75
"1020008",7,"Other (Specify)",20
"1020008",3,"Forest",0
"1020017",4,"Pasture (common acce",0
"1020017",5,"Wetland",0
"1020017",7,"Other (Specify)",4
"1020017",6,"Residential",90
"1020017",2,"Agro-business/planta",0
"1020017",3,"Forest",0
"1020019",5,"Wetland",0
"1020019",6,"Residential",0.100000001490116
"1020019",4,"Pasture (common acce",0
"1020019",2,"Agro-business/planta",0
"1020019",1,"Cultivation by villa",0
"1020019",7,"Other (Specify)",0
"1020020",6,"Residential",98
"1020020",4,"Pasture (common acce",0
"1020020",7,"Other (Specify)",2
"1020020",2,"Agro-business/planta",0
"1020020",5,"Wetland",0
"1020020",3,"Forest",0
"1020021",7,"Other (Specify)",5
"1020021",2,"Agro-business/planta",0
"1020021",6,"Residential",95
"1020021",5,"Wetland",0
"1020021",3,"Forest",0
"1020021",1,"Cultivation by villa",0
"1020024",3,"Forest",0
"1020024",7,"Other (Specify)",0
"1020024",5,"Wetland",0
"1020024",6,"Residential",10
"1020024",2,"Agro-business/planta",0
"1020024",4,"Pasture (common acce",0
"1020025",1,"Cultivation by villa",0
"1020025",2,"Agro-business/planta",0
"1020025",6,"Residential",95
"1020025",7,"Other (Specify)",5
"1020025",3,"Forest",0
"1020025",4,"Pasture (common acce",0
"1020026",4,"Pasture (common acce",0
"1020026",6,"Residential",75
"1020026",5,"Wetland",5
"1020026",2,"Agro-business/planta",1
"1020026",7,"Other (Specify)",4
"1020026",1,"Cultivation by villa",15
"1020028",3,"Forest",0
"1020028",2,"Agro-business/planta",0
"1020028",1,"Cultivation by villa",0
"1020028",6,"Residential",99
"1020028",4,"Pasture (common acce",0
"1020028",7,"Other (Specify)",0
"1020031",2,"Agro-business/planta",0
"1020031",6,"Residential",98
"1020031",4,"Pasture (common acce",0
"1020031",3,"Forest",0
"1020031",5,"Wetland",0
"1020031",7,"Other (Specify)",2
"1020032",2,"Agro-business/planta",0
"1020032",5,"Wetland",0
"1020032",7,"Other (Specify)",0
"1020032",6,"Residential",10
"1020032",4,"Pasture (common acce",0
"1020032",1,"Cultivation by villa",0
"1020034",7,"Other (Specify)",60
"1020034",3,"Forest",0
"1020034",6,"Residential",40
"1020034",5,"Wetland",0
"1020034",2,"Agro-business/planta",0
"1020034",1,"Cultivation by villa",0
"1030003",3,"Forest",50
"1030003",4,"Pasture (common acce",0
"1030003",6,"Residential",20
"1030003",5,"Wetland",5
"1030003",1,"Cultivation by villa",35
"1030003",7,"Other (Specify)",0
"1030005",5,"Wetland",3.29999995231628
"1030005",2,"Agro-business/planta",0
"1030005",3,"Forest",3.29999995231628
"1030005",4,"Pasture (common acce",3.29999995231628
"1030005",7,"Other (Specify)",0.100000001490116
"1030005",1,"Cultivation by villa",60
"1040002",5,"Wetland",0
"1040002",7,"Other (Specify)",0
"1040002",4,"Pasture (common acce",0
"1040002",6,"Residential",95
"1040002",2,"Agro-business/planta",0
"1040002",1,"Cultivation by villa",5
"1040004",2,"Agro-business/planta",32
"1040004",6,"Residential",3
"1040004",5,"Wetland",0
"1040004",3,"Forest",6
"1040004",7,"Other (Specify)",25
"1040004",4,"Pasture (common acce",4
"1040006",6,"Residential",40
"1040006",5,"Wetland",0
"1040006",2,"Agro-business/planta",0
"1040006",7,"Other (Specify)",20
"1040006",4,"Pasture (common acce",0
"1040006",1,"Cultivation by villa",40
"1040008",6,"Residential",54
"1040008",1,"Cultivation by villa",40
"1040008",4,"Pasture (common acce",3
"1040008",5,"Wetland",5
"1040008",2,"Agro-business/planta",0
"1040008",7,"Other (Specify)",6.5
"1050001",4,"Pasture (common acce",0
"1050001",1,"Cultivation by villa",5
"1050001",5,"Wetland",10
"1050001",7,"Other (Specify)",10
"1050001",6,"Residential",73
"1050001",3,"Forest",2
"1050004",6,"Residential",30
"1050004",4,"Pasture (common acce",3
"1050004",1,"Cultivation by villa",60
"1050004",7,"Other (Specify)",0
"1050004",5,"Wetland",2
"1050004",3,"Forest",5
"1050008",5,"Wetland",5
"1050008",3,"Forest",0
"1050008",2,"Agro-business/planta",0
"1050008",4,"Pasture (common acce",0
"1050008",6,"Residential",10
"1050008",7,"Other (Specify)",5
"1050012",1,"Cultivation by villa",60
"1050012",4,"Pasture (common acce",2
"1050012",6,"Residential",15
"1050012",3,"Forest",3
"1050012",7,"Other (Specify)",1
"1050012",2,"Agro-business/planta",0
"1050015",7,"Other (Specify)",2
"1050015",4,"Pasture (common acce",4
"1050015",2,"Agro-business/planta",0
"1050015",3,"Forest",0
"1050015",6,"Residential",14
"1050015",8,"Cultivation by villa",80
"1050019",5,"Wetland",3.5
"1050019",1,"Cultivation by villa",80
"1050019",4,"Pasture (common acce",0
"1050019",7,"Other (Specify)",6.5
"1050019",6,"Residential",10
"1050019",3,"Forest",0
"1050023",3,"Forest",1
"1050023",6,"Residential",7
"1050023",5,"Wetland",4
"1050023",1,"Cultivation by villa",76
"1050023",4,"Pasture (common acce",3
"1050023",7,"Other (Specify)",9
"1050026",3,"Forest",5
"1050026",2,"Agro-business/planta",20
"1050026",5,"Wetland",5
"1050026",7,"Other (Specify)",5
"1050026",6,"Residential",20
"1050026",4,"Pasture (common acce",5
"1050030",7,"Other (Specify)",0.150000005960464
"1050030",2,"Agro-business/planta",0
"1050030",4,"Pasture (common acce",0
"1050030",1,"Cultivation by villa",65
"1050030",3,"Forest",0
"1050030",6,"Residential",20
"1050033",2,"Agro-business/planta",0
"1050033",7,"Other (Specify)",0
"1050033",6,"Residential",20
"1050033",4,"Pasture (common acce",20
"1050033",5,"Wetland",0
"1050033",3,"Forest",10
"1060003",4,"Pasture (common acce",20
"1060003",6,"Residential",20
"1060003",5,"Wetland",15
"1060003",1,"Cultivation by villa",20
"1060003",2,"Agro-business/planta",0
"1060003",3,"Forest",0
"1060005",4,"Pasture (common acce",0
"1060005",6,"Residential",40
"1060005",2,"Agro-business/planta",0
"1060005",7,"Other (Specify)",0
"1060005",1,"Cultivation by villa",60
"1060005",3,"Forest",0
"1060007",4,"Pasture (common acce",20
"1060007",2,"Agro-business/planta",0
"1060007",6,"Residential",15
"1060007",5,"Wetland",0
"1060007",3,"Forest",0
"1060007",7,"Other (Specify)",10
"1060009",4,"Pasture (common acce",10
"1060009",1,"Cultivation by villa",60
"1060009",5,"Wetland",5
"1060009",7,"Other (Specify)",3
"1060009",3,"Forest",5
"1060009",2,"Agro-business/planta",0
"1070001",4,"Pasture (common acce",0
"1070001",2,"Agro-business/planta",0
"1070001",3,"Forest",0
"1070001",7,"Other (Specify)",20
"1070001",6,"Residential",78
"1070001",1,"Cultivation by villa",2
"1070002",5,"Wetland",5
"1070002",7,"Other (Specify)",0
"1070002",3,"Forest",0
"1070002",1,"Cultivation by villa",30
"1070002",2,"Agro-business/planta",0
"1070002",4,"Pasture (common acce",0
"1070008",5,"Wetland",5
"1070008",6,"Residential",3
"1070008",7,"Other (Specify)",0
"1070008",4,"Pasture (common acce",70
"1070008",3,"Forest",12
"1070008",2,"Agro-business/planta",0
"1070012",1,"Cultivation by villa",50
"1070012",2,"Agro-business/planta",0
"1070012",3,"Forest",15
"1070012",7,"Other (Specify)",5
"1070012",4,"Pasture (common acce",10
"1070012",6,"Residential",20
"1070016",5,"Wetland",5
"1070016",7,"Other (Specify)",3
"1070016",4,"Pasture (common acce",5
"1070016",2,"Agro-business/planta",0
"1070016",6,"Residential",17
"1070016",3,"Forest",5
"1070020",2,"Agro-business/planta",0
"1070020",6,"Residential",10
"1070020",5,"Wetland",0
"1070020",3,"Forest",0
"1070020",1,"Cultivation by villa",90
"1070020",4,"Pasture (common acce",0
"1080002",4,"Pasture (common acce",0
"1080002",7,"Other (Specify)",5
"1080002",3,"Forest",0
"1080002",1,"Cultivation by villa",15
"1080002",6,"Residential",80
"1080002",2,"Agro-business/planta",0
"1080003",7,"Other (Specify)",0
"1080003",1,"Cultivation by villa",25
"1080003",4,"Pasture (common acce",0
"1080003",5,"Wetland",0
"1080003",3,"Forest",0
"1080003",6,"Residential",75
"1080006",7,"Other (Specify)",
"1080006",5,"Wetland",0
"1080006",2,"Agro-business/planta",0
"1080006",1,"Cultivation by villa",
"1080006",6,"Residential",
"1080006",3,"Forest",0
"1080009",2,"Agro-business/planta",0
"1080009",1,"Cultivation by villa",70
"1080009",6,"Residential",10
"1080009",7,"Other (Specify)",12
"1080009",5,"Wetland",2
"1080009",4,"Pasture (common acce",3
"1080013",5,"Wetland",0
"1080013",7,"Other (Specify)",2
"1080013",1,"Cultivation by villa",78
"1080013",3,"Forest",0
"1080013",2,"Agro-business/planta",0
"1080013",6,"Residential",10
"1080016",5,"Wetland",10
"1080016",4,"Pasture (common acce",40
"1080016",6,"Residential",30
"1080016",1,"Cultivation by villa",0
"1080016",2,"Agro-business/planta",0
"1080016",7,"Other (Specify)",20
"1080020",1,"Cultivation by villa",53
"1080020",6,"Residential",25
"1080020",4,"Pasture (common acce",15
"1080020",7,"Other (Specify)",5
"1080020",2,"Agro-business/planta",0
"1080020",5,"Wetland",0
"1080023",7,"Other (Specify)",30
"1080023",6,"Residential",40
"1080023",1,"Cultivation by villa",20
"1080023",3,"Forest",0
"1080023",2,"Agro-business/planta",0
"1080023",5,"Wetland",10
"1080027",4,"Pasture (common acce",0
"1080027",5,"Wetland",10
"1080027",1,"Cultivation by villa",60
"1080027",3,"Forest",0
"1080027",7,"Other (Specify)",0
"1080027",2,"Agro-business/planta",0
"1080030",3,"Forest",0
"1080030",5,"Wetland",2
"1080030",1,"Cultivation by villa",73
"1080030",4,"Pasture (common acce",5
"1080030",2,"Agro-business/planta",0
"1080030",7,"Other (Specify)",5
"1080033",2,"Agro-business/planta",0
"1080033",1,"Cultivation by villa",75
"1080033",7,"Other (Specify)",0
"1080033",3,"Forest",0
"1080033",4,"Pasture (common acce",10
"1080033",5,"Wetland",5
"1090004",3,"Forest",5
"1090004",4,"Pasture (common acce",30
"1090004",6,"Residential",10
"1090004",1,"Cultivation by villa",40
"1090004",2,"Agro-business/planta",0
"1090004",5,"Wetland",10
"1100001",5,"Wetland",33
"1100001",4,"Pasture (common acce",0
"1100001",2,"Agro-business/planta",0
"1100001",3,"Forest",7.09999990463257
"1100001",1,"Cultivation by villa",33
"1100001",6,"Residential",33
"1100005",4,"Pasture (common acce",10
"1100005",7,"Other (Specify)",5
"1100005",1,"Cultivation by villa",50
"1100005",3,"Forest",5
"1100005",5,"Wetland",10
"1100005",6,"Residential",20
"1100007",7,"Other (Specify)",0
"1100007",4,"Pasture (common acce",30
"1100007",2,"Agro-business/planta",0
"1100007",6,"Residential",10
"1100007",3,"Forest",0
"1100007",5,"Wetland",0
"1100009",3,"Forest",0
"1100009",7,"Other (Specify)",5
"1100009",5,"Wetland",5
"1100009",4,"Pasture (common acce",20
"1100009",6,"Residential",10
"1100009",2,"Agro-business/planta",0
"1100012",7,"Other (Specify)",2
"1100012",5,"Wetland",10
"1100012",6,"Residential",13
"1100012",4,"Pasture (common acce",0
"1100012",2,"Agro-business/planta",0
"1100012",3,"Forest",5
"1110001",6,"Residential",15
"1110001",7,"Other (Specify)",50
"1110001",4,"Pasture (common acce",5
"1110001",5,"Wetland",0
"1110001",3,"Forest",10
"1110001",2,"Agro-business/planta",0
"1110003",4,"Pasture (common acce",15
"1110003",3,"Forest",7
"1110003",5,"Wetland",3
"1110003",2,"Agro-business/planta",0
"1110003",7,"Other (Specify)",0
"1110003",1,"Cultivation by villa",65
"1110005",2,"Agro-business/planta",0
"1110005",1,"Cultivation by villa",50
"1110005",4,"Pasture (common acce",30
"1110005",3,"Forest",0
"1110005",5,"Wetland",0
"1110005",6,"Residential",20
"1120001",5,"Wetland",8
"1120001",4,"Pasture (common acce",8
"1120001",2,"Agro-business/planta",3
"1120001",7,"Other (Specify)",4
"1120001",1,"Cultivation by villa",17
"1120001",3,"Forest",0
"1120003",3,"Forest",0
"1120003",1,"Cultivation by villa",75
"1120003",5,"Wetland",12.5
"1120003",4,"Pasture (common acce",0
"1120003",7,"Other (Specify)",0
"1120003",2,"Agro-business/planta",0
"1120006",4,"Pasture (common acce",15
"1120006",1,"Cultivation by villa",60
"1120006",5,"Wetland",5
"1120006",7,"Other (Specify)",0
"1120006",2,"Agro-business/planta",10
"1120006",3,"Forest",0
"1130002",4,"Pasture (common acce",0
"1130002",5,"Wetland",0
"1130002",1,"Cultivation by villa",10
"1130002",7,"Other (Specify)",20
"1130002",6,"Residential",70
"1130002",3,"Forest",0
"1130003",7,"Other (Specify)",0
"1130003",4,"Pasture (common acce",0
"1130003",3,"Forest",0
"1130003",5,"Wetland",0
"1130003",6,"Residential",10
"1130003",1,"Cultivation by villa",0
"1130004",3,"Forest",0
"1130004",1,"Cultivation by villa",5
"1130004",7,"Other (Specify)",23
"1130004",6,"Residential",70
"1130004",4,"Pasture (common acce",0
"1130004",2,"Agro-business/planta",0
"1130006",7,"Other (Specify)",8
"1130006",4,"Pasture (common acce",0
"1130006",6,"Residential",90
"1130006",1,"Cultivation by villa",2
"1130006",5,"Wetland",0
"1130006",3,"Forest",0
"1130008",5,"Wetland",10
"1130008",6,"Residential",5
"1130008",4,"Pasture (common acce",10
"1130008",2,"Agro-business/planta",0
"1130008",3,"Forest",5
"1130008",7,"Other (Specify)",10
"1130010",5,"Wetland",10
"1130010",7,"Other (Specify)",15
"1130010",1,"Cultivation by villa",30
"1130010",4,"Pasture (common acce",15
"1130010",6,"Residential",20
"1130010",3,"Forest",10
"1130012",6,"Residential",60
"1130012",2,"Agro-business/planta",0
"1130012",3,"Forest",0
"1130012",1,"Cultivation by villa",25
"1130012",4,"Pasture (common acce",0
"1130012",7,"Other (Specify)",5
"1130016",3,"Forest",0
"1130016",4,"Pasture (common acce",0
"1130016",7,"Other (Specify)",10
"1130016",6,"Residential",78
"1130016",2,"Agro-business/planta",0
"1130016",1,"Cultivation by villa",12
"1130019",1,"Cultivation by villa",0
"1130019",4,"Pasture (common acce",0
"1130019",5,"Wetland",6
"1130019",2,"Agro-business/planta",0
"1130019",7,"Other (Specify)",10
"1130019",3,"Forest",10
"1130023",3,"Forest",0
"1130023",4,"Pasture (common acce",0
"1130023",5,"Wetland",10
"1130023",2,"Agro-business/planta",0
"1130023",1,"Cultivation by villa",10
"1130023",7,"Other (Specify)",10
"1140003",6,"Residential",10
"1140003",4,"Pasture (common acce",60
"1140003",1,"Cultivation by villa",30
"1140003",5,"Wetland",0
"1140003",3,"Forest",0
"1140003",7,"Other (Specify)",0
"1150004",6,"Residential",20
"1150004",3,"Forest",10
"1150004",2,"Agro-business/planta",
"1150004",7,"Other (Specify)",0
"1150004",4,"Pasture (common acce",
"1150004",5,"Wetland",0
"1150027",1,"Cultivation by villa",60
"1150027",3,"Forest",10
"1150027",6,"Residential",10
"1150027",4,"Pasture (common acce",12
"1150027",5,"Wetland",5
"1150027",7,"Other (Specify)",3
"1160011",6,"Residential",30
"1160011",2,"Agro-business/planta",0
"1160011",3,"Forest",0
"1160011",7,"Other (Specify)",0
"1160011",4,"Pasture (common acce",10
"1160011",5,"Wetland",0
"1160013",5,"Wetland",0.200000002980232
"1160013",2,"Agro-business/planta",0
"1160013",4,"Pasture (common acce",0
"1160013",3,"Forest",0
"1160013",6,"Residential",90
"1160013",1,"Cultivation by villa",0.5
"2010004",0,"Agro-business/planta",0
"2010004",7,"Other (Specify)",20
"2010004",1,"Cultivation by villa",30
"2010004",3,"Forest",50
"2010004",4,"Pasture (common acce",0
"2010006",6,"Residential",19
"2010006",7,"Other (Specify)",0
"2010006",2,"Agro-business/planta",0
"2010006",1,"Cultivation by villa",70
"2010006",3,"Forest",5
"2010006",4,"Pasture (common acce",5
"2010008",6,"Residential",15
"2010008",7,"Other (Specify)",0
"2010008",3,"Forest",0
"2010008",5,"Wetland",5
"2010008",4,"Pasture (common acce",10
"2010008",2,"Agro-business/planta",0
"2010009",5,"Wetland",5
"2010009",7,"Other (Specify)",0
"2010009",6,"Residential",20
"2010009",3,"Forest",0
"2010009",4,"Pasture (common acce",0
"2010009",2,"Agro-business/planta",0
"2020005",5,"Wetland",0
"2020005",3,"Forest",0
"2020005",1,"Cultivation by villa",70
"2020005",4,"Pasture (common acce",0
"2020005",2,"Agro-business/planta",0
"2020005",7,"Other (Specify)",0
"2020007",2,"Agro-business/planta",0
"2020007",7,"Other (Specify)",1
"2020007",6,"Residential",25
"2020007",5,"Wetland",2
"2020007",3,"Forest",1
"2020007",4,"Pasture (common acce",0
"2030004",6,"Residential",90
"2030004",5,"Wetland",0
"2030004",7,"Other (Specify)",0
"2030004",2,"Agro-business/planta",0
"2030004",3,"Forest",0
"2030004",1,"Cultivation by villa",10
"2030018",6,"Residential",30
"2030018",3,"Forest",0
"2030018",4,"Pasture (common acce",0
"2030018",1,"Cultivation by villa",70
"2030018",5,"Wetland",0
"2030018",7,"Other (Specify)",0
"2030028",4,"Pasture (common acce",0
"2030028",3,"Forest",0
"2030028",6,"Residential",20
"2030028",7,"Other (Specify)",0
"2030028",5,"Wetland",5
"2030028",1,"Cultivation by villa",70
"2030033",7,"Other (Specify)",0
"2030033",6,"Residential",20
"2030033",5,"Wetland",10
"2030033",1,"Cultivation by villa",59
"2030033",2,"AGRO BUSINESS PLANTA",1
"2030033",4,"Pasture (common acce",10
"2040002",1,"Cultivation by villa",0
"2040002",5,"Wetland",0
"2040002",4,"Pasture (common acce",0
"2040002",6,"Residential",0
"2040002",3,"Forest",0
"2040002",2,"Agro-business/planta",0
"2040006",4,"Pasture (common acce",0
"2040006",2,"Agro-business/planta",0
"2040006",7,"Other (Specify)",0
"2040006",1,"Cultivation by villa",0
"2040006",3,"Forest",0
"2040006",6,"Residential",10
"2040009",4,"Pasture (common acce",0
"2040009",6,"Residential",90
"2040009",7,"Other (Specify)",0
"2040009",5,"Wetland",0
"2040009",2,"Agro-business/planta",0
"2040009",1,"Cultivation by villa",10
"2040012",4,"Pasture (common acce",0
"2040012",1,"Cultivation by villa",70
"2040012",7,"Other (Specify)",0
"2040012",6,"Residential",20
"2040012",5,"Wetland",5
"2040012",2,"Agro-business/planta",5
"2040014",2,"Agro-business/planta",0
"2040014",4,"Pasture (common acce",0
"2040014",5,"Wetland",0
"2040014",3,"Forest",5
"2040014",7,"Other (Specify)",0
"2040014",1,"Cultivation by villa",80
"2040015",3,"Forest",0
"2040015",2,"Agro-business/planta",0
"2040015",5,"Wetland",5
"2040015",1,"Cultivation by villa",60
"2040015",4,"Pasture (common acce",0
"2040015",6,"Residential",35
"2050001",7,"Other (Specify)",0
"2050001",2,"Agro-business/planta",0
"2050001",6,"Residential",40
"2050001",3,"Forest",0
"2050001",4,"Pasture (common acce",0
"2050001",1,"Cultivation by villa",60
"2050004",5,"Wetland",5
"2050004",3,"Forest",0
"2050004",2,"Agro-business/planta",0
"2050004",6,"Residential",30
"2050004",7,"Other (Specify)",0
"2050004",1,"Cultivation by villa",50
"2050009",5,"Wetland",10
"2050009",3,"Forest",0
"2050009",1,"Cultivation by villa",70
"2050009",0,"Agro-business/planta",0
"2050009",4,"Pasture (common acce",0
"2050009",7,"Other (Specify)",0
"2050013",3,"Forest",0
"2050013",4,"Pasture (common acce",0
"2050013",1,"Cultivation by villa",70
"2050013",2,"Agro-business/planta",0
"2050013",7,"Other (Specify)",0
"2050013",5,"Wetland",10
"2050017",6,"Residential",35
"2050017",1,"Cultivation by villa",60
"2050017",5,"Wetland",5
"2050017",2,"Agro-business/planta",0
"2050017",7,"Other (Specify)",0
"2050017",4,"Pasture (common acce",0
"2050030",7,"Other (Specify)",0
"2050030",3,"Forest",0
"2050030",5,"Wetland",2
"2050030",4,"Pasture (common acce",0
"2050030",6,"Residential",20
"2050030",2,"Agro-business/planta",0
"2060003",6,"Residential",18
"2060003",1,"Cultivation by villa",70
"2060003",2,"Agro-business/planta",0
"2060003",3,"Forest",5
"2060003",5,"Wetland",0
"2060003",4,"Pasture (common acce",7
"2070005",2,"Agro-business/planta",0
"2070005",1,"Cultivation by villa",80
"2070005",5,"Wetland",5
"2070005",6,"Residential",10
"2070005",7,"Other (Specify)",0
"2070005",4,"Pasture (common acce",5
"2070006",2,"Agro-business/planta",0
"2070006",7,"Other (Specify)",0
"2070006",3,"Forest",20
"2070006",1,"Cultivation by villa",40
"2070006",6,"Residential",10
"2070006",4,"Pasture (common acce",15
"2080007",3,"Forest",0
"2080007",5,"Wetland",10
"2080007",7,"Other (Specify)",0
"2080007",1,"Cultivation by villa",50
"2080007",4,"Pasture (common acce",20
"2080007",6,"Residential",20
"2080008",1,"Cultivation by villa",80
"2080008",5,"Wetland",10
"2080008",2,"Agro-business/planta",0
"2080008",3,"Forest",0
"2080008",6,"Residential",10
"2080008",7,"Other (Specify)",0
"2090003",1,"Cultivation by villa",0
"2090003",6,"Residential",95
"2090003",4,"Pasture (common acce",0
"2090003",3,"Forest",0
"2090003",7,"Other (Specify)",5
"2090003",5,"Wetland",0
"2090006",6,"Residential",60
"2090006",1,"Cultivation by villa",0
"2090006",2,"Agro-business/planta",0
"2090006",7,"Other (Specify)",40
"2090006",4,"Pasture (common acce",0
"2090006",3,"Forest",0
"2090033",2,"Agro-business/planta",0
"2090033",7,"Other (Specify)",0
"2090033",1,"Cultivation by villa",75
"2090033",6,"Residential",20
"2090033",4,"Pasture (common acce",0
"2090033",3,"Forest",5
"2100002",7,"Other (Specify)",10
"2100002",1,"Cultivation by villa",15
"2100002",5,"Wetland",0
"2100002",4,"Pasture (common acce",0
"2100002",3,"Forest",0
"2100002",2,"Agro-business/planta",0
"2100004",4,"Pasture (common acce",0
"2100004",2,"Agro-business/planta",0
"2100004",1,"Cultivation by villa",60
"2100004",3,"Forest",0
"2100004",7,"Other (Specify)",0
"2100004",5,"Wetland",30
"2100006",3,"Forest",0
"2100006",5,"Wetland",15
"2100006",2,"Agro-business/planta",0
"2100006",1,"Cultivation by villa",50
"2100006",6,"Residential",25
"2100006",7,"Other (Specify)",0
"2100007",6,"Residential",20
"2100007",2,"Agro-business/planta",0
"2100007",7,"Other (Specify)",0
"2100007",3,"Forest",0
"2100007",5,"Wetland",1
"2100007",4,"Pasture (common acce",0
"2110004",4,"Pasture (common acce",30
"2110004",2,"Agro-business/planta",0
"2110004",7,"Other (Specify)",0
"2110004",6,"Residential",10
"2110004",1,"Cultivation by villa",40
"2110004",3,"Forest",10
"2110006",1,"Cultivation by villa",50
"2110006",6,"Residential",10
"2110006",7,"Other (Specify)",
"2110006",3,"Forest",10
"2110006",5,"Wetland",10
"2110006",4,"Pasture (common acce",20
"2110007",2,"Agro-business/planta",0
"2110007",3,"Forest",0
"2110007",1,"Cultivation by villa",80
"2110007",4,"Pasture (common acce",10
"2110007",7,"Other (Specify)",
"2110007",5,"Wetland",0
"2120003",6,"Residential",55
"2120003",7,"Other (Specify)",25
"2120003",3,"Forest",0
"2120003",2,"Agro-business/planta",0
"2120003",5,"Wetland",0
"2120003",4,"Pasture (common acce",0
"2120008",3,"Forest",0
"2120008",1,"Cultivation by villa",70
"2120008",7,"Other (Specify)",0
"2120008",5,"Wetland",5
"2120008",2,"Agro-business/planta",0
"2120008",6,"Residential",25
"2120009",1,"Cultivation by villa",60
"2120009",7,"Other (Specify)",15
"2120009",2,"Agro-business/planta",0
"2120009",5,"Wetland",0
"2120009",4,"Pasture (common acce",0
"2120009",6,"Residential",25
"2120011",2,"Agro-business/planta",0
"2120011",7,"Other (Specify)",1
"2120011",4,"Pasture (common acce",0
"2120011",3,"Forest",0
"2120011",5,"Wetland",10
"2120011",1,"Cultivation by villa",60
"2140002",7,"Other (Specify)",0
"2140002",1,"Cultivation by villa",60
"2140002",3,"Forest",0
"2140002",6,"Residential",20
"2140002",2,"Agro-business/planta",10
"2140002",5,"Wetland",5
"2140003",4,"Pasture (common acce",0
"2140003",7,"Other (Specify)",0
"2140003",6,"Residential",20
"2140003",1,"Cultivation by villa",79
"2140003",2,"Agro-business/planta",0
"2140003",5,"Wetland",1
"2150001",2,"Agro-business/planta",0
"2150001",7,"Other (Specify)",5
"2150001",1,"Cultivation by villa",50
"2150001",3,"Forest",0
"2150001",6,"Residential",35
"2150001",5,"Wetland",10
"2150002",1,"Cultivation by villa",70
"2150002",6,"Residential",30
"2150002",2,"Agro-business/planta",0
"2150002",7,"Other (Specify)",0
"2150002",4,"Pasture (common acce",0
"2150002",5,"Wetland",0
"2150004",5,"Wetland",1
"2150004",3,"Forest",1
"2150004",7,"Other (Specify)",5
"2150004",2,"Agro-business/planta",0
"2150004",6,"Residential",28
"2150004",1,"Cultivation by villa",65
"2150006",1,"Cultivation by villa",85
"2150006",7,"Other (Specify)",0
"2150006",4,"Pasture (common acce",0
"2150006",2,"Agro-business/planta",0
"2150006",6,"Residential",15
"2150006",5,"Wetland",0
"2150007",5,"Wetland",0
"2150007",6,"Residential",15
"2150007",2,"Agro-business/planta",0
"2150007",1,"Cultivation by villa",65
"2150007",7,"Other (Specify)",20
"2150007",4,"Pasture (common acce",1
"2160003",3,"Forest",10
"2160003",1,"Cultivation by villa",50
"2160003",6,"Residential",20
"2160003",7,"Other (Specify)",0
"2160003",5,"Wetland",0
"2160003",2,"Agro-business/planta",0
"2170009",7,"Other (Specify)",0
"2170009",6,"Residential",20
"2170009",4,"Pasture (common acce",15
"2170009",3,"Forest",10
"2170009",5,"Wetland",10
"2170009",2,"Agro-business/planta",0
"2180037",1,"Cultivation by villa",65
"2180037",2,"Agro-business/planta",0
"2180037",7,"Other (Specify)",1
"2180037",5,"Wetland",0
"2180037",3,"Forest",15
"2180037",4,"Pasture (common acce",0
"2190003",4,"Pasture (common acce",0
"2190003",1,"Cultivation by villa",69
"2190003",5,"Wetland",0.5
"2190003",3,"Forest",0
"2190003",7,"Other (Specify)",0.5
"2190003",6,"Residential",30
"2200001",5,"Wetland",0
"2200001",1,"Cultivation by villa",72
"2200001",6,"Residential",25
"2200001",7,"Other (Specify)",0
"2200001",2,"Agro-business/planta",0
"2200001",4,"Pasture (common acce",0
"2210006",7,"Other (Specify)",0
"2210006",1,"Cultivation by villa",80
"2210006",3,"Forest",0
"2210006",5,"Wetland",0
"2210006",6,"Residential",20
"2210006",4,"Pasture (common acce",0
"2220026",4,"Pasture (common acce",
"2220026",7,"Other (Specify)",0
"2220026",1,"Cultivation by villa",
"2220026",3,"Forest",
"2220026",2,"Agro-business/planta",
"2220026",6,"Residential",
"2230011",5,"Wetland",0
"2230011",4,"Pasture (common acce",0
"2230011",3,"Forest",0
"2230011",2,"Agro-business/planta",0
"2230011",6,"Residential",20
"2230011",1,"Cultivation by villa",80
"2230014",4,"Pasture (common acce",0
"2230014",7,"Other (Specify)",5
"2230014",6,"Residential",15
"2230014",3,"Forest",0
"2230014",2,"Agro-business/planta",0
"2230014",1,"Cultivation by villa",80
"2230022",4,"Pasture (common acce",0
"2230022",3,"Forest",0
"2230022",1,"Cultivation by villa",70
"2230022",5,"Wetland",0
"2230022",7,"Other (Specify)",2
"2230022",6,"Residential",28
"2230026",1,"Cultivation by villa",60
"2230026",7,"Other (Specify)",10
"2230026",3,"Forest",0
"2230026",2,"Agro-business/planta",0
"2230026",5,"Wetland",0
"2230026",4,"Pasture (common acce",0
"2230029",2,"Agro-business/planta",0
"2230029",3,"Forest",0
"2230029",7,"Other (Specify)",0
"2230029",4,"Pasture (common acce",0
"2230029",6,"Residential",20
"2230029",5,"Wetland",0
"2240013",3,"Forest",1
"2240013",4,"Pasture (common acce",0
"2240013",7,"Other (Specify)",0
"2240013",5,"Wetland",10
"2240013",1,"Cultivation by villa",68
"3010003",4,"Pasture (common acce",10
"3010003",2,"Agro-business/planta",
"3010003",7,"Other (Specify)",5
"3010003",3,"Forest",
"3010003",1,"Cultivation by villa",45
"3020002",7,"Other (Specify)",75
"3020002",2,"Agro-business/planta",0
"3020002",4,"Pasture (common acce",0
"3020002",6,"Residential",15
"3020002",5,"Wetland",5
"3020002",3,"Forest",1
"3020003",4,"Pasture (common acce",0
"3020003",6,"Residential",8
"3020003",7,"Other (Specify)",1
"3020003",3,"Forest",0
"3020003",5,"Wetland",1
"3020003",2,"AGRO-BUSINESS",0
"3020005",4,"Pasture (common acce",0
"3020005",3,"Forest",0
"3020005",7,"Other (Specify)",0
"3020005",5,"Wetland",5
"3020005",1,"Cultivation by villa",75
"3020005",6,"Residential",20
"3020008",7,"Other (Specify)",0
"3020008",1,"Cultivation by villa",65
"3020008",2,"Agro-business/planta",0
"3020008",4,"Pasture (common acce",0
"3020008",6,"Residential",35
"3020008",3,"Forest",0
"3020010",4,"Pasture (common acce",0
"3020010",6,"Residential",25
"3020010",1,"Cultivation by villa",85
"3020010",7,"Other (Specify)",0
"3020010",5,"Wetland",0
"3020010",3,"Forest",0
"3020013",5,"Wetland",0
"3020013",6,"Residential",35
"3020013",7,"Other (Specify)",5
"3020013",3,"Forest",0
"3020013",4,"Pasture (common acce",0
"3020013",1,"Cultivation by villa",60
"3020016",3,"Forest",0
"3020016",1,"Cultivation by villa",79
"3020016",6,"Residential",20
"3020016",4,"Pasture (common acce",0
"3020016",7,"Other (Specify)",1
"3020016",5,"Wetland",0
"3020018",1,"Cultivation by villa",3
"3020018",4,"Pasture (common acce",0
"3020018",3,"Forest",0
"3020018",7,"Other (Specify)",0
"3020018",6,"Residential",97
"3020018",2,"Agro-business/planta",0
"3020035",4,"Agro-business/planta",0
"3020035",6,"Residential",25
"3020035",3,"Forest",0
"3020035",5,"Cultivation by villa",50
"3030002",4,"Pasture (common acce",0
"3030002",3,"Forest",0
"3030002",1,"Cultivation by villa",5
"3030002",2,"Agro-business/planta",0
"3030002",6,"Residential",80
"3030002",7,"Other (Specify)",10
"3030006",7,"Other (Specify)",0
"3030006",6,"Residential",15
"3030006",1,"Cultivation by villa",80
"3030006",4,"Pasture (common acce",0
"3030006",2,"Agro-business/planta",0
"3030006",3,"Forest",0
"3030009",5,"Wetland",10
"3030009",4,"Pasture (common acce",0
"3030009",1,"Cultivation by villa",30
"3030009",2,"Agro-business/planta",0
"3030009",7,"Other (Specify)",18
"3030009",6,"Residential",50
"3030015",5,"Wetland",5
"3030015",6,"Residential",35
"3030015",3,"Forest",0
"3030015",7,"Other (Specify)",10
"3030015",1,"Cultivation by villa",50
"3030015",2,"Agro-business/planta",0
"3030033",5,"Wetland",5
"3030033",1,"Cultivation by villa",30
"3030033",6,"Residential",20
"3030033",7,"Other (Specify)",5
"3030033",2,"Agro-business/planta",5
"3030033",4,"Pasture (common acce",15
"3040002",6,"Residential",60
"3040002",3,"Forest",
"3040002",2,"Agro-business/planta",
"3040002",1,"Cultivation by villa",
"3040002",4,"Pasture (common acce",
"3040002",5,"Wetland",
"3040004",6,"Residential",30
"3040004",3,"Forest",0
"3040004",5,"Wetland",28
"3040004",7,"Other (Specify)",2
"3040004",4,"PASTURE",0
"3040004",1,"Cultivation by villa",40
"3040007",2,"Agro-business/planta",0
"3040007",6,"Residential",70
"3040007",7,"Other (Specify)",5
"3040007",4,"Pasture (common acce",0
"3040007",1,"Cultivation by villa",0
"3040007",5,"Wetland",10
"3040009",7,"Other (Specify)",5
"3040009",6,"Residential",25
"3040009",3,"Forest",0
"3040009",1,"Cultivation by villa",70
"3040009",4,"Pasture (common acce",0
"3040009",5,"Wetland",0
"3040014",7,"Other (Specify)",1
"3040014",1,"Cultivation by villa",70
"3040014",4,"Pasture (common acce",0
"3040014",5,"Wetland",10
"3040014",2,"Agro-business/planta",0
"3040014",3,"Forest",0
"3050001",5,"Wetland",0
"3050001",4,"Pasture (common acce",0
"3050001",2,"Agro-business/planta",0
"3050001",7,"Other (Specify)",25
"3050001",3,"Forest",0
"3050001",6,"Residential",75
"3060006",1,"Cultivation by villa",40
"3060006",3,"Forest",0
"3060006",6,"Residential",10
"3060006",2,"Agro-business/planta",0
"3060006",7,"Other (Specify)",0
"3060006",5,"Wetland",0
"3070002",3,"Forest",0
"3070002",5,"Wetland",0
"3070002",6,"Residential",50
"3070002",2,"Agro-business/planta",0
"3070002",1,"Cultivation by villa",0
"3070002",7,"Other (Specify)",50
"3070005",4,"Pasture (common acce",0
"3070005",2,"Agro-business/planta",5
"3070005",7,"Other (Specify)",23
"3070005",1,"Cultivation by villa",2
"3070005",6,"Residential",60
"3070005",3,"Forest",0
"3070007",3,"Forest",0
"3070007",5,"Wetland",0
"3070007",6,"Residential",80
"3070007",1,"Cultivation by villa",0
"3070007",2,"Agro-business/planta",0
"3070007",7,"OTHER",20
"3070012",4,"Pasture (common acce",0
"3070012",6,"Residential",33
"3070012",2,"Agro-business/planta",0
"3070012",5,"Wetland",5
"3070012",7,"Other (Specify)",2
"3070012",1,"Cultivation by villa",50
"3070017",6,"Residential",25
"3070017",5,"Wetland",0
"3070017",4,"Pasture (common acce",0
"3070017",7,"Other (Specify)",0
"3070017",1,"Cultivation by villa",75
"3070017",2,"Agro-business/planta",0
"3070018",7,"Other (Specify)",5
"3070018",3,"Forest",0
"3070018",2,"Agro-business/planta",0
"3070018",6,"Residential",15
"3070018",5,"Wetland",0
"3070018",1,"Cultivation by villa",80
"3070020",6,"Residential",30
"3070020",7,"Other (Specify)",0
"3070020",4,"Pasture (common acce",0
"3070020",5,"Wetland",10
"3070020",3,"Forest",0
"3070020",2,"Agro-business/planta",0
"3070022",6,"Residential",20
"3070022",7,"Other (Specify)",5
"3070022",3,"Forest",0
"3070022",2,"Agro-business/planta",0
"3070022",1,"Cultivation by villa",70
"3070022",5,"Wetland",5
"3070023",5,"Wetland",5
"3070023",4,"Pasture (common acce",0
"3070023",7,"Other (Specify)",5
"3070023",6,"Residential",20
"3070023",2,"Agro-business/planta",0
"3070023",1,"Cultivation by villa",70
"3070025",1,"Cultivation by villa",85
"3070025",2,"Agro-business/planta",0
"3070025",3,"Forest",0
"3070025",4,"Pasture (common acce",0
"3070025",7,"Other (Specify)",0
"3070025",5,"Wetland",0
"3080001",4,"Pasture (common acce",20
"3080001",5,"Wetland",0
"3080001",2,"Agro-business/planta",0
"3080001",7,"Other (Specify)",0
"3080001",6,"Residential",5
"3080001",3,"Forest",0
"3080004",6,"Residential",5
"3080004",1,"Cultivation by villa",35
"3080004",5,"Wetland",0
"3080004",7,"Other (Specify)",0
"3080004",3,"Forest",0
"3080004",2,"Agro-business/planta",0
"3090001",5,"Wetland",5
"3090001",4,"Pasture (common acce",5
"3090001",6,"Residential",35
"3090001",1,"Cultivation by villa",30
"3090001",2,"Agro-business/planta",0
"3090001",7,"Other (Specify)",20
"3090002",4,"Pasture (common acce",5
"3090002",3,"Forest",0
"3090002",1,"Cultivation by villa",60
"3090002",2,"Agro-business/planta",0
"3090002",7,"Other (Specify)",0
"3090002",5,"Wetland",10
"3100001",2,"Agro-business/planta",0
"3100001",1,"Cultivation by villa",40
"3100001",4,"Pasture (common acce",0
"3100001",7,"Other (Specify)",10
"3100001",5,"Wetland",10
"3100001",6,"Residential",40
"3100004",6,"Residential",60
"3100004",3,"Forest",0
"3100004",7,"Other (Specify)",27
"3100004",1,"Cultivation by villa",10
"3100004",5,"Wetland",3
"3100004",4,"Pasture (common acce",0
"3100006",4,"Pasture (common acce",20
"3100006",2,"Agro-business/planta",0
"3100006",5,"Wetland",5
"3100006",1,"Cultivation by villa",50
"3100006",6,"Residential",20
"3100006",3,"Forest",0
"3100007",4,"Pasture (common acce",40
"3100007",2,"Agro-business/planta",0
"3100007",5,"Wetland",0
"3100007",7,"Other (Specify)",0
"3100007",3,"Forest",0
"3100007",1,"Cultivation by villa",30
"3100008",2,"Agro-business/planta",3
"3100008",1,"Cultivation by villa",65
"3100008",5,"Wetland",10
"3100008",3,"Forest",0
"3100008",4,"Pasture (common acce",0
"3100008",7,"Other (Specify)",2
"3100009",2,"Agro-business/planta",
"3100009",5,"Wetland",5
"3100009",4,"Pasture (common acce",
"3100009",3,"Forest",
"3100009",7,"Other (Specify)",15
"3100009",1,"Cultivation by villa",60
"3100010",4,"Pasture (common acce",0
"3100010",2,"Agro-business/planta",0
"3100010",3,"Forest",0
"3100010",5,"Wetland",5
"3100010",1,"Cultivation by villa",80
"3100010",6,"Residential",5
"3100012",4,"Pasture (common acce",0
"3100012",5,"Wetland",1
"3100012",1,"Cultivation by villa",70
"3100012",7,"Other (Specify)",9
"3100012",2,"Agro-business/planta",0
"3100012",6,"Residential",20
"3110004",7,"Other (Specify)",0
"3110004",5,"Wetland",0
"3110004",3,"Forest",20
"3110004",4,"Pasture (common acce",50
"3130001",5,"Wetland",5
"3130001",1,"Cultivation by villa",45
"3130001",4,"Pasture (common acce",25
"3130001",7,"Other (Specify)",5
"3130001",3,"Forest",0
"3130001",6,"Residential",20
"3130002",3,"Forest",0
"3130002",2,"Agro-business/planta",0
"3130002",1,"Cultivation by villa",65
"3130002",5,"Wetland",20
"3130002",7,"Other (Specify)",1
"3130002",4,"Pasture (common acce",0
"3130003",1,"Cultivation by villa",60
"3130003",4,"Pasture (common acce",0
"3130003",2,"Agro-business/planta",0
"3130003",5,"Wetland",5
"3130003",6,"Residential",30
"3130003",7,"Other (Specify)",5
"3150016",5,"Wetland",30
"3150016",2,"Agro-business/planta",0
"3150016",1,"Cultivation by villa",65
"3150016",4,"Pasture (common acce",0
"3150016",3,"Forest",0
"3150016",7,"Other (Specify)",0
"3160016",4,"Pasture (common acce",0
"3160016",5,"Wetland",5
"3160016",2,"Agro-business/planta",0
"3160016",1,"Cultivation by villa",90
"3160016",7,"Other (Specify)",0
"3160016",6,"Residential",5
"3170009",1,"Cultivation by villa",60
"3170009",7,"Other (Specify)",0
"3170009",3,"Forest",0
"3170009",6,"Residential",30
"3170009",4,"Pasture (common acce",0
"3170009",2,"Agro-business/planta",0
"3170010",1,"Cultivation by villa",65
"3170010",4,"Pasture (common acce",0
"3170010",6,"Residential",20
"3170010",3,"Forest",0
"3170010",7,"Other (Specify)",10
"3170010",2,"Agro-business/planta",0
"3170011",7,"Other (Specify)",0
"3170011",3,"Forest",0
"3170011",5,"Wetland",15
"3170011",4,"Pasture (common acce",0
"3170011",1,"Cultivation by villa",60
"3170011",2,"Agro-business/planta",0
"3180002",3,"Forest",0
"3180002",7,"Other (Specify)",0
"3180002",5,"Wetland",0
"3180002",6,"Residential",5
"3180002",4,"Pasture (common acce",75
"3180002",2,"Agro-business/planta",0
"3180003",7,"Other (Specify)",0
"3180003",1,"Cultivation by villa",40
"3180003",2,"Agro-business/planta",0
"3180003",6,"Residential",10
"3180003",4,"Pasture (common acce",0
"3180003",3,"Forest",50
"3180004",3,"Forest",0
"3180004",5,"Wetland",0
"3180004",2,"Agro-business/planta",0
"3180004",4,"Pasture (common acce",70
"3180004",6,"Residential",10
"3180004",1,"Cultivation by villa",20
"3190005",1,"Cultivation by villa",5
"3190005",2,"Agro-business/planta",0
"3190005",3,"Forest",2
"3190005",7,"Other (Specify)",3
"3190005",5,"Wetland",10
"3190005",4,"Pasture (common acce",0
"3190012",2,"Agro-business/planta",0
"3190012",4,"Pasture (common acce",0
"3190012",1,"Cultivation by villa",65
"3190012",3,"Forest",0
"3190012",7,"Other (Specify)",17
"3190012",5,"Wetland",3
"3200018",6,"Residential",20
"3200018",2,"Agro-business/planta",0
"3200018",1,"Cultivation by villa",60
"3200018",5,"Wetland",5
"3200018",3,"Forest",3
"3200018",7,"Other (Specify)",5
"3200021",7,"Other (Specify)",5
"3200021",2,"Agro-business/planta",0
"3200021",4,"Pasture (common acce",5
"3200021",5,"Wetland",5
"3200021",1,"Cultivation by villa",60
"3200021",3,"Forest",5
"3200024",3,"Forest",0
"3200024",4,"Pasture (common acce",0
"3200024",7,"Other (Specify)",4
"3200024",2,"Agro-business/planta",0
"3200024",6,"Residential",15
"3200024",1,"Cultivation by villa",75
"3200027",3,"Forest",0
"3200027",5,"Wetland",10
"3200027",2,"Agro-business/planta",0
"3200027",1,"Cultivation by villa",60
"3200027",7,"Other (Specify)",5
"3200027",4,"Pasture (common acce",10
"3200030",7,"Other (Specify)",5
"3200030",0,"Agro-business/planta",0
"3200030",5,"Wetland",5
"3200030",4,"Pasture (common acce",0
"3200030",6,"Cultivation by villa",60
"3210021",3,"Forest",0
"3210021",1,"Cultivation by villa",65
"3210021",7,"Other (Specify)",5
"3210021",5,"Wetland",10
"3210021",2,"AGRO BUSINESS",0
"3210021",6,"Residential",20
"3210023",3,"Forest",0
"3210023",1,"Cultivation by villa",50
"3210023",7,"Other (Specify)",0
"3210023",2,"Agro-business/planta",0
"3210023",5,"Wetland",15
"3210023",4,"Pasture (common acce",0
"3210028",1,"Cultivation by villa",70
"3210028",3,"Forest",0
"3210028",6,"Residential",25
"3210028",4,"Pasture (common acce",0
"3210028",2,"Agro-business/planta",0
"3210028",7,"Other (Specify)",5
"3210030",7,"Other (Specify)",3
"3210030",4,"Pasture (common acce",0
"3210030",5,"Wetland",5
"3210030",1,"Cultivation by villa",60
"3210030",3,"Forest",0
"3210030",6,"Residential",32
"4010003",6,"Residential",40
"4010003",4,"Pasture (common acce",0
"4010003",1,"Cultivation by villa",60
"4010003",7,"Other (Specify)",0
"4010003",3,"Forest",0
"4010003",5,"Wetland",0
"4010005",7,"Other (Specify)",0
"4010005",5,"Wetland",10
"4010005",6,"Residential",20
"4010005",2,"Agro-business/planta",0
"4010005",4,"Pasture (common acce",0
"4010005",3,"Forest",0
"4020002",6,"Residential",40
"4020002",5,"Wetland",0
"4020002",3,"Forest",0
"4020002",1,"Cultivation by villa",60
"4020002",2,"Agro-business/planta",0
"4020002",4,"Pasture (common acce",0
"4020007",1,"Cultivation by villa",50
"4020007",4,"Pasture (common acce",16
"4020007",6,"Residential",28
"4020007",5,"Wetland",2
"4020007",2,"Agro-business/planta",0
"4020007",7,"Other (Specify)",0
"4020011",6,"Residential",28
"4020011",5,"Wetland",0
"4020011",4,"Pasture (common acce",2
"4020011",3,"Forest",0
"4020011",1,"Cultivation by villa",70
"4020011",2,"Agro-business/planta",0
"4020016",3,"Forest",5
"4020016",7,"Other (Specify)",0
"4020016",6,"Residential",27
"4020016",1,"Cultivation by villa",60
"4020016",2,"Agro-business/planta",0
"4020016",4,"Pasture (common acce",10
"4020020",3,"Forest",0
"4020020",2,"Agro-business/planta",0
"4020020",7,"Other (Specify)",0
"4020020",6,"Residential",20
"4020020",1,"Cultivation by villa",60
"4020020",4,"Pasture (common acce",18
"4020025",5,"Wetland",5
"4020025",3,"Forest",0
"4020025",2,"Agro-business/planta",0
"4020025",4,"Pasture (common acce",10
"4020025",7,"Other (Specify)",0
"4020025",6,"Residential",10
"4020030",4,"Pasture (common acce",10
"4020030",1,"Cultivation by villa",50
"4020030",6,"Residential",30
"4020030",7,"Other (Specify)",0
"4020030",5,"Wetland",10
"4020030",3,"Forest",0
"4030004",6,"Residential",35
"4030004",2,"Agro-business/planta",0
"4030004",4,"Pasture (common acce",0
"4030004",5,"Wetland",0
"4030004",3,"Forest",5
"4030004",1,"Cultivation by villa",60
"4030006",6,"Residential",50
"4030006",3,"Forest",0
"4030006",4,"Pasture (common acce",0
"4030006",1,"Cultivation by villa",40
"4030006",5,"Wetland",0
"4030006",2,"Agro-business/planta",0
"4030007",4,"Pasture (common acce",0
"4030007",3,"Forest",0
"4030007",2,"Agro-business/planta",0
"4030007",1,"Cultivation by villa",40
"4030007",6,"Residential",0
"4030007",7,"Other (Specify)",0
"4030009",2,"Agro-business/planta",0
"4030009",7,"Other (Specify)",0
"4030009",3,"Forest",0
"4030009",6,"Residential",40
"4030009",1,"Cultivation by villa",50
"4030009",4,"Pasture (common acce",10
"4040003",6,"Residential",20
"4040003",7,"Other (Specify)",0
"4040003",5,"Wetland",0
"4040003",4,"Pasture (common acce",0
"4040003",3,"Forest",20
"4040003",2,"Agro-business/planta",0
"4040006",2,"Agro-business/planta",0
"4040006",5,"Wetland",10
"4040006",3,"Forest",0
"4040006",1,"Cultivation by villa",40
"4040006",7,"Other (Specify)",0
"4040006",4,"Pasture (common acce",20
"4040008",2,"Agro-business/planta",5
"4040008",3,"Forest",0
"4040008",4,"Pasture (common acce",10
"4040008",6,"Residential",30
"4040008",7,"Other (Specify)",0
"4040008",5,"Wetland",10
"4040010",3,"Forest",4
"4040010",4,"Pasture (common acce",2
"4040010",5,"Wetland",10
"4040010",6,"Residential",30
"4040010",1,"Cultivation by villa",54
"4040010",2,"Agro-business/planta",0
"4040012",5,"Wetland",5
"4040012",6,"Residential",25
"4040012",4,"Pasture (common acce",8
"4040012",3,"Forest",2
"4040012",1,"Cultivation by villa",60
"4040012",7,"Other (Specify)",0
"4050002",7,"Other (Specify)",5
"4050002",6,"Residential",50
"4050002",1,"Cultivation by villa",20
"4050002",5,"Wetland",5
"4050002",3,"Forest",0
"4050002",2,"Agro-business/planta",0
"4050005",4,"Pasture (common acce",0
"4050005",3,"Forest",0
"4050005",5,"Wetland",0
"4050005",6,"Residential",30
"4050005",2,"Agro-business/planta",0
"4050005",1,"Cultivation by villa",70
"4050006",2,"Agro-business/planta",0
"4050006",5,"Wetland",0
"4050006",7,"Other (Specify)",0
"4050006",3,"Forest",0
"4050006",4,"Pasture (common acce",0
"4050006",6,"Residential",40
"4050010",6,"Residential",50
"4050010",7,"Other (Specify)",0
"4050010",3,"Forest",4
"4050010",4,"Pasture (common acce",5
"4050010",2,"Agro-business/planta",0
"4050010",5,"Wetland",1
"4060008",1,"Cultivation by villa",20
"4060008",3,"Forest",0
"4060008",4,"Pasture (common acce",0
"4060008",7,"Other (Specify)",10
"4060008",6,"Residential",70
"4060008",2,"Agro-business/planta",0
"4060010",6,"Residential",20
"4060010",1,"Cultivation by villa",40
"4060010",4,"Pasture (common acce",0
"4060010",5,"Wetland",0
"4060010",2,"Agro-business/planta",0
"4060010",7,"Other (Specify)",40
"4060011",3,"Forest",0
"4060011",5,"Wetland",0
"4060011",6,"Residential",40
"4060011",1,"Cultivation by villa",60
"4060011",2,"Agro-business/planta",0
"4060011",7,"Other (Specify)",0
"4060013",5,"Wetland",0
"4060013",4,"Pasture (common acce",0
"4060013",3,"Forest",0
"4060013",7,"Other (Specify)",0
"4060013",2,"Agro-business/planta",0
"4060013",1,"Cultivation by villa",50
"4070002",4,"Pasture (common acce",0
"4070002",5,"Wetland",0
"4070002",3,"Forest",0
"4070002",2,"Agro-business/planta",0
"4070002",1,"Cultivation by villa",0
"4070002",7,"Other (Specify)",80
"4070003",2,"Agro-business/planta",0
"4070003",4,"Pasture (common acce",0
"4070003",1,"Cultivation by villa",70
"4070003",6,"Residential",25
"4070003",5,"Wetland",0
"4070003",7,"Other (Specify)",5
"4070005",5,"Wetland",5
"4070005",6,"Residential",40
"4070005",1,"Cultivation by villa",40
"4070005",2,"AGRO-BUSINESS PLANTA",0
"4070005",7,"Other (Specify)",5
"4070005",3,"FOREST",10
"4070007",3,"Forest",
"4070007",4,"Pasture (common acce",
"4070007",2,"Agro-business/planta",
"4070007",1,"Cultivation by villa",
"4070007",5,"Wetland",
"4070007",6,"Residential",
"4070009",7,"Other (Specify)",0
"4070009",2,"Agro-business/planta",0
"4070009",3,"Forest",30
"4070009",6,"Residential",30
"4070009",4,"Pasture (common acce",0
"4070009",1,"Cultivation by villa",40
"4080002",3,"Forest",4
"4080002",5,"Wetland",6
"4080002",6,"Residential",20
"4080002",2,"Agro-business/planta",0
"4080002",7,"Other (Specify)",
"4080002",4,"Pasture (common acce",20
"4080004",6,"Residential",35
"4080004",3,"Forest",0
"4080004",4,"Pasture (common acce",0
"4080004",1,"Cultivation by villa",60
"4080004",2,"Agro-business/planta",0
"4080004",7,"Other (Specify)",0
"4090002",6,"Residential",85
"4090002",5,"Wetland",0
"4090002",3,"Forest",0
"4090002",7,"Other (Specify)",10
"4090002",4,"Pasture (common acce",0
"4090002",2,"Agro-business/planta",0
"4090005",5,"Wetland",0
"4090005",6,"Residential",1
"4090005",2,"Agro-business/planta",0
"4090005",4,"Pasture (common acce",0
"4090005",1,"Cultivation by villa",0
"4090005",3,"Forest",0
"4090009",2,"Agro-business/planta",0
"4090009",7,"Other (Specify)",0
"4090009",6,"Residential",40
"4090009",1,"Cultivation by villa",55
"4090009",4,"Pasture (common acce",0
"4090009",3,"Forest",5
"4100005",7,"Other (Specify)",0
"4100005",4,"Pasture (common acce",0
"4100005",2,"Agro-business/planta",0
"4100005",1,"Cultivation by villa",8
"4100005",6,"Residential",90
"4100005",3,"Forest",1
"4100026",5,"Wetland",0
"4100026",3,"Forest",0
"4100026",4,"Pasture (common acce",2
"4100026",7,"Other (Specify)",0
"4100026",1,"Cultivation by villa",38
"4100026",2,"Agro-business/planta",0
"4100029",3,"Forest",0
"4100029",2,"Agro-business/planta",0
"4100029",4,"Pasture (common acce",40
"4100029",1,"Cultivation by villa",40
"4100029",6,"Residential",20
"4100029",5,"Wetland",0
"4100038",3,"Forest",0
"4100038",2,"Agro-business/planta",0
"4100038",1,"Cultivation by villa",80
"4100038",4,"Pasture (common acce",2
"4100038",5,"Wetland",8
"4100038",7,"Other (Specify)",0
"4110002",7,"Other (Specify)",0
"4110002",1,"Cultivation by villa",2
"4110002",3,"Forest",0
"4110002",4,"Pasture (common acce",0
"4110002",2,"Agro-business/planta",0
"4110002",6,"Residential",98
"4110004",7,"Other (Specify)",0
"4110004",3,"Forest",3
"4110004",2,"Agro-business/planta",0
"4110004",5,"Wetland",12
"4110004",6,"Residential",20
"4110004",1,"Cultivation by villa",45
"4110006",7,"Other (Specify)",0
"4110006",5,"Wetland",2
"4110006",2,"Agro-business/planta",0
"4110006",3,"Forest",1
"4110006",1,"Cultivation by villa",55
"4110006",4,"Pasture (common acce",14
"4110007",7,"Other (Specify)",0
"4110007",5,"Wetland",0
"4110007",1,"Cultivation by villa",70
"4110007",4,"Pasture (common acce",0
"4110007",2,"Agro-business/planta",0
"4110007",3,"Forest",0
"4110009",7,"Other (Specify)",0
"4110009",2,"Agro-business/planta",0
"4110009",4,"Pasture (common acce",20
"4110009",3,"Forest",2
"4110009",6,"Residential",30
"4110009",1,"Cultivation by villa",50
"4120003",7,"Other (Specify)",
"4120003",5,"Wetland",5
"4120003",4,"Pasture (common acce",2
"4120003",2,"Agro-business/planta",0
"4120003",1,"Cultivation by villa",61
"4120003",3,"Forest",2
"4120005",5,"Wetland",4
"4120005",4,"Pasture (common acce",5
"4120005",6,"Residential",20
"4120005",1,"Cultivation by villa",40
"4120005",2,"Agro-business/planta",0
"4120005",3,"Forest",5
"4130003",4,"Pasture (common acce",0
"4130003",6,"Residential",55
"4130003",5,"Wetland",0
"4130003",7,"Other (Specify)",
"4130003",1,"Cultivation by villa",40
"4130003",3,"Forest",5
"4130005",4,"Pasture (common acce",0
"4130005",3,"Forest",0
"4130005",2,"Agro-business/planta",0
"4130005",6,"Residential",40
"4130005",7,"Other (Specify)",5
"4140001",6,"Residential",25
"4140001",5,"Wetland",5
"4140001",1,"Cultivation by villa",50
"4140001",2,"Agro-business/planta",0
"4140001",7,"Other (Specify)",
"4140001",3,"Forest",10
"4140003",5,"Wetland",2
"4140003",1,"Cultivation by villa",5
"4140003",3,"Forest",1
"4140003",4,"Pasture (common acce",5
"4140003",6,"Residential",38
"4140003",7,"Other (Specify)",0
"4140005",5,"Wetland",2
"4140005",7,"Other (Specify)",0
"4140005",6,"Residential",28
"4140005",2,"Agro-business/planta",5
"4140005",3,"Forest",5
"4140005",4,"PASTURE (COOMON ACCE",10
"4150006",1,"Cultivation by villa",20
"4150006",7,"Other (Specify)",0
"4150006",5,"Wetland",0
"4150006",2,"Agro-business/planta",60
"4150006",6,"Residential",20
"4150006",3,"Forest",0
"4150007",4,"Pasture (common acce",0
"4150007",3,"Forest",0
"4150007",6,"Residential",40
"4150007",5,"Wetland",0
"4150007",1,"Cultivation by villa",0
"4150007",7,"Other (Specify)",60
"4150009",5,"Wetland",0
"4150009",4,"Pasture (common acce",0
"4150009",3,"Forest",0
"4150009",2,"Agro-business/planta",0
"4150009",6,"Residential",40
"4150009",1,"Cultivation by villa",60
"4160007",6,"Residential",30
"4160007",1,"Cultivation by villa",55
"4160007",5,"Wetland",10
"4160007",2,"Agro-business/planta",5
"4160007",3,"Forest",0
"4160007",7,"Other (Specify)",0
"4170008",6,"Residential",3
"4170008",4,"Pasture (common acce",5
"4170008",1,"Cultivation by villa",60
"4170008",2,"Agro-business/planta",0
"4170008",7,"Other (Specify)",0
"4170008",5,"Wetland",0
"4170014",3,"Forest",0
"4170014",2,"Agro-business/planta",0
"4170014",7,"Other (Specify)",0
"4170014",4,"Pasture (common acce",20
"4170014",5,"Wetland",0
"4170014",1,"Cultivation by villa",50
"4170017",5,"Wetland",0
"4170017",3,"Forest",2
"4170017",1,"Cultivation by villa",60
"4170017",6,"Residential",30
"4170017",7,"Other (Specify)",0
"4170017",4,"Pasture (common acce",8
"4180011",3,"Forest",0
"4180011",5,"Wetland",2
"4180011",7,"Other (Specify)",0
"4180011",1,"Cultivation by villa",50
"4180011",6,"Residential",30
"4180011",4,"Pasture (common acce",18
"4180020",4,"Pasture (common acce",25
"4180020",6,"Residential",10
"4180020",2,"Agro-business/planta",0
"4180020",5,"Wetland",0
"4180020",3,"Forest",0
"4180020",1,"Cultivation by villa",65
"4180023",1,"Cultivation by villa",45
"4180023",7,"Other (Specify)",0
"4180023",6,"Residential",30
"4180023",2,"Agro-business/planta",0
"4180023",3,"Forest",0
"4180023",4,"Pasture (common acce",20
"4190032",1,"Cultivation by villa",40
"4190032",4,"Pasture (common acce",50
"4190032",3,"Forest",0
"4190032",5,"Wetland",0
"4190032",2,"Agro-business/planta",0
"4190032",7,"Other (Specify)",0
