"comcod","c3dsn","c3dq25","c3dq26","c3dq27","c3dq28","c3dq29"
"1010002",,,,,,
"1020001",7,"Geometry sets",2,,,
"1020002",2,"Lunch",2,,,
"1020003",,,,,,
"1020004",4,"Exercise books",1,2,,
"1020005",,,,,,
"1020006",10,"Others (specify)",1,1,62000,2
"1020007",3,"School uniform",1,1,15000,4
"1020008",10,"Others (specify)",1,1,66000,2
"1020009",3,"School uniform",2,,,
"1020010",10,"Others (specify)",1,1,3000,2
"1020011",,,,,,
"1020012",6,"Pens and Pencils",2,,,
"1020013",,,,,,
"1020014",3,"School uniform",1,1,10000,1
"1020015",2,"Lunch",1,1,22000,2
"1020016",,,,,,
"1020017",,,,,,
"1020018",,,,,,
"1020019",5,"Text books",1,2,,
"1020020",8,"Rulers",2,,,
"1020021",8,"Rulers",2,,,
"1020022",4,"Exercise books",2,,,
"1020023",7,"Geometry sets",2,,,
"1020024",9,"Coaching Services",2,,,
"1020025",6,"Pens and Pencils",2,,,
"1020026",1,"Development/building fee",,2,,
"1020027",5,"Text books",2,,,
"1020028",4,"Exercise books",1,2,,
"1020029",,,,,,
"1020030",,,,,,
"1020031",7,"Geometry sets",2,,,
"1020032",,,,,,
"1020033",10,"Others (specify)",2,,,
"1020034",,,,,,
"1030003",9,"Coaching Services",2,,,
"1030005",7,"Geometry sets",2,,,
"1040002",4,"Exercise books",2,,,
"1040004",1,"Development/building fee",,2,,
"1040006",9,"Coaching Services",2,,,
"1040008",6,"Pens and Pencils",2,,,
"1050001",3,"School uniform",1,1,10000,4
"1050003",,,,,,
"1050004",,,,,,
"1050008",3,"School uniform",1,1,0,1
"1050012",5,"Text books",1,,,
"1050015",,,,,,
"1050019",1,"Development/building fee",,2,,
"1050023",10,"Others (specify)",2,,,
"1050026",8,"Rulers",2,,,
"1050030",,,,,,
"1050033",,,,,,
"1060003",1,"Development/building fee",,2,,
"1060005",1,"Development/building fee",,2,,
"1060007",2,"Lunch",2,,,
"1060009",9,"Coaching Services",2,,,
"1070001",10,"Others (specify)",2,,,
"1070002",2,"Lunch",1,1,30000,2
"1070008",1,"Development/building fee",,2,,
"1070012",5,"Text books",1,2,,
"1070016",5,"Text books",1,2,,
"1070020",10,"Others (specify)",,,,
"1070023",,,,,,
"1080002",,,,,,
"1080003",10,"Others (specify)",1,1,5000,2
"1080006",4,"Exercise books",1,2,,
"1080009",6,"Pens and Pencils",2,,,
"1080013",,,,,,
"1080016",,,,,,
"1080020",7,"Geometry sets",2,,,
"1080023",2,"Lunch",1,1,30000,2
"1080027",6,"Pens and Pencils",2,,,
"1080030",3,"School uniform",2,,,
"1080033",4,"Exercise books",2,,,
"1090004",,,,,,
"1100001",1,"Development/building fee",,1,8000,2
"1100005",4,"Exercise books",2,,,
"1100007",5,"Text books",1,2,,
"1100009",3,"School uniform",2,,,
"1100012",6,"Pens and Pencils",2,,,
"1110001",10,"Others (specify)",1,2,,
"1110003",2,"Lunch",2,,,
"1110005",8,"Rulers",2,,,
"1120001",2,"Lunch",2,,,
"1120003",1,"Development/building fee",,1,1000,2
"1120006",7,"Geometry sets",2,,,
"1130002",,,,,,
"1130003",9,"Coaching Services",2,1,10000,2
"1130004",10,"Others (specify)",2,,,
"1130006",10,"Others (specify)",2,,,
"1130007",4,"Exercise books",2,2,,
"1130008",7,"Geometry sets",2,,,
"1130010",9,"Coaching Services",2,,,
"1130012",6,"Pens and Pencils",2,,,
"1130014",4,"Exercise books",2,,,
"1130016",5,"Text books",1,2,,
"1130019",10,"Others (specify)",2,,,
"1130021",,,,,,
"1130023",3,"School uniform",1,1,8000,4
"1130025",4,"Exercise books",1,,,
"1140003",,,,,,
"1150004",7,"Geometry sets",2,,,
"1150027",6,"Pens and Pencils",2,,,
"1150031",,,,,,
"1160011",4,"Exercise books",2,,,
"1160013",3,"School uniform",2,,,
"2010004",2,"Lunch",1,1,4000,2
"2010006",,,,,,
"2010008",1,"Development/building fee",,2,,
"2010009",,,,,,
"2020001",,,,,,
"2020005",,,,,,
"2020007",9,"Coaching Services",2,,,
"2030001",2,"Lunch",1,1,36000,2
"2030004",,,,,,
"2030008",,,,,,
"2030018",2,"Lunch",1,1,2400,2
"2030023",6,"Pens and Pencils",2,,,
"2030028",,,,,,
"2030033",,,,,,
"2040002",10,"Others (specify)",1,1,12400,2
"2040006",6,"Pens and Pencils",2,,,
"2040009",10,"Others (specify)",2,,,
"2040012",10,"Others (specify)",2,,,
"2040014",,,,,,
"2040015",5,"Text books",1,2,,
"2050001",7,"Geometry sets",2,,,
"2050004",2,"Lunch",1,1,1600,2
"2050009",10,"Others (specify)",2,,,
"2050013",,,,,,
"2050017",2,"Lunch",1,1,1000,2
"2050030",3,"School uniform",2,,,
"2060003",5,"Text books",1,2,,
"2070005",3,"School uniform",2,,,
"2070006",7,"Geometry sets",2,,,
"2080001",9,"Coaching Services",2,,,
"2080005",4,"Exercise books",2,,,
"2080007",,,,,,
"2080008",,,,,,
"2090003",4,"Exercise books",2,,,
"2090006",9,"Coaching Services",2,,,
"2090033",4,"Exercise books",2,,,
"2100002",6,"Pens and Pencils",2,,,
"2100004",,,,,,
"2100006",3,"School uniform",2,,,
"2100007",4,"Exercise books",2,,,
"2110003",,,,,,
"2110004",7,"Geometry sets",2,,,
"2110006",7,"Geometry sets",2,,,
"2110007",6,"Pens and Pencils",2,,,
"2110009",2,"Lunch",2,,,
"2120003",,,,,,
"2120008",2,"Lunch",2,,,
"2120009",5,"Text books",1,2,,
"2120011",8,"Rulers",2,,,
"2120013",7,"Geometry sets",2,,,
"2140002",5,"Text books",1,2,,
"2140003",,,,,,
"2150001",7,"Geometry sets",2,,,
"2150002",1,"Development/building fee",,2,,
"2150004",4,"Exercise books",2,,,
"2150006",8,"Rulers",2,,,
"2150007",1,"Development/building fee",,2,,
"2160003",6,"Pens and Pencils",2,,,
"2170009",10,"Others (specify)",2,,,
"2180037",,,,,,
"2190003",,,,,,
"2200001",3,"School uniform",2,,,
"2210006",4,"Exercise books",1,2,,
"2220022",1,"Development/building fee",,2,,
"2220026",3,"School uniform",2,,,
"2230011",8,"Rulers",2,,,
"2230014",10,"Others (specify)",2,,,
"2230018",2,"Lunch",2,,,
"2230022",5,"Text books",1,2,,
"2230026",1,"Development/building fee",,2,,
"2230029",,,,,,
"2240013",3,"School uniform",2,,,
"3010003",4,"Exercise books",2,,,
"3020002",2,"Lunch",2,,,
"3020003",7,"Geometry sets",2,,,
"3020005",8,"Rulers",2,,,
"3020008",3,"School uniform",2,,,
"3020010",10,"Others (specify)",1,1,1700,2
"3020013",8,"Rulers",2,,,
"3020016",10,"Others (specify)",1,1,1700,2
"3020018",2,"Lunch",2,,,
"3020035",1,"Development/building fee",,1,2000,2
"3030002",3,"School uniform",1,1,7000,4
"3030006",5,"Text books",1,2,,
"3030009",9,"Coaching Services",2,,,
"3030015",4,"Exercise books",2,,,
"3030033",,,,,,
"3040002",5,"Text books",2,,,
"3040004",7,"Geometry sets",2,,,
"3040007",2,"Lunch",2,,,
"3040009",9,"Coaching Services",2,,,
"3040014",3,"School uniform",2,,,
"3050001",4,"Exercise books",2,,,
"3060006",8,"Rulers",2,,,
"3060007",,,,,,
"3070002",8,"Rulers",2,,,
"3070005",9,"Coaching Services",2,,,
"3070007",6,"Pens and Pencils",2,,,
"3070012",6,"Pens and Pencils",2,,,
"3070017",6,"Pens and Pencils",2,,,
"3070018",10,"Others (specify)",1,1,1500,2
"3070020",3,"School uniform",2,,,
"3070022",7,"Geometry sets",2,,,
"3070023",2,"Lunch",2,,,
"3070025",5,"Text books",2,,,
"3080001",4,"Exercise books",2,,,
"3080002",1,"Development/building fee",,1,500,2
"3080004",8,"Rulers",2,,,
"3090001",9,"Coaching Services",2,,,
"3090002",1,"Development/building fee",,1,1000,2
"3100001",8,"Rulers",2,,,
"3100004",7,"Geometry sets",2,,,
"3100006",2,"Lunch",2,,,
"3100007",,,,,,
"3100008",,,,,,
"3100009",2,"Lunch",2,,,
"3100010",9,"Coaching Services",2,,,
"3100012",2,"Lunch",2,,,
"3110001",3,"School uniform",1,1,10000,1
"3110003",,,,,,
"3110004",1,"Development/building fee",,2,,
"3130001",,,,,,
"3130002",6,"Pens and Pencils",2,,,
"3130003",,,,,,
"3150016",3,"School uniform",2,,,
"3160016",10,"Others (specify)",1,1,1000,2
"3170009",8,"Rulers",2,,,
"3170010",4,"Exercise books",2,,,
"3170011",,,,,,
"3180001",8,"Rulers",2,,,
"3180002",6,"Pens and Pencils",2,,,
"3180003",,,,,,
"3180004",,,,,,
"3190005",8,"Rulers",2,,,
"3190012",9,"Coaching Services",2,,,
"3200018",4,"Exercise books",2,,,
"3200021",4,"Exercise books",2,,,
"3200024",,,,,,
"3200027",5,"Text books",1,2,,
"3200030",8,"Rulers",2,,,
"3210021",4,"Exercise books",2,,,
"3210023",2,"Lunch",2,,,
"3210028",5,"Text books",2,,,
"3210030",4,"Exercise books",2,,,
"4010003",,,,,,
"4010005",10,"Others (specify)",2,,,
"4020002",,,,,,
"4020007",,,,,,
"4020011",,,,,,
"4020016",7,"Geometry sets",2,,,
"4020020",3,"School uniform",2,,,
"4020025",2,"Lunch",2,,,
"4020030",,,,,,
"4030002",10,"Others (specify)",2,,,
"4030004",5,"Text books",2,,,
"4030006",,,,,,
"4030007",,,,,,
"4030009",3,"School uniform",2,,,
"4040003",10,"Others (specify)",2,,,
"4040006",9,"Coaching Services",2,,,
"4040008",10,"Others (specify)",2,,,
"4040010",,,,,,
"4040012",6,"Pens and Pencils",2,,,
"4050002",,,,,,
"4050005",,,,,,
"4050006",5,"Text books",2,,,
"4050008",,,,,,
"4050010",1,"Development/building fee",,2,,
"4060003",9,"Coaching Services",2,,,
"4060008",10,"Others (specify)",,,,
"4060010",7,"Geometry sets",2,,,
"4060011",7,"Geometry sets",2,,,
"4060013",9,"Coaching Services",1,1,6000,4
"4070002",,,,,,
"4070003",7,"Geometry sets",2,,,
"4070005",2,"Lunch",2,,,
"4070007",7,"Geometry sets",2,,,
"4070009",,,,,,
"4080002",,,,,,
"4080004",,,,,,
"4090002",2,"Lunch",2,2,,
"4090005",3,"School uniform",2,,,
"4090009",,,,,,
"4090011",4,"Exercise books",2,,,
"4100001",,,,,,
"4100005",,,,,,
"4100026",5,"Text books",2,,,
"4100029",,,,,,
"4100038",6,"Pens and Pencils",2,,,
"4110002",,,,,,
"4110004",,,,,,
"4110006",,,,,,
"4110007",,,,,,
"4110009",,,,,,
"4120003",8,"Rulers",2,,,
"4120005",7,"Geometry sets",2,,,
"4130002",9,"Coaching Services",2,,,
"4130003",1,"Development/building fee",,2,,
"4130005",5,"Text books",2,,,
"4140001",,,,,,
"4140003",3,"School uniform",2,,,
"4140005",,,,,,
"4150002",,,,,,
"4150004",8,"Rulers",2,,,
"4150006",6,"Pens and Pencils",2,,,
"4150007",3,"School uniform",2,,,
"4150009",1,"Development/building fee",,2,,
"4160007",3,"School uniform",2,,,
"4170008",6,"Pens and Pencils",2,,,
"4170014",8,"Rulers",2,,,
"4170017",,,,,,
"4180011",3,"School uniform",2,,,
"4180020",8,"Rulers",2,,,
"4180023",1,"Development/building fee",,1,3000,2
"4190032",,,,,,
"4190035",7,"Geometry sets",2,,,
"1020001",8,"Rulers",2,,,
"1020001",9,"Coaching Services",2,,,
"1020001",5,"Text books",1,2,,
"1020001",10,"Others (specify)",1,1,20000,4
"1020001",2,"Lunch",1,1,38500,2
"1020001",4,"Exercise books",2,,,
"1020001",3,"School uniform",1,1,15000,4
"1020001",6,"Pens and Pencils",2,,,
"1020001",1,"Development/building fee",,1,14400,2
"1020002",4,"Exercise books",2,,,
"1020002",1,"Development/building fee",,2,,
"1020002",10,"Others (specify)",1,1,35000,2
"1020002",8,"Rulers",2,,,
"1020002",5,"Text books",1,2,,
"1020002",9,"Coaching Services",2,,,
"1020002",6,"Pens and Pencils",2,,,
"1020002",3,"School uniform",1,1,8000,4
"1020002",7,"Geometry sets",2,,,
"1020004",5,"Text books",2,,,
"1020004",8,"Rulers",2,,,
"1020004",6,"Pens and Pencils",2,,,
"1020004",9,"Coaching Services",2,,,
"1020004",7,"Geometry sets",2,,,
"1020004",3,"School uniform",1,1,18000,4
"1020004",1,"Development/building fee",,2,,
"1020004",10,"Others (specify)",1,1,10400,2
"1020004",2,"Lunch",1,1,12000,2
"1020006",9,"Coaching Services",2,,,
"1020006",8,"Rulers",2,,,
"1020006",4,"Exercise books",2,,,
"1020006",7,"Geometry sets",2,,,
"1020006",3,"School uniform",1,1,15000,4
"1020006",5,"Text books",1,2,,
"1020006",2,"Lunch",1,1,30000,2
"1020006",6,"Pens and Pencils",2,,,
"1020006",1,"Development/building fee",,2,,
"1020007",6,"Pens and Pencils",2,,,
"1020007",8,"Rulers",2,,,
"1020007",2,"Lunch",1,1,26000,2
"1020007",9,"Coaching Services",2,,,
"1020007",1,"Development/building fee",,2,,
"1020007",4,"Exercise books",2,,,
"1020007",5,"Text books",1,2,,
"1020007",7,"Geometry sets",2,,,
"1020007",10,"Others (specify)",1,1,70000,2
"1020008",2,"Lunch",1,1,500,8
"1020008",5,"Text books",1,2,,
"1020008",1,"Development/building fee",,,,
"1020008",8,"Rulers",2,,,
"1020008",6,"Pens and Pencils",2,,,
"1020008",9,"Coaching Services",2,,,
"1020008",4,"Exercise books",2,,,
"1020008",7,"Geometry sets",2,,,
"1020008",3,"School uniform",1,1,12000,4
"1020009",5,"Text books",1,2,,
"1020009",8,"Rulers",2,,,
"1020009",1,"Development/building fee",,2,,
"1020009",6,"Pens and Pencils",2,,,
"1020009",10,"Others (specify)",1,,20400,2
"1020009",4,"Exercise books",2,,,
"1020009",7,"Geometry sets",2,,,
"1020009",2,"Lunch",1,1,15000,2
"1020009",9,"Coaching Services",2,,,
"1020010",1,"Development/building fee",,1,10400,2
"1020010",8,"Rulers",2,,,
"1020010",5,"Text books",1,2,,
"1020010",3,"School uniform",1,1,15000,1
"1020010",6,"Pens and Pencils",2,,,
"1020010",2,"Lunch",1,1,18000,2
"1020010",9,"Coaching Services",2,,,
"1020010",4,"Exercise books",2,,,
"1020010",7,"Geometry sets",2,,,
"1020012",10,"Others (specify)",,,,
"1020012",1,"Development/building fee",,1,60000,2
"1020012",3,"School uniform",1,1,10000,
"1020012",7,"Geometry sets",2,,,
"1020012",9,"Coaching Services",2,,,
"1020012",2,"Lunch",1,1,20000,3
"1020012",8,"Rulers",2,,,
"1020012",4,"Exercise books",2,2,,
"1020012",5,"Text books",1,2,,
"1020014",9,"Coaching Services",2,,,
"1020014",5,"Text books",2,,,
"1020014",1,"Development/building fee",,1,75000,2
"1020014",4,"Exercise books",2,,,
"1020014",8,"Rulers",2,,,
"1020014",6,"Pens and Pencils",2,,,
"1020014",7,"Geometry sets",2,,,
"1020014",10,"Others (specify)",2,,,
"1020014",2,"Lunch",1,1,25000,2
"1020015",9,"Coaching Services",2,,,
"1020015",10,"Others (specify)",2,,,
"1020015",7,"Geometry sets",2,,,
"1020015",5,"Text books",2,,,
"1020015",6,"Pens and Pencils",2,,,
"1020015",1,"Development/building fee",,,,
"1020015",8,"Rulers",2,,,
"1020015",4,"Exercise books",2,,,
"1020015",3,"School uniform",2,,,
"1020019",4,"Exercise books",2,,,
"1020019",7,"Geometry sets",2,,,
"1020019",8,"Rulers",2,,,
"1020019",1,"Development/building fee",,1,10400,2
"1020019",2,"Lunch",1,1,20000,2
"1020019",3,"School uniform",1,1,17000,4
"1020019",10,"Others (specify)",1,1,2500,2
"1020019",9,"Coaching Services",2,,,
"1020019",6,"Pens and Pencils",2,,,
"1020020",7,"Geometry sets",2,,,
"1020020",3,"School uniform",,1,18000,4
"1020020",9,"Coaching Services",2,,,
"1020020",4,"Exercise books",2,,,
"1020020",1,"Development/building fee",,1,10000,2
"1020020",2,"Lunch",1,1,13000,2
"1020020",5,"Text books",1,2,,
"1020020",6,"Pens and Pencils",2,,,
"1020020",10,"Others (specify)",1,1,9000,2
"1020021",9,"Coaching Services",2,,,
"1020021",2,"Lunch",1,1,31000,
"1020021",10,"Others (specify)",2,,,
"1020021",7,"Geometry sets",2,,,
"1020021",4,"Exercise books",2,,,
"1020021",3,"School uniform",2,,,
"1020021",6,"Pens and Pencils",2,,,
"1020021",5,"Text books",1,2,,
"1020021",1,"Development/building fee",,2,,
"1020022",5,"Text books",1,2,,
"1020022",7,"Geometry sets",2,,,
"1020022",3,"School uniform",1,1,15000,1
"1020022",6,"Pens and Pencils",2,,,
"1020022",10,"Others (specify)",1,1,110000,2
"1020022",9,"Coaching Services",2,,,
"1020022",1,"Development/building fee",,1,125000,2
"1020022",2,"Lunch",1,1,35000,2
"1020022",8,"Rulers",2,,,
"1020023",10,"Others (specify)",2,,,
"1020023",5,"Text books",1,2,,
"1020023",9,"Coaching Services",2,,,
"1020023",4,"Exercise books",2,,,
"1020023",8,"Rulers",2,,,
"1020023",2,"Lunch",1,1,20000,2
"1020023",1,"Development/building fee",,1,12400,2
"1020023",6,"Pens and Pencils",2,,,
"1020023",3,"School uniform",2,,,
"1020024",8,"Rulers",2,,,
"1020024",3,"School uniform",2,,,
"1020024",2,"Lunch",1,1,10000,2
"1020024",5,"Text books",1,2,,
"1020024",10,"Others (specify)",1,1,10400,2
"1020024",1,"Development/building fee",,2,,
"1020024",4,"Exercise books",2,,,
"1020024",7,"Geometry sets",2,,,
"1020024",6,"Pens and Pencils",2,,,
"1020025",1,"Development/building fee",,2,,
"1020025",8,"Rulers",2,,,
"1020025",7,"Geometry sets",2,,,
"1020025",2,"Lunch",1,1,15000,2
"1020025",9,"Coaching Services",2,,,
"1020025",4,"Exercise books",2,,,
"1020025",5,"Text books",1,2,,
"1020025",10,"Others (specify)",1,1,12900,2
"1020025",3,"School uniform",2,,,
"1020026",7,"Geometry sets",2,,,
"1020026",2,"Lunch",1,1,10000,2
"1020026",3,"School uniform",2,,,
"1020026",9,"Coaching Services",2,,,
"1020026",8,"Rulers",2,,,
"1020026",5,"Text books",1,2,,
"1020026",6,"Pens and Pencils",2,,,
"1020026",4,"Exercise books",2,,,
"1020026",10,"Others (specify)",2,,,
"1020027",3,"School uniform",1,1,15000,4
"1020027",2,"Lunch",1,2,,
"1020027",10,"Others (specify)",2,,,
"1020027",9,"Coaching Services",2,,,
"1020027",4,"Exercise books",2,,,
"1020027",6,"Pens and Pencils",2,,,
"1020027",1,"Development/building fee",,2,,
"1020027",7,"Geometry sets",2,,,
"1020027",8,"Rulers",2,,,
"1020028",3,"School uniform",1,1,28000,1
"1020028",5,"Text books",2,2,,
"1020028",2,"Lunch",1,1,70000,2
"1020028",9,"Coaching Services",2,,,
"1020028",1,"Development/building fee",,1,210000,2
"1020028",8,"Rulers",2,,,
"1020028",7,"Geometry sets",2,,,
"1020028",10,"Others (specify)",1,1,396000,2
"1020028",6,"Pens and Pencils",2,,,
"1020031",1,"Development/building fee",,2,,
"1020031",9,"Coaching Services",2,,,
"1020031",8,"Rulers",2,,,
"1020031",2,"Lunch",1,1,500,8
"1020031",10,"Others (specify)",2,,,
"1020031",4,"Exercise books",2,,,
"1020031",3,"School uniform",1,1,15000,4
"1020031",5,"Text books",1,2,,
"1020031",6,"Pens and Pencils",2,,,
"1020033",6,"Pens and Pencils",2,,,
"1020033",3,"School uniform",2,,,
"1020033",9,"Coaching Services",2,,,
"1020033",2,"Lunch",1,1,20000,2
"1020033",1,"Development/building fee",,,,
"1020033",8,"Rulers",2,,,
"1020033",4,"Exercise books",2,,,
"1020033",7,"Geometry sets",2,,,
"1020033",5,"Text books",2,,,
"1030003",3,"School uniform",2,,,
"1030003",1,"Development/building fee",,2,,
"1030003",8,"Rulers",2,,,
"1030003",7,"Geometry sets",2,,,
"1030003",5,"Text books",1,2,,
"1030003",2,"Lunch",2,,,
"1030003",10,"Others (specify)",2,,,
"1030003",6,"Pens and Pencils",2,,,
"1030003",4,"Exercise books",2,,,
"1030005",8,"Rulers",2,,,
"1030005",6,"Pens and Pencils",2,,,
"1030005",3,"School uniform",1,1,12000,4
"1030005",5,"Text books",2,,,
"1030005",9,"Coaching Services",2,,,
"1030005",2,"Lunch",2,,,
"1030005",10,"Others (specify)",1,1,3500,2
"1030005",1,"Development/building fee",,2,,
"1030005",4,"Exercise books",1,2,,
"1040002",1,"Development/building fee",,1,10400,2
"1040002",3,"School uniform",2,,,
"1040002",9,"Coaching Services",2,,,
"1040002",10,"Others (specify)",1,1,5000,2
"1040002",8,"Rulers",2,,,
"1040002",5,"Text books",1,2,,
"1040002",2,"Lunch",2,,,
"1040002",6,"Pens and Pencils",2,,,
"1040002",7,"Geometry sets",2,,,
"1040004",6,"Pens and Pencils",2,,,
"1040004",4,"Exercise books",2,,,
"1040004",7,"Geometry sets",2,,,
"1040004",2,"Lunch",1,1,2000,2
"1040004",5,"Text books",1,2,,
"1040004",9,"Coaching Services",2,,,
"1040004",8,"Rulers",2,,,
"1040004",10,"Others (specify)",2,,,
"1040004",3,"School uniform",2,,,
"1040006",1,"Development/building fee",,1,2500,2
"1040006",7,"Geometry sets",2,,,
"1040006",5,"Text books",1,2,,
"1040006",10,"Others (specify)",1,1,3000,2
"1040006",4,"Exercise books",2,,,
"1040006",8,"Rulers",2,,,
"1040006",6,"Pens and Pencils",2,,,
"1040006",3,"School uniform",2,,,
"1040006",2,"Lunch",2,,,
"1040008",4,"Exercise books",2,,,
"1040008",3,"School uniform",2,,,
"1040008",5,"Text books",1,2,,
"1040008",9,"Coaching Services",2,,,
"1040008",2,"Lunch",2,,,
"1040008",8,"Rulers",2,,,
"1040008",7,"Geometry sets",2,,,
"1040008",10,"Others (specify)",1,1,3000,2
"1040008",1,"Development/building fee",,1,3000,2
"1050001",5,"Text books",2,,,
"1050001",10,"Others (specify)",2,,,
"1050001",4,"Exercise books",2,,,
"1050001",9,"Coaching Services",2,,,
"1050001",6,"Pens and Pencils",2,,,
"1050001",2,"Lunch",1,1,20000,2
"1050001",7,"Geometry sets",2,,,
"1050001",8,"Rulers",2,,,
"1050001",1,"Development/building fee",,1,2000,2
"1050008",10,"Others (specify)",1,1,5000,2
"1050008",7,"Geometry sets",1,1,0,1
"1050008",9,"Coaching Services",2,,,
"1050008",5,"Text books",2,,,
"1050008",8,"Rulers",1,1,0,1
"1050008",6,"Pens and Pencils",1,1,0,2
"1050008",4,"Exercise books",1,1,0,2
"1050008",2,"Lunch",2,,,
"1050008",1,"Development/building fee",,2,,
"1050012",9,"Coaching Services",2,,,
"1050012",1,"Development/building fee",,1,2500,2
"1050012",8,"Rulers",2,,,
"1050012",7,"Geometry sets",2,,,
"1050012",10,"Others (specify)",1,1,5000,2
"1050012",2,"Lunch",2,,,
"1050012",3,"School uniform",1,1,10500,4
"1050012",6,"Pens and Pencils",2,,,
"1050012",4,"Exercise books",2,,,
"1050019",4,"Exercise books",2,,,
"1050019",6,"Pens and Pencils",2,,,
"1050019",3,"School uniform",2,,,
"1050019",10,"Others (specify)",1,1,500,2
"1050019",2,"Lunch",1,1,27500,2
"1050019",9,"Coaching Services",2,,,
"1050019",5,"Text books",1,2,,
"1050019",8,"Rulers",2,,,
"1050019",7,"Geometry sets",2,,,
"1050023",3,"School uniform",2,,,
"1050023",7,"Geometry sets",2,,,
"1050023",4,"Exercise books",2,,,
"1050023",6,"Pens and Pencils",2,,,
"1050023",8,"Rulers",2,,,
"1050023",1,"Development/building fee",,1,5000,4
"1050023",2,"Lunch",1,1,3500,2
"1050023",9,"Coaching Services",1,,,
"1050023",5,"Text books",1,1,,
"1050026",6,"Pens and Pencils",2,,,
"1050026",7,"Geometry sets",2,,,
"1050026",9,"Coaching Services",2,,,
"1050026",5,"Text books",1,2,,
"1050026",1,"Development/building fee",,1,2000,2
"1050026",4,"Exercise books",2,,,
"1050026",2,"Lunch",2,,,
"1050026",3,"School uniform",2,,,
"1050026",10,"Others (specify)",1,1,5000,2
"1060003",9,"Coaching Services",2,,,
"1060003",7,"Geometry sets",2,,,
"1060003",8,"Rulers",2,,,
"1060003",10,"Others (specify)",2,,,
"1060003",4,"Exercise books",2,,,
"1060003",2,"Lunch",2,,,
"1060003",3,"School uniform",2,,,
"1060003",6,"Pens and Pencils",2,,,
"1060003",5,"Text books",1,2,,
"1060005",5,"Text books",1,2,,
"1060005",4,"Exercise books",2,,,
"1060005",7,"Geometry sets",2,,,
"1060005",9,"Coaching Services",2,,,
"1060005",8,"Rulers",2,,,
"1060005",3,"School uniform",2,,,
"1060005",2,"Lunch",2,,,
"1060005",10,"Others (specify)",1,2,,
"1060005",6,"Pens and Pencils",2,,,
"1060007",1,"Development/building fee",,2,,
"1060007",10,"Others (specify)",2,,,
"1060007",5,"Text books",1,2,,
"1060007",4,"Exercise books",2,,,
"1060007",8,"Rulers",2,,,
"1060007",6,"Pens and Pencils",2,,,
"1060007",9,"Coaching Services",2,,,
"1060007",7,"Geometry sets",2,,,
"1060007",3,"School uniform",2,,,
"1060009",3,"School uniform",1,1,6000,4
"1060009",7,"Geometry sets",2,,,
"1060009",1,"Development/building fee",,2,,
"1060009",6,"Pens and Pencils",2,,,
"1060009",2,"Lunch",2,,,
"1060009",5,"Text books",1,2,,
"1060009",8,"Rulers",2,,,
"1060009",10,"Others (specify)",2,,,
"1060009",4,"Exercise books",2,,,
"1070001",1,"Development/building fee",,2,,
"1070001",7,"Geometry sets",2,,,
"1070001",2,"Lunch",1,1,5000,2
"1070001",4,"Exercise books",2,,,
"1070001",5,"Text books",1,2,,
"1070001",3,"School uniform",2,,,
"1070001",6,"Pens and Pencils",2,,,
"1070001",8,"Rulers",2,,,
"1070001",9,"Coaching Services",2,,,
"1070002",6,"Pens and Pencils",2,,,
"1070002",1,"Development/building fee",,1,5000,2
"1070002",3,"School uniform",1,1,13000,4
"1070002",8,"Rulers",1,2,,
"1070002",7,"Geometry sets",2,,,
"1070002",5,"Text books",2,,,
"1070002",10,"Others (specify)",,,,
"1070002",9,"Coaching Services",1,1,15000,2
"1070002",4,"Exercise books",1,2,,
"1070008",8,"Rulers",2,,,
"1070008",4,"Exercise books",2,,,
"1070008",6,"Pens and Pencils",2,,,
"1070008",2,"Lunch",2,,,
"1070008",3,"School uniform",2,,,
"1070008",7,"Geometry sets",2,,,
"1070008",10,"Others (specify)",2,,,
"1070008",9,"Coaching Services",2,,,
"1070008",5,"Text books",1,2,,
"1070012",1,"Development/building fee",,1,5000,4
"1070012",4,"Exercise books",2,,,
"1070012",8,"Rulers",2,,,
"1070012",10,"Others (specify)",2,,,
"1070012",6,"Pens and Pencils",2,,,
"1070012",2,"Lunch",2,,,
"1070012",9,"Coaching Services",2,,,
"1070012",7,"Geometry sets",2,,,
"1070012",3,"School uniform",1,1,7000,4
"1070016",7,"Geometry sets",2,,,
"1070016",10,"Others (specify)",2,,,
"1070016",3,"School uniform",2,,,
"1070016",2,"Lunch",1,1,2000,2
"1070016",8,"Rulers",2,,,
"1070016",4,"Exercise books",2,,,
"1070016",6,"Pens and Pencils",2,,,
"1070016",1,"Development/building fee",,1,4500,2
"1070016",9,"Coaching Services",1,1,15000,2
"1070020",9,"Coaching Services",2,,,
"1070020",1,"Development/building fee",,2,,
"1070020",3,"School uniform",2,,,
"1070020",7,"Geometry sets",2,,,
"1070020",6,"Pens and Pencils",2,,,
"1070020",2,"Lunch",1,1,1500,2
"1070020",5,"Text books",1,2,,
"1070020",4,"Exercise books",2,,,
"1070020",8,"Rulers",2,,,
"1080003",2,"Lunch",1,1,10000,2
"1080003",6,"Pens and Pencils",2,,,
"1080003",8,"Rulers",2,,,
"1080003",1,"Development/building fee",,2,,
"1080003",3,"School uniform",2,,,
"1080003",4,"Exercise books",2,,,
"1080003",7,"Geometry sets",2,,,
"1080003",5,"Text books",1,2,,
"1080003",9,"Coaching Services",2,,,
"1080006",7,"Geometry sets",1,2,,
"1080006",1,"Development/building fee",,2,,
"1080006",3,"School uniform",1,1,12000,4
"1080006",9,"Coaching Services",2,,,
"1080006",8,"Rulers",1,2,,
"1080006",2,"Lunch",1,2,,
"1080006",6,"Pens and Pencils",1,2,,
"1080006",5,"Text books",1,2,,
"1080006",10,"Others (specify)",2,,,
"1080009",10,"Others (specify)",1,1,1500,2
"1080009",1,"Development/building fee",,1,3500,2
"1080009",3,"School uniform",2,,,
"1080009",2,"Lunch",2,,,
"1080009",7,"Geometry sets",2,,,
"1080009",8,"Rulers",2,,,
"1080009",9,"Coaching Services",2,,,
"1080009",4,"Exercise books",2,,,
"1080009",5,"Text books",1,2,,
"1080020",9,"Coaching Services",2,,,
"1080020",3,"School uniform",2,,,
"1080020",8,"Rulers",2,,,
"1080020",6,"Pens and Pencils",2,,,
"1080020",1,"Development/building fee",,2,,
"1080020",4,"Exercise books",2,,,
"1080020",5,"Text books",1,2,,
"1080020",2,"Lunch",1,1,4000,2
"1080020",10,"Others (specify)",2,,,
"1080023",7,"Geometry sets",2,,,
"1080023",4,"Exercise books",2,,,
"1080023",6,"Pens and Pencils",2,,,
"1080023",9,"Coaching Services",1,2,,
"1080023",1,"Development/building fee",,2,,
"1080023",3,"School uniform",1,1,30000,4
"1080023",10,"Others (specify)",2,,,
"1080023",5,"Text books",1,2,,
"1080023",8,"Rulers",2,,,
"1080027",7,"Geometry sets",2,,,
"1080027",1,"Development/building fee",,2,,
"1080027",3,"School uniform",1,1,12300,4
"1080027",10,"Others (specify)",1,1,8500,2
"1080027",2,"Lunch",1,1,15000,2
"1080027",5,"Text books",1,2,,
"1080027",9,"Coaching Services",2,,,
"1080027",4,"Exercise books",2,,,
"1080027",8,"Rulers",2,,,
"1080030",4,"Exercise books",2,,,
"1080030",5,"Text books",1,2,,
"1080030",9,"Coaching Services",2,,,
"1080030",8,"Rulers",2,,,
"1080030",10,"Others (specify)",2,,,
"1080030",7,"Geometry sets",2,,,
"1080030",1,"Development/building fee",,1,2000,2
"1080030",2,"Lunch",1,1,2000,2
"1080030",6,"Pens and Pencils",2,,,
"1080033",7,"Geometry sets",2,,,
"1080033",1,"Development/building fee",,2,,
"1080033",5,"Text books",1,2,,
"1080033",10,"Others (specify)",1,1,10000,2
"1080033",3,"School uniform",2,,,
"1080033",9,"Coaching Services",2,,,
"1080033",6,"Pens and Pencils",2,,,
"1080033",2,"Lunch",2,,,
"1080033",8,"Rulers",2,,,
"1100001",5,"Text books",2,,,
"1100001",6,"Pens and Pencils",2,,,
"1100001",8,"Rulers",2,,,
"1100001",4,"Exercise books",1,2,,
"1100001",2,"Lunch",1,1,16500,4
"1100001",9,"Coaching Services",2,,,
"1100001",10,"Others (specify)",1,1,7000,2
"1100001",7,"Geometry sets",2,,,
"1100001",3,"School uniform",2,,,
"1100005",3,"School uniform",2,,,
"1100005",5,"Text books",1,2,,
"1100005",10,"Others (specify)",2,,,
"1100005",1,"Development/building fee",,1,6000,2
"1100005",9,"Coaching Services",2,,,
"1100005",8,"Rulers",2,,,
"1100005",6,"Pens and Pencils",2,,,
"1100005",7,"Geometry sets",2,,,
"1100005",2,"Lunch",2,,,
"1100007",1,"Development/building fee",,1,5500,8
"1100007",4,"Exercise books",2,,,
"1100007",7,"Geometry sets",2,,,
"1100007",6,"Pens and Pencils",2,,,
"1100007",3,"School uniform",2,,,
"1100007",8,"Rulers",2,,,
"1100007",2,"Lunch",2,,,
"1100007",10,"Others (specify)",1,1,2000,2
"1100007",9,"Coaching Services",1,1,11000,2
"1100009",4,"Exercise books",2,,,
"1100009",6,"Pens and Pencils",2,,,
"1100009",9,"Coaching Services",1,1,2000,2
"1100009",5,"Text books",2,,,
"1100009",2,"Lunch",2,,,
"1100009",1,"Development/building fee",,1,1000,2
"1100009",8,"Rulers",2,,,
"1100009",7,"Geometry sets",2,,,
"1100009",10,"Others (specify)",2,,,
"1100012",8,"Rulers",2,,,
"1100012",1,"Development/building fee",,1,2000,2
"1100012",5,"Text books",1,2,,
"1100012",7,"Geometry sets",2,,,
"1100012",10,"Others (specify)",1,1,3000,2
"1100012",9,"Coaching Services",2,,,
"1100012",2,"Lunch",2,,,
"1100012",3,"School uniform",2,,,
"1100012",4,"Exercise books",2,,,
"1110001",5,"Text books",1,2,,
"1110001",9,"Coaching Services",2,,,
"1110001",6,"Pens and Pencils",2,,,
"1110001",3,"School uniform",2,,,
"1110001",2,"Lunch",2,,,
"1110001",8,"Rulers",2,,,
"1110001",7,"Geometry sets",2,,,
"1110001",4,"Exercise books",2,,,
"1110001",1,"Development/building fee",,2,,
"1110003",1,"Development/building fee",,2,,
"1110003",5,"Text books",1,2,,
"1110003",8,"Rulers",2,,,
"1110003",10,"Others (specify)",1,2,,
"1110003",9,"Coaching Services",2,,,
"1110003",6,"Pens and Pencils",2,,,
"1110003",4,"Exercise books",2,,,
"1110003",3,"School uniform",2,,,
"1110003",7,"Geometry sets",2,,,
"1110005",1,"Development/building fee",,1,1000,2
"1110005",6,"Pens and Pencils",2,,,
"1110005",3,"School uniform",2,,,
"1110005",7,"Geometry sets",2,,,
"1110005",9,"Coaching Services",2,,,
"1110005",4,"Exercise books",2,,,
"1110005",10,"Others (specify)",2,,,
"1110005",5,"Text books",1,2,,
"1110005",2,"Lunch",2,,,
"1120001",7,"Geometry sets",2,,,
"1120001",3,"School uniform",2,,,
"1120001",4,"Exercise books",2,,,
"1120001",5,"Text books",1,2,,
"1120001",1,"Development/building fee",,1,10000,2
"1120001",9,"Coaching Services",2,,,
"1120001",8,"Rulers",2,,,
"1120001",10,"Others (specify)",1,1,5000,2
"1120001",6,"Pens and Pencils",2,,,
"1120003",4,"Exercise books",2,,,
"1120003",8,"Rulers",2,,,
"1120003",10,"Others (specify)",1,1,1000,2
"1120003",9,"Coaching Services",2,,,
"1120003",7,"Geometry sets",2,,,
"1120003",5,"Text books",1,2,,
"1120003",3,"School uniform",1,1,10000,4
"1120003",6,"Pens and Pencils",2,,,
"1120003",2,"Lunch",2,,,
"1120006",2,"Lunch",1,1,3000,1
"1120006",8,"Rulers",2,,,
"1120006",6,"Pens and Pencils",2,,,
"1120006",5,"Text books",1,2,,
"1120006",1,"Development/building fee",,2,,
"1120006",9,"Coaching Services",2,,,
"1120006",10,"Others (specify)",2,,,
"1120006",3,"School uniform",2,,,
"1120006",4,"Exercise books",2,,,
"1130003",4,"Exercise books",2,2,,
"1130003",7,"Geometry sets",2,,,
"1130003",10,"Others (specify)",1,1,10000,2
"1130003",5,"Text books",1,2,,
"1130003",8,"Rulers",2,,,
"1130003",3,"School uniform",1,1,14500,4
"1130003",1,"Development/building fee",,1,3000,2
"1130003",6,"Pens and Pencils",2,,,
"1130003",2,"Lunch",1,1,25000,2
"1130004",2,"Lunch",2,,,
"1130004",7,"Geometry sets",2,,,
"1130004",5,"Text books",2,,,
"1130004",3,"School uniform",1,1,15000,4
"1130004",6,"Pens and Pencils",2,,,
"1130004",1,"Development/building fee",,1,10000,1
"1130004",8,"Rulers",2,,,
"1130004",4,"Exercise books",2,,,
"1130004",9,"Coaching Services",2,,,
"1130006",7,"Geometry sets",2,,,
"1130006",9,"Coaching Services",2,,,
"1130006",6,"Pens and Pencils",2,,,
"1130006",4,"Exercise books",2,,,
"1130006",5,"Text books",2,,,
"1130006",1,"Development/building fee",,2,,
"1130006",2,"Lunch",1,1,10000,2
"1130006",3,"School uniform",1,1,10000,4
"1130006",8,"Rulers",2,,,
"1130007",9,"Coaching Services",1,1,10000,2
"1130007",2,"Lunch",1,1,30000,2
"1130007",7,"Geometry sets",2,,,
"1130007",3,"School uniform",1,1,17500,4
"1130007",5,"Text books",1,2,,
"1130007",8,"Rulers",2,,,
"1130007",10,"Others (specify)",1,1,1000,2
"1130007",6,"Pens and Pencils",2,,,
"1130007",1,"Development/building fee",,2,,
"1130008",5,"Text books",1,2,,
"1130008",3,"School uniform",2,,,
"1130008",9,"Coaching Services",2,,,
"1130008",4,"Exercise books",2,,,
"1130008",1,"Development/building fee",,2,,
"1130008",2,"Lunch",1,,3000,
"1130008",10,"Others (specify)",2,,,
"1130008",8,"Rulers",2,,,
"1130008",6,"Pens and Pencils",2,,,
"1130010",8,"Rulers",2,,,
"1130010",3,"School uniform",2,,,
"1130010",4,"Exercise books",2,,,
"1130010",6,"Pens and Pencils",2,,,
"1130010",10,"Others (specify)",2,,,
"1130010",1,"Development/building fee",,2,,
"1130010",5,"Text books",1,2,,
"1130010",2,"Lunch",2,,,
"1130010",7,"Geometry sets",2,,,
"1130012",9,"Coaching Services",2,,,
"1130012",2,"Lunch",1,1,15000,2
"1130012",10,"Others (specify)",2,,,
"1130012",4,"Exercise books",2,,,
"1130012",7,"Geometry sets",2,,,
"1130012",8,"Rulers",2,,,
"1130012",5,"Text books",1,2,,
"1130012",3,"School uniform",2,,,
"1130012",1,"Development/building fee",,1,5000,4
"1130014",7,"Geometry sets",2,,,
"1130014",3,"School uniform",1,1,12500,4
"1130014",9,"Coaching Services",2,,,
"1130014",10,"Others (specify)",2,,,
"1130014",1,"Development/building fee",,2,,
"1130014",6,"Pens and Pencils",2,,,
"1130014",2,"Lunch",2,,,
"1130014",5,"Text books",1,2,,
"1130014",8,"Rulers",2,,,
"1130016",7,"Geometry sets",2,,,
"1130016",2,"Lunch",1,1,7000,4
"1130016",10,"Others (specify)",2,,,
"1130016",6,"Pens and Pencils",2,,,
"1130016",9,"Coaching Services",1,2,,
"1130016",3,"School uniform",2,,,
"1130016",8,"Rulers",2,,,
"1130016",4,"Exercise books",2,,,
"1130016",1,"Development/building fee",,2,,
"1130019",6,"Pens and Pencils",2,,,
"1130019",9,"Coaching Services",2,,,
"1130019",8,"Rulers",2,,,
"1130019",3,"School uniform",2,,,
"1130019",1,"Development/building fee",,2,,
"1130019",7,"Geometry sets",2,,,
"1130019",2,"Lunch",1,1,15000,2
"1130019",4,"Exercise books",2,,,
"1130019",5,"Text books",1,2,,
"1130023",7,"Geometry sets",2,,,
"1130023",2,"Lunch",1,1,15000,2
"1130023",9,"Coaching Services",2,,,
"1130023",10,"Others (specify)",,,,
"1130023",1,"Development/building fee",,2,,
"1130023",6,"Pens and Pencils",2,,,
"1130023",8,"Rulers",2,,,
"1130023",4,"Exercise books",2,,,
"1130023",5,"Text books",1,2,,
"1130025",1,"Development/building fee",,2,,
"1130025",6,"Pens and Pencils",1,1,1000,2
"1130025",8,"Rulers",2,,,
"1130025",3,"School uniform",1,1,20000,8
"1130025",9,"Coaching Services",2,,,
"1130025",10,"Others (specify)",1,,5000,2
"1130025",5,"Text books",1,1,10000,1
"1130025",2,"Lunch",1,1,20000,1
"1130025",7,"Geometry sets",1,1,2000,2
"1150004",2,"Lunch",2,,,
"1150004",6,"Pens and Pencils",2,,,
"1150004",9,"Coaching Services",2,,,
"1150004",5,"Text books",1,2,,
"1150004",8,"Rulers",2,,,
"1150004",1,"Development/building fee",,1,3500,2
"1150004",10,"Others (specify)",1,1,3500,2
"1150004",4,"Exercise books",2,,,
"1150004",3,"School uniform",2,,,
"1150027",5,"Text books",2,,,
"1150027",7,"Geometry sets",2,,,
"1150027",10,"Others (specify)",2,,,
"1150027",9,"Coaching Services",2,,,
"1150027",3,"School uniform",2,,,
"1150027",8,"Rulers",2,,,
"1150027",1,"Development/building fee",,1,1500,2
"1150027",4,"Exercise books",1,2,,
"1150027",2,"Lunch",1,1,3600,2
"1160011",5,"Text books",2,,,
"1160011",6,"Pens and Pencils",2,,,
"1160011",8,"Rulers",2,,,
"1160011",1,"Development/building fee",,2,,
"1160011",2,"Lunch",2,,,
"1160011",10,"Others (specify)",1,1,7500,2
"1160011",7,"Geometry sets",2,,,
"1160011",9,"Coaching Services",2,,,
"1160011",3,"School uniform",2,,,
"1160013",7,"Geometry sets",2,,,
"1160013",10,"Others (specify)",1,1,3000,2
"1160013",2,"Lunch",2,,,
"1160013",8,"Rulers",2,,,
"1160013",9,"Coaching Services",2,,,
"1160013",5,"Text books",1,2,,
"1160013",6,"Pens and Pencils",2,,,
"1160013",4,"Exercise books",2,,,
"1160013",1,"Development/building fee",,2,,
"2010004",6,"Pens and Pencils",2,,,
"2010004",4,"Exercise books",2,,,
"2010004",1,"Development/building fee",,2,,
"2010004",9,"Coaching Services",2,,,
"2010004",7,"Geometry sets",2,,,
"2010004",10,"Others (specify)",2,,,
"2010004",5,"Text books",1,,,
"2010004",3,"School uniform",2,,,
"2010004",8,"Rulers",2,,,
"2010008",4,"Exercise books",2,,,
"2010008",3,"School uniform",2,,,
"2010008",10,"Others (specify)",2,,,
"2010008",8,"Rulers",2,,,
"2010008",7,"Geometry sets",2,,,
"2010008",6,"Pens and Pencils",2,,,
"2010008",9,"Coaching Services",2,,,
"2010008",5,"Text books",1,2,,
"2010008",2,"Lunch",2,,,
"2020007",8,"Rulers",2,,,
"2020007",4,"Exercise books",2,,,
"2020007",7,"Geometry sets",2,,,
"2020007",1,"Development/building fee",,2,,
"2020007",6,"Pens and Pencils",2,,,
"2020007",5,"Text books",1,2,,
"2020007",3,"School uniform",2,,,
"2020007",2,"Lunch",1,1,15000,2
"2020007",10,"Others (specify)",2,,,
"2030001",8,"Rulers",2,,,
"2030001",5,"Text books",1,2,,
"2030001",10,"Others (specify)",1,1,6000,2
"2030001",6,"Pens and Pencils",2,,,
"2030001",4,"Exercise books",2,,,
"2030001",9,"Coaching Services",2,,,
"2030001",3,"School uniform",2,,,
"2030001",7,"Geometry sets",2,,,
"2030001",1,"Development/building fee",,1,2000,1
"2030018",6,"Pens and Pencils",2,,,
"2030018",3,"School uniform",2,,,
"2030018",7,"Geometry sets",2,,,
"2030018",5,"Text books",1,2,,
"2030018",10,"Others (specify)",,,,
"2030018",1,"Development/building fee",,2,,
"2030018",8,"Rulers",2,,,
"2030018",4,"Exercise books",2,,,
"2030018",9,"Coaching Services",2,,,
"2030023",8,"Rulers",2,,,
"2030023",7,"Geometry sets",2,,,
"2030023",1,"Development/building fee",,2,,
"2030023",4,"Exercise books",2,,,
"2030023",2,"Lunch",1,1,1500,2
"2030023",10,"Others (specify)",1,1,1000,2
"2030023",3,"School uniform",2,,,
"2030023",5,"Text books",1,2,,
"2030023",9,"Coaching Services",2,,,
"2040002",9,"Coaching Services",2,,,
"2040002",1,"Development/building fee",,2,,
"2040002",7,"Geometry sets",2,,,
"2040002",8,"Rulers",2,,,
"2040002",5,"Text books",1,2,,
"2040002",3,"School uniform",2,,,
"2040002",4,"Exercise books",2,,,
"2040002",2,"Lunch",1,1,3000,2
"2040002",6,"Pens and Pencils",2,,,
"2040006",1,"Development/building fee",,2,,
"2040006",4,"Exercise books",2,,,
"2040006",7,"Geometry sets",2,,,
"2040006",9,"Coaching Services",2,,,
"2040006",3,"School uniform",2,,,
"2040006",5,"Text books",2,,,
"2040006",2,"Lunch",2,,,
"2040006",8,"Rulers",2,,,
"2040006",10,"Others (specify)",2,,,
"2040009",2,"Lunch",1,1,6000,2
"2040009",3,"School uniform",2,,,
"2040009",4,"Exercise books",2,,,
"2040009",5,"Text books",2,,,
"2040009",7,"Geometry sets",2,,,
"2040009",6,"Pens and Pencils",2,,,
"2040009",8,"Rulers",2,,,
"2040009",9,"Coaching Services",2,,,
"2040009",1,"Development/building fee",,1,10400,2
"2040012",5,"Text books",1,2,,
"2040012",9,"Coaching Services",2,,,
"2040012",1,"Development/building fee",,2,,
"2040012",4,"Exercise books",2,,,
"2040012",2,"Lunch",2,,,
"2040012",7,"Geometry sets",2,,,
"2040012",3,"School uniform",2,,,
"2040012",8,"Rulers",2,,,
"2040012",6,"Pens and Pencils",2,,,
"2040015",9,"Coaching Services",2,,,
"2040015",8,"Rulers",2,,,
"2040015",3,"School uniform",2,,,
"2040015",6,"Pens and Pencils",2,,,
"2040015",1,"Development/building fee",,2,,
"2040015",2,"Lunch",2,,,
"2040015",10,"Others (specify)",2,,,
"2040015",7,"Geometry sets",2,,,
"2040015",4,"Exercise books",2,,,
"2050001",9,"Coaching Services",2,,,
"2050001",6,"Pens and Pencils",2,,,
"2050001",10,"Others (specify)",2,,,
"2050001",3,"School uniform",2,,,
"2050001",1,"Development/building fee",,1,5000,1
"2050001",2,"Lunch",1,1,4000,2
"2050001",5,"Text books",1,2,,
"2050001",4,"Exercise books",2,,,
"2050001",8,"Rulers",2,,,
"2050004",5,"Text books",1,2,,
"2050004",1,"Development/building fee",,2,,
"2050004",9,"Coaching Services",2,,,
"2050004",6,"Pens and Pencils",2,,,
"2050004",4,"Exercise books",2,,,
"2050004",3,"School uniform",2,,,
"2050004",7,"Geometry sets",2,,,
"2050004",8,"Rulers",2,,,
"2050004",10,"Others (specify)",1,1,2000,2
"2050009",7,"Geometry sets",2,,,
"2050009",9,"Coaching Services",2,,,
"2050009",6,"Pens and Pencils",2,,,
"2050009",1,"Development/building fee",,2,,
"2050009",3,"School uniform",2,,,
"2050009",2,"Lunch",1,1,2800,2
"2050009",5,"Text books",2,2,,
"2050009",8,"Rulers",2,,,
"2050009",4,"Exercise books",2,,,
"2050017",7,"Geometry sets",2,,,
"2050017",10,"Others (specify)",1,1,2000,2
"2050017",3,"School uniform",2,,,
"2050017",6,"Pens and Pencils",2,,,
"2050017",4,"Exercise books",2,,,
"2050017",9,"Coaching Services",2,,,
"2050017",1,"Development/building fee",,1,1000,2
"2050017",5,"Text books",1,2,,
"2050017",8,"Rulers",2,,,
"2050030",4,"Exercise books",2,,,
"2050030",6,"Pens and Pencils",2,,,
"2050030",8,"Rulers",2,,,
"2050030",9,"Coaching Services",2,,,
"2050030",7,"Geometry sets",2,,,
"2050030",10,"Others (specify)",2,,,
"2050030",2,"Lunch",1,1,5200,2
"2050030",1,"Development/building fee",,2,,
"2050030",5,"Text books",2,,,
"2060003",4,"Exercise books",2,,,
"2060003",8,"Rulers",2,,,
"2060003",2,"Lunch",2,,,
"2060003",3,"School uniform",2,,,
"2060003",7,"Geometry sets",2,,,
"2060003",1,"Development/building fee",,2,,
"2060003",10,"Others (specify)",2,,,
"2060003",9,"Coaching Services",2,,,
"2060003",6,"Pens and Pencils",2,,,
"2070005",2,"Lunch",2,,,
"2070005",9,"Coaching Services",2,,,
"2070005",7,"Geometry sets",2,,,
"2070005",10,"Others (specify)",2,,,
"2070005",4,"Exercise books",2,,,
"2070005",8,"Rulers",2,,,
"2070005",5,"Text books",1,2,,
"2070005",1,"Development/building fee",,1,2000,2
"2070005",6,"Pens and Pencils",2,,,
"2070006",4,"Exercise books",2,,,
"2070006",2,"Lunch",2,,,
"2070006",6,"Pens and Pencils",2,,,
"2070006",8,"Rulers",2,,,
"2070006",5,"Text books",1,2,,
"2070006",3,"School uniform",2,,,
"2070006",1,"Development/building fee",,1,500,2
"2070006",10,"Others (specify)",2,,,
"2070006",9,"Coaching Services",2,,,
"2080001",6,"Pens and Pencils",2,,,
"2080001",5,"Text books",1,2,,
"2080001",4,"Exercise books",2,,,
"2080001",3,"School uniform",2,,,
"2080001",2,"Lunch",1,1,25000,2
"2080001",8,"Rulers",2,,,
"2080001",10,"Others (specify)",1,1,300,2
"2080001",7,"Geometry sets",2,,,
"2080001",1,"Development/building fee",,1,5000,2
"2080005",2,"Lunch",2,,,
"2080005",8,"Rulers",2,,,
"2080005",1,"Development/building fee",,1,1000,2
"2080005",3,"School uniform",2,,,
"2080005",9,"Coaching Services",2,,,
"2080005",6,"Pens and Pencils",2,,,
"2080005",7,"Geometry sets",2,,,
"2080005",5,"Text books",1,2,,
"2080005",10,"Others (specify)",2,,,
"2090003",6,"Pens and Pencils",2,,,
"2090003",2,"Lunch",1,1,20000,2
"2090003",7,"Geometry sets",2,,,
"2090003",8,"Rulers",2,,,
"2090003",10,"Others (specify)",2,,,
"2090003",5,"Text books",2,,,
"2090003",3,"School uniform",2,,,
"2090003",1,"Development/building fee",,2,,
"2090003",9,"Coaching Services",2,,,
"2090006",10,"Others (specify)",2,,,
"2090006",4,"Exercise books",2,,,
"2090006",7,"Geometry sets",2,,,
"2090006",3,"School uniform",2,,,
"2090006",2,"Lunch",2,,,
"2090006",8,"Rulers",2,,,
"2090006",5,"Text books",1,2,,
"2090006",1,"Development/building fee",,1,5000,2
"2090006",6,"Pens and Pencils",2,,,
"2090033",10,"Others (specify)",2,,,
"2090033",9,"Coaching Services",2,,,
"2090033",7,"Geometry sets",2,,,
"2090033",5,"Text books",1,2,,
"2090033",1,"Development/building fee",,2,,
"2090033",8,"Rulers",2,,,
"2090033",2,"Lunch",2,,,
"2090033",3,"School uniform",2,,,
"2090033",6,"Pens and Pencils",2,,,
"2100002",9,"Coaching Services",2,,,
"2100002",8,"Rulers",2,,,
"2100002",4,"Exercise books",2,,,
"2100002",7,"Geometry sets",2,,,
"2100002",2,"Lunch",2,,,
"2100002",10,"Others (specify)",1,1,10000,1
"2100002",5,"Text books",1,2,,
"2100002",1,"Development/building fee",,2,,
"2100002",3,"School uniform",2,,,
"2100006",2,"Lunch",2,,,
"2100006",10,"Others (specify)",2,,,
"2100006",1,"Development/building fee",,2,,
"2100006",5,"Text books",1,2,,
"2100006",4,"Exercise books",2,,,
"2100006",8,"Rulers",2,,,
"2100006",7,"Geometry sets",2,,,
"2100006",9,"Coaching Services",2,,,
"2100006",6,"Pens and Pencils",2,,,
"2100007",5,"Text books",1,2,,
"2100007",7,"Geometry sets",2,,,
"2100007",10,"Others (specify)",2,,,
"2100007",9,"Coaching Services",2,,,
"2100007",2,"Lunch",2,,,
"2100007",8,"Rulers",2,,,
"2100007",6,"Pens and Pencils",2,,,
"2100007",3,"School uniform",2,,,
"2100007",1,"Development/building fee",,2,,
"2110004",1,"Development/building fee",,2,,
"2110004",3,"School uniform",2,,,
"2110004",5,"Text books",1,2,,
"2110004",6,"Pens and Pencils",2,,,
"2110004",8,"Rulers",2,,,
"2110004",9,"Coaching Services",2,,,
"2110004",2,"Lunch",2,,,
"2110004",4,"Exercise books",2,,,
"2110004",10,"Others (specify)",2,,,
"2110006",6,"Pens and Pencils",2,,,
"2110006",5,"Text books",1,2,,
"2110006",10,"Others (specify)",2,,,
"2110006",9,"Coaching Services",2,,,
"2110006",2,"Lunch",2,,,
"2110006",4,"Exercise books",2,,,
"2110006",3,"School uniform",2,,,
"2110006",8,"Rulers",2,,,
"2110006",1,"Development/building fee",,1,2400,1
"2110007",10,"Others (specify)",2,,,
"2110007",8,"Rulers",2,,,
"2110007",2,"Lunch",2,,,
"2110007",5,"Text books",1,2,,
"2110007",3,"School uniform",2,,,
"2110007",9,"Coaching Services",2,,,
"2110007",4,"Exercise books",2,,,
"2110007",7,"Geometry sets",2,,,
"2110007",1,"Development/building fee",,1,6600,1
"2110009",6,"Pens and Pencils",2,,,
"2110009",10,"Others (specify)",2,,,
"2110009",4,"Exercise books",2,,,
"2110009",5,"Text books",1,2,,
"2110009",8,"Rulers",2,,,
"2110009",1,"Development/building fee",,1,1000,2
"2110009",3,"School uniform",2,,,
"2110009",7,"Geometry sets",2,,,
"2110009",9,"Coaching Services",2,,,
"2120008",5,"Text books",1,2,,
"2120008",6,"Pens and Pencils",2,,,
"2120008",9,"Coaching Services",2,,,
"2120008",8,"Rulers",2,,,
"2120008",3,"School uniform",2,,,
"2120008",7,"Geometry sets",2,,,
"2120008",1,"Development/building fee",,2,,
"2120008",10,"Others (specify)",2,,,
"2120008",4,"Exercise books",2,,,
"2120009",4,"Exercise books",2,,,
"2120009",3,"School uniform",2,,,
"2120009",1,"Development/building fee",,2,,
"2120009",10,"Others (specify)",2,,,
"2120009",9,"Coaching Services",2,,,
"2120009",7,"Geometry sets",2,,,
"2120009",6,"Pens and Pencils",2,,,
"2120009",2,"Lunch",2,,,
"2120009",8,"Rulers",2,,,
"2120011",10,"Others (specify)",2,,,
"2120011",3,"School uniform",2,,,
"2120011",4,"Exercise books",2,,,
"2120011",6,"Pens and Pencils",2,,,
"2120011",9,"Coaching Services",2,,,
"2120011",7,"Geometry sets",2,,,
"2120011",1,"Development/building fee",,1,2,2
"2120011",2,"Lunch",2,,,
"2120011",5,"Text books",2,,,
"2120013",5,"Text books",1,2,,
"2120013",4,"Exercise books",2,,,
"2120013",8,"Rulers",2,,,
"2120013",3,"School uniform",2,,,
"2120013",2,"Lunch",2,,,
"2120013",10,"Others (specify)",2,,,
"2120013",9,"Coaching Services",2,,,
"2120013",6,"Pens and Pencils",2,,,
"2120013",1,"Development/building fee",,2,,
"2140002",9,"Coaching Services",2,,,
"2140002",4,"Exercise books",2,,,
"2140002",8,"Rulers",2,,,
"2140002",3,"School uniform",2,,,
"2140002",1,"Development/building fee",,2,,
"2140002",2,"Lunch",1,1,15000,2
"2140002",10,"Others (specify)",1,1,195000,2
"2140002",7,"Geometry sets",2,,,
"2140002",6,"Pens and Pencils",2,,,
"2150001",8,"Rulers",2,,,
"2150001",9,"Coaching Services",2,,,
"2150001",10,"Others (specify)",2,,,
"2150001",4,"Exercise books",2,,,
"2150001",1,"Development/building fee",,2,,
"2150001",2,"Lunch",2,,,
"2150001",6,"Pens and Pencils",2,,,
"2150001",3,"School uniform",2,,,
"2150001",5,"Text books",1,2,,
"2150002",10,"Others (specify)",2,,,
"2150002",3,"School uniform",2,,,
"2150002",4,"Exercise books",2,,,
"2150002",9,"Coaching Services",2,,,
"2150002",5,"Text books",1,2,,
"2150002",2,"Lunch",2,,,
"2150002",7,"Geometry sets",2,,,
"2150002",6,"Pens and Pencils",2,,,
"2150002",8,"Rulers",2,,,
"2150004",8,"Rulers",2,,,
"2150004",10,"Others (specify)",2,,,
"2150004",2,"Lunch",2,,,
"2150004",9,"Coaching Services",2,,,
"2150004",6,"Pens and Pencils",2,,,
"2150004",1,"Development/building fee",,2,,
"2150004",7,"Geometry sets",2,,,
"2150004",3,"School uniform",2,,,
"2150004",5,"Text books",1,2,,
"2150006",5,"Text books",1,2,,
"2150006",1,"Development/building fee",,2,,
"2150006",7,"Geometry sets",2,,,
"2150006",3,"School uniform",2,,,
"2150006",6,"Pens and Pencils",2,,,
"2150006",9,"Coaching Services",2,,,
"2150006",10,"Others (specify)",2,,,
"2150006",4,"Exercise books",2,,,
"2150006",2,"Lunch",1,1,3000,2
"2150007",7,"Geometry sets",2,,,
"2150007",8,"Rulers",2,,,
"2150007",2,"Lunch",2,,,
"2150007",3,"School uniform",2,,,
"2150007",9,"Coaching Services",2,,,
"2150007",6,"Pens and Pencils",2,,,
"2150007",5,"Text books",1,2,,
"2150007",4,"Exercise books",2,,,
"2150007",10,"Others (specify)",2,,,
"2160003",3,"School uniform",2,,,
"2160003",2,"Lunch",2,,,
"2160003",1,"Development/building fee",,1,8000,1
"2160003",5,"Text books",1,2,,
"2160003",4,"Exercise books",2,,,
"2160003",7,"Geometry sets",2,,,
"2160003",10,"Others (specify)",2,,,
"2160003",8,"Rulers",2,,,
"2160003",9,"Coaching Services",2,,,
"2170009",2,"Lunch",2,,,
"2170009",1,"Development/building fee",,2,,
"2170009",6,"Pens and Pencils",2,,,
"2170009",4,"Exercise books",2,,,
"2170009",8,"Rulers",2,,,
"2170009",7,"Geometry sets",2,,,
"2170009",9,"Coaching Services",2,,,
"2170009",3,"School uniform",2,,,
"2170009",5,"Text books",1,2,,
"2200001",10,"Others (specify)",2,,,
"2200001",6,"Pens and Pencils",2,,,
"2200001",2,"Lunch",2,,,
"2200001",4,"Exercise books",2,,,
"2200001",9,"Coaching Services",2,,,
"2200001",7,"Geometry sets",2,,,
"2200001",8,"Rulers",1,2,,
"2200001",5,"Text books",1,2,,
"2200001",1,"Development/building fee",,2,,
"2210006",10,"Others (specify)",2,,,
"2210006",6,"Pens and Pencils",2,,,
"2210006",3,"School uniform",2,,,
"2210006",1,"Development/building fee",,2,,
"2210006",2,"Lunch",2,,,
"2210006",8,"Rulers",2,,,
"2210006",7,"Geometry sets",2,,,
"2210006",5,"Text books",2,2,,
"2210006",9,"Coaching Services",2,,,
"2220022",6,"Pens and Pencils",2,,,
"2220022",5,"Text books",1,2,,
"2220022",10,"Others (specify)",2,,,
"2220022",7,"Geometry sets",2,,,
"2220022",3,"School uniform",2,,,
"2220022",8,"Rulers",2,,,
"2220022",2,"Lunch",1,1,1800,2
"2220022",4,"Exercise books",2,,,
"2220022",9,"Coaching Services",2,,,
"2220026",8,"Rulers",2,,,
"2220026",9,"Coaching Services",2,,,
"2220026",10,"Others (specify)",2,,,
"2220026",2,"Lunch",1,1,2250,2
"2220026",7,"Geometry sets",2,,,
"2220026",6,"Pens and Pencils",2,,,
"2220026",4,"Exercise books",2,,,
"2220026",1,"Development/building fee",,2,,
"2220026",5,"Text books",1,2,,
"2230011",7,"Geometry sets",2,,,
"2230011",4,"Exercise books",2,,,
"2230011",5,"Text books",1,2,,
"2230011",1,"Development/building fee",,2,,
"2230011",2,"Lunch",2,,,
"2230011",3,"School uniform",2,,,
"2230011",10,"Others (specify)",2,,,
"2230011",6,"Pens and Pencils",2,,,
"2230011",9,"Coaching Services",2,,,
"2230014",9,"Coaching Services",2,,,
"2230014",5,"Text books",1,2,,
"2230014",4,"Exercise books",2,,,
"2230014",7,"Geometry sets",2,,,
"2230014",1,"Development/building fee",,2,,
"2230014",2,"Lunch",1,1,1500,2
"2230014",6,"Pens and Pencils",2,,,
"2230014",8,"Rulers",2,,,
"2230014",3,"School uniform",2,,,
"2230018",9,"Coaching Services",2,,,
"2230018",3,"School uniform",2,,,
"2230018",4,"Exercise books",2,,,
"2230018",7,"Geometry sets",2,,,
"2230018",5,"Text books",1,2,,
"2230018",10,"Others (specify)",2,,,
"2230018",8,"Rulers",2,,,
"2230018",6,"Pens and Pencils",2,,,
"2230018",1,"Development/building fee",,2,,
"2230022",4,"Exercise books",2,,,
"2230022",8,"Rulers",2,,,
"2230022",1,"Development/building fee",,2,,
"2230022",3,"School uniform",2,,,
"2230022",10,"Others (specify)",2,,,
"2230022",2,"Lunch",1,1,20000,2
"2230022",7,"Geometry sets",2,,,
"2230022",6,"Pens and Pencils",2,,,
"2230022",9,"Coaching Services",2,,,
"2230026",10,"Others (specify)",2,,,
"2230026",4,"Exercise books",2,,,
"2230026",8,"Rulers",2,,,
"2230026",3,"School uniform",2,,,
"2230026",2,"Lunch",2,,,
"2230026",6,"Pens and Pencils",2,,,
"2230026",9,"Coaching Services",2,,,
"2230026",7,"Geometry sets",2,,,
"2230026",5,"Text books",1,2,,
"2240013",5,"Text books",1,2,,
"2240013",8,"Rulers",2,,,
"2240013",7,"Geometry sets",2,,,
"2240013",4,"Exercise books",2,,,
"2240013",6,"Pens and Pencils",2,,,
"2240013",10,"Others (specify)",2,,,
"2240013",2,"Lunch",2,,,
"2240013",9,"Coaching Services",2,,,
"2240013",1,"Development/building fee",,2,,
"3010003",5,"Text books",1,2,,
"3010003",1,"Development/building fee",,1,3000,2
"3010003",7,"Geometry sets",2,,,
"3010003",10,"Others (specify)",1,1,2000,2
"3010003",9,"Coaching Services",2,,,
"3010003",8,"Rulers",2,,,
"3010003",3,"School uniform",2,,,
"3010003",6,"Pens and Pencils",2,,,
"3010003",2,"Lunch",2,,,
"3020002",9,"Coaching Services",2,,,
"3020002",3,"School uniform",2,,,
"3020002",1,"Development/building fee",,1,3000,2
"3020002",7,"Geometry sets",2,,,
"3020002",5,"Text books",2,,,
"3020002",4,"Exercise books",2,,,
"3020002",8,"Rulers",2,,,
"3020002",6,"Pens and Pencils",2,,,
"3020002",10,"Others (specify)",1,1,1700,2
"3020003",1,"Development/building fee",,1,1000,2
"3020003",8,"Rulers",2,,,
"3020003",4,"Exercise books",2,,,
"3020003",10,"Others (specify)",1,1,1700,2
"3020003",9,"Coaching Services",2,,,
"3020003",3,"School uniform",2,,,
"3020003",2,"Lunch",2,,,
"3020003",6,"Pens and Pencils",2,,,
"3020003",5,"Text books",2,,,
"3020005",7,"Geometry sets",2,,,
"3020005",6,"Pens and Pencils",2,,,
"3020005",4,"Exercise books",2,,,
"3020005",2,"Lunch",2,,,
"3020005",3,"School uniform",1,1,500,4
"3020005",10,"Others (specify)",1,1,1500,2
"3020005",9,"Coaching Services",2,,,
"3020005",5,"Text books",2,,,
"3020005",1,"Development/building fee",,1,1500,2
"3020008",4,"Exercise books",2,,,
"3020008",10,"Others (specify)",1,1,2000,2
"3020008",6,"Pens and Pencils",2,,,
"3020008",2,"Lunch",2,,,
"3020008",5,"Text books",2,,,
"3020008",7,"Geometry sets",2,,,
"3020008",1,"Development/building fee",,1,1200,2
"3020008",8,"Rulers",2,,,
"3020008",9,"Coaching Services",2,,,
"3020010",5,"Text books",2,,,
"3020010",2,"Lunch",2,,,
"3020010",7,"Geometry sets",2,,,
"3020010",6,"Pens and Pencils",2,,,
"3020010",4,"Exercise books",2,,,
"3020010",1,"Development/building fee",,1,1000,2
"3020010",3,"School uniform",2,,,
"3020010",8,"Rulers",2,,,
"3020010",9,"Coaching Services",2,,,
"3020013",1,"Development/building fee",,1,2000,2
"3020013",6,"Pens and Pencils",2,,,
"3020013",10,"Others (specify)",1,1,2500,2
"3020013",3,"School uniform",2,,,
"3020013",7,"Geometry sets",2,,,
"3020013",4,"Exercise books",2,,,
"3020013",9,"Coaching Services",2,,,
"3020013",2,"Lunch",2,,,
"3020013",5,"Text books",2,,,
"3020016",6,"Pens and Pencils",2,,,
"3020016",4,"Exercise books",2,,,
"3020016",1,"Development/building fee",,1,1000,2
"3020016",5,"Text books",2,,,
"3020016",7,"Geometry sets",2,,,
"3020016",9,"Coaching Services",2,,,
"3020016",2,"Lunch",2,,,
"3020016",3,"School uniform",1,1,13500,4
"3020016",8,"Rulers",2,,,
"3020018",1,"Development/building fee",,1,3500,2
"3020018",4,"Exercise books",2,,,
"3020018",10,"Others (specify)",1,1,2000,2
"3020018",6,"Pens and Pencils",2,,,
"3020018",3,"School uniform",2,,,
"3020018",9,"Coaching Services",2,,,
"3020018",7,"Geometry sets",2,,,
"3020018",8,"Rulers",2,,,
"3020018",5,"Text books",1,2,,
"3020035",9,"Coaching Services",2,,,
"3020035",4,"Exercise books",2,,,
"3020035",7,"Geometry sets",2,,,
"3020035",2,"Lunch",2,,,
"3020035",3,"School uniform",2,,,
"3020035",10,"Others (specify)",1,1,1500,2
"3020035",6,"Pens and Pencils",2,,,
"3020035",5,"Text books",2,,,
"3020035",8,"Rulers",2,,,
"3030002",8,"Rulers",2,,,
"3030002",4,"Exercise books",2,,,
"3030002",9,"Coaching Services",2,,,
"3030002",5,"Text books",1,2,,
"3030002",6,"Pens and Pencils",2,,,
"3030002",1,"Development/building fee",,1,10400,2
"3030002",2,"Lunch",1,1,25000,2
"3030002",10,"Others (specify)",1,1,15000,2
"3030002",7,"Geometry sets",2,,,
"3030006",1,"Development/building fee",,1,1000,1
"3030006",6,"Pens and Pencils",2,,,
"3030006",2,"Lunch",2,,,
"3030006",7,"Geometry sets",2,,,
"3030006",8,"Rulers",2,,,
"3030006",10,"Others (specify)",2,,,
"3030006",4,"Exercise books",2,,,
"3030006",3,"School uniform",2,,,
"3030006",9,"Coaching Services",2,,,
"3030009",4,"Exercise books",2,,,
"3030009",8,"Rulers",2,,,
"3030009",6,"Pens and Pencils",2,,,
"3030009",10,"Others (specify)",1,1,1500,2
"3030009",3,"School uniform",2,,,
"3030009",1,"Development/building fee",,1,10000,1
"3030009",7,"Geometry sets",2,,,
"3030009",2,"Lunch",2,,,
"3030009",5,"Text books",1,2,,
"3030015",3,"School uniform",2,,,
"3030015",8,"Rulers",2,,,
"3030015",2,"Lunch",2,,,
"3030015",7,"Geometry sets",2,,,
"3030015",5,"Text books",1,2,,
"3030015",10,"Others (specify)",1,1,1000,2
"3030015",9,"Coaching Services",2,,,
"3030015",6,"Pens and Pencils",2,,,
"3030015",1,"Development/building fee",,2,,
"3040002",2,"Lunch",2,,,
"3040002",10,"Others (specify)",1,1,1000,2
"3040002",4,"Exercise books",2,,,
"3040002",3,"School uniform",1,1,13500,4
"3040002",1,"Development/building fee",,1,10000,2
"3040002",7,"Geometry sets",2,,,
"3040002",9,"Coaching Services",2,,,
"3040002",6,"Pens and Pencils",2,,,
"3040002",8,"Rulers",2,,,
"3040004",8,"Rulers",2,,,
"3040004",9,"Coaching Services",2,,,
"3040004",10,"Others (specify)",1,1,10000,2
"3040004",2,"Lunch",2,,,
"3040004",5,"Text books",2,,,
"3040004",1,"Development/building fee",,1,20000,1
"3040004",6,"Pens and Pencils",2,,,
"3040004",4,"Exercise books",2,,,
"3040004",3,"School uniform",2,,,
"3040007",1,"Development/building fee",,1,9000,2
"3040007",6,"Pens and Pencils",2,,,
"3040007",10,"Others (specify)",1,1,1000,2
"3040007",8,"Rulers",2,,,
"3040007",3,"School uniform",2,,,
"3040007",7,"Geometry sets",2,,,
"3040007",5,"Text books",2,,,
"3040007",9,"Coaching Services",2,,,
"3040007",4,"Exercise books",2,,,
"3040009",6,"Pens and Pencils",2,,,
"3040009",5,"Text books",2,,,
"3040009",3,"School uniform",2,,,
"3040009",1,"Development/building fee",,1,5000,2
"3040009",8,"Rulers",2,,,
"3040009",7,"Geometry sets",2,,,
"3040009",4,"Exercise books",2,,,
"3040009",10,"Others (specify)",1,1,1000,2
"3040009",2,"Lunch",2,,,
"3040014",8,"Rulers",2,,,
"3040014",7,"Geometry sets",2,,,
"3040014",9,"Coaching Services",2,,,
"3040014",5,"Text books",2,,,
"3040014",4,"Exercise books",2,,,
"3040014",1,"Development/building fee",,1,1000,2
"3040014",10,"Others (specify)",1,1,1000,2
"3040014",2,"Lunch",2,,,
"3040014",6,"Pens and Pencils",2,,,
"3050001",1,"Development/building fee",,1,5000,2
"3050001",8,"Rulers",2,,,
"3050001",5,"Text books",2,,,
"3050001",10,"Others (specify)",1,1,10000,2
"3050001",2,"Lunch",2,,,
"3050001",9,"Coaching Services",2,,,
"3050001",6,"Pens and Pencils",2,,,
"3050001",7,"Geometry sets",2,,,
"3050001",3,"School uniform",2,,,
"3060006",9,"Coaching Services",2,,,
"3060006",10,"Others (specify)",1,1,20000,2
"3060006",5,"Text books",1,2,,
"3060006",1,"Development/building fee",,1,5000,2
"3060006",2,"Lunch",1,2,,
"3060006",4,"Exercise books",2,,,
"3060006",3,"School uniform",2,,,
"3060006",6,"Pens and Pencils",2,,,
"3060006",7,"Geometry sets",2,,,
"3070002",7,"Geometry sets",2,,,
"3070002",4,"Exercise books",2,,,
"3070002",2,"Lunch",1,1,70000,2
"3070002",9,"Coaching Services",2,,,
"3070002",6,"Pens and Pencils",2,,,
"3070002",3,"School uniform",1,1,50000,4
"3070002",1,"Development/building fee",,1,10000,2
"3070002",5,"Text books",2,,,
"3070002",10,"Others (specify)",1,1,6000,2
"3070005",3,"School uniform",2,,,
"3070005",5,"Text books",2,,,
"3070005",1,"Development/building fee",,1,10400,2
"3070005",4,"Exercise books",2,,,
"3070005",2,"Lunch",2,,,
"3070005",7,"Geometry sets",2,,,
"3070005",10,"Others (specify)",1,1,5000,2
"3070005",6,"Pens and Pencils",2,,,
"3070005",8,"Rulers",2,,,
"3070007",7,"Geometry sets",2,,,
"3070007",4,"Exercise books",2,,,
"3070007",3,"School uniform",2,,,
"3070007",2,"Lunch",1,1,40000,2
"3070007",8,"Rulers",2,,,
"3070007",1,"Development/building fee",,1,10000,2
"3070007",10,"Others (specify)",1,1,2500,2
"3070007",5,"Text books",2,,,
"3070007",9,"Coaching Services",2,,,
"3070012",4,"Exercise books",2,,,
"3070012",7,"Geometry sets",2,,,
"3070012",1,"Development/building fee",,1,8500,2
"3070012",8,"Rulers",2,,,
"3070012",3,"School uniform",2,,,
"3070012",9,"Coaching Services",2,,,
"3070012",2,"Lunch",2,,,
"3070012",10,"Others (specify)",1,1,4000,2
"3070012",5,"Text books",2,,,
"3070017",9,"Coaching Services",2,,,
"3070017",7,"Geometry sets",2,,,
"3070017",8,"Rulers",2,,,
"3070017",10,"Others (specify)",1,1,2000,2
"3070017",3,"School uniform",2,,,
"3070017",5,"Text books",2,,,
"3070017",2,"Lunch",2,,,
"3070017",1,"Development/building fee",,1,1000,2
"3070017",4,"Exercise books",2,,,
"3070018",5,"Text books",2,,,
"3070018",9,"Coaching Services",2,,,
"3070018",4,"Exercise books",2,,,
"3070018",3,"School uniform",2,,,
"3070018",1,"Development/building fee",,2,,
"3070018",6,"Pens and Pencils",2,,,
"3070018",7,"Geometry sets",2,,,
"3070018",2,"Lunch",2,,,
"3070018",8,"Rulers",2,,,
"3070020",6,"Pens and Pencils",2,,,
"3070020",9,"Coaching Services",2,,,
"3070020",4,"Exercise books",2,,,
"3070020",10,"Others (specify)",1,1,2000,2
"3070020",7,"Geometry sets",2,,,
"3070020",5,"Text books",2,,,
"3070020",1,"Development/building fee",,1,2000,2
"3070020",2,"Lunch",2,,,
"3070020",8,"Rulers",2,,,
"3070022",1,"Development/building fee",,1,8000,1
"3070022",10,"Others (specify)",1,1,1500,2
"3070022",8,"Rulers",2,,,
"3070022",6,"Pens and Pencils",2,,,
"3070022",4,"Exercise books",2,,,
"3070022",9,"Coaching Services",2,,,
"3070022",5,"Text books",2,,,
"3070022",2,"Lunch",2,,,
"3070022",3,"School uniform",2,,,
"3070023",8,"Rulers",2,,,
"3070023",5,"Text books",2,,,
"3070023",10,"Others (specify)",1,1,1500,2
"3070023",7,"Geometry sets",2,,,
"3070023",3,"School uniform",2,,,
"3070023",6,"Pens and Pencils",2,,,
"3070023",1,"Development/building fee",,1,1500,2
"3070023",4,"Exercise books",2,,,
"3070023",9,"Coaching Services",2,,,
"3070025",6,"Pens and Pencils",2,,,
"3070025",1,"Development/building fee",,1,5000,2
"3070025",10,"Others (specify)",1,1,3000,2
"3070025",4,"Exercise books",2,,,
"3070025",9,"Coaching Services",2,,,
"3070025",2,"Lunch",2,,,
"3070025",7,"Geometry sets",2,,,
"3070025",8,"Rulers",2,,,
"3070025",3,"School uniform",2,,,
"3080001",1,"Development/building fee",,1,2000,2
"3080001",2,"Lunch",1,2,,
"3080001",10,"Others (specify)",2,,,
"3080001",9,"Coaching Services",2,,,
"3080001",6,"Pens and Pencils",2,,,
"3080001",8,"Rulers",2,,,
"3080001",3,"School uniform",2,,,
"3080001",5,"Text books",1,2,,
"3080001",7,"Geometry sets",2,,,
"3080002",5,"Text books",1,2,,
"3080002",2,"Lunch",1,1,1500,2
"3080002",6,"Pens and Pencils",2,,,
"3080002",8,"Rulers",2,,,
"3080002",4,"Exercise books",2,,,
"3080002",7,"Geometry sets",2,,,
"3080002",3,"School uniform",1,1,10000,1
"3080002",9,"Coaching Services",2,,,
"3080002",10,"Others (specify)",2,,,
"3080004",1,"Development/building fee",,1,5000,2
"3080004",2,"Lunch",1,2,,
"3080004",5,"Text books",1,2,,
"3080004",4,"Exercise books",1,2,,
"3080004",10,"Others (specify)",2,,,
"3080004",7,"Geometry sets",2,,,
"3080004",9,"Coaching Services",2,,,
"3080004",3,"School uniform",2,,,
"3080004",6,"Pens and Pencils",1,2,,
"3090001",3,"School uniform",2,,,
"3090001",6,"Pens and Pencils",2,,,
"3090001",10,"Others (specify)",2,,,
"3090001",8,"Rulers",2,,,
"3090001",4,"Exercise books",2,,,
"3090001",1,"Development/building fee",,1,1000,2
"3090001",7,"Geometry sets",2,,,
"3090001",5,"Text books",1,2,,
"3090001",2,"Lunch",2,,,
"3090002",4,"Exercise books",2,,,
"3090002",9,"Coaching Services",2,,,
"3090002",2,"Lunch",2,,,
"3090002",10,"Others (specify)",1,1,1000,2
"3090002",7,"Geometry sets",2,,,
"3090002",3,"School uniform",2,,,
"3090002",5,"Text books",1,2,,
"3090002",6,"Pens and Pencils",2,,,
"3090002",8,"Rulers",2,,,
"3100001",2,"Lunch",2,,,
"3100001",10,"Others (specify)",1,1,500,1
"3100001",1,"Development/building fee",,1,2000,1
"3100001",5,"Text books",1,2,,
"3100001",3,"School uniform",2,,,
"3100001",4,"Exercise books",2,,,
"3100001",7,"Geometry sets",2,,,
"3100001",9,"Coaching Services",2,,,
"3100001",6,"Pens and Pencils",2,,,
"3100004",6,"Pens and Pencils",2,,,
"3100004",1,"Development/building fee",,1,3000,1
"3100004",3,"School uniform",2,,,
"3100004",10,"Others (specify)",1,1,1000,2
"3100004",9,"Coaching Services",1,1,3000,2
"3100004",2,"Lunch",1,1,7000,3
"3100004",8,"Rulers",2,,,
"3100004",4,"Exercise books",2,,,
"3100004",5,"Text books",1,2,,
"3100006",3,"School uniform",2,,,
"3100006",10,"Others (specify)",2,,,
"3100006",8,"Rulers",2,,,
"3100006",5,"Text books",1,2,,
"3100006",1,"Development/building fee",,1,1000,2
"3100006",9,"Coaching Services",2,,,
"3100006",4,"Exercise books",2,,,
"3100006",6,"Pens and Pencils",2,,,
"3100006",7,"Geometry sets",2,,,
"3100009",8,"Rulers",2,,,
"3100009",3,"School uniform",2,,,
"3100009",5,"Text books",1,2,,
"3100009",7,"Geometry sets",2,,,
"3100009",10,"Others (specify)",1,1,700,4
"3100009",1,"Development/building fee",,1,1000,1
"3100009",6,"Pens and Pencils",2,,,
"3100009",4,"Exercise books",2,,,
"3100009",9,"Coaching Services",2,,,
"3100010",1,"Development/building fee",,1,500,2
"3100010",6,"Pens and Pencils",2,,,
"3100010",3,"School uniform",2,,,
"3100010",4,"Exercise books",2,,,
"3100010",2,"Lunch",2,,,
"3100010",7,"Geometry sets",2,,,
"3100010",10,"Others (specify)",1,1,1000,2
"3100010",5,"Text books",1,2,,
"3100010",8,"Rulers",2,,,
"3100012",3,"School uniform",2,,,
"3100012",5,"Text books",1,2,,
"3100012",1,"Development/building fee",,1,2000,1
"3100012",10,"Others (specify)",1,1,1000,2
"3100012",7,"Geometry sets",2,,,
"3100012",4,"Exercise books",2,,,
"3100012",9,"Coaching Services",2,,,
"3100012",8,"Rulers",2,,,
"3100012",6,"Pens and Pencils",2,,,
"3110001",5,"Text books",1,2,,
"3110001",2,"Lunch",1,2,,
"3110001",7,"Geometry sets",2,,,
"3110001",10,"Others (specify)",2,,,
"3110001",1,"Development/building fee",,2,,
"3110001",6,"Pens and Pencils",2,,,
"3110001",8,"Rulers",2,,,
"3110001",9,"Coaching Services",2,,,
"3110001",4,"Exercise books",2,,,
"3110004",7,"Geometry sets",2,,,
"3110004",3,"School uniform",2,,,
"3110004",2,"Lunch",1,2,,
"3110004",6,"Pens and Pencils",2,,,
"3110004",5,"Text books",1,2,,
"3110004",8,"Rulers",2,,,
"3110004",9,"Coaching Services",2,,,
"3110004",10,"Others (specify)",2,,,
"3110004",4,"Exercise books",2,,,
"3130002",8,"Rulers",2,,,
"3130002",7,"Geometry sets",2,,,
"3130002",9,"Coaching Services",2,,,
"3130002",4,"Exercise books",2,,,
"3130002",5,"Text books",1,2,,
"3130002",1,"Development/building fee",,2,,
"3130002",2,"Lunch",2,,,
"3130002",3,"School uniform",2,,,
"3130002",10,"Others (specify)",1,1,1000,2
"3150016",10,"Others (specify)",2,,,
"3150016",9,"Coaching Services",2,,,
"3150016",7,"Geometry sets",2,,,
"3150016",8,"Rulers",2,,,
"3150016",4,"Exercise books",2,,,
"3150016",1,"Development/building fee",,1,1000,2
"3150016",5,"Text books",2,,,
"3150016",6,"Pens and Pencils",2,,,
"3150016",2,"Lunch",2,,,
"3160016",4,"Exercise books",2,,,
"3160016",3,"School uniform",2,,,
"3160016",7,"Geometry sets",2,,,
"3160016",8,"Rulers",2,,,
"3160016",5,"Text books",2,,,
"3160016",6,"Pens and Pencils",2,,,
"3160016",2,"Lunch",2,,,
"3160016",9,"Coaching Services",2,,,
"3160016",1,"Development/building fee",,1,5000,2
"3170009",4,"Exercise books",2,,,
"3170009",3,"School uniform",2,,,
"3170009",5,"Text books",2,,,
"3170009",7,"Geometry sets",2,,,
"3170009",10,"Others (specify)",2,,,
"3170009",2,"Lunch",2,,,
"3170009",1,"Development/building fee",,1,2000,2
"3170009",9,"Coaching Services",2,,,
"3170009",6,"Pens and Pencils",2,,,
"3170010",1,"Development/building fee",,1,1000,2
"3170010",8,"Rulers",2,,,
"3170010",7,"Geometry sets",2,,,
"3170010",9,"Coaching Services",2,,,
"3170010",2,"Lunch",2,,,
"3170010",5,"Text books",2,,,
"3170010",6,"Pens and Pencils",2,,,
"3170010",3,"School uniform",2,,,
"3170010",10,"Others (specify)",2,,,
"3180001",2,"Lunch",1,2,,
"3180001",9,"Coaching Services",2,,,
"3180001",5,"Text books",1,2,,
"3180001",6,"Pens and Pencils",2,,,
"3180001",3,"School uniform",2,,,
"3180001",4,"Exercise books",2,,,
"3180001",7,"Geometry sets",2,,,
"3180001",10,"Others (specify)",1,1,10000,2
"3180001",1,"Development/building fee",,1,5000,2
"3180002",7,"Geometry sets",2,,,
"3180002",9,"Coaching Services",2,,,
"3180002",1,"Development/building fee",,2,,
"3180002",5,"Text books",1,2,,
"3180002",3,"School uniform",2,,,
"3180002",2,"Lunch",1,2,,
"3180002",8,"Rulers",2,,,
"3180002",10,"Others (specify)",2,,,
"3180002",4,"Exercise books",2,,,
"3190005",9,"Coaching Services",2,,,
"3190005",6,"Pens and Pencils",2,,,
"3190005",5,"Text books",1,2,,
"3190005",3,"School uniform",2,,,
"3190005",4,"Exercise books",2,,,
"3190005",2,"Lunch",1,1,25000,2
"3190005",10,"Others (specify)",1,1,3000,2
"3190005",1,"Development/building fee",,1,5000,2
"3190005",7,"Geometry sets",2,,,
"3190012",3,"School uniform",2,,,
"3190012",1,"Development/building fee",,1,3000,2
"3190012",6,"Pens and Pencils",2,,,
"3190012",10,"Others (specify)",1,1,3900,2
"3190012",8,"Rulers",2,,,
"3190012",2,"Lunch",2,,,
"3190012",4,"Exercise books",2,,,
"3190012",5,"Text books",1,2,,
"3190012",7,"Geometry sets",2,,,
"3200018",3,"School uniform",2,,,
"3200018",8,"Rulers",2,,,
"3200018",7,"Geometry sets",2,,,
"3200018",6,"Pens and Pencils",2,,,
"3200018",2,"Lunch",2,,,
"3200018",1,"Development/building fee",,1,500,2
"3200018",10,"Others (specify)",1,1,1000,2
"3200018",9,"Coaching Services",2,,,
"3200018",5,"Text books",1,2,,
"3200021",8,"Rulers",2,,,
"3200021",6,"Pens and Pencils",2,,,
"3200021",7,"Geometry sets",2,,,
"3200021",2,"Lunch",2,,,
"3200021",9,"Coaching Services",2,,,
"3200021",10,"Others (specify)",1,1,1000,2
"3200021",5,"Text books",1,2,,
"3200021",1,"Development/building fee",,1,1200,2
"3200021",3,"School uniform",2,,,
"3200027",3,"School uniform",2,,,
"3200027",10,"Others (specify)",1,1,1500,2
"3200027",2,"Lunch",2,,,
"3200027",9,"Coaching Services",,,,
"3200027",4,"Exercise books",2,,,
"3200027",6,"Pens and Pencils",2,,,
"3200027",1,"Development/building fee",,1,1000,2
"3200027",7,"Geometry sets",2,,,
"3200027",8,"Rulers",2,,,
"3200030",7,"Geometry sets",2,,,
"3200030",5,"Text books",1,2,,
"3200030",3,"School uniform",2,,,
"3200030",6,"Pens and Pencils",2,,,
"3200030",9,"Coaching Services",2,,,
"3200030",4,"Exercise books",2,,,
"3200030",1,"Development/building fee",,1,1000,1
"3200030",2,"Lunch",2,,,
"3200030",10,"Others (specify)",1,1,1000,2
"3210021",7,"Geometry sets",2,,,
"3210021",10,"Others (specify)",1,1,1000,2
"3210021",2,"Lunch",2,,,
"3210021",9,"Coaching Services",2,,,
"3210021",1,"Development/building fee",,1,1000,2
"3210021",8,"Rulers",2,,,
"3210021",3,"School uniform",2,,,
"3210021",5,"Text books",2,,,
"3210021",6,"Pens and Pencils",2,,,
"3210023",9,"Coaching Services",2,,,
"3210023",6,"Pens and Pencils",2,,,
"3210023",10,"Others (specify)",1,1,1500,2
"3210023",4,"Exercise books",2,,,
"3210023",8,"Rulers",2,,,
"3210023",7,"Geometry sets",2,,,
"3210023",1,"Development/building fee",,1,1000,2
"3210023",3,"School uniform",2,,,
"3210023",5,"Text books",2,,,
"3210028",3,"School uniform",2,,,
"3210028",2,"Lunch",2,,,
"3210028",7,"Geometry sets",2,,,
"3210028",8,"Rulers",2,,,
"3210028",1,"Development/building fee",,1,1000,2
"3210028",9,"Coaching Services",2,,,
"3210028",10,"Others (specify)",1,1,1000,2
"3210028",6,"Pens and Pencils",2,,,
"3210028",4,"Exercise books",2,,,
"3210030",8,"Rulers",2,,,
"3210030",7,"Geometry sets",2,,,
"3210030",1,"Development/building fee",,1,1000,2
"3210030",2,"Lunch",2,,,
"3210030",3,"School uniform",2,,,
"3210030",6,"Pens and Pencils",2,,,
"3210030",9,"Coaching Services",2,,,
"3210030",10,"Others (specify)",1,1,1000,2
"3210030",5,"Text books",2,,,
"4010005",9,"Coaching Services",2,,,
"4010005",2,"Lunch",2,,,
"4010005",4,"Exercise books",2,,,
"4010005",8,"Rulers",2,,,
"4010005",6,"Pens and Pencils",2,,,
"4010005",3,"School uniform",2,,,
"4010005",5,"Text books",2,,,
"4010005",7,"Geometry sets",2,,,
"4010005",1,"Development/building fee",,2,,
"4020016",8,"Rulers",2,,,
"4020016",2,"Lunch",1,1,20000,2
"4020016",9,"Coaching Services",2,,,
"4020016",5,"Text books",2,,,
"4020016",1,"Development/building fee",,1,12000,2
"4020016",6,"Pens and Pencils",2,,,
"4020016",3,"School uniform",2,,,
"4020016",4,"Exercise books",2,,,
"4020016",10,"Others (specify)",2,,,
"4020020",9,"Coaching Services",2,,,
"4020020",10,"Others (specify)",2,,,
"4020020",7,"Geometry sets",2,,,
"4020020",6,"Pens and Pencils",2,,,
"4020020",5,"Text books",2,,,
"4020020",8,"Rulers",2,,,
"4020020",1,"Development/building fee",,1,18000,2
"4020020",2,"Lunch",1,1,30000,2
"4020020",4,"Exercise books",2,,,
"4020025",8,"Rulers",2,,,
"4020025",9,"Coaching Services",2,,,
"4020025",1,"Development/building fee",,1,5000,2
"4020025",6,"Pens and Pencils",2,,,
"4020025",5,"Text books",2,,,
"4020025",3,"School uniform",2,,,
"4020025",4,"Exercise books",1,2,,
"4020025",7,"Geometry sets",2,,,
"4020025",10,"Others (specify)",2,,,
"4030002",6,"Pens and Pencils",2,,,
"4030002",7,"Geometry sets",2,,,
"4030002",4,"Exercise books",2,,,
"4030002",2,"Lunch",2,,,
"4030002",9,"Coaching Services",2,,,
"4030002",8,"Rulers",2,,,
"4030002",1,"Development/building fee",,1,1000,1
"4030002",5,"Text books",2,,,
"4030002",3,"School uniform",2,,,
"4030004",4,"Exercise books",2,,,
"4030004",8,"Rulers",2,,,
"4030004",6,"Pens and Pencils",2,,,
"4030004",7,"Geometry sets",2,,,
"4030004",10,"Others (specify)",1,1,700,4
"4030004",1,"Development/building fee",,,,
"4030004",2,"Lunch",2,,,
"4030004",9,"Coaching Services",2,,,
"4030004",3,"School uniform",2,,,
"4030009",10,"Others (specify)",2,,,
"4030009",5,"Text books",2,,,
"4030009",9,"Coaching Services",2,,,
"4030009",6,"Pens and Pencils",2,,,
"4030009",2,"Lunch",2,,,
"4030009",1,"Development/building fee",,1,2000,1
"4030009",8,"Rulers",2,,,
"4030009",4,"Exercise books",2,,,
"4030009",7,"Geometry sets",2,,,
"4040003",4,"Exercise books",2,,,
"4040003",5,"Text books",2,,,
"4040003",8,"Rulers",2,,,
"4040003",9,"Coaching Services",2,,,
"4040003",6,"Pens and Pencils",2,,,
"4040003",2,"Lunch",2,,,
"4040003",7,"Geometry sets",2,,,
"4040003",3,"School uniform",2,,,
"4040003",1,"Development/building fee",,1,10000,2
"4040006",7,"Geometry sets",2,,,
"4040006",2,"Lunch",2,,,
"4040006",1,"Development/building fee",,1,2000,2
"4040006",8,"Rulers",2,,,
"4040006",5,"Text books",2,,,
"4040006",6,"Pens and Pencils",2,,,
"4040006",3,"School uniform",2,,,
"4040006",4,"Exercise books",2,,,
"4040006",10,"Others (specify)",2,,,
"4040008",7,"Geometry sets",2,,,
"4040008",8,"Rulers",2,,,
"4040008",4,"Exercise books",2,,,
"4040008",9,"Coaching Services",2,,,
"4040008",2,"Lunch",2,,,
"4040008",5,"Text books",2,,,
"4040008",3,"School uniform",2,,,
"4040008",1,"Development/building fee",,1,3000,1
"4040008",6,"Pens and Pencils",2,,,
"4040012",5,"Text books",2,,,
"4040012",7,"Geometry sets",2,,,
"4040012",2,"Lunch",2,,,
"4040012",1,"Development/building fee",,1,10000,2
"4040012",4,"Exercise books",2,,,
"4040012",3,"School uniform",2,,,
"4040012",8,"Rulers",2,,,
"4040012",9,"Coaching Services",2,,,
"4040012",10,"Others (specify)",2,,,
"4050006",7,"Geometry sets",2,,,
"4050006",6,"Pens and Pencils",2,,,
"4050006",8,"Rulers",2,,,
"4050006",1,"Development/building fee",,2,,
"4050006",3,"School uniform",2,,,
"4050006",2,"Lunch",2,,,
"4050006",10,"Others (specify)",2,1,2000,2
"4050006",4,"Exercise books",2,,,
"4050006",9,"Coaching Services",2,,,
"4050010",6,"Pens and Pencils",2,,,
"4050010",4,"Exercise books",2,,,
"4050010",9,"Coaching Services",1,1,1000,3
"4050010",5,"Text books",2,,,
"4050010",2,"Lunch",2,,,
"4050010",7,"Geometry sets",2,,,
"4050010",10,"Others (specify)",2,,,
"4050010",3,"School uniform",2,,,
"4050010",8,"Rulers",2,,,
"4060003",8,"Rulers",2,,,
"4060003",1,"Development/building fee",,2,,
"4060003",10,"Others (specify)",2,,,
"4060003",2,"Lunch",2,,,
"4060003",7,"Geometry sets",2,,,
"4060003",4,"Exercise books",2,,,
"4060003",3,"School uniform",2,,,
"4060003",5,"Text books",2,,,
"4060003",6,"Pens and Pencils",2,,,
"4060008",9,"Coaching Services",2,,,
"4060008",5,"Text books",1,2,,
"4060008",8,"Rulers",2,,,
"4060008",6,"Pens and Pencils",2,,,
"4060008",1,"Development/building fee",,,,
"4060008",2,"Lunch",2,,,
"4060008",7,"Geometry sets",2,,,
"4060008",3,"School uniform",2,,,
"4060008",4,"Exercise books",2,,,
"4060010",9,"Coaching Services",2,,,
"4060010",6,"Pens and Pencils",2,,,
"4060010",8,"Rulers",2,,,
"4060010",1,"Development/building fee",,1,2000,2
"4060010",2,"Lunch",2,,,
"4060010",3,"School uniform",2,,,
"4060010",5,"Text books",2,,,
"4060010",4,"Exercise books",2,,,
"4060010",10,"Others (specify)",2,,,
"4060011",3,"School uniform",2,,,
"4060011",10,"Others (specify)",1,1,2000,4
"4060011",1,"Development/building fee",,,,
"4060011",4,"Exercise books",2,,,
"4060011",8,"Rulers",2,,,
"4060011",2,"Lunch",2,,,
"4060011",5,"Text books",2,,,
"4060011",9,"Coaching Services",2,,,
"4060011",6,"Pens and Pencils",2,,,
"4060013",5,"Text books",2,,,
"4060013",4,"Exercise books",2,,,
"4060013",10,"Others (specify)",,,,
"4060013",7,"Geometry sets",2,,,
"4060013",8,"Rulers",2,,,
"4060013",1,"Development/building fee",,2,,
"4060013",3,"School uniform",1,1,20000,4
"4060013",2,"Lunch",2,,,
"4060013",6,"Pens and Pencils",2,,,
"4070003",2,"Lunch",2,,,
"4070003",5,"Text books",1,2,,
"4070003",8,"Rulers",2,,,
"4070003",6,"Pens and Pencils",2,,,
"4070003",3,"School uniform",2,,,
"4070003",9,"Coaching Services",2,,,
"4070003",1,"Development/building fee",,2,,
"4070003",4,"Exercise books",2,,,
"4070003",10,"Others (specify)",,,,
"4070005",3,"School uniform",2,,,
"4070005",9,"Coaching Services",,,,
"4070005",5,"Text books",2,,,
"4070005",8,"Rulers",,,,
"4070005",4,"Exercise books",2,,,
"4070005",7,"Geometry sets",,,,
"4070005",6,"Pens and Pencils",1,1,800,3
"4070005",1,"Development/building fee",,,,
"4070005",10,"Others (specify)",,,,
"4070007",9,"Coaching Services",2,,,
"4070007",5,"Text books",2,,,
"4070007",6,"Pens and Pencils",2,,,
"4070007",3,"School uniform",2,,,
"4070007",2,"Lunch",2,,,
"4070007",8,"Rulers",2,,,
"4070007",10,"Others (specify)",2,,,
"4070007",1,"Development/building fee",,2,,
"4070007",4,"Exercise books",2,,,
"4090002",7,"Geometry sets",2,2,,
"4090002",1,"Development/building fee",,2,,
"4090002",8,"Rulers",2,2,,
"4090002",5,"Text books",2,2,,
"4090002",6,"Pens and Pencils",2,2,,
"4090002",10,"Others (specify)",,,,
"4090002",4,"Exercise books",2,2,,
"4090002",3,"School uniform",2,1,25000,4
"4090002",9,"Coaching Services",,,,
"4090005",1,"Development/building fee",,,,
"4090005",9,"Coaching Services",2,,,
"4090005",8,"Rulers",2,,,
"4090005",2,"Lunch",2,,,
"4090005",6,"Pens and Pencils",2,,,
"4090005",10,"Others (specify)",2,,,
"4090005",4,"Exercise books",2,,,
"4090005",7,"Geometry sets",2,,,
"4090005",5,"Text books",2,,,
"4090011",1,"Development/building fee",,1,3000,1
"4090011",3,"School uniform",2,,,
"4090011",8,"Rulers",2,,,
"4090011",6,"Pens and Pencils",2,,,
"4090011",5,"Text books",2,,,
"4090011",7,"Geometry sets",2,,,
"4090011",2,"Lunch",2,,,
"4090011",9,"Coaching Services",2,,,
"4090011",10,"Others (specify)",1,1,800,2
"4100026",8,"Rulers",2,,,
"4100026",10,"Others (specify)",1,1,800,2
"4100026",9,"Coaching Services",2,,,
"4100026",6,"Pens and Pencils",2,,,
"4100026",7,"Geometry sets",2,,,
"4100026",2,"Lunch",2,,,
"4100026",3,"School uniform",2,,,
"4100026",4,"Exercise books",2,,,
"4100026",1,"Development/building fee",,1,7000,2
"4100038",9,"Coaching Services",2,,,
"4100038",1,"Development/building fee",,1,14000,2
"4100038",8,"Rulers",2,,,
"4100038",4,"Exercise books",2,,,
"4100038",2,"Lunch",2,,,
"4100038",5,"Text books",2,,,
"4100038",10,"Others (specify)",2,,,
"4100038",3,"School uniform",2,,,
"4100038",7,"Geometry sets",2,,,
"4120003",10,"Others (specify)",1,1,2300,2
"4120003",3,"School uniform",2,,,
"4120003",5,"Text books",2,,,
"4120003",2,"Lunch",2,,,
"4120003",6,"Pens and Pencils",2,,,
"4120003",9,"Coaching Services",2,,,
"4120003",1,"Development/building fee",,1,6000,2
"4120003",7,"Geometry sets",2,,,
"4120003",4,"Exercise books",2,,,
"4120005",10,"Others (specify)",2,,,
"4120005",2,"Lunch",2,,,
"4120005",5,"Text books",2,,,
"4120005",9,"Coaching Services",2,,,
"4120005",8,"Rulers",2,,,
"4120005",4,"Exercise books",2,,,
"4120005",6,"Pens and Pencils",2,,,
"4120005",3,"School uniform",2,,,
"4120005",1,"Development/building fee",,1,3500,2
"4130002",10,"Others (specify)",1,1,1500,4
"4130002",3,"School uniform",2,,,
"4130002",1,"Development/building fee",,,,
"4130002",6,"Pens and Pencils",2,,,
"4130002",4,"Exercise books",2,,,
"4130002",7,"Geometry sets",2,,,
"4130002",5,"Text books",2,,,
"4130002",2,"Lunch",2,,,
"4130002",8,"Rulers",2,,,
"4130003",2,"Lunch",2,,,
"4130003",9,"Coaching Services",2,,,
"4130003",4,"Exercise books",2,,,
"4130003",5,"Text books",2,,,
"4130003",3,"School uniform",2,,,
"4130003",10,"Others (specify)",1,1,1000,2
"4130003",6,"Pens and Pencils",2,,,
"4130003",7,"Geometry sets",2,,,
"4130003",8,"Rulers",2,,,
"4130005",6,"Pens and Pencils",2,,,
"4130005",8,"Rulers",2,,,
"4130005",1,"Development/building fee",,2,,
"4130005",9,"Coaching Services",2,,,
"4130005",2,"Lunch",2,,,
"4130005",7,"Geometry sets",2,,,
"4130005",4,"Exercise books",2,,,
"4130005",10,"Others (specify)",1,1,800,2
"4130005",3,"School uniform",2,,,
"4140003",5,"Text books",2,,,
"4140003",1,"Development/building fee",,2,5000,2
"4140003",2,"Lunch",2,,,
"4140003",4,"Exercise books",2,,,
"4140003",8,"Rulers",2,,,
"4140003",10,"Others (specify)",1,1,800,2
"4140003",9,"Coaching Services",2,,,
"4140003",6,"Pens and Pencils",2,,,
"4140003",7,"Geometry sets",2,,,
"4150004",9,"Coaching Services",2,,,
"4150004",5,"Text books",2,,,
"4150004",2,"Lunch",2,,,
"4150004",7,"Geometry sets",2,,,
"4150004",4,"Exercise books",2,,,
"4150004",10,"Others (specify)",2,,,
"4150004",3,"School uniform",2,,,
"4150004",6,"Pens and Pencils",2,,,
"4150004",1,"Development/building fee",,2,,
"4150006",9,"Coaching Services",2,,,
"4150006",7,"Geometry sets",2,,,
"4150006",2,"Lunch",2,,,
"4150006",5,"Text books",1,2,,
"4150006",3,"School uniform",2,,,
"4150006",10,"Others (specify)",,,,
"4150006",8,"Rulers",2,,,
"4150006",1,"Development/building fee",,,,
"4150006",4,"Exercise books",2,,,
"4150007",7,"Geometry sets",2,,,
"4150007",9,"Coaching Services",2,,,
"4150007",5,"Text books",1,2,,
"4150007",10,"Others (specify)",,,,
"4150007",6,"Pens and Pencils",2,,,
"4150007",4,"Exercise books",2,,,
"4150007",8,"Rulers",2,,,
"4150007",1,"Development/building fee",,,,
"4150007",2,"Lunch",2,,,
"4150009",9,"Coaching Services",2,,,
"4150009",7,"Geometry sets",2,,,
"4150009",3,"School uniform",2,,,
"4150009",6,"Pens and Pencils",2,,,
"4150009",10,"Others (specify)",1,1,1000,3
"4150009",2,"Lunch",2,,,
"4150009",8,"Rulers",2,,,
"4150009",4,"Exercise books",2,,,
"4150009",5,"Text books",2,,,
"4160007",4,"Exercise books",2,,,
"4160007",8,"Rulers",2,,,
"4160007",7,"Geometry sets",2,,,
"4160007",5,"Text books",2,,,
"4160007",2,"Lunch",2,,,
"4160007",1,"Development/building fee",,1,1500,2
"4160007",10,"Others (specify)",2,,,
"4160007",9,"Coaching Services",2,,,
"4160007",6,"Pens and Pencils",2,,,
"4170008",7,"Geometry sets",2,,,
"4170008",5,"Text books",2,,,
"4170008",3,"School uniform",1,1,15000,2
"4170008",1,"Development/building fee",,1,25000,2
"4170008",4,"Exercise books",2,,,
"4170008",9,"Coaching Services",2,,,
"4170008",8,"Rulers",2,,,
"4170008",2,"Lunch",1,1,40000,2
"4170008",10,"Others (specify)",2,,,
"4170014",10,"Others (specify)",2,,,
"4170014",2,"Lunch",2,,,
"4170014",6,"Pens and Pencils",2,,,
"4170014",3,"School uniform",2,,,
"4170014",5,"Text books",2,,,
"4170014",4,"Exercise books",2,,,
"4170014",7,"Geometry sets",2,,,
"4170014",9,"Coaching Services",2,,,
"4170014",1,"Development/building fee",,1,3000,2
"4180011",7,"Geometry sets",2,,,
"4180011",1,"Development/building fee",,1,6000,2
"4180011",4,"Exercise books",2,,,
"4180011",6,"Pens and Pencils",2,,,
"4180011",9,"Coaching Services",2,,,
"4180011",5,"Text books",2,,,
"4180011",8,"Rulers",2,,,
"4180011",2,"Lunch",2,,,
"4180011",10,"Others (specify)",2,,,
"4180020",1,"Development/building fee",,1,20000,2
"4180020",2,"Lunch",1,1,45000,2
"4180020",4,"Exercise books",2,,,
"4180020",10,"Others (specify)",2,,,
"4180020",9,"Coaching Services",2,,,
"4180020",6,"Pens and Pencils",2,,,
"4180020",3,"School uniform",2,,,
"4180020",5,"Text books",2,,,
"4180020",7,"Geometry sets",2,,,
"4180023",9,"Coaching Services",2,,,
"4180023",4,"Exercise books",2,,,
"4180023",6,"Pens and Pencils",2,,,
"4180023",10,"Others (specify)",2,,,
"4180023",3,"School uniform",2,,,
"4180023",2,"Lunch",2,,,
"4180023",8,"Rulers",2,,,
"4180023",7,"Geometry sets",2,,,
"4180023",5,"Text books",1,2,,
"4190035",10,"Others (specify)",2,,,
"4190035",6,"Pens and Pencils",2,,,
"4190035",4,"Exercise books",2,,,
"4190035",3,"School uniform",2,,,
"4190035",8,"Rulers",2,,,
"4190035",1,"Development/building fee",,1,8000,2
"4190035",5,"Text books",2,,,
"4190035",2,"Lunch",2,,,
"4190035",9,"Coaching Services",2,,,
