"comcod","c3gsn","c3gq37","c3gq38","c3gq39a","c3gq39b","c3gq40","c3qg41"
"1010002",5,"Student leader-staff meeti",,,,,
"1020001",4,"One-to-one: Parent-Class t",1,4,2010,,6
"1020002",4,"One-to-one: Parent-Class t",1,2,2010,,3
"1020003",5,"Student leader-staff meeti",,,,,
"1020004",1,"Staff meeting",1,7,2011,1,2
"1020005",1,"Staff meeting",,,,,
"1020006",1,"Staff meeting",1,3,2011,1,2
"1020007",3,"School Management Committe",1,9,2010,1,2
"1020008",4,"One-to-one: Parent-Class t",1,7,2010,,8
"1020009",5,"Student leader-staff meeti",2,,,,
"1020010",5,"Student leader-staff meeti",2,,,,
"1020011",3,"School Management Committe",,,,,
"1020012",5,"Student leader-staff meeti",2,,,,
"1020013",,,,,,,
"1020014",2,"PTA",1,11,2010,1,5
"1020015",2,"PTA",2,,,,
"1020016",,,,,,,
"1020017",5,"Student leader-staff meeti",,,,,
"1020018",2,"PTA",,,,,
"1020019",3,"School Management Committe",1,6,2010,1,3
"1020020",4,"One-to-one: Parent-Class t",1,3,2011,,3
"1020021",1,"Staff meeting",1,7,2011,1,2
"1020022",1,"Staff meeting",1,7,2011,1,8
"1020023",2,"PTA",1,6,2011,1,5
"1020024",4,"One-to-one: Parent-Class t",1,9,2011,,3
"1020025",5,"Student leader-staff meeti",2,,,,
"1020026",5,"Student leader-staff meeti",2,,,,
"1020027",4,"One-to-one: Parent-Class t",2,,,,
"1020028",3,"School Management Committe",1,5,2011,1,3
"1020029",,,,,,,
"1020030",,,,,,,
"1020031",2,"PTA",1,7,2010,1,3
"1020032",1,"Staff meeting",,,,,
"1020033",4,"One-to-one: Parent-Class t",2,,,,
"1020034",4,"One-to-one: Parent-Class t",,,,,
"1030003",4,"One-to-one: Parent-Class t",2,,,,
"1030005",1,"Staff meeting",1,3,2011,1,6
"1040002",4,"One-to-one: Parent-Class t",1,5,2011,,6
"1040004",3,"School Management Committe",1,3,2011,1,8
"1040006",4,"One-to-one: Parent-Class t",2,,,,
"1040008",4,"One-to-one: Parent-Class t",1,6,2011,,6
"1050001",3,"School Management Committe",1,4,2011,1,2
"1050003",,,,,,,
"1050004",4,"One-to-one: Parent-Class t",2,,,,
"1050008",5,"Student leader-staff meeti",2,,,,
"1050012",1,"Staff meeting",1,5,2011,1,8
"1050015",5,"Student leader-staff meeti",2,,,,
"1050019",4,"One-to-one: Parent-Class t",1,7,2011,,3
"1050023",2,"PTA",1,10,2010,1,6
"1050026",4,"One-to-one: Parent-Class t",,,,,
"1050030",1,"Staff meeting",1,11,2010,1,8
"1050033",2,"PTA",1,3,2011,1,8
"1060003",3,"School Management Committe",1,3,2011,1,3
"1060005",2,"PTA",1,7,2010,1,3
"1060007",4,"One-to-one: Parent-Class t",2,,,,
"1060009",3,"School Management Committe",1,8,2010,1,3
"1070001",4,"One-to-one: Parent-Class t",1,10,2010,,6
"1070002",5,"Student leader-staff meeti",1,9,2010,,3
"1070008",3,"School Management Committe",1,5,2011,1,5
"1070012",1,"Staff meeting",1,3,2011,1,3
"1070016",2,"PTA",1,7,2011,1,3
"1070020",3,"School Management Committe",1,7,2010,1,2
"1070023",3,"School Management Committe",1,6,2011,1,8
"1080002",1,"Staff meeting",,,,,
"1080003",1,"Staff meeting",1,3,2011,1,8
"1080006",2,"PTA",1,6,2011,1,8
"1080009",2,"PTA",1,10,2009,1,5
"1080013",3,"School Management Committe",,,,,
"1080016",4,"One-to-one: Parent-Class t",,,,,
"1080020",4,"One-to-one: Parent-Class t",1,10,2010,,3
"1080023",3,"School Management Committe",1,6,2011,1,8
"1080027",5,"Student leader-staff meeti",1,11,2010,,3
"1080030",2,"PTA",1,3,2011,1,5
"1080033",2,"PTA",1,9,2010,1,5
"1090004",1,"Staff meeting",1,2,2011,1,8
"1100001",2,"PTA",1,4,2011,1,5
"1100005",1,"Staff meeting",1,3,2011,1,2
"1100007",3,"School Management Committe",1,6,2011,1,8
"1100009",1,"Staff meeting",1,10,2010,1,2
"1100012",1,"Staff meeting",1,5,2011,1,8
"1110001",1,"Staff meeting",1,11,2010,1,2
"1110003",2,"PTA",1,11,2010,1,5
"1110005",1,"Staff meeting",1,5,2011,1,8
"1120001",3,"School Management Committe",2,,,,
"1120003",2,"PTA",1,10,2010,1,3
"1120006",5,"Student leader-staff meeti",1,7,2011,,1
"1130002",3,"School Management Committe",,,,,
"1130003",1,"Staff meeting",1,11,2010,1,2
"1130004",5,"Student leader-staff meeti",1,5,2010,,
"1130006",1,"Staff meeting",1,6,2011,1,8
"1130007",4,"One-to-one: Parent-Class t",1,3,2011,,3
"1130008",4,"One-to-one: Parent-Class t",1,6,2009,,8
"1130010",4,"One-to-one: Parent-Class t",1,2,2011,,8
"1130012",1,"Staff meeting",1,10,2010,1,6
"1130014",4,"One-to-one: Parent-Class t",2,,,,
"1130016",2,"PTA",1,6,2011,1,8
"1130019",2,"PTA",2,,,,
"1130021",,,,,,,
"1130023",3,"School Management Committe",1,11,2010,1,3
"1130025",1,"Staff meeting",1,2,2011,1,8
"1140003",1,"Staff meeting",1,10,2010,1,8
"1150004",5,"Student leader-staff meeti",1,9,2010,,5
"1150027",5,"Student leader-staff meeti",2,,,,
"1150031",2,"PTA",,,,,
"1160011",3,"School Management Committe",1,3,2011,1,8
"1160013",2,"PTA",1,3,2011,1,5
"2010004",1,"Staff meeting",1,6,2011,1,8
"2010006",2,"PTA",1,8,2010,1,5
"2010008",1,"Staff meeting",1,2,2011,1,6
"2010009",1,"Staff meeting",1,9,2010,1,8
"2020001",,,,,,,
"2020005",4,"One-to-one: Parent-Class t",,,,,
"2020007",4,"One-to-one: Parent-Class t",2,,,,
"2030001",4,"One-to-one: Parent-Class t",1,4,2011,,5
"2030004",5,"Student leader-staff meeti",,,,,
"2030008",,,,,,,
"2030018",4,"One-to-one: Parent-Class t",2,,,,
"2030023",1,"Staff meeting",1,2,2011,1,2
"2030028",5,"Student leader-staff meeti",2,,,,
"2030033",4,"One-to-one: Parent-Class t",1,6,2011,,3
"2040002",3,"School Management Committe",1,9,2010,1,3
"2040006",2,"PTA",1,11,2010,1,3
"2040009",5,"Student leader-staff meeti",1,,,,
"2040012",2,"PTA",1,2,2011,1,3
"2040014",4,"One-to-one: Parent-Class t",2,,,,
"2040015",2,"PTA",1,11,2010,1,6
"2050001",2,"PTA",1,12,2010,1,3
"2050004",4,"One-to-one: Parent-Class t",1,10,2010,,6
"2050009",5,"Student leader-staff meeti",2,,,,
"2050013",4,"One-to-one: Parent-Class t",2,,,,
"2050017",3,"School Management Committe",1,10,2010,1,3
"2050030",1,"Staff meeting",1,12,2010,1,2
"2060003",1,"Staff meeting",1,2,2011,1,2
"2070005",2,"PTA",1,9,2010,1,3
"2070006",5,"Student leader-staff meeti",2,,,,
"2080001",1,"Staff meeting",1,5,2011,1,2
"2080005",3,"School Management Committe",1,3,2011,1,3
"2080007",3,"School Management Committe",1,6,2011,1,6
"2080008",3,"School Management Committe",1,10,2010,1,3
"2090003",4,"One-to-one: Parent-Class t",2,,,,
"2090006",3,"School Management Committe",1,7,2011,1,3
"2090033",1,"Staff meeting",1,10,2010,1,2
"2100002",1,"Staff meeting",1,11,2010,1,2
"2100004",2,"PTA",,,,,
"2100006",5,"Student leader-staff meeti",2,,,,
"2100007",2,"PTA",1,3,2011,1,3
"2110003",,,,,,,
"2110004",3,"School Management Committe",1,7,2011,1,6
"2110006",3,"School Management Committe",1,10,2010,1,3
"2110007",1,"Staff meeting",1,2,2011,1,3
"2110009",3,"School Management Committe",1,5,2011,1,3
"2120003",3,"School Management Committe",,,,,
"2120008",2,"PTA",1,2,2011,1,5
"2120009",2,"PTA",1,11,2009,1,6
"2120011",4,"One-to-one: Parent-Class t",2,,,,
"2120013",2,"PTA",1,11,2010,1,3
"2140002",1,"Staff meeting",1,9,2011,1,2
"2140003",3,"School Management Committe",1,4,2011,1,3
"2150001",2,"PTA",1,12,2010,1,5
"2150002",3,"School Management Committe",1,3,2011,1,3
"2150004",3,"School Management Committe",1,6,2011,1,8
"2150006",2,"PTA",1,10,2010,1,3
"2150007",5,"Student leader-staff meeti",2,,,,
"2160003",3,"School Management Committe",1,7,2011,1,6
"2170009",5,"Student leader-staff meeti",2,,,,
"2180037",3,"School Management Committe",,,,,
"2190003",2,"PTA",1,11,2010,1,3
"2200001",2,"PTA",2,,,,
"2210006",4,"One-to-one: Parent-Class t",2,,,,
"2220022",1,"Staff meeting",1,5,2011,1,8
"2220026",1,"Staff meeting",1,11,2010,1,2
"2230011",2,"PTA",1,4,2011,1,5
"2230014",1,"Staff meeting",1,8,2010,1,2
"2230018",2,"PTA",1,2,2010,1,4
"2230022",4,"One-to-one: Parent-Class t",2,,,,
"2230026",2,"PTA",1,7,2011,1,3
"2230029",2,"PTA",,,,,
"2240013",1,"Staff meeting",1,5,2011,1,8
"3010003",3,"School Management Committe",1,3,2011,1,3
"3020002",3,"School Management Committe",1,3,2010,1,3
"3020003",4,"One-to-one: Parent-Class t",2,,,,
"3020005",1,"Staff meeting",1,1,2011,1,8
"3020008",5,"Student leader-staff meeti",1,9,2010,,3
"3020010",1,"Staff meeting",1,3,2011,1,8
"3020013",1,"Staff meeting",1,5,2011,1,3
"3020016",2,"PTA",1,8,2010,1,3
"3020018",3,"School Management Committe",2,,,,
"3020035",3,"School Management Committe",,,,,
"3030002",3,"School Management Committe",1,1,2011,1,3
"3030006",1,"Staff meeting",1,9,2010,1,2
"3030009",2,"PTA",1,10,2010,1,3
"3030015",1,"Staff meeting",1,3,2011,1,2
"3030033",1,"Staff meeting",1,3,2011,1,3
"3040002",2,"PTA",1,10,2007,1,5
"3040004",2,"PTA",1,12,2010,1,3
"3040007",3,"School Management Committe",1,10,2010,1,3
"3040009",5,"Student leader-staff meeti",1,9,2010,,3
"3040014",4,"One-to-one: Parent-Class t",2,,,,
"3050001",1,"Staff meeting",1,2,2011,1,2
"3060006",2,"PTA",1,3,2011,1,2
"3060007",,,,,,,
"3070002",4,"One-to-one: Parent-Class t",1,10,2010,,3
"3070005",3,"School Management Committe",1,5,2011,1,8
"3070007",1,"Staff meeting",1,4,2011,1,2
"3070012",1,"Staff meeting",1,4,2011,1,6
"3070017",4,"One-to-one: Parent-Class t",2,,,,
"3070018",5,"Student leader-staff meeti",2,,,,
"3070020",5,"Student leader-staff meeti",1,11,2010,,8
"3070022",1,"Staff meeting",1,4,2011,1,8
"3070023",5,"Student leader-staff meeti",1,11,2010,,3
"3070025",5,"Student leader-staff meeti",2,,,,
"3080001",4,"One-to-one: Parent-Class t",2,,,,
"3080002",1,"Staff meeting",1,5,2011,1,3
"3080004",5,"Student leader-staff meeti",2,,,,
"3090001",5,"Student leader-staff meeti",1,6,2010,,4
"3090002",5,"Student leader-staff meeti",2,3,2010,,1
"3100001",5,"Student leader-staff meeti",1,9,2010,,3
"3100004",2,"PTA",1,2,2011,1,5
"3100006",1,"Staff meeting",1,2,2011,1,2
"3100007",3,"School Management Committe",1,1,2011,1,3
"3100008",4,"One-to-one: Parent-Class t",2,,,,
"3100009",2,"PTA",1,11,2010,1,5
"3100010",4,"One-to-one: Parent-Class t",2,,,,
"3100012",5,"Student leader-staff meeti",2,7,2011,,6
"3110001",3,"School Management Committe",1,3,2011,1,3
"3110003",2,"PTA",1,7,2010,1,3
"3110004",3,"School Management Committe",1,12,2010,1,3
"3130001",2,"PTA",1,7,2010,1,5
"3130002",5,"Student leader-staff meeti",2,,,,
"3130003",1,"Staff meeting",1,1,2011,1,2
"3150016",3,"School Management Committe",1,3,2011,1,8
"3160016",1,"Staff meeting",1,5,2010,1,6
"3170009",3,"School Management Committe",1,7,2011,1,8
"3170010",1,"Staff meeting",1,11,2010,1,6
"3170011",1,"Staff meeting",1,12,2010,1,6
"3180001",2,"PTA",1,12,2011,1,4
"3180002",5,"Student leader-staff meeti",2,,,,
"3180003",4,"One-to-one: Parent-Class t",2,,,,
"3180004",1,"Staff meeting",1,3,2011,1,3
"3190005",2,"PTA",1,3,2010,1,5
"3190012",1,"Staff meeting",1,9,2010,1,2
"3200018",3,"School Management Committe",1,9,2010,1,3
"3200021",5,"Student leader-staff meeti",1,9,2010,,3
"3200024",4,"One-to-one: Parent-Class t",2,,,,
"3200027",4,"One-to-one: Parent-Class t",2,,,,
"3200030",4,"One-to-one: Parent-Class t",1,9,2010,,5
"3210021",3,"School Management Committe",1,5,2010,1,3
"3210023",3,"School Management Committe",1,5,2011,1,3
"3210028",3,"School Management Committe",1,4,2011,1,6
"3210030",1,"Staff meeting",1,11,2010,1,8
"4010003",4,"One-to-one: Parent-Class t",,,,,
"4010005",3,"School Management Committe",1,8,2010,1,3
"4020002",2,"PTA",,,,,
"4020007",1,"Staff meeting",,,,,
"4020011",3,"School Management Committe",,,,,
"4020016",3,"School Management Committe",1,2,2011,1,5
"4020020",1,"Staff meeting",1,6,2011,1,2
"4020025",4,"One-to-one: Parent-Class t",1,7,2010,,3
"4020030",5,"Student leader-staff meeti",,,,,
"4030002",3,"School Management Committe",1,3,2011,1,3
"4030004",2,"PTA",1,11,2009,1,3
"4030006",2,"PTA",,,,,
"4030007",5,"Student leader-staff meeti",,,,,
"4030009",1,"Staff meeting",1,3,2011,1,3
"4040003",3,"School Management Committe",1,6,2011,1,3
"4040006",5,"Student leader-staff meeti",2,,,,
"4040008",2,"PTA",1,8,2010,1,4
"4040010",5,"Student leader-staff meeti",,,,,
"4040012",5,"Student leader-staff meeti",2,,,,
"4050002",3,"School Management Committe",1,10,2010,1,6
"4050005",1,"Staff meeting",,,,,
"4050006",3,"School Management Committe",1,3,2011,1,1
"4050008",,,,,,,
"4050010",1,"Staff meeting",1,10,2010,1,2
"4060003",3,"School Management Committe",1,11,2010,1,3
"4060008",3,"School Management Committe",1,6,2011,1,8
"4060010",3,"School Management Committe",1,8,2010,1,2
"4060011",1,"Staff meeting",1,2,2011,1,2
"4060013",4,"One-to-one: Parent-Class t",2,,,,
"4070002",3,"School Management Committe",,,,,
"4070003",3,"School Management Committe",1,8,2011,1,4
"4070005",4,"One-to-one: Parent-Class t",2,,,,
"4070007",4,"One-to-one: Parent-Class t",2,,,,
"4070009",4,"One-to-one: Parent-Class t",,,,,
"4080002",5,"Student leader-staff meeti",1,9,2010,,3
"4080004",5,"Student leader-staff meeti",1,10,2010,,6
"4090002",4,"One-to-one: Parent-Class t",1,5,2011,,3
"4090005",5,"Student leader-staff meeti",1,6,2011,,8
"4090009",2,"PTA",1,10,2010,1,4
"4090011",5,"Student leader-staff meeti",1,10,2010,,6
"4100001",1,"Staff meeting",,,,,
"4100005",1,"Staff meeting",,,,,
"4100026",2,"PTA",1,12,2010,1,8
"4100029",5,"Student leader-staff meeti",,,,,
"4100038",4,"One-to-one: Parent-Class t",2,,,,
"4110002",5,"Student leader-staff meeti",,,,,
"4110004",,,,,,,
"4110006",5,"Student leader-staff meeti",,,,,
"4110007",5,"Student leader-staff meeti",,,,,
"4110009",2,"PTA",,,,,
"4120003",3,"School Management Committe",1,3,2011,1,3
"4120005",2,"PTA",1,6,2011,1,8
"4130002",2,"PTA",1,7,2010,1,6
"4130003",5,"Student leader-staff meeti",2,,,,
"4130005",2,"PTA",1,11,2010,1,3
"4140001",4,"One-to-one: Parent-Class t",,,,,
"4140003",1,"Staff meeting",1,10,2010,1,3
"4140005",2,"PTA",,,,,
"4150002",3,"School Management Committe",1,3,2011,1,3
"4150004",3,"School Management Committe",1,10,2010,1,3
"4150006",1,"Staff meeting",1,5,2011,1,3
"4150007",5,"Student leader-staff meeti",1,4,2011,,3
"4150009",5,"Student leader-staff meeti",2,,,,
"4160007",2,"PTA",1,10,2010,1,3
"4170008",5,"Student leader-staff meeti",2,,,,
"4170014",3,"School Management Committe",1,4,2011,1,6
"4170017",4,"One-to-one: Parent-Class t",,,,,
"4180011",3,"School Management Committe",1,10,2010,1,3
"4180020",3,"School Management Committe",1,4,2011,1,3
"4180023",3,"School Management Committe",1,9,2010,1,6
"4190032",3,"School Management Committe",,,,,
"4190035",3,"School Management Committe",1,4,2011,1,8
"1010002",4,"One-to-one: Parent-Class t",,,,,
"1010002",2,"PTA",,,,,
"1010002",3,"School Management Committe",,,,,
"1010002",1,"Staff meeting",,,,,
"1020001",1,"Staff meeting",1,9,2010,1,2
"1020001",2,"PTA",1,8,2010,1,4
"1020001",5,"Student leader-staff meeti",1,8,2010,,3
"1020001",3,"School Management Committe",1,6,2010,1,8
"1020002",5,"Student leader-staff meeti",1,11,2010,,2
"1020002",1,"Staff meeting",1,11,2010,1,2
"1020002",3,"School Management Committe",1,2,2010,1,4
"1020002",2,"PTA",1,1,2010,1,5
"1020003",1,"Staff meeting",,,,,
"1020003",4,"One-to-one: Parent-Class t",,,,,
"1020003",3,"School Management Committe",,,,,
"1020003",2,"PTA",,,,,
"1020004",2,"PTA",1,5,2011,1,3
"1020004",5,"Student leader-staff meeti",1,6,2011,,3
"1020004",4,"One-to-one: Parent-Class t",1,7,2011,,3
"1020004",3,"School Management Committe",1,6,2011,1,3
"1020005",5,"Student leader-staff meeti",,,,,
"1020005",4,"One-to-one: Parent-Class t",,,,,
"1020005",2,"PTA",,,,,
"1020005",3,"School Management Committe",,,,,
"1020006",3,"School Management Committe",1,1,2011,1,5
"1020006",5,"Student leader-staff meeti",1,8,2010,,5
"1020006",4,"One-to-one: Parent-Class t",1,3,2011,,2
"1020006",2,"PTA",1,8,2011,1,5
"1020007",1,"Staff meeting",1,10,2010,1,2
"1020007",2,"PTA",1,8,2010,1,5
"1020007",4,"One-to-one: Parent-Class t",1,10,2010,,2
"1020007",5,"Student leader-staff meeti",1,9,2010,,2
"1020008",3,"School Management Committe",1,11,2009,1,5
"1020008",1,"Staff meeting",1,11,2010,1,2
"1020008",2,"PTA",2,,,,
"1020008",5,"Student leader-staff meeti",1,10,2010,,8
"1020009",1,"Staff meeting",1,11,2010,,2
"1020009",4,"One-to-one: Parent-Class t",1,11,2010,,3
"1020009",3,"School Management Committe",1,11,2010,,3
"1020009",2,"PTA",2,,,,
"1020010",1,"Staff meeting",1,5,2011,1,2
"1020010",4,"One-to-one: Parent-Class t",1,6,2011,,3
"1020010",2,"PTA",1,11,2010,1,5
"1020010",3,"School Management Committe",1,6,2011,1,3
"1020011",1,"Staff meeting",,,,,
"1020011",2,"PTA",,,,,
"1020011",5,"Student leader-staff meeti",,,,,
"1020011",4,"One-to-one: Parent-Class t",,,,,
"1020012",3,"School Management Committe",1,2,2011,1,3
"1020012",4,"One-to-one: Parent-Class t",1,3,2011,,3
"1020012",2,"PTA",1,7,2010,1,4
"1020012",1,"Staff meeting",1,3,2011,1,2
"1020014",1,"Staff meeting",1,5,2011,1,3
"1020014",5,"Student leader-staff meeti",2,,,,
"1020014",3,"School Management Committe",2,,,,
"1020014",4,"One-to-one: Parent-Class t",2,,,,
"1020015",3,"School Management Committe",1,12,2010,1,3
"1020015",1,"Staff meeting",1,6,2011,1,2
"1020015",4,"One-to-one: Parent-Class t",2,,,,
"1020015",5,"Student leader-staff meeti",1,6,2011,,1
"1020017",1,"Staff meeting",,,,,
"1020017",4,"One-to-one: Parent-Class t",,,,,
"1020017",3,"School Management Committe",,,,,
"1020017",2,"PTA",,,,,
"1020018",3,"School Management Committe",,,,,
"1020018",4,"One-to-one: Parent-Class t",,,,,
"1020018",5,"Student leader-staff meeti",,,,,
"1020018",1,"Staff meeting",,,,,
"1020019",1,"Staff meeting",1,9,2010,1,6
"1020019",2,"PTA",1,4,2010,1,4
"1020019",5,"Student leader-staff meeti",1,6,2010,,6
"1020019",4,"One-to-one: Parent-Class t",1,8,2009,,5
"1020020",3,"School Management Committe",1,2,2011,1,3
"1020020",1,"Staff meeting",1,5,2011,1,8
"1020020",5,"Student leader-staff meeti",1,5,2011,,1
"1020020",2,"PTA",1,12,2010,1,5
"1020021",2,"PTA",1,3,2011,1,3
"1020021",4,"One-to-one: Parent-Class t",1,3,2011,,3
"1020021",3,"School Management Committe",1,3,2011,1,3
"1020021",5,"Student leader-staff meeti",2,,,,
"1020022",5,"Student leader-staff meeti",2,,,,
"1020022",4,"One-to-one: Parent-Class t",1,6,2011,,2
"1020022",3,"School Management Committe",1,7,2011,1,2
"1020022",2,"PTA",1,11,2010,1,5
"1020023",3,"School Management Committe",1,7,2011,1,3
"1020023",5,"Student leader-staff meeti",2,,,,
"1020023",4,"One-to-one: Parent-Class t",1,7,2011,,3
"1020023",1,"Staff meeting",1,9,2011,1,6
"1020024",5,"Student leader-staff meeti",1,9,2011,,3
"1020024",1,"Staff meeting",1,9,2011,1,2
"1020024",2,"PTA",2,,,,
"1020024",3,"School Management Committe",1,9,2011,1,3
"1020025",1,"Staff meeting",1,10,2010,1,3
"1020025",3,"School Management Committe",1,10,2010,1,3
"1020025",4,"One-to-one: Parent-Class t",1,10,2010,,3
"1020025",2,"PTA",2,,,,
"1020026",4,"One-to-one: Parent-Class t",2,,,,
"1020026",1,"Staff meeting",1,5,2011,1,2
"1020026",3,"School Management Committe",1,4,2011,1,2
"1020026",2,"PTA",1,4,2011,1,4
"1020027",5,"Student leader-staff meeti",1,4,2011,,3
"1020027",1,"Staff meeting",1,6,2011,1,2
"1020027",2,"PTA",1,5,2011,1,3
"1020027",3,"School Management Committe",1,5,2011,1,3
"1020028",4,"One-to-one: Parent-Class t",1,6,2011,,2
"1020028",1,"Staff meeting",1,7,2011,1,2
"1020028",5,"Student leader-staff meeti",1,5,2011,,3
"1020028",2,"PTA",2,,,,
"1020031",3,"School Management Committe",1,8,2010,1,3
"1020031",4,"One-to-one: Parent-Class t",1,4,2010,,3
"1020031",5,"Student leader-staff meeti",1,9,2010,,3
"1020031",1,"Staff meeting",1,10,2010,2,1
"1020032",5,"Student leader-staff meeti",,,,,
"1020032",4,"One-to-one: Parent-Class t",,,,,
"1020032",2,"PTA",,,,,
"1020032",3,"School Management Committe",,,,,
"1020033",1,"Staff meeting",1,6,2011,1,8
"1020033",2,"PTA",1,7,2010,1,3
"1020033",3,"School Management Committe",1,3,2011,1,3
"1020033",5,"Student leader-staff meeti",2,,,,
"1020034",5,"Student leader-staff meeti",,,,,
"1020034",1,"Staff meeting",,,,,
"1020034",3,"School Management Committe",,,,,
"1020034",2,"PTA",,,,,
"1030003",1,"Staff meeting",1,9,2010,1,6
"1030003",2,"PTA",1,7,2010,1,6
"1030003",3,"School Management Committe",1,5,2010,1,6
"1030003",5,"Student leader-staff meeti",1,5,2010,,3
"1030005",3,"School Management Committe",1,2,2011,1,3
"1030005",5,"Student leader-staff meeti",2,,,,
"1030005",4,"One-to-one: Parent-Class t",2,,,,
"1030005",2,"PTA",1,3,2011,1,3
"1040002",1,"Staff meeting",1,5,2011,1,2
"1040002",3,"School Management Committe",1,3,2011,1,8
"1040002",5,"Student leader-staff meeti",1,6,2011,,6
"1040002",2,"PTA",1,11,2010,1,5
"1040004",2,"PTA",1,3,2011,1,3
"1040004",5,"Student leader-staff meeti",1,3,2011,,8
"1040004",4,"One-to-one: Parent-Class t",2,,,,
"1040004",1,"Staff meeting",1,4,2011,1,8
"1040006",5,"Student leader-staff meeti",2,,,,
"1040006",3,"School Management Committe",1,3,2011,1,3
"1040006",2,"PTA",1,3,2011,1,3
"1040006",1,"Staff meeting",1,2,2011,1,8
"1040008",1,"Staff meeting",1,5,2011,1,8
"1040008",2,"PTA",1,5,2011,1,8
"1040008",5,"Student leader-staff meeti",1,6,2011,,6
"1040008",3,"School Management Committe",1,5,2011,1,8
"1050001",5,"Student leader-staff meeti",2,,,,
"1050001",4,"One-to-one: Parent-Class t",1,3,2011,,3
"1050001",2,"PTA",1,11,2010,1,3
"1050001",1,"Staff meeting",1,3,2011,1,2
"1050004",1,"Staff meeting",1,11,2010,1,6
"1050004",2,"PTA",1,9,2010,1,8
"1050004",3,"School Management Committe",1,11,2010,1,6
"1050004",5,"Student leader-staff meeti",2,,,,
"1050008",3,"School Management Committe",1,11,2010,1,8
"1050008",1,"Staff meeting",1,2,2011,1,8
"1050008",4,"One-to-one: Parent-Class t",1,9,2010,,6
"1050008",2,"PTA",1,11,2010,1,8
"1050012",3,"School Management Committe",1,10,2010,1,6
"1050012",2,"PTA",1,8,2010,1,5
"1050012",5,"Student leader-staff meeti",1,4,2011,,6
"1050012",4,"One-to-one: Parent-Class t",2,,,,
"1050015",1,"Staff meeting",1,2,2011,1,3
"1050015",3,"School Management Committe",1,3,2011,1,3
"1050015",2,"PTA",1,3,2011,1,3
"1050015",4,"One-to-one: Parent-Class t",2,,,,
"1050019",5,"Student leader-staff meeti",2,,,,
"1050019",3,"School Management Committe",1,4,2011,1,6
"1050019",2,"PTA",1,4,2010,1,5
"1050019",1,"Staff meeting",1,6,2011,1,2
"1050023",5,"Student leader-staff meeti",1,2,2010,,6
"1050023",4,"One-to-one: Parent-Class t",2,,,,
"1050023",1,"Staff meeting",1,9,2010,1,3
"1050023",3,"School Management Committe",1,7,2010,1,3
"1050026",3,"School Management Committe",1,11,2010,1,6
"1050026",1,"Staff meeting",1,2,2011,1,2
"1050026",2,"PTA",1,11,2010,1,3
"1050026",5,"Student leader-staff meeti",1,2,2010,,1
"1050030",5,"Student leader-staff meeti",2,,,,
"1050030",4,"One-to-one: Parent-Class t",1,10,2010,,5
"1050030",3,"School Management Committe",1,10,2010,1,6
"1050030",2,"PTA",1,5,2010,1,6
"1050033",1,"Staff meeting",1,3,2011,1,2
"1050033",3,"School Management Committe",1,3,2011,1,8
"1050033",5,"Student leader-staff meeti",1,3,2011,,3
"1050033",4,"One-to-one: Parent-Class t",1,3,2011,,5
"1060003",5,"Student leader-staff meeti",2,,,,
"1060003",4,"One-to-one: Parent-Class t",1,6,2011,,3
"1060003",1,"Staff meeting",1,6,2011,1,2
"1060003",2,"PTA",1,2,2011,1,3
"1060005",1,"Staff meeting",1,10,2010,1,8
"1060005",5,"Student leader-staff meeti",1,9,2010,,3
"1060005",4,"One-to-one: Parent-Class t",2,,,,
"1060005",3,"School Management Committe",1,10,2010,1,8
"1060007",1,"Staff meeting",1,5,2011,1,2
"1060007",3,"School Management Committe",1,5,2011,1,8
"1060007",2,"PTA",1,5,2011,1,8
"1060007",5,"Student leader-staff meeti",2,,,,
"1060009",1,"Staff meeting",1,11,2010,1,6
"1060009",4,"One-to-one: Parent-Class t",1,8,2010,,3
"1060009",5,"Student leader-staff meeti",2,,,,
"1060009",2,"PTA",1,8,2010,1,3
"1070001",3,"School Management Committe",1,7,2010,1,3
"1070001",2,"PTA",1,7,2010,1,3
"1070001",5,"Student leader-staff meeti",1,10,2010,,1
"1070001",1,"Staff meeting",1,9,2010,1,8
"1070002",2,"PTA",1,8,2010,1,4
"1070002",4,"One-to-one: Parent-Class t",2,,,,
"1070002",1,"Staff meeting",1,11,2010,1,8
"1070002",3,"School Management Committe",1,6,2010,1,5
"1070008",4,"One-to-one: Parent-Class t",2,,,,
"1070008",2,"PTA",1,4,2011,1,3
"1070008",5,"Student leader-staff meeti",1,3,2011,,3
"1070008",1,"Staff meeting",1,5,2011,1,3
"1070012",2,"PTA",1,8,2010,1,5
"1070012",3,"School Management Committe",1,3,2011,1,2
"1070012",4,"One-to-one: Parent-Class t",1,7,2010,,3
"1070012",5,"Student leader-staff meeti",1,3,2011,,1
"1070016",4,"One-to-one: Parent-Class t",2,,,,
"1070016",3,"School Management Committe",1,7,2011,1,3
"1070016",5,"Student leader-staff meeti",2,,,,
"1070016",1,"Staff meeting",1,5,2011,1,8
"1070020",4,"One-to-one: Parent-Class t",2,,,,
"1070020",2,"PTA",1,9,2010,1,2
"1070020",5,"Student leader-staff meeti",1,8,2010,,6
"1070020",1,"Staff meeting",1,9,2010,1,2
"1070023",2,"PTA",1,7,2011,1,3
"1070023",5,"Student leader-staff meeti",2,,,,
"1070023",1,"Staff meeting",1,9,2011,1,8
"1070023",4,"One-to-one: Parent-Class t",2,,,,
"1080002",4,"One-to-one: Parent-Class t",,,,,
"1080002",5,"Student leader-staff meeti",,,,,
"1080002",3,"School Management Committe",,,,,
"1080002",2,"PTA",,,,,
"1080003",3,"School Management Committe",1,11,2011,,8
"1080003",5,"Student leader-staff meeti",1,11,2010,,3
"1080003",2,"PTA",1,11,2010,1,5
"1080003",4,"One-to-one: Parent-Class t",1,2,2011,,3
"1080006",3,"School Management Committe",1,6,2011,1,2
"1080006",4,"One-to-one: Parent-Class t",1,4,2011,,3
"1080006",5,"Student leader-staff meeti",2,,,,
"1080006",1,"Staff meeting",1,6,2011,1,8
"1080009",3,"School Management Committe",1,11,2009,1,8
"1080009",4,"One-to-one: Parent-Class t",1,9,2010,,8
"1080009",1,"Staff meeting",1,9,2010,1,8
"1080009",5,"Student leader-staff meeti",1,7,2010,,8
"1080013",4,"One-to-one: Parent-Class t",,,,,
"1080013",1,"Staff meeting",,,,,
"1080013",5,"Student leader-staff meeti",,,,,
"1080013",2,"PTA",,,,,
"1080016",1,"Staff meeting",,,,,
"1080016",5,"Student leader-staff meeti",,,,,
"1080016",2,"PTA",,,,,
"1080016",3,"School Management Committe",,,,,
"1080020",5,"Student leader-staff meeti",1,2,2011,,
"1080020",1,"Staff meeting",1,2,2011,1,8
"1080020",2,"PTA",1,11,2010,1,6
"1080020",3,"School Management Committe",1,11,2010,1,6
"1080023",2,"PTA",1,5,2011,1,8
"1080023",4,"One-to-one: Parent-Class t",1,6,2011,,8
"1080023",5,"Student leader-staff meeti",1,6,2011,,2
"1080023",1,"Staff meeting",1,6,2011,1,8
"1080027",3,"School Management Committe",1,3,2011,1,3
"1080027",4,"One-to-one: Parent-Class t",1,3,2011,,8
"1080027",2,"PTA",1,10,2010,1,3
"1080027",1,"Staff meeting",1,3,2011,1,8
"1080030",4,"One-to-one: Parent-Class t",1,4,2011,,3
"1080030",5,"Student leader-staff meeti",1,7,2011,,1
"1080030",1,"Staff meeting",1,5,2011,1,8
"1080030",3,"School Management Committe",1,3,2011,1,3
"1080033",5,"Student leader-staff meeti",1,6,2010,,5
"1080033",1,"Staff meeting",1,9,2010,1,8
"1080033",4,"One-to-one: Parent-Class t",1,6,2010,,5
"1080033",3,"School Management Committe",1,9,2010,1,3
"1090004",2,"PTA",1,4,2010,1,6
"1090004",4,"One-to-one: Parent-Class t",2,,,,
"1090004",5,"Student leader-staff meeti",2,,,,
"1090004",3,"School Management Committe",2,,,,
"1100001",4,"One-to-one: Parent-Class t",1,4,2011,,3
"1100001",5,"Student leader-staff meeti",1,7,2011,,8
"1100001",1,"Staff meeting",1,7,2011,1,2
"1100001",3,"School Management Committe",1,4,2011,1,3
"1100005",3,"School Management Committe",1,9,2008,1,4
"1100005",2,"PTA",1,3,2011,1,8
"1100005",4,"One-to-one: Parent-Class t",2,,,,
"1100005",5,"Student leader-staff meeti",2,,,,
"1100007",4,"One-to-one: Parent-Class t",2,,,,
"1100007",2,"PTA",1,6,2011,1,3
"1100007",1,"Staff meeting",1,5,2011,1,8
"1100007",5,"Student leader-staff meeti",1,3,2011,,6
"1100009",3,"School Management Committe",1,9,2010,1,3
"1100009",5,"Student leader-staff meeti",1,9,2010,,3
"1100009",2,"PTA",1,9,2010,1,3
"1100009",4,"One-to-one: Parent-Class t",2,,,,
"1100012",2,"PTA",1,4,2011,1,3
"1100012",3,"School Management Committe",1,11,2010,1,6
"1100012",5,"Student leader-staff meeti",1,2,2011,,3
"1100012",4,"One-to-one: Parent-Class t",2,,,,
"1110001",4,"One-to-one: Parent-Class t",1,9,2010,,6
"1110001",3,"School Management Committe",1,10,2010,1,6
"1110001",2,"PTA",1,10,2010,1,6
"1110001",5,"Student leader-staff meeti",1,11,2010,,5
"1110003",3,"School Management Committe",1,11,2010,1,8
"1110003",5,"Student leader-staff meeti",1,10,2010,,6
"1110003",4,"One-to-one: Parent-Class t",2,,,,
"1110003",1,"Staff meeting",1,12,2010,1,8
"1110005",5,"Student leader-staff meeti",1,3,2010,,3
"1110005",4,"One-to-one: Parent-Class t",2,,,,
"1110005",3,"School Management Committe",1,6,2011,1,8
"1110005",2,"PTA",1,6,2011,1,8
"1120001",4,"One-to-one: Parent-Class t",1,10,2010,,8
"1120001",2,"PTA",1,6,2010,1,8
"1120001",5,"Student leader-staff meeti",2,,,,
"1120001",1,"Staff meeting",1,9,2010,1,8
"1120003",5,"Student leader-staff meeti",2,,,,
"1120003",1,"Staff meeting",1,3,2011,1,8
"1120003",3,"School Management Committe",1,8,2010,1,5
"1120003",4,"One-to-one: Parent-Class t",2,,,,
"1120006",3,"School Management Committe",1,4,2011,1,3
"1120006",4,"One-to-one: Parent-Class t",1,6,2011,,3
"1120006",1,"Staff meeting",1,6,2011,1,8
"1120006",2,"PTA",1,4,2011,1,3
"1130002",1,"Staff meeting",,,,,
"1130002",4,"One-to-one: Parent-Class t",,,,,
"1130002",5,"Student leader-staff meeti",,,,,
"1130002",2,"PTA",,,,,
"1130003",4,"One-to-one: Parent-Class t",1,10,2010,,3
"1130003",5,"Student leader-staff meeti",1,11,2010,,6
"1130003",3,"School Management Committe",1,10,2010,1,6
"1130003",2,"PTA",1,8,2010,1,5
"1130004",1,"Staff meeting",1,2,2011,1,6
"1130004",3,"School Management Committe",1,11,2010,1,5
"1130004",4,"One-to-one: Parent-Class t",2,,,,
"1130004",2,"PTA",1,8,2010,1,5
"1130006",3,"School Management Committe",1,5,2011,1,8
"1130006",2,"PTA",1,9,2011,1,5
"1130006",4,"One-to-one: Parent-Class t",2,,,,
"1130006",5,"Student leader-staff meeti",2,,,,
"1130007",5,"Student leader-staff meeti",1,2,2011,,3
"1130007",3,"School Management Committe",1,9,2009,1,6
"1130007",1,"Staff meeting",1,3,2011,1,8
"1130007",2,"PTA",1,7,2000,1,5
"1130008",1,"Staff meeting",1,9,2010,1,8
"1130008",3,"School Management Committe",1,7,2010,1,3
"1130008",2,"PTA",1,7,2010,1,3
"1130008",5,"Student leader-staff meeti",2,,,,
"1130010",2,"PTA",1,10,2010,1,3
"1130010",5,"Student leader-staff meeti",1,10,2010,,3
"1130010",3,"School Management Committe",1,10,2010,1,3
"1130010",1,"Staff meeting",1,2,2011,1,2
"1130012",3,"School Management Committe",1,9,2010,1,3
"1130012",2,"PTA",1,9,2010,1,4
"1130012",5,"Student leader-staff meeti",1,10,2010,,1
"1130012",4,"One-to-one: Parent-Class t",1,10,2010,,3
"1130014",3,"School Management Committe",1,11,2010,1,3
"1130014",1,"Staff meeting",1,2,2011,1,6
"1130014",5,"Student leader-staff meeti",2,8,2011,,1
"1130014",2,"PTA",1,11,2010,1,5
"1130016",3,"School Management Committe",1,6,2011,1,8
"1130016",5,"Student leader-staff meeti",1,6,2011,,1
"1130016",4,"One-to-one: Parent-Class t",1,2,2011,,3
"1130016",1,"Staff meeting",1,5,2011,1,8
"1130019",4,"One-to-one: Parent-Class t",1,10,2010,,3
"1130019",1,"Staff meeting",1,10,2010,1,2
"1130019",3,"School Management Committe",1,9,2010,1,8
"1130019",5,"Student leader-staff meeti",1,10,2010,,1
"1130023",1,"Staff meeting",1,11,2010,1,2
"1130023",2,"PTA",1,11,2010,1,5
"1130023",4,"One-to-one: Parent-Class t",1,11,2010,,3
"1130023",5,"Student leader-staff meeti",1,11,2010,,3
"1130025",3,"School Management Committe",1,2,2011,1,8
"1130025",5,"Student leader-staff meeti",1,10,2010,,8
"1130025",4,"One-to-one: Parent-Class t",1,11,2011,,3
"1130025",2,"PTA",1,11,2010,1,5
"1140003",4,"One-to-one: Parent-Class t",1,10,2010,,3
"1140003",2,"PTA",1,8,2010,1,8
"1140003",3,"School Management Committe",1,9,2010,1,3
"1140003",5,"Student leader-staff meeti",1,11,2010,,6
"1150004",4,"One-to-one: Parent-Class t",1,2,2011,,6
"1150004",2,"PTA",1,2,2011,1,8
"1150004",3,"School Management Committe",1,2,2011,1,8
"1150004",1,"Staff meeting",1,2,2011,1,8
"1150027",1,"Staff meeting",1,10,2010,1,6
"1150027",3,"School Management Committe",1,10,2010,1,3
"1150027",4,"One-to-one: Parent-Class t",1,10,2010,,3
"1150027",2,"PTA",1,10,2010,1,3
"1150031",3,"School Management Committe",,,,,
"1150031",5,"Student leader-staff meeti",,,,,
"1150031",4,"One-to-one: Parent-Class t",,,,,
"1150031",1,"Staff meeting",,,,,
"1160011",4,"One-to-one: Parent-Class t",2,,,,
"1160011",5,"Student leader-staff meeti",1,4,2011,,3
"1160011",2,"PTA",1,3,2011,1,3
"1160011",1,"Staff meeting",1,4,2011,1,3
"1160013",4,"One-to-one: Parent-Class t",2,,,,
"1160013",5,"Student leader-staff meeti",2,,,,
"1160013",1,"Staff meeting",1,7,2011,1,8
"1160013",3,"School Management Committe",1,7,2011,1,8
"2010004",3,"School Management Committe",1,6,2011,1,6
"2010004",5,"Student leader-staff meeti",1,7,2011,,1
"2010004",4,"One-to-one: Parent-Class t",1,6,2011,,3
"2010004",2,"PTA",1,6,2011,1,3
"2010006",4,"One-to-one: Parent-Class t",2,,,,
"2010006",3,"School Management Committe",1,10,2010,1,6
"2010006",5,"Student leader-staff meeti",1,9,2010,,2
"2010006",1,"Staff meeting",1,10,2010,1,8
"2010008",5,"Student leader-staff meeti",1,9,2010,,5
"2010008",2,"PTA",1,11,2010,1,4
"2010008",3,"School Management Committe",1,11,2010,1,6
"2010008",4,"One-to-one: Parent-Class t",1,11,2010,,5
"2010009",3,"School Management Committe",1,10,2010,1,3
"2010009",5,"Student leader-staff meeti",2,,,,
"2010009",2,"PTA",1,10,2010,1,3
"2010009",4,"One-to-one: Parent-Class t",2,,,,
"2020005",5,"Student leader-staff meeti",,,,,
"2020005",2,"PTA",,,,,
"2020005",3,"School Management Committe",,,,,
"2020005",1,"Staff meeting",,,,,
"2020007",2,"PTA",1,2,2011,1,3
"2020007",5,"Student leader-staff meeti",2,,,,
"2020007",1,"Staff meeting",1,4,2011,1,2
"2020007",3,"School Management Committe",1,11,2011,1,3
"2030001",3,"School Management Committe",1,3,2011,1,3
"2030001",5,"Student leader-staff meeti",2,,,,
"2030001",2,"PTA",2,,,,
"2030001",1,"Staff meeting",1,3,2011,1,2
"2030004",1,"Staff meeting",,,,,
"2030004",3,"School Management Committe",,,,,
"2030004",2,"PTA",,,,,
"2030004",4,"One-to-one: Parent-Class t",,,,,
"2030018",2,"PTA",1,2,2011,1,3
"2030018",1,"Staff meeting",1,4,2011,1,2
"2030018",3,"School Management Committe",1,3,2011,1,3
"2030018",5,"Student leader-staff meeti",2,,,,
"2030023",3,"School Management Committe",1,2,2011,1,3
"2030023",2,"PTA",1,11,2010,1,5
"2030023",5,"Student leader-staff meeti",2,,,,
"2030023",4,"One-to-one: Parent-Class t",2,,,,
"2030028",3,"School Management Committe",1,5,2011,1,8
"2030028",1,"Staff meeting",1,6,2011,1,8
"2030028",4,"One-to-one: Parent-Class t",2,,,,
"2030028",2,"PTA",2,,,,
"2030033",3,"School Management Committe",1,8,2011,1,3
"2030033",5,"Student leader-staff meeti",2,,,,
"2030033",1,"Staff meeting",1,8,2011,1,6
"2030033",2,"PTA",1,12,2010,1,5
"2040002",1,"Staff meeting",1,9,2010,1,3
"2040002",5,"Student leader-staff meeti",2,,,,
"2040002",2,"PTA",1,9,2010,1,3
"2040002",4,"One-to-one: Parent-Class t",1,8,2010,,3
"2040006",1,"Staff meeting",1,1,2011,1,2
"2040006",4,"One-to-one: Parent-Class t",1,11,2010,,3
"2040006",5,"Student leader-staff meeti",2,,,,
"2040006",3,"School Management Committe",1,11,2010,1,3
"2040009",1,"Staff meeting",1,5,2011,1,8
"2040009",4,"One-to-one: Parent-Class t",1,,,,3
"2040009",2,"PTA",1,,,1,
"2040009",3,"School Management Committe",1,2,2011,1,3
"2040012",1,"Staff meeting",1,1,2011,1,2
"2040012",5,"Student leader-staff meeti",2,,,,
"2040012",3,"School Management Committe",1,2,2011,1,3
"2040012",4,"One-to-one: Parent-Class t",2,,,,
"2040014",2,"PTA",1,12,2009,1,5
"2040014",5,"Student leader-staff meeti",2,,,,
"2040014",3,"School Management Committe",1,9,2010,1,3
"2040014",1,"Staff meeting",1,10,2010,1,2
"2040015",1,"Staff meeting",1,1,2011,1,2
"2040015",4,"One-to-one: Parent-Class t",1,11,2010,,2
"2040015",3,"School Management Committe",1,12,2010,,3
"2040015",5,"Student leader-staff meeti",1,12,2010,,3
"2050001",3,"School Management Committe",1,2,2011,1,3
"2050001",5,"Student leader-staff meeti",2,,,,
"2050001",4,"One-to-one: Parent-Class t",1,5,2011,,3
"2050001",1,"Staff meeting",1,2,2011,1,2
"2050004",1,"Staff meeting",1,9,2010,1,8
"2050004",3,"School Management Committe",1,9,2010,1,3
"2050004",5,"Student leader-staff meeti",2,,,,
"2050004",2,"PTA",1,7,2010,1,3
"2050009",1,"Staff meeting",1,2,2011,1,2
"2050009",2,"PTA",2,,,,
"2050009",3,"School Management Committe",1,3,2011,1,8
"2050009",4,"One-to-one: Parent-Class t",2,,,,
"2050013",2,"PTA",1,5,2009,1,5
"2050013",5,"Student leader-staff meeti",2,,,,
"2050013",3,"School Management Committe",2,,,,
"2050013",1,"Staff meeting",1,5,2011,1,3
"2050017",4,"One-to-one: Parent-Class t",2,,,,
"2050017",1,"Staff meeting",1,10,2010,1,1
"2050017",2,"PTA",1,9,2010,1,3
"2050017",5,"Student leader-staff meeti",1,,,,
"2050030",5,"Student leader-staff meeti",2,,,,
"2050030",4,"One-to-one: Parent-Class t",2,,,,
"2050030",2,"PTA",2,,,,
"2050030",3,"School Management Committe",1,11,2010,1,3
"2060003",4,"One-to-one: Parent-Class t",2,,,,
"2060003",2,"PTA",2,,,,
"2060003",5,"Student leader-staff meeti",2,,,,
"2060003",3,"School Management Committe",1,3,2011,1,3
"2070005",4,"One-to-one: Parent-Class t",1,8,2010,,5
"2070005",3,"School Management Committe",1,10,2010,1,3
"2070005",5,"Student leader-staff meeti",2,,,,
"2070005",1,"Staff meeting",1,9,2010,1,2
"2070006",4,"One-to-one: Parent-Class t",2,,,,
"2070006",1,"Staff meeting",1,2,2011,1,3
"2070006",2,"PTA",1,5,2010,1,4
"2070006",3,"School Management Committe",1,8,2010,1,3
"2080001",4,"One-to-one: Parent-Class t",2,,,,
"2080001",3,"School Management Committe",1,5,2011,1,3
"2080001",2,"PTA",1,5,2011,1,5
"2080001",5,"Student leader-staff meeti",2,,,,
"2080005",1,"Staff meeting",1,3,2011,1,2
"2080005",2,"PTA",1,12,2010,1,3
"2080005",4,"One-to-one: Parent-Class t",2,,,,
"2080005",5,"Student leader-staff meeti",2,,,,
"2080007",1,"Staff meeting",1,5,2011,1,2
"2080007",5,"Student leader-staff meeti",2,,,,
"2080007",2,"PTA",2,,,,
"2080007",4,"One-to-one: Parent-Class t",2,,,,
"2080008",2,"PTA",1,10,2010,1,3
"2080008",4,"One-to-one: Parent-Class t",2,,,,
"2080008",5,"Student leader-staff meeti",2,,,,
"2080008",1,"Staff meeting",1,9,2010,1,3
"2090003",5,"Student leader-staff meeti",2,,,,
"2090003",2,"PTA",1,6,2010,1,3
"2090003",3,"School Management Committe",1,6,2010,1,3
"2090003",1,"Staff meeting",1,8,2010,1,2
"2090006",1,"Staff meeting",1,7,2011,1,3
"2090006",2,"PTA",2,,,,
"2090006",5,"Student leader-staff meeti",2,,,,
"2090006",4,"One-to-one: Parent-Class t",1,4,2011,,4
"2090033",2,"PTA",1,6,2010,1,4
"2090033",5,"Student leader-staff meeti",2,,,,
"2090033",4,"One-to-one: Parent-Class t",1,9,2010,,3
"2090033",3,"School Management Committe",1,10,2010,1,3
"2100002",2,"PTA",1,1,2010,1,4
"2100002",4,"One-to-one: Parent-Class t",1,6,2010,,4
"2100002",5,"Student leader-staff meeti",2,,,,
"2100002",3,"School Management Committe",1,10,2010,1,3
"2100004",5,"Student leader-staff meeti",,,,,
"2100004",1,"Staff meeting",,,,,
"2100004",4,"One-to-one: Parent-Class t",,,,,
"2100004",3,"School Management Committe",,,,,
"2100006",1,"Staff meeting",1,3,2011,1,2
"2100006",3,"School Management Committe",1,10,2010,1,3
"2100006",4,"One-to-one: Parent-Class t",1,10,2010,,3
"2100006",2,"PTA",1,12,2010,1,4
"2100007",3,"School Management Committe",1,3,2011,1,3
"2100007",5,"Student leader-staff meeti",2,,,,
"2100007",4,"One-to-one: Parent-Class t",2,,,,
"2100007",1,"Staff meeting",1,5,2011,1,1
"2110004",4,"One-to-one: Parent-Class t",2,,,,
"2110004",2,"PTA",1,3,2011,1,3
"2110004",5,"Student leader-staff meeti",2,,,,
"2110004",1,"Staff meeting",1,5,2011,1,2
"2110006",2,"PTA",1,10,2010,1,3
"2110006",1,"Staff meeting",1,9,2010,1,2
"2110006",4,"One-to-one: Parent-Class t",2,,,,
"2110006",5,"Student leader-staff meeti",2,,,,
"2110007",5,"Student leader-staff meeti",2,,,,
"2110007",3,"School Management Committe",1,11,2010,1,3
"2110007",2,"PTA",1,11,2010,1,3
"2110007",4,"One-to-one: Parent-Class t",2,,,,
"2110009",5,"Student leader-staff meeti",2,,,,
"2110009",1,"Staff meeting",1,5,2011,1,2
"2110009",2,"PTA",1,6,2011,1,3
"2110009",4,"One-to-one: Parent-Class t",2,,,,
"2120003",4,"One-to-one: Parent-Class t",,,,,
"2120003",5,"Student leader-staff meeti",,,,,
"2120003",1,"Staff meeting",,,,,
"2120003",2,"PTA",,,,,
"2120008",4,"One-to-one: Parent-Class t",1,5,2011,,3
"2120008",1,"Staff meeting",1,6,2011,1,2
"2120008",5,"Student leader-staff meeti",2,,,,
"2120008",3,"School Management Committe",1,4,2011,1,3
"2120009",4,"One-to-one: Parent-Class t",1,8,2010,,3
"2120009",1,"Staff meeting",1,9,2010,1,2
"2120009",5,"Student leader-staff meeti",2,,,,
"2120009",3,"School Management Committe",1,8,2010,1,3
"2120011",3,"School Management Committe",1,11,2010,1,4
"2120011",1,"Staff meeting",1,1,2011,1,2
"2120011",5,"Student leader-staff meeti",2,,,,
"2120011",2,"PTA",1,10,2010,1,4
"2120013",5,"Student leader-staff meeti",2,,,,
"2120013",1,"Staff meeting",1,8,2010,1,2
"2120013",4,"One-to-one: Parent-Class t",1,10,2010,,3
"2120013",3,"School Management Committe",1,11,2010,1,3
"2140002",3,"School Management Committe",1,6,2011,1,3
"2140002",4,"One-to-one: Parent-Class t",2,,,,
"2140002",2,"PTA",1,5,2011,1,3
"2140002",5,"Student leader-staff meeti",2,,,,
"2140003",5,"Student leader-staff meeti",2,,,,
"2140003",4,"One-to-one: Parent-Class t",1,,,,
"2140003",1,"Staff meeting",1,5,2011,1,6
"2140003",2,"PTA",2,,,,
"2150001",3,"School Management Committe",1,11,2010,1,3
"2150001",4,"One-to-one: Parent-Class t",1,10,2010,,4
"2150001",5,"Student leader-staff meeti",2,,,,
"2150001",1,"Staff meeting",1,2,2011,1,2
"2150002",5,"Student leader-staff meeti",1,3,2011,,3
"2150002",4,"One-to-one: Parent-Class t",1,8,2010,,4
"2150002",1,"Staff meeting",1,3,2011,1,2
"2150002",2,"PTA",1,3,2011,1,5
"2150004",1,"Staff meeting",1,7,2011,1,6
"2150004",2,"PTA",1,3,2011,1,6
"2150004",4,"One-to-one: Parent-Class t",1,7,2011,,3
"2150004",5,"Student leader-staff meeti",2,,,,
"2150006",3,"School Management Committe",1,3,2010,1,4
"2150006",4,"One-to-one: Parent-Class t",2,,,,
"2150006",1,"Staff meeting",1,11,2010,1,2
"2150006",5,"Student leader-staff meeti",2,,,,
"2150007",2,"PTA",1,12,2010,1,5
"2150007",1,"Staff meeting",1,2,2011,1,3
"2150007",3,"School Management Committe",1,11,2010,1,3
"2150007",4,"One-to-one: Parent-Class t",2,,,,
"2160003",5,"Student leader-staff meeti",2,,,,
"2160003",2,"PTA",1,4,2011,1,3
"2160003",1,"Staff meeting",1,6,2011,1,2
"2160003",4,"One-to-one: Parent-Class t",2,,,,
"2170009",3,"School Management Committe",1,6,2010,1,3
"2170009",1,"Staff meeting",1,9,2010,1,2
"2170009",4,"One-to-one: Parent-Class t",2,,,,
"2170009",2,"PTA",1,8,2010,1,5
"2180037",4,"One-to-one: Parent-Class t",,,,,
"2180037",2,"PTA",,,,,
"2180037",5,"Student leader-staff meeti",,,,,
"2180037",1,"Staff meeting",,,,,
"2190003",5,"Student leader-staff meeti",2,,,,
"2190003",3,"School Management Committe",1,11,2010,1,3
"2190003",4,"One-to-one: Parent-Class t",2,,,,
"2190003",1,"Staff meeting",1,11,2010,1,6
"2200001",3,"School Management Committe",1,4,2011,1,3
"2200001",1,"Staff meeting",1,6,2011,1,2
"2200001",5,"Student leader-staff meeti",2,,,,
"2200001",4,"One-to-one: Parent-Class t",2,,,,
"2210006",1,"Staff meeting",1,2,2011,1,2
"2210006",2,"PTA",1,12,2010,1,5
"2210006",3,"School Management Committe",1,2,2011,1,2
"2210006",5,"Student leader-staff meeti",2,,,,
"2220022",2,"PTA",1,12,2010,1,4
"2220022",4,"One-to-one: Parent-Class t",1,7,2011,,6
"2220022",5,"Student leader-staff meeti",2,,,,
"2220022",3,"School Management Committe",1,5,2011,1,8
"2220026",2,"PTA",1,6,2010,1,4
"2220026",3,"School Management Committe",1,6,2010,1,3
"2220026",5,"Student leader-staff meeti",2,,,,
"2220026",4,"One-to-one: Parent-Class t",2,,,,
"2230011",4,"One-to-one: Parent-Class t",2,,,,
"2230011",3,"School Management Committe",1,6,2011,1,3
"2230011",5,"Student leader-staff meeti",2,,,,
"2230011",1,"Staff meeting",1,5,2011,1,2
"2230014",2,"PTA",1,8,2010,1,3
"2230014",4,"One-to-one: Parent-Class t",1,6,2010,,3
"2230014",5,"Student leader-staff meeti",2,,,,
"2230014",3,"School Management Committe",1,7,2010,1,3
"2230018",3,"School Management Committe",1,1,2011,1,3
"2230018",1,"Staff meeting",1,2,2011,1,2
"2230018",4,"One-to-one: Parent-Class t",2,,,,
"2230018",5,"Student leader-staff meeti",2,,,,
"2230022",2,"PTA",1,11,2010,1,5
"2230022",5,"Student leader-staff meeti",2,,,,
"2230022",3,"School Management Committe",1,3,2011,1,3
"2230022",1,"Staff meeting",1,6,2011,1,2
"2230026",3,"School Management Committe",1,6,2011,1,3
"2230026",4,"One-to-one: Parent-Class t",2,,,,
"2230026",5,"Student leader-staff meeti",2,,,,
"2230026",1,"Staff meeting",1,8,2011,1,3
"2230029",3,"School Management Committe",,,,,
"2230029",4,"One-to-one: Parent-Class t",,,,,
"2230029",5,"Student leader-staff meeti",,,,,
"2230029",1,"Staff meeting",,,,,
"2240013",3,"School Management Committe",1,5,2011,1,8
"2240013",2,"PTA",1,11,2010,1,5
"2240013",5,"Student leader-staff meeti",1,6,2011,,5
"2240013",4,"One-to-one: Parent-Class t",2,,,,
"3010003",4,"One-to-one: Parent-Class t",2,,,,
"3010003",5,"Student leader-staff meeti",2,,,,
"3010003",1,"Staff meeting",1,6,2011,1,2
"3010003",2,"PTA",1,4,2011,1,5
"3020002",5,"Student leader-staff meeti",2,,,,
"3020002",4,"One-to-one: Parent-Class t",2,,,,
"3020002",1,"Staff meeting",1,5,2011,1,6
"3020002",2,"PTA",1,3,2010,1,5
"3020003",2,"PTA",1,2,2010,1,5
"3020003",3,"School Management Committe",1,9,2010,1,8
"3020003",5,"Student leader-staff meeti",2,,,,
"3020003",1,"Staff meeting",1,9,2010,1,6
"3020005",2,"PTA",1,12,2011,1,5
"3020005",5,"Student leader-staff meeti",1,8,2010,,3
"3020005",4,"One-to-one: Parent-Class t",1,8,2011,,3
"3020005",3,"School Management Committe",1,2,2011,1,6
"3020008",1,"Staff meeting",1,9,2010,1,8
"3020008",2,"PTA",1,12,2009,1,5
"3020008",3,"School Management Committe",1,10,2010,1,8
"3020008",4,"One-to-one: Parent-Class t",2,,,,
"3020010",3,"School Management Committe",1,2,2011,1,8
"3020010",5,"Student leader-staff meeti",1,2,2011,,3
"3020010",2,"PTA",1,2,2010,1,5
"3020010",4,"One-to-one: Parent-Class t",2,,,,
"3020013",5,"Student leader-staff meeti",1,8,2010,,
"3020013",3,"School Management Committe",1,12,2010,1,3
"3020013",4,"One-to-one: Parent-Class t",1,3,2011,,8
"3020013",2,"PTA",1,4,2011,1,3
"3020016",4,"One-to-one: Parent-Class t",1,10,2010,,3
"3020016",5,"Student leader-staff meeti",1,9,2010,,3
"3020016",3,"School Management Committe",1,9,2010,1,6
"3020016",1,"Staff meeting",1,9,2010,1,6
"3020018",5,"Student leader-staff meeti",1,6,2011,,3
"3020018",4,"One-to-one: Parent-Class t",2,,,,
"3020018",2,"PTA",1,6,2011,1,5
"3020018",1,"Staff meeting",1,7,2011,1,3
"3020035",4,"One-to-one: Parent-Class t",1,7,2011,,3
"3020035",2,"PTA",1,7,2010,1,5
"3020035",4,"One-to-one: Parent-Class t",,,,,
"3020035",3,"School Management Committe",1,5,2011,1,3
"3020035",5,"Student leader-staff meeti",1,7,2011,,2
"3020035",1,"Staff meeting",1,5,2011,1,6
"3020035",1,"Staff meeting",,,,,
"3020035",5,"Student leader-staff meeti",,,,,
"3020035",2,"PTA",,,,,
"3030002",1,"Staff meeting",1,2,2011,1,8
"3030002",5,"Student leader-staff meeti",2,3,2011,,3
"3030002",2,"PTA",1,3,2011,1,3
"3030002",4,"One-to-one: Parent-Class t",2,,,,
"3030006",2,"PTA",1,6,2009,1,5
"3030006",4,"One-to-one: Parent-Class t",2,,,,
"3030006",3,"School Management Committe",1,6,2010,1,3
"3030006",5,"Student leader-staff meeti",1,9,2010,,3
"3030009",4,"One-to-one: Parent-Class t",1,10,2010,,3
"3030009",3,"School Management Committe",1,11,2010,1,3
"3030009",1,"Staff meeting",1,2,2011,1,2
"3030009",5,"Student leader-staff meeti",2,,,,
"3030015",4,"One-to-one: Parent-Class t",2,,,,
"3030015",5,"Student leader-staff meeti",1,10,2010,,4
"3030015",3,"School Management Committe",1,12,2010,1,4
"3030015",2,"PTA",2,7,2011,1,4
"3030033",5,"Student leader-staff meeti",2,,,,
"3030033",4,"One-to-one: Parent-Class t",2,,,,
"3030033",2,"PTA",1,10,2010,1,5
"3030033",3,"School Management Committe",1,11,2010,1,3
"3040002",5,"Student leader-staff meeti",2,3,2011,,3
"3040002",3,"School Management Committe",1,6,2010,1,8
"3040002",1,"Staff meeting",1,9,2010,1,6
"3040002",4,"One-to-one: Parent-Class t",1,9,2010,,3
"3040004",5,"Student leader-staff meeti",1,10,2010,,2
"3040004",1,"Staff meeting",1,11,2010,1,8
"3040004",4,"One-to-one: Parent-Class t",1,9,2010,,3
"3040004",3,"School Management Committe",1,12,2010,1,3
"3040007",2,"PTA",1,3,2008,1,5
"3040007",4,"One-to-one: Parent-Class t",2,,,,
"3040007",1,"Staff meeting",1,9,2010,1,6
"3040007",5,"Student leader-staff meeti",1,,,,
"3040009",2,"PTA",1,12,2010,1,5
"3040009",4,"One-to-one: Parent-Class t",2,,,,
"3040009",3,"School Management Committe",1,10,2010,1,3
"3040009",1,"Staff meeting",1,3,2011,1,2
"3040014",1,"Staff meeting",1,9,2010,1,4
"3040014",2,"PTA",1,4,2011,1,8
"3040014",3,"School Management Committe",1,5,2011,1,8
"3040014",5,"Student leader-staff meeti",2,,,,
"3050001",4,"One-to-one: Parent-Class t",1,3,2011,,2
"3050001",3,"School Management Committe",1,3,2011,1,3
"3050001",5,"Student leader-staff meeti",1,11,2010,,3
"3050001",2,"PTA",1,3,2011,1,3
"3060006",1,"Staff meeting",1,4,2011,1,2
"3060006",3,"School Management Committe",1,3,2011,1,2
"3060006",4,"One-to-one: Parent-Class t",1,11,2011,,5
"3060006",5,"Student leader-staff meeti",2,,,,
"3070002",3,"School Management Committe",1,3,2010,1,6
"3070002",5,"Student leader-staff meeti",1,6,2010,,5
"3070002",2,"PTA",1,3,2010,1,6
"3070002",1,"Staff meeting",1,9,2010,1,8
"3070005",4,"One-to-one: Parent-Class t",2,,,,
"3070005",5,"Student leader-staff meeti",2,,,,
"3070005",1,"Staff meeting",1,5,2011,1,8
"3070005",2,"PTA",1,3,2011,1,5
"3070007",4,"One-to-one: Parent-Class t",2,,,,
"3070007",3,"School Management Committe",1,4,2011,1,2
"3070007",2,"PTA",1,2,2010,1,5
"3070007",5,"Student leader-staff meeti",2,,,,
"3070012",4,"One-to-one: Parent-Class t",1,4,2011,,3
"3070012",3,"School Management Committe",1,4,2011,1,8
"3070012",5,"Student leader-staff meeti",2,,,,
"3070012",2,"PTA",1,1,2011,1,5
"3070017",5,"Student leader-staff meeti",2,,,,
"3070017",1,"Staff meeting",1,5,2011,1,8
"3070017",2,"PTA",1,7,2011,1,5
"3070017",3,"School Management Committe",1,7,2011,1,8
"3070018",3,"School Management Committe",1,10,2010,1,8
"3070018",2,"PTA",1,7,2010,1,3
"3070018",1,"Staff meeting",1,9,2010,1,8
"3070018",4,"One-to-one: Parent-Class t",1,10,2010,,8
"3070020",3,"School Management Committe",1,11,2010,1,2
"3070020",2,"PTA",1,11,2010,1,8
"3070020",1,"Staff meeting",1,2,2011,1,2
"3070020",4,"One-to-one: Parent-Class t",1,12,2010,,3
"3070022",2,"PTA",1,4,2011,1,5
"3070022",3,"School Management Committe",1,4,2011,1,8
"3070022",4,"One-to-one: Parent-Class t",1,4,2011,,3
"3070022",5,"Student leader-staff meeti",1,4,2011,,6
"3070023",1,"Staff meeting",1,3,2011,1,2
"3070023",2,"PTA",1,11,2010,1,3
"3070023",3,"School Management Committe",1,3,2011,1,8
"3070023",4,"One-to-one: Parent-Class t",1,3,2011,,3
"3070025",3,"School Management Committe",1,4,2011,1,3
"3070025",1,"Staff meeting",1,5,2011,1,8
"3070025",4,"One-to-one: Parent-Class t",2,,,,
"3070025",2,"PTA",1,3,2011,1,3
"3080001",2,"PTA",2,3,2011,1,3
"3080001",5,"Student leader-staff meeti",2,,,,
"3080001",3,"School Management Committe",2,3,2011,1,3
"3080001",1,"Staff meeting",1,5,2010,1,2
"3080002",3,"School Management Committe",1,3,2011,1,3
"3080002",4,"One-to-one: Parent-Class t",2,,,,
"3080002",2,"PTA",1,3,2011,1,3
"3080002",5,"Student leader-staff meeti",2,,,,
"3080004",4,"One-to-one: Parent-Class t",2,,,,
"3080004",3,"School Management Committe",1,11,2010,1,2
"3080004",1,"Staff meeting",1,10,2010,1,2
"3080004",2,"PTA",1,4,2010,1,4
"3090001",3,"School Management Committe",1,11,2010,1,2
"3090001",4,"One-to-one: Parent-Class t",1,9,2011,,3
"3090001",1,"Staff meeting",1,11,2010,1,2
"3090001",2,"PTA",1,10,2010,1,4
"3090002",1,"Staff meeting",1,12,2010,1,3
"3090002",3,"School Management Committe",1,8,2010,1,4
"3090002",4,"One-to-one: Parent-Class t",2,,,,
"3090002",2,"PTA",1,7,2009,1,5
"3100001",2,"PTA",1,12,2011,1,5
"3100001",1,"Staff meeting",1,2,2011,1,8
"3100001",4,"One-to-one: Parent-Class t",2,,,,
"3100001",3,"School Management Committe",1,3,2011,1,3
"3100004",4,"One-to-one: Parent-Class t",1,6,2011,,3
"3100004",3,"School Management Committe",1,4,2011,1,2
"3100004",5,"Student leader-staff meeti",1,3,2011,,6
"3100004",1,"Staff meeting",1,5,2011,1,2
"3100006",3,"School Management Committe",1,2,2011,1,8
"3100006",5,"Student leader-staff meeti",2,,,,
"3100006",4,"One-to-one: Parent-Class t",1,2,2011,,5
"3100006",2,"PTA",1,11,2010,1,5
"3100007",1,"Staff meeting",1,6,2011,1,3
"3100007",5,"Student leader-staff meeti",1,7,2011,,6
"3100007",4,"One-to-one: Parent-Class t",2,,,,
"3100007",2,"PTA",1,1,2011,1,4
"3100008",3,"School Management Committe",1,7,2010,1,3
"3100008",5,"Student leader-staff meeti",1,10,2010,,6
"3100008",2,"PTA",1,12,2008,1,5
"3100008",1,"Staff meeting",1,8,2010,1,2
"3100009",4,"One-to-one: Parent-Class t",1,10,2010,,2
"3100009",3,"School Management Committe",1,2,2011,1,2
"3100009",1,"Staff meeting",1,2,2011,1,2
"3100009",5,"Student leader-staff meeti",2,,,,
"3100010",3,"School Management Committe",1,12,2010,1,2
"3100010",2,"PTA",1,10,2010,1,5
"3100010",5,"Student leader-staff meeti",1,11,2010,,2
"3100010",1,"Staff meeting",1,8,2010,1,2
"3100012",1,"Staff meeting",1,2,2011,1,8
"3100012",4,"One-to-one: Parent-Class t",2,,,,
"3100012",3,"School Management Committe",1,2,2011,1,8
"3100012",2,"PTA",1,11,2010,1,5
"3110001",1,"Staff meeting",1,3,2011,1,2
"3110001",4,"One-to-one: Parent-Class t",2,,,,
"3110001",2,"PTA",1,11,2010,1,3
"3110001",5,"Student leader-staff meeti",2,,,,
"3110003",3,"School Management Committe",1,7,2010,1,3
"3110003",4,"One-to-one: Parent-Class t",2,,,,
"3110003",5,"Student leader-staff meeti",2,,,,
"3110003",1,"Staff meeting",1,6,2011,1,2
"3110004",2,"PTA",1,12,2010,1,3
"3110004",4,"One-to-one: Parent-Class t",2,,,,
"3110004",5,"Student leader-staff meeti",2,,,,
"3110004",1,"Staff meeting",1,11,2010,1,3
"3130001",1,"Staff meeting",1,6,2011,1,2
"3130001",5,"Student leader-staff meeti",2,,,,
"3130001",3,"School Management Committe",1,4,2011,1,3
"3130001",4,"One-to-one: Parent-Class t",2,,,,
"3130002",4,"One-to-one: Parent-Class t",2,,,,
"3130002",1,"Staff meeting",1,10,2010,1,2
"3130002",3,"School Management Committe",1,2,2010,1,3
"3130002",2,"PTA",1,4,2010,1,5
"3130003",4,"One-to-one: Parent-Class t",2,,,,
"3130003",5,"Student leader-staff meeti",1,9,2010,,3
"3130003",3,"School Management Committe",1,11,2010,1,3
"3130003",2,"PTA",1,11,2010,1,3
"3150016",5,"Student leader-staff meeti",1,3,2011,,2
"3150016",4,"One-to-one: Parent-Class t",1,11,2010,,8
"3150016",1,"Staff meeting",1,2,2011,1,2
"3150016",2,"PTA",1,3,2011,1,4
"3160016",2,"PTA",1,9,2010,1,3
"3160016",3,"School Management Committe",1,2,2010,1,5
"3160016",4,"One-to-one: Parent-Class t",2,,,,
"3160016",5,"Student leader-staff meeti",1,10,2010,,2
"3170009",5,"Student leader-staff meeti",2,,,,
"3170009",2,"PTA",1,6,2011,1,3
"3170009",4,"One-to-one: Parent-Class t",1,7,2011,,8
"3170009",1,"Staff meeting",1,5,2011,1,8
"3170010",4,"One-to-one: Parent-Class t",2,,,,
"3170010",3,"School Management Committe",1,9,2010,1,8
"3170010",5,"Student leader-staff meeti",1,10,2010,,8
"3170010",2,"PTA",1,11,2010,1,5
"3170011",5,"Student leader-staff meeti",1,10,2010,,3
"3170011",2,"PTA",1,11,2010,1,3
"3170011",3,"School Management Committe",1,1,2011,1,8
"3170011",4,"One-to-one: Parent-Class t",2,,,,
"3180001",1,"Staff meeting",1,5,2011,1,2
"3180001",4,"One-to-one: Parent-Class t",2,,,,
"3180001",3,"School Management Committe",1,12,2011,1,3
"3180001",5,"Student leader-staff meeti",2,,,,
"3180002",2,"PTA",1,11,2010,1,8
"3180002",1,"Staff meeting",1,11,2010,1,8
"3180002",4,"One-to-one: Parent-Class t",1,11,2010,,5
"3180002",3,"School Management Committe",1,11,2010,1,8
"3180003",1,"Staff meeting",1,10,2010,1,2
"3180003",3,"School Management Committe",1,11,2010,1,3
"3180003",2,"PTA",1,11,2010,1,4
"3180003",5,"Student leader-staff meeti",2,,,,
"3180004",3,"School Management Committe",1,11,2011,1,3
"3180004",5,"Student leader-staff meeti",2,,,,
"3180004",2,"PTA",1,9,2010,1,5
"3180004",4,"One-to-one: Parent-Class t",2,,,,
"3190005",1,"Staff meeting",1,6,2011,1,3
"3190005",5,"Student leader-staff meeti",1,7,2011,,5
"3190005",4,"One-to-one: Parent-Class t",2,,,,
"3190005",3,"School Management Committe",1,3,2011,1,3
"3190012",2,"PTA",1,8,2010,1,4
"3190012",3,"School Management Committe",1,10,2010,1,2
"3190012",4,"One-to-one: Parent-Class t",1,5,2010,,4
"3190012",5,"Student leader-staff meeti",2,,,,
"3200018",4,"One-to-one: Parent-Class t",2,,,,
"3200018",2,"PTA",1,6,2010,1,5
"3200018",1,"Staff meeting",1,9,2010,1,3
"3200018",5,"Student leader-staff meeti",1,9,2010,,3
"3200021",1,"Staff meeting",1,10,2010,1,3
"3200021",3,"School Management Committe",1,7,2010,1,3
"3200021",4,"One-to-one: Parent-Class t",1,7,2010,,3
"3200021",2,"PTA",1,6,2010,1,4
"3200024",3,"School Management Committe",1,6,2011,1,3
"3200024",2,"PTA",1,11,2010,1,5
"3200024",5,"Student leader-staff meeti",1,7,2011,,1
"3200024",1,"Staff meeting",1,6,2011,1,2
"3200027",3,"School Management Committe",1,7,2010,1,3
"3200027",1,"Staff meeting",1,9,2010,1,2
"3200027",5,"Student leader-staff meeti",2,,,,
"3200027",2,"PTA",1,10,2010,1,5
"3200030",2,"PTA",1,8,2010,1,3
"3200030",5,"Student leader-staff meeti",1,12,2010,,3
"3200030",1,"Staff meeting",1,12,2010,1,3
"3200030",3,"School Management Committe",1,11,2010,1,4
"3210021",2,"PTA",1,2,2010,1,5
"3210021",4,"One-to-one: Parent-Class t",2,,,,
"3210021",1,"Staff meeting",1,9,2010,1,6
"3210021",5,"Student leader-staff meeti",2,,,,
"3210023",5,"Student leader-staff meeti",2,,,,
"3210023",4,"One-to-one: Parent-Class t",2,,,,
"3210023",1,"Staff meeting",1,5,2011,1,3
"3210023",2,"PTA",1,12,2010,1,4
"3210028",5,"Student leader-staff meeti",1,3,2011,,3
"3210028",4,"One-to-one: Parent-Class t",2,,,,
"3210028",3,"School Management Committe",,,,,
"3210028",5,"Student leader-staff meeti",,,,,
"3210028",4,"One-to-one: Parent-Class t",,,,,
"3210028",1,"Staff meeting",,,,,
"3210028",2,"PTA",,,,,
"3210028",2,"PTA",1,11,2010,1,5
"3210028",1,"Staff meeting",1,4,2011,1,6
"3210030",5,"Student leader-staff meeti",2,,,,
"3210030",4,"One-to-one: Parent-Class t",2,,,,
"3210030",2,"PTA",1,2,2011,1,3
"3210030",3,"School Management Committe",1,1,2011,1,6
"4010003",3,"School Management Committe",,,,,
"4010003",5,"Student leader-staff meeti",,,,,
"4010003",1,"Staff meeting",,,,,
"4010003",2,"PTA",,,,,
"4010005",2,"PTA",1,8,2010,1,3
"4010005",1,"Staff meeting",1,10,2010,1,6
"4010005",5,"Student leader-staff meeti",2,,,,
"4010005",4,"One-to-one: Parent-Class t",1,9,2010,,6
"4020002",5,"Student leader-staff meeti",,,,,
"4020002",1,"Staff meeting",,,,,
"4020002",3,"School Management Committe",,,,,
"4020002",4,"One-to-one: Parent-Class t",,,,,
"4020007",2,"PTA",,,,,
"4020007",3,"School Management Committe",,,,,
"4020007",5,"Student leader-staff meeti",,,,,
"4020007",4,"One-to-one: Parent-Class t",,,,,
"4020011",4,"One-to-one: Parent-Class t",,,,,
"4020011",2,"PTA",,,,,
"4020011",1,"Staff meeting",,,,,
"4020011",5,"Student leader-staff meeti",,,,,
"4020016",1,"Staff meeting",1,9,2011,1,8
"4020016",5,"Student leader-staff meeti",2,,,,
"4020016",4,"One-to-one: Parent-Class t",1,4,2011,,3
"4020016",2,"PTA",1,6,2011,1,3
"4020020",2,"PTA",1,3,2011,1,3
"4020020",3,"School Management Committe",1,10,2010,1,6
"4020020",5,"Student leader-staff meeti",2,,,,
"4020020",4,"One-to-one: Parent-Class t",2,,,,
"4020025",3,"School Management Committe",1,7,2010,1,3
"4020025",5,"Student leader-staff meeti",2,,,,
"4020025",1,"Staff meeting",1,6,2010,1,3
"4020025",2,"PTA",1,7,2010,1,3
"4020030",3,"School Management Committe",,,,,
"4020030",2,"PTA",,,,,
"4020030",1,"Staff meeting",,,,,
"4020030",4,"One-to-one: Parent-Class t",,,,,
"4030002",1,"Staff meeting",1,2,2011,1,4
"4030002",2,"PTA",1,3,2011,1,3
"4030002",4,"One-to-one: Parent-Class t",1,3,2011,,8
"4030002",5,"Student leader-staff meeti",1,2,2011,,1
"4030004",1,"Staff meeting",1,10,2010,1,2
"4030004",5,"Student leader-staff meeti",1,10,2010,,6
"4030004",4,"One-to-one: Parent-Class t",1,10,2010,,6
"4030004",3,"School Management Committe",1,10,2010,1,3
"4030006",1,"Staff meeting",,,,,
"4030006",3,"School Management Committe",,,,,
"4030006",4,"One-to-one: Parent-Class t",,,,,
"4030006",5,"Student leader-staff meeti",,,,,
"4030007",3,"School Management Committe",,,,,
"4030007",4,"One-to-one: Parent-Class t",,,,,
"4030007",2,"PTA",,,,,
"4030007",1,"Staff meeting",,,,,
"4030009",4,"One-to-one: Parent-Class t",2,,,,
"4030009",3,"School Management Committe",1,3,2011,1,3
"4030009",2,"PTA",1,3,2011,1,3
"4030009",5,"Student leader-staff meeti",2,,,,
"4040003",4,"One-to-one: Parent-Class t",1,6,2011,,3
"4040003",1,"Staff meeting",1,5,2011,1,8
"4040003",5,"Student leader-staff meeti",2,,,,
"4040003",2,"PTA",1,3,2011,1,3
"4040006",2,"PTA",1,6,2011,1,3
"4040006",1,"Staff meeting",1,5,2011,1,8
"4040006",3,"School Management Committe",1,2,2011,1,4
"4040006",4,"One-to-one: Parent-Class t",2,,,,
"4040008",5,"Student leader-staff meeti",1,9,2010,,3
"4040008",3,"School Management Committe",1,5,2010,1,6
"4040008",4,"One-to-one: Parent-Class t",2,,,,
"4040008",1,"Staff meeting",1,9,2010,1,6
"4040010",3,"School Management Committe",,,,,
"4040010",1,"Staff meeting",,,,,
"4040010",4,"One-to-one: Parent-Class t",,,,,
"4040010",2,"PTA",,,,,
"4040012",2,"PTA",1,4,2010,1,6
"4040012",4,"One-to-one: Parent-Class t",1,9,2010,,3
"4040012",3,"School Management Committe",1,6,2010,1,6
"4040012",1,"Staff meeting",1,5,2010,1,6
"4050002",2,"PTA",1,10,2010,1,6
"4050002",1,"Staff meeting",1,10,2010,1,2
"4050002",5,"Student leader-staff meeti",1,10,2010,,6
"4050002",4,"One-to-one: Parent-Class t",1,10,2010,,6
"4050005",5,"Student leader-staff meeti",,,,,
"4050005",4,"One-to-one: Parent-Class t",,,,,
"4050005",3,"School Management Committe",,,,,
"4050005",2,"PTA",,,,,
"4050006",1,"Staff meeting",1,3,2011,1,6
"4050006",2,"PTA",1,3,2011,1,5
"4050006",4,"One-to-one: Parent-Class t",2,9,2011,,2
"4050006",5,"Student leader-staff meeti",1,3,2011,,2
"4050010",4,"One-to-one: Parent-Class t",1,10,2010,,6
"4050010",3,"School Management Committe",1,9,2010,1,3
"4050010",5,"Student leader-staff meeti",1,7,2010,,6
"4050010",2,"PTA",1,7,2010,1,3
"4060003",2,"PTA",1,11,2010,1,3
"4060003",5,"Student leader-staff meeti",1,11,2010,,6
"4060003",4,"One-to-one: Parent-Class t",1,11,2010,,6
"4060003",1,"Staff meeting",1,11,2010,1,2
"4060008",4,"One-to-one: Parent-Class t",1,7,2011,,
"4060008",1,"Staff meeting",1,6,2011,1,2
"4060008",5,"Student leader-staff meeti",2,,,,
"4060008",2,"PTA",1,6,2011,1,2
"4060010",5,"Student leader-staff meeti",2,,,,
"4060010",2,"PTA",1,8,2010,1,2
"4060010",1,"Staff meeting",1,8,2010,1,2
"4060010",4,"One-to-one: Parent-Class t",2,,,,
"4060011",5,"Student leader-staff meeti",1,6,2010,,6
"4060011",3,"School Management Committe",1,12,2010,1,3
"4060011",2,"PTA",1,12,2010,1,3
"4060011",4,"One-to-one: Parent-Class t",1,3,2010,,6
"4060013",3,"School Management Committe",1,,2011,1,4
"4060013",5,"Student leader-staff meeti",1,,2011,,3
"4060013",1,"Staff meeting",1,5,2011,1,8
"4060013",2,"PTA",1,5,2011,1,4
"4070002",4,"One-to-one: Parent-Class t",,,,,
"4070002",1,"Staff meeting",,,,,
"4070002",5,"Student leader-staff meeti",,,,,
"4070002",2,"PTA",,,,,
"4070003",5,"Student leader-staff meeti",1,9,2011,,
"4070003",2,"PTA",1,8,2011,1,3
"4070003",4,"One-to-one: Parent-Class t",1,9,2011,,3
"4070003",1,"Staff meeting",1,9,2011,1,6
"4070005",3,"School Management Committe",1,6,2011,1,3
"4070005",2,"PTA",1,4,2011,1,3
"4070005",1,"Staff meeting",1,6,2011,1,2
"4070005",5,"Student leader-staff meeti",1,7,2011,,1
"4070007",1,"Staff meeting",1,3,2011,1,2
"4070007",5,"Student leader-staff meeti",2,,,,
"4070007",2,"PTA",1,11,2010,1,6
"4070007",3,"School Management Committe",1,3,2011,1,2
"4070009",1,"Staff meeting",,,,,
"4070009",5,"Student leader-staff meeti",,,,,
"4070009",2,"PTA",,,,,
"4070009",3,"School Management Committe",,,,,
"4080002",4,"One-to-one: Parent-Class t",2,,,,
"4080002",3,"School Management Committe",1,9,2010,1,3
"4080002",1,"Staff meeting",1,9,2010,1,8
"4080002",2,"PTA",1,7,2010,1,3
"4080004",4,"One-to-one: Parent-Class t",2,,,,
"4080004",2,"PTA",1,9,2010,1,5
"4080004",1,"Staff meeting",1,9,2010,1,8
"4080004",3,"School Management Committe",1,9,2010,1,5
"4090002",3,"School Management Committe",1,5,2011,1,3
"4090002",5,"Student leader-staff meeti",1,5,2011,,3
"4090002",1,"Staff meeting",1,5,2011,1,3
"4090002",2,"PTA",1,6,2011,1,3
"4090005",3,"School Management Committe",1,5,2011,1,3
"4090005",4,"One-to-one: Parent-Class t",1,6,2011,,
"4090005",2,"PTA",1,5,2011,1,8
"4090005",1,"Staff meeting",1,5,2011,1,2
"4090009",3,"School Management Committe",1,6,2011,1,1
"4090009",1,"Staff meeting",1,6,2011,1,2
"4090009",5,"Student leader-staff meeti",1,7,2011,,6
"4090009",4,"One-to-one: Parent-Class t",2,,,,
"4090011",3,"School Management Committe",1,8,2010,1,3
"4090011",4,"One-to-one: Parent-Class t",2,,,,
"4090011",2,"PTA",1,8,2010,1,3
"4090011",1,"Staff meeting",1,10,2010,1,2
"4100001",2,"PTA",,,,,
"4100001",4,"One-to-one: Parent-Class t",,,,,
"4100001",3,"School Management Committe",,,,,
"4100001",5,"Student leader-staff meeti",,,,,
"4100005",4,"One-to-one: Parent-Class t",,,,,
"4100005",3,"School Management Committe",,,,,
"4100005",5,"Student leader-staff meeti",,,,,
"4100005",2,"PTA",,,,,
"4100026",1,"Staff meeting",1,2,2011,1,8
"4100026",5,"Student leader-staff meeti",2,,,,
"4100026",3,"School Management Committe",1,8,2010,1,8
"4100026",4,"One-to-one: Parent-Class t",1,6,2010,,3
"4100029",4,"One-to-one: Parent-Class t",,,,,
"4100029",2,"PTA",,,,,
"4100029",3,"School Management Committe",,,,,
"4100029",1,"Staff meeting",,,,,
"4100038",5,"Student leader-staff meeti",2,,,,
"4100038",3,"School Management Committe",1,10,2010,1,6
"4100038",1,"Staff meeting",1,9,2010,1,2
"4100038",2,"PTA",1,9,2010,1,3
"4110002",1,"Staff meeting",,,,,
"4110002",4,"One-to-one: Parent-Class t",,,,,
"4110002",2,"PTA",,,,,
"4110002",3,"School Management Committe",,,,,
"4110006",3,"School Management Committe",,,,,
"4110006",4,"One-to-one: Parent-Class t",,,,,
"4110006",2,"PTA",,,,,
"4110006",1,"Staff meeting",,,,,
"4110007",1,"Staff meeting",,,,,
"4110007",3,"School Management Committe",,,,,
"4110007",2,"PTA",,,,,
"4110007",4,"One-to-one: Parent-Class t",,,,,
"4110009",1,"Staff meeting",,,,,
"4110009",4,"One-to-one: Parent-Class t",,,,,
"4110009",3,"School Management Committe",,,,,
"4110009",5,"Student leader-staff meeti",,,,,
"4120003",5,"Student leader-staff meeti",2,,,,
"4120003",4,"One-to-one: Parent-Class t",1,2,2011,,3
"4120003",2,"PTA",1,2,2011,1,3
"4120003",1,"Staff meeting",1,2,2011,1,8
"4120005",4,"One-to-one: Parent-Class t",2,,,,
"4120005",5,"Student leader-staff meeti",1,5,2011,,3
"4120005",1,"Staff meeting",1,5,2011,1,6
"4120005",3,"School Management Committe",1,3,2011,1,3
"4130002",3,"School Management Committe",1,7,2010,1,6
"4130002",1,"Staff meeting",1,9,2010,1,3
"4130002",5,"Student leader-staff meeti",1,6,2010,,6
"4130002",4,"One-to-one: Parent-Class t",2,,,,
"4130003",3,"School Management Committe",1,11,2010,1,6
"4130003",2,"PTA",1,11,2010,1,3
"4130003",1,"Staff meeting",1,2,2011,1,2
"4130003",4,"One-to-one: Parent-Class t",2,,,,
"4130005",4,"One-to-one: Parent-Class t",2,,,,
"4130005",1,"Staff meeting",1,9,2010,1,3
"4130005",5,"Student leader-staff meeti",1,9,2010,,6
"4130005",3,"School Management Committe",1,11,2010,1,3
"4140001",3,"School Management Committe",,,,,
"4140001",1,"Staff meeting",,,,,
"4140001",2,"PTA",,,,,
"4140001",5,"Student leader-staff meeti",,,,,
"4140003",5,"Student leader-staff meeti",2,,,,
"4140003",2,"PTA",1,2,2011,1,3
"4140003",4,"One-to-one: Parent-Class t",2,,,,
"4140003",3,"School Management Committe",1,9,2010,1,3
"4140005",4,"One-to-one: Parent-Class t",,,,,
"4140005",5,"Student leader-staff meeti",,,,,
"4140005",3,"School Management Committe",,,,,
"4140005",1,"Staff meeting",,,,,
"4150002",1,"Staff meeting",1,2,2011,1,6
"4150002",5,"Student leader-staff meeti",1,3,2011,,6
"4150002",2,"PTA",1,3,2011,1,3
"4150002",4,"One-to-one: Parent-Class t",1,10,2010,,6
"4150004",2,"PTA",1,10,2010,1,3
"4150004",1,"Staff meeting",1,10,2010,1,2
"4150004",4,"One-to-one: Parent-Class t",2,,,,
"4150004",5,"Student leader-staff meeti",2,,,,
"4150006",3,"School Management Committe",1,6,2011,1,8
"4150006",2,"PTA",1,4,2011,1,3
"4150006",4,"One-to-one: Parent-Class t",1,4,2011,,3
"4150006",5,"Student leader-staff meeti",1,,,,
"4150007",2,"PTA",1,5,2011,1,3
"4150007",4,"One-to-one: Parent-Class t",2,,,,
"4150007",3,"School Management Committe",1,12,2010,2,
"4150007",1,"Staff meeting",1,4,2011,2,3
"4150009",4,"One-to-one: Parent-Class t",1,11,2010,,5
"4150009",3,"School Management Committe",1,12,2010,1,3
"4150009",1,"Staff meeting",1,10,2010,1,3
"4150009",2,"PTA",1,12,2010,1,3
"4160007",3,"School Management Committe",1,9,2010,1,6
"4160007",5,"Student leader-staff meeti",2,,,,
"4160007",1,"Staff meeting",1,10,2010,1,2
"4160007",4,"One-to-one: Parent-Class t",2,,,,
"4170008",4,"One-to-one: Parent-Class t",1,3,2011,,3
"4170008",3,"School Management Committe",1,4,2011,1,2
"4170008",2,"PTA",1,4,2011,1,5
"4170008",1,"Staff meeting",1,5,2011,1,2
"4170014",1,"Staff meeting",1,6,2011,1,8
"4170014",4,"One-to-one: Parent-Class t",1,10,2010,,6
"4170014",2,"PTA",1,3,2011,1,5
"4170014",5,"Student leader-staff meeti",1,4,2011,,2
"4170017",3,"School Management Committe",,,,,
"4170017",2,"PTA",,,,,
"4170017",1,"Staff meeting",,,,,
"4170017",5,"Student leader-staff meeti",,,,,
"4180011",1,"Staff meeting",1,10,2010,1,6
"4180011",4,"One-to-one: Parent-Class t",2,,,,
"4180011",5,"Student leader-staff meeti",2,,,,
"4180011",2,"PTA",1,10,2010,1,6
"4180020",4,"One-to-one: Parent-Class t",1,7,2011,,3
"4180020",2,"PTA",1,4,2011,1,3
"4180020",5,"Student leader-staff meeti",2,,,,
"4180020",1,"Staff meeting",1,5,2011,1,2
"4180023",2,"PTA",1,9,2010,1,6
"4180023",1,"Staff meeting",1,9,2010,1,6
"4180023",5,"Student leader-staff meeti",2,,,,
"4180023",4,"One-to-one: Parent-Class t",2,,,,
"4190032",4,"One-to-one: Parent-Class t",,,,,
"4190032",2,"PTA",,,,,
"4190032",1,"Staff meeting",,,,,
"4190032",5,"Student leader-staff meeti",,,,,
"4190035",4,"One-to-one: Parent-Class t",2,,,,
"4190035",2,"PTA",1,6,2011,1,8
"4190035",1,"Staff meeting",1,2,2011,1,6
"4190035",5,"Student leader-staff meeti",2,,,,
