"comcod","c5q2","c5q3b","c5q3a"
"1010002",,,
"1020001","DIVISION ENGINEER",0,2
"1020002","DIVISION ENGINEER",0,2
"1020003","DIVISION ENGINEER",0,2
"1020004","DIVISION ENGINEER",1,6
"1020005",,,
"1020006","DIVISION ENGINEER",1,6
"1020007","DIVISION ENGINEER",1,6
"1020008","DIVISION ENGINEER",1,6
"1020009","DIV. ENGINEER",2,7
"1020010","DIVISION ENGINEER",1,6
"1020011",,,
"1020012",,,
"1020013",,,
"1020014",,,
"1020015",,,
"1020016",,,
"1020017",,,
"1020018",,,
"1020019",,,
"1020020",,,
"1020021",,,
"1020022",,,
"1020023",,,
"1020024",,,
"1020025",,,
"1020026",,,
"1020027",,,
"1020028",,,
"1020029",,,
"1020030",,,
"1020031",,,
"1020032","ASSISTANT DIVISION ENGINEER",1,3
"1020033",,,
"1020034",,,
"1030003","S.A.S",1,2
"1030005","MAYOR",0,3
"1040002","TOWN CLERK",3,0
"1040004","SUB-COUNTY",7,1
"1040006","SUB COUNTY CHIEF",3,2
"1040008","S.A.S",2,11
"1160011","S.A.S",0,5
"1160013","TOWN CLERK",1,0
"1050001","MUNICIPAL ENGINEER",1,7
"1050003",,,
"1050004",,,
"1050008","S.A.S",0,8
"1050012","S.A.S",2,10
"1050015","SENIOR ASSISTANT SECRETARY",5,4
"1050019","PARISH CHIER",3,6
"1050023","SENIOR ASSISTANT SECRECTARY",2,6
"1050026","LC 3 CHAIRPERSON",10,0
"1050030","SUB-COUNTY CHIEF.",0,11
"1050033","AG.SENIOR ADMINISTRATIVE SECRETARY",5,2
"1060003","SENIOR ASSISTANT SECRETARY",9,10
"1060005","S.A.S",0,8
"1060007","SENIOR SECRETARY",3,8
"1060009","TOWN ENGINNEER",1,10
"1070001","TOWN ENGINEER",2,1
"1070002","TOWN COUNCIL ENGINEER",13,1
"1150004","S.A.S",1,1
"1070008",,,
"1070012",,,
"1070016","SENIOR ASSISTANT SECRETARY",5,8
"1070020","SENOR ASSISTANT SECRETARY",7,0
"1070023",,,
"1150027","ROADS OVERSEER",2,30
"1150031",,,
"1080002","ROAD WORKS ASSISTANT",5,1
"1080003","TOWN ENGINEER",16,4
"1080006",,,
"1080009","SUBCOUNTY CHIEF",1,0
"1080013","SENIOR ASSISTANT SECRETARY",5,1
"1080016",,,
"1080020","SUB-COUNTY CHIEF",0,8
"1080023","PRINCIPAL ASSISTANT TOWN CLERK",4,10
"1080027",,,
"1080030","LC 3 VICE CHAIRMAN",9,11
"1080033","SUBCOUNTY CHIEF",1,0
"1090004","LC 3 CHAIRMAN",15,3
"1100001","MAYOR",8,11
"1140003","SENIOR ASSISTANCE SECRETARY /SUB COUNTY CHIEF.",0,2
"1100005",,,
"1100007","CHAIRMAN LC3",9,6
"1100009","SENIOR ASSISTANT SECRETARY",3,5
"1100012","S.A S",1,10
"1110001","PARISH CHIEF",9,3
"1110003","CDO",4,6
"1110005","SENIOR ASSISTANT SECRETARY",2,0
"1120001","TOWN CLERK",14,3
"1120003","LC3 CHAIRPERSON",4,10
"1120006","CHAIRMAN LC 3",4,1
"1130002",,,
"1130003","SECRETARY SSISA SUB COUNTY",13,0
"1130004",,,
"1130006","TOWN ENGINEER",5,6
"1130007",,,
"1130008","SUB-ACCOUNTANT",0,4
"1130010","SUBCOUNTY CHIEF",1,3
"1130012","SENIOR ADMINISTRATIVE ASSISTANT",16,11
"1130014","S.A.S",0,6
"1130016","SENIOR ADMINISTRATIVE ASSISTANT",20,10
"1130019","TOWN ENGINEER",3,2
"1130021",,,
"1130023","SENIOR ASSISTANT SECRCTARY",8,11
"1130025",,,
"2010004","ACCOUNTS ASSISTANT",2,0
"2010006",,,
"2010008",,,
"2010009",,,
"2020001",,,
"2020005","SUB ACCOUNTANT",3,0
"2020007","SUB COUNTY CHIEF",1,0
"2030001",,,
"2030004",,,
"2030008",,,
"2240013",,,
"2030018",,,
"2030023","SUBCOUNTY CHIEF",1,2
"2030028","CHAIRMAN LC111",10,1
"2030033",,,
"2040002","DIVISION ENGINEER",6,0
"2040006",,,
"2040009",,,
"2040012",,,
"2040014",,,
"2040015","COUNCILLOR[SECRETARY SOCIAL SERVICES]",23,2
"2050001",,,
"2050004","SENIOR ACCOUNTS ASSISTANT COMMUNITY DEVELOPMENT",2,0
"2050009",,,
"2050013","SENIOR ASSISTANT SECRETARY",5,0
"2050017",,,
"2220022",,,
"2220026",,,
"2050030",,,
"2200001","SUBCOUNTY CHIEF",0,1
"2060003","SUB ACOUNTANT",0,7
"2160003","ACTING SUB-COUNTY CHIEF",2,2
"2070005","ACDO",0,6
"2070006","SUB COUNTY CHIEF",1,2
"2080001",,,
"2190003","AG.SENIOR ASSISTANT SECRERARY",8,0
"2080005","SUB ACCOUNTANT",3,1
"2080007","COMMUNITY DEV OFFICER",0,5
"2080008","SENIOR ASSISTANT SECRETARY",0,8
"2090003",,,
"2090006","SENIOR ASSISTANT ENGINEERING OFFICER",10,4
"2230011",,,
"2230014",,,
"2230018",,,
"2230022",,,
"2230026","CHIEF",3,0
"2230029",,,
"2090033","S/C CHIEF",1,4
"2180037",,,
"2100002",,,
"2100004","SUB COUNTY",2,1
"2100006",,,
"2100007","SUB ACCOUNTANT",0,7
"2170009",,,
"2110003",,,
"2110004",,,
"2110006","PARISH CHIEF",6,7
"2110007","A/G SENIOR ASSISTANT",4,8
"2110009",,,
"2120003","ENGINEER [DIVISION]",3,10
"2210006","SUB COUNTY CHIEF",2,0
"2120008","SUBCOUNTY CHIEF",1,1
"2120009","S/C CHIEF",4,0
"2120011","SENIOR ASSISTANT SECRETARY",4,2
"2120013",,,
"2140002",,,
"2140003","SENIOR ADMINISTRATIVE SECRETARY",0,3
"2150001","ASSISTANT ENGINEERING OFFICER",4,1
"2150002","SUB COUNTY CHIEF",0,10
"2150004",,,
"2150006",,,
"2150007","SAS",0,9
"3010003","SUB-COUNTY CHIEF",8,2
"3020002","TOWN CLERK",9,1
"3020003","ACTING SUB COUNTY CHIEF",,4
"3020005","VICE CHAIRPERSON",1,6
"3020008","VICE CHAIR PERSON",1,6
"3020010","COUMMNITY DEVELOPMENT OFFICER",0,10
"3020013","TOWN CLERK",1,0
"3020016","ACTING SIC CHIEF",0,3
"3020018","ACTING S/C",0,3
"3210021","LC 3",9,11
"3210023","PARISH CHIEF",9,9
"3210030","SUB -COUNTY CHIEF.",8,0
"3030002","ASSISTANT ENGINEER",3,0
"3190005","COUNCIL ENGINEER",13,6
"3030006","SUB -COUNTY CHIEY",1,2
"3030009","SUB-COUNTY CHIEF",3,1
"3190012","COMMUNITY DEVELOPMENT OFFICER",3,6
"3030015","SUB-COUNTY CHIEF",6,1
"3200018","ACTING S/C CHIEF",2,4
"3200021","ACTING SUB-COUNTY CHIEF",1,3
"3200024","LC111 C/PERSON",1,5
"3200027","LC3 C/PERSON",1,5
"3200030","ACTING SUB COUNTY CHIEF",0,2
"3030033","PARISH CHIEF (CHIABA)",3,7
"3040002","SENIOR ASSISTANT TOWN CLERK",1,10
"3040004","SENIOR ASSISTANT TOWN CLERK",1,10
"3040007","ENGINEER",6,8
"3040009","SUB -COUNTY CHIEF",9,7
"3040014","LC 3",0,2
"3160016","LC 3",4,4
"3050001","ROAD INSPECTOR",6,9
"3180001","TOWN COUNCIL ENGINEER",7,0
"3180002","NAADS COORDINATOR",0,6
"3180003","L.C.3 C/MAN",0,2
"3180004","SUB COUNTY CHIEF",3,0
"3060006","SENIOR ASSISTANT SECRETARY",2,9
"3060007",,,
"3070002","SENIOR ASSISTANT TOWN CLERK",0,6
"3070005","SENIOR ASSISTANT TOWN CLERK",1,1
"3070007","TREASURER",10,10
"3170009","SUB-COUNTY CHIEF",0,2
"3170010","SUB COUNTY CHIEF",0,4
"3170011","LC 3",0,3
"3070012","ACTING S/C CHIEF",0,5
"3150016","PARISH CHIEF",1,5
"3070017","S/C CHIEF",0,8
"3070018","SIC CHIEF",0,8
"3070020","ACTING SUB-COUNTY CHIEF",1,0
"3070022","LC 3",9,6
"3070023","LC111",0,3
"3070025","ACTING SIC CHIEF",0,5
"3080001",,,
"3080002","SENIOR ASSISTANT SECRETARY",3,2
"3080004","SUB COUNTY CHIEF",0,5
"3090001","PARISH CHIEF [LIWA]",6,3
"3090002","PARISH CHIEF (LEGU)",6,4
"3100001","ACTING TOWN ENGINEER",0,8
"3100004","COOGL ENGINEER",14,9
"3100006","CHAIRMAN LC3",6,8
"3100007","SUB ACCOUNTANT",1,6
"3100008","PARISH CHIEF",1,1
"3100009","SUB-COUNTY CHIEF",2,5
"3100010","SUB-COUNTY",2,8
"3100012","SUB-COUNTY CHIEF",1,10
"3110001","TOWN MAYOR",15,3
"3110003","SENIOR ASST,SEC",0,2
"3110004",,,
"3130001","ASS.C.D.O",0,10
"3130002","LCIII C/MAN",4,4
"3130003","LC111 CHAIRMAN [078-2-070609",4,4
"4010003",,,
"4010005","SUB-COUNTY CHIEF",1,2
"4020002",,,
"4020007",,,
"4020011",,,
"4020016","SUB ACOUNTANT",0,9
"4020020","CHAIRMAN LC III",8,8
"4020025","ASSISTANT SUB-COUNTY",1,7
"4020030","SUBCOUNTY CHIEF",0,6
"4030002",,,
"4030004",,,
"4030006",,,
"4030007",,,
"4030009",,,
"4040003","PRINCIPAL TOWN CLERK",6,7
"4040006",,,
"4040008",,,
"4040010",,,
"4040012",,,
"4050002",,,
"4050005",,,
"4050006",,,
"4050008",,,
"4050010",,,
"4060003",,,
"4060008","SUBCOUNTY CHIEF",1,6
"4060010","LC III CHAIR PERSON",5,10
"4060011",,,
"4060013",,,
"4070002",,,
"4070003",,,
"4070005","SUB-ACCOUNTANT",1,6
"4070007",,,
"4070009",,,
"4080002","SUBCOUNTY CHIEF",1,10
"4080004",,,
"4090002","CHAIRMAN CENTRAL DIVISION LC III",11,5
"4090005","LCIIIC/MAN",11,3
"4160007","VICE LC CHAIRMAN",15,0
"4090009","SUB COUNTY CHIEF",2,0
"4090011",,,
"4100001",,,
"4100005",,,
"4170008","TOWN EGINEER",9,8
"4180011","SUB ACCOUNTANT",2,0
"4170014","SUB COUNTY CHIEF",0,8
"4170017",,,
"4180020","TOWN ENGINEER",3,4
"4180023","ACTING SUB-COUNTY CHIEF",2,0
"4100026",,,
"4100029","SUBCOUNTY CHIEF",0,1
"4190032",,,
"4190035","SUB COUNTY",1,4
"4100038","SUB-COUNTY CHIEF",1,6
"4110002","TOWN CLERK",8,3
"4110004","SUB-ACCOUNTANT",1,8
"4110006",,,
"4110007",,,
"4110009","SUBCOUNTY CHIEF",2,8
"4120003","SUB COUNTY CHIEF",3,7
"4120005","SUBCOUNTY CHIEF",0,1
"4130002",,,
"4130003",,,
"4130005",,,
"4140001",,,
"4140003","SUB COUNTY CHIEF",2,0
"4140005","SUBCOUNTY CHIEF",2,1
"4150002",,,
"4150004",,,
"4150006",,,
"4150007",,,
"4150009","SUB COUNTY CHIEF",0,7
"3210028","LC111",8,9
"3020035","LC111",5,0
