"comcod","c5dsn","c5dq21","c5dq22","c5dq23"
"1010002",,,,
"1020001",8,"Insecurity",,
"1020002",2,"Inadequate facilities",3,1
"1020003",1,"Delayed remittance of fu",,
"1020004",2,"Inadequate facilities",3,2
"1020005",,,,
"1020006",4,"Wide road network",,
"1020007",4,"Wide road network",,
"1020008",6,"Inadequate funding",1,1
"1020009",3,"Inadequate staff",,
"1020010",7,"Low pay to staff",,
"1020011",,,,
"1020012",,,,
"1020013",,,,
"1020014",,,,
"1020015",,,,
"1020016",,,,
"1020017",,,,
"1020018",,,,
"1020019",,,,
"1020020",,,,
"1020021",,,,
"1020022",,,,
"1020023",,,,
"1020024",,,,
"1020025",,,,
"1020026",,,,
"1020027",,,,
"1020028",,,,
"1020029",,,,
"1020030",,,,
"1020031",,,,
"1020032",7,"Low pay to staff",,
"1020033",,,,
"1020034",,,,
"1030003",6,"Inadequate funding",1,1
"1030005",1,"Delayed remittance of fu",,
"1040002",5,"Lack of peoples' interes",3,3
"1040004",2,"Inadequate facilities",,
"1040006",4,"Wide road network",,
"1040008",3,"Inadequate staff",,
"1050001",2,"Inadequate facilities",,
"1050003",,,,
"1050004",,,,
"1050008",3,"Inadequate staff",,
"1050012",2,"Inadequate facilities",,
"1050015",6,"Inadequate funding",1,2
"1050019",2,"Inadequate facilities",,
"1050023",3,"Inadequate staff",,
"1050026",1,"Delayed remittance of fu",,
"1050030",2,"Inadequate facilities",,
"1050033",2,"Inadequate facilities",,
"1060003",9,"Other",,
"1060005",6,"Inadequate funding",1,3
"1060007",2,"Inadequate facilities",,
"1060009",5,"Lack of peoples' interes",2,2
"1070001",9,"Other",,
"1070002",7,"Low pay to staff",,
"1070008",,,,
"1070012",,,,
"1070016",,,,
"1070020",1,"Delayed remittance of fu",,
"1070023",,,,
"1080002",4,"Wide road network",,
"1080003",9,"Other",3,3
"1080006",,,,
"1080009",5,"Lack of peoples' interes",,
"1080013",6,"Inadequate funding",1,3
"1080016",,,,
"1080020",9,"Other",3,2
"1080023",8,"Insecurity",,
"1080027",,,,
"1080030",4,"Wide road network",1,2
"1080033",1,"Delayed remittance of fu",,
"1090004",7,"Low pay to staff",,
"1100001",,,,
"1100005",,,,
"1100007",1,"Delayed remittance of fu",,
"1100009",6,"Inadequate funding",1,1
"1100012",9,"Other",2,1
"1110001",3,"Inadequate staff",,
"1110003",6,"Inadequate funding",1,1
"1110005",8,"Insecurity",,
"1120001",1,"Delayed remittance of fu",,
"1120003",7,"Low pay to staff",,
"1120006",8,"Insecurity",,
"1130002",,,,
"1130003",2,"Inadequate facilities",,
"1130004",,,,
"1130006",6,"Inadequate funding",1,2
"1130007",,,,
"1130008",5,"Lack of peoples' interes",,
"1130010",9,"Other",3,2
"1130012",9,"Other",,
"1130014",8,"Insecurity",,
"1130016",7,"Low pay to staff",,
"1130019",9,"Other",2,2
"1130021",,,,
"1130023",5,"Lack of peoples' interes",2,3
"1130025",,,,
"1140003",7,"Low pay to staff",,
"1150004",2,"Inadequate facilities",,
"1150027",7,"Low pay to staff",,
"1150031",,,,
"1160011",2,"Inadequate facilities",,
"1160013",6,"Inadequate funding",1,2
"2010004",7,"Low pay to staff",,
"2010006",,,,
"2010008",,,,
"2010009",,,,
"2020001",,,,
"2020005",1,"Delayed remittance of fu",,
"2020007",4,"Wide road network",3,3
"2030001",,,,
"2030004",,,,
"2030008",,,,
"2030018",,,,
"2030023",7,"Low pay to staff",,
"2030028",4,"Wide road network",,
"2030033",,,,
"2040002",5,"Lack of peoples' interes",,
"2040006",,,,
"2040009",,,,
"2040012",,,,
"2040014",,,,
"2040015",6,"Inadequate funding",,
"2050001",,,,
"2050004",2,"Inadequate facilities",,
"2050009",,,,
"2050013",8,"Insecurity",,
"2050017",,,,
"2050030",,,,
"2060003",1,"Delayed remittance of fu",3,2
"2070005",5,"Lack of peoples' interes",,
"2070006",3,"Inadequate staff",,
"2080001",,,,
"2080005",9,"Other",2,2
"2080007",8,"Insecurity",,
"2080008",4,"Wide road network",,
"2090003",,,,
"2090006",9,"Other",,
"2090033",9,"Other",,
"2100002",,,,
"2100004",8,"Insecurity",,
"2100006",,,,
"2100007",5,"Lack of peoples' interes",,
"2110003",,,,
"2110004",,,,
"2110006",8,"Insecurity",,
"2110007",4,"Wide road network",,
"2110009",,,,
"2120003",1,"Delayed remittance of fu",1,2
"2120008",5,"Lack of peoples' interes",,
"2120009",7,"Low pay to staff",,
"2120011",2,"Inadequate facilities",,
"2120013",,,,
"2140002",,,,
"2140003",1,"Delayed remittance of fu",,
"2150001",8,"Insecurity",,
"2150002",4,"Wide road network",,
"2150004",,,,
"2150006",,,,
"2150007",4,"Wide road network",,
"2160003",1,"Delayed remittance of fu",2,2
"2170009",,,,
"2180037",,,,
"2190003",7,"Low pay to staff",,
"2200001",9,"Other",2,3
"2210006",2,"Inadequate facilities",,
"2220022",,,,
"2220026",,,,
"2230011",,,,
"2230014",,,,
"2230018",,,,
"2230022",,,,
"2230026",9,"Other",,
"2230029",,,,
"2240013",,,,
"3010003",7,"Low pay to staff",,
"3020002",3,"Inadequate staff",,
"3020003",7,"Low pay to staff",,
"3020005",6,"Inadequate funding",3,2
"3020008",5,"Lack of peoples' interes",2,2
"3020010",3,"Inadequate staff",,
"3020013",,,,
"3020016",8,"Insecurity",,
"3020018",9,"Other",2,3
"3020035",3,"Inadequate staff",,
"3030002",7,"Low pay to staff",,
"3030006",4,"Wide road network",,
"3030009",9,"Other",3,2
"3030015",5,"Lack of peoples' interes",,
"3030033",9,"Other",2,2
"3040002",1,"Delayed remittance of fu",,
"3040004",3,"Inadequate staff",3,3
"3040007",3,"Inadequate staff",,
"3040009",5,"Lack of peoples' interes",3,2
"3040014",4,"Wide road network",,
"3050001",8,"Insecurity",,
"3060006",2,"Inadequate facilities",2,3
"3060007",,,,
"3070002",8,"Insecurity",,
"3070005",7,"Low pay to staff",,
"3070007",4,"Wide road network",,
"3070012",3,"Inadequate staff",,
"3070017",2,"Inadequate facilities",,
"3070018",4,"Wide road network",,
"3070020",9,"Other",2,3
"3070022",1,"Delayed remittance of fu",1,3
"3070023",1,"Delayed remittance of fu",,
"3070025",,,,
"3080001",,,,
"3080002",2,"Inadequate facilities",2,2
"3080004",3,"Inadequate staff",,
"3090001",7,"Low pay to staff",,
"3090002",6,"Inadequate funding",,
"3100001",4,"Wide road network",,
"3100004",8,"Insecurity",,
"3100006",3,"Inadequate staff",,
"3100007",9,"Other",,
"3100008",8,"Insecurity",,
"3100009",6,"Inadequate funding",1,1
"3100010",4,"Wide road network",,
"3100012",8,"Insecurity",,
"3110001",6,"Inadequate funding",2,3
"3110003",8,"Insecurity",,
"3110004",,,,
"3130001",8,"Insecurity",,
"3130002",3,"Inadequate staff",,
"3130003",9,"Other",1,2
"3150016",1,"Delayed remittance of fu",,
"3160016",5,"Lack of peoples' interes",,
"3170009",1,"Delayed remittance of fu",,
"3170010",6,"Inadequate funding",,
"3170011",2,"Inadequate facilities",3,2
"3180001",1,"Delayed remittance of fu",3,3
"3180002",3,"Inadequate staff",3,2
"3180003",8,"Insecurity",,
"3180004",8,"Insecurity",,
"3190005",1,"Delayed remittance of fu",,
"3190012",1,"Delayed remittance of fu",3,1
"3200018",7,"Low pay to staff",,
"3200021",7,"Low pay to staff",,
"3200024",5,"Lack of peoples' interes",3,1
"3200027",6,"Inadequate funding",1,2
"3200030",6,"Inadequate funding",1,2
"3210021",9,"Other",3,2
"3210023",4,"Wide road network",,
"3210028",9,"Other",1,3
"3210030",4,"Wide road network",,
"4010003",,,,
"4010005",8,"Insecurity",,
"4020002",,,,
"4020007",,,,
"4020011",,,,
"4020016",9,"Other",3,3
"4020020",5,"Lack of peoples' interes",,
"4020025",5,"Lack of peoples' interes",,
"4020030",4,"Wide road network",,
"4030002",,,,
"4030004",,,,
"4030006",,,,
"4030007",,,,
"4030009",,,,
"4040003",,,,
"4040006",,,,
"4040008",,,,
"4040010",,,,
"4040012",,,,
"4050002",,,,
"4050005",,,,
"4050006",,,,
"4050008",,,,
"4050010",,,,
"4060003",,,,
"4060008",9,"Other",,
"4060010",5,"Lack of peoples' interes",,
"4060011",,,,
"4060013",,,,
"4070002",,,,
"4070003",,,,
"4070005",2,"Inadequate facilities",1,2
"4070007",,,,
"4070009",,,,
"4080002",9,"Other",1,3
"4080004",,,,
"4090002",4,"Wide road network",1,1
"4090005",7,"Low pay to staff",,
"4090009",5,"Lack of peoples' interes",1,2
"4090011",,,,
"4100001",,,,
"4100005",,,,
"4100026",,,,
"4100029",6,"Inadequate funding",2,2
"4100038",3,"Inadequate staff",,
"4110002",9,"Other",3,3
"4110004",2,"Inadequate facilities",,
"4110006",,,,
"4110007",,,,
"4110009",4,"Wide road network",,
"4120003",9,"Other",1,2
"4120005",4,"Wide road network",,
"4130002",,,,
"4130003",,,,
"4130005",,,,
"4140001",,,,
"4140003",3,"Inadequate staff",2,2
"4140005",9,"Other",3,2
"4150002",,,,
"4150004",,,,
"4150006",,,,
"4150007",,,,
"4150009",4,"Wide road network",,
"4160007",5,"Lack of peoples' interes",,
"4170008",2,"Inadequate facilities",,
"4170014",1,"Delayed remittance of fu",2,3
"4170017",,,,
"4180011",1,"Delayed remittance of fu",,
"4180020",6,"Inadequate funding",1,2
"4180023",2,"Inadequate facilities",,
"4190032",,,,
"4190035",8,"Insecurity",,
"1020001",5,"Lack of peoples' interes",,
"1020001",2,"Inadequate facilities",3,1
"1020001",6,"Inadequate funding",2,1
"1020001",1,"Delayed remittance of fu",,
"1020001",7,"Low pay to staff",,
"1020001",4,"Wide road network",,
"1020001",3,"Inadequate staff",,
"1020001",9,"Other",1,3
"1020002",1,"Delayed remittance of fu",,
"1020002",5,"Lack of peoples' interes",,
"1020002",7,"Low pay to staff",,
"1020002",9,"Other",1,3
"1020002",3,"Inadequate staff",,
"1020002",8,"Insecurity",,
"1020002",4,"Wide road network",,
"1020002",6,"Inadequate funding",2,1
"1020003",8,"Insecurity",,
"1020003",9,"Other",1,3
"1020003",3,"Inadequate staff",,
"1020003",4,"Wide road network",,
"1020003",7,"Low pay to staff",,
"1020003",6,"Inadequate funding",2,1
"1020003",2,"Inadequate facilities",3,1
"1020003",5,"Lack of peoples' interes",,
"1020004",1,"Delayed remittance of fu",2,2
"1020004",6,"Inadequate funding",1,1
"1020004",3,"Inadequate staff",,
"1020004",4,"Wide road network",,
"1020004",8,"Insecurity",,
"1020004",9,"Other",,
"1020004",5,"Lack of peoples' interes",,
"1020004",7,"Low pay to staff",,
"1020006",7,"Low pay to staff",,
"1020006",6,"Inadequate funding",1,1
"1020006",1,"Delayed remittance of fu",2,2
"1020006",5,"Lack of peoples' interes",,
"1020006",8,"Insecurity",,
"1020006",3,"Inadequate staff",,
"1020006",9,"Other",,
"1020006",2,"Inadequate facilities",3,2
"1020007",9,"Other",,
"1020007",2,"Inadequate facilities",3,2
"1020007",7,"Low pay to staff",,
"1020007",8,"Insecurity",,
"1020007",3,"Inadequate staff",,
"1020007",6,"Inadequate funding",1,1
"1020007",1,"Delayed remittance of fu",2,2
"1020007",5,"Lack of peoples' interes",,
"1020008",2,"Inadequate facilities",3,2
"1020008",8,"Insecurity",,
"1020008",9,"Other",,
"1020008",4,"Wide road network",,
"1020008",7,"Low pay to staff",,
"1020008",3,"Inadequate staff",,
"1020008",1,"Delayed remittance of fu",2,2
"1020008",5,"Lack of peoples' interes",,
"1020009",8,"Insecurity",,
"1020009",6,"Inadequate funding",1,1
"1020009",2,"Inadequate facilities",2,2
"1020009",4,"Wide road network",,
"1020009",7,"Low pay to staff",,
"1020009",5,"Lack of peoples' interes",,
"1020009",1,"Delayed remittance of fu",3,1
"1020009",9,"Other",,
"1020010",9,"Other",,
"1020010",3,"Inadequate staff",,
"1020010",4,"Wide road network",,
"1020010",1,"Delayed remittance of fu",2,2
"1020010",5,"Lack of peoples' interes",,
"1020010",2,"Inadequate facilities",3,2
"1020010",8,"Insecurity",,
"1020010",6,"Inadequate funding",1,1
"1020032",8,"Insecurity",,
"1020032",4,"Wide road network",,
"1020032",2,"Inadequate facilities",,
"1020032",6,"Inadequate funding",3,2
"1020032",9,"Other",2,2
"1020032",3,"Inadequate staff",,
"1020032",1,"Delayed remittance of fu",1,2
"1020032",5,"Lack of peoples' interes",,
"1030003",2,"Inadequate facilities",,
"1030003",3,"Inadequate staff",3,2
"1030003",4,"Wide road network",,
"1030003",8,"Insecurity",,
"1030003",5,"Lack of peoples' interes",,
"1030003",1,"Delayed remittance of fu",,
"1030003",9,"Other",2,1
"1030003",7,"Low pay to staff",,
"1030005",5,"Lack of peoples' interes",,
"1030005",4,"Wide road network",,
"1030005",6,"Inadequate funding",2,2
"1030005",9,"Other",1,3
"1030005",7,"Low pay to staff",,
"1030005",3,"Inadequate staff",,
"1030005",8,"Insecurity",,
"1030005",2,"Inadequate facilities",,
"1040002",2,"Inadequate facilities",,
"1040002",4,"Wide road network",,
"1040002",7,"Low pay to staff",,
"1040002",8,"Insecurity",,
"1040002",6,"Inadequate funding",2,2
"1040002",9,"Other",1,2
"1040002",1,"Delayed remittance of fu",,
"1040002",3,"Inadequate staff",,
"1040004",9,"Other",,
"1040004",5,"Lack of peoples' interes",3,3
"1040004",4,"Wide road network",,
"1040004",7,"Low pay to staff",,
"1040004",3,"Inadequate staff",2,2
"1040004",6,"Inadequate funding",1,2
"1040004",8,"Insecurity",,
"1040004",1,"Delayed remittance of fu",,
"1040006",8,"Insecurity",,
"1040006",7,"Low pay to staff",,
"1040006",2,"Inadequate facilities",,
"1040006",1,"Delayed remittance of fu",,
"1040006",5,"Lack of peoples' interes",2,3
"1040006",9,"Other",,
"1040006",3,"Inadequate staff",3,2
"1040006",6,"Inadequate funding",1,1
"1040008",5,"Lack of peoples' interes",2,2
"1040008",8,"Insecurity",,
"1040008",6,"Inadequate funding",1,1
"1040008",1,"Delayed remittance of fu",,
"1040008",9,"Other",3,2
"1040008",2,"Inadequate facilities",,
"1040008",7,"Low pay to staff",,
"1040008",4,"Wide road network",,
"1050001",3,"Inadequate staff",,
"1050001",6,"Inadequate funding",3,2
"1050001",5,"Lack of peoples' interes",,
"1050001",9,"Other",1,2
"1050001",1,"Delayed remittance of fu",2,2
"1050001",7,"Low pay to staff",,
"1050001",4,"Wide road network",,
"1050001",8,"Insecurity",,
"1050008",1,"Delayed remittance of fu",,
"1050008",8,"Insecurity",,
"1050008",5,"Lack of peoples' interes",,
"1050008",2,"Inadequate facilities",,
"1050008",9,"Other",2,2
"1050008",6,"Inadequate funding",1,2
"1050008",4,"Wide road network",,
"1050008",7,"Low pay to staff",,
"1050012",7,"Low pay to staff",,
"1050012",6,"Inadequate funding",1,3
"1050012",3,"Inadequate staff",,
"1050012",1,"Delayed remittance of fu",2,1
"1050012",8,"Insecurity",,
"1050012",9,"Other",,
"1050012",4,"Wide road network",,
"1050012",5,"Lack of peoples' interes",3,1
"1050015",9,"Other",2,2
"1050015",4,"Wide road network",,
"1050015",1,"Delayed remittance of fu",,
"1050015",7,"Low pay to staff",,
"1050015",3,"Inadequate staff",,
"1050015",2,"Inadequate facilities",,
"1050015",5,"Lack of peoples' interes",,
"1050015",8,"Insecurity",,
"1050019",9,"Other",,
"1050019",8,"Insecurity",,
"1050019",5,"Lack of peoples' interes",,
"1050019",4,"Wide road network",,
"1050019",3,"Inadequate staff",,
"1050019",1,"Delayed remittance of fu",,
"1050019",7,"Low pay to staff",,
"1050019",6,"Inadequate funding",1,2
"1050023",5,"Lack of peoples' interes",1,3
"1050023",9,"Other",,
"1050023",7,"Low pay to staff",,
"1050023",2,"Inadequate facilities",,
"1050023",6,"Inadequate funding",2,1
"1050023",8,"Insecurity",,
"1050023",4,"Wide road network",,
"1050023",1,"Delayed remittance of fu",,
"1050026",5,"Lack of peoples' interes",2,3
"1050026",2,"Inadequate facilities",3,2
"1050026",3,"Inadequate staff",,
"1050026",4,"Wide road network",,
"1050026",9,"Other",,
"1050026",8,"Insecurity",,
"1050026",7,"Low pay to staff",,
"1050026",6,"Inadequate funding",1,1
"1050030",9,"Other",,
"1050030",6,"Inadequate funding",1,3
"1050030",7,"Low pay to staff",,
"1050030",1,"Delayed remittance of fu",,
"1050030",8,"Insecurity",,
"1050030",4,"Wide road network",,
"1050030",5,"Lack of peoples' interes",2,2
"1050030",3,"Inadequate staff",,
"1050033",7,"Low pay to staff",,
"1050033",1,"Delayed remittance of fu",,
"1050033",4,"Wide road network",,
"1050033",5,"Lack of peoples' interes",,
"1050033",8,"Insecurity",,
"1050033",6,"Inadequate funding",2,2
"1050033",9,"Other",1,2
"1050033",3,"Inadequate staff",,
"1060003",2,"Inadequate facilities",,
"1060003",1,"Delayed remittance of fu",,
"1060003",7,"Low pay to staff",,
"1060003",5,"Lack of peoples' interes",,
"1060003",8,"Insecurity",,
"1060003",3,"Inadequate staff",2,2
"1060003",6,"Inadequate funding",1,2
"1060003",4,"Wide road network",,
"1060005",2,"Inadequate facilities",2,2
"1060005",1,"Delayed remittance of fu",,
"1060005",4,"Wide road network",,
"1060005",7,"Low pay to staff",,
"1060005",8,"Insecurity",,
"1060005",3,"Inadequate staff",,
"1060005",5,"Lack of peoples' interes",,
"1060005",9,"Other",3,3
"1060007",3,"Inadequate staff",,
"1060007",6,"Inadequate funding",1,2
"1060007",9,"Other",2,3
"1060007",7,"Low pay to staff",,
"1060007",5,"Lack of peoples' interes",,
"1060007",1,"Delayed remittance of fu",,
"1060007",4,"Wide road network",,
"1060007",8,"Insecurity",,
"1060009",6,"Inadequate funding",,
"1060009",2,"Inadequate facilities",2,2
"1060009",1,"Delayed remittance of fu",,
"1060009",4,"Wide road network",,
"1060009",3,"Inadequate staff",,
"1060009",9,"Other",,
"1060009",8,"Insecurity",,
"1060009",7,"Low pay to staff",,
"1070001",8,"Insecurity",,
"1070001",3,"Inadequate staff",,
"1070001",5,"Lack of peoples' interes",,
"1070001",1,"Delayed remittance of fu",1,2
"1070001",4,"Wide road network",,
"1070001",7,"Low pay to staff",3,2
"1070001",6,"Inadequate funding",2,2
"1070001",2,"Inadequate facilities",,
"1070002",3,"Inadequate staff",,
"1070002",4,"Wide road network",,
"1070002",1,"Delayed remittance of fu",2,3
"1070002",5,"Lack of peoples' interes",,
"1070002",8,"Insecurity",,
"1070002",6,"Inadequate funding",1,3
"1070002",9,"Other",,
"1070002",2,"Inadequate facilities",,
"1070020",2,"Inadequate facilities",2,2
"1070020",3,"Inadequate staff",,
"1070020",4,"Wide road network",,
"1070020",9,"Other",3,2
"1070020",7,"Low pay to staff",,
"1070020",8,"Insecurity",,
"1070020",6,"Inadequate funding",,
"1070020",5,"Lack of peoples' interes",1,2
"1080002",2,"Inadequate facilities",3,2
"1080002",3,"Inadequate staff",,
"1080002",8,"Insecurity",,
"1080002",5,"Lack of peoples' interes",,
"1080002",1,"Delayed remittance of fu",2,2
"1080002",6,"Inadequate funding",1,2
"1080002",7,"Low pay to staff",,
"1080002",9,"Other",,
"1080003",3,"Inadequate staff",,
"1080003",5,"Lack of peoples' interes",,
"1080003",8,"Insecurity",,
"1080003",1,"Delayed remittance of fu",2,2
"1080003",2,"Inadequate facilities",,
"1080003",7,"Low pay to staff",,
"1080003",6,"Inadequate funding",1,1
"1080003",4,"Wide road network",,
"1080009",7,"Low pay to staff",,
"1080009",8,"Insecurity",,
"1080009",1,"Delayed remittance of fu",1,1
"1080009",3,"Inadequate staff",,
"1080009",9,"Other",2,2
"1080009",6,"Inadequate funding",,
"1080009",2,"Inadequate facilities",,
"1080009",4,"Wide road network",,
"1080013",3,"Inadequate staff",,
"1080013",5,"Lack of peoples' interes",2,2
"1080013",9,"Other",,
"1080013",4,"Wide road network",,
"1080013",1,"Delayed remittance of fu",,
"1080013",2,"Inadequate facilities",,
"1080013",7,"Low pay to staff",,
"1080013",8,"Insecurity",,
"1080020",1,"Delayed remittance of fu",2,2
"1080020",5,"Lack of peoples' interes",,
"1080020",4,"Wide road network",,
"1080020",7,"Low pay to staff",,
"1080020",2,"Inadequate facilities",,
"1080020",8,"Insecurity",,
"1080020",3,"Inadequate staff",,
"1080020",6,"Inadequate funding",1,2
"1080023",5,"Lack of peoples' interes",,
"1080023",1,"Delayed remittance of fu",,
"1080023",2,"Inadequate facilities",,
"1080023",3,"Inadequate staff",,
"1080023",7,"Low pay to staff",,
"1080023",6,"Inadequate funding",1,2
"1080023",9,"Other",2,2
"1080023",4,"Wide road network",,
"1080030",2,"Inadequate facilities",,
"1080030",3,"Inadequate staff",,
"1080030",9,"Other",3,2
"1080030",8,"Insecurity",,
"1080030",5,"Lack of peoples' interes",,
"1080030",6,"Inadequate funding",2,3
"1080030",7,"Low pay to staff",,
"1080030",1,"Delayed remittance of fu",,
"1080033",6,"Inadequate funding",,
"1080033",8,"Insecurity",,
"1080033",3,"Inadequate staff",,
"1080033",9,"Other",,
"1080033",4,"Wide road network",,
"1080033",5,"Lack of peoples' interes",1,2
"1080033",7,"Low pay to staff",,
"1080033",2,"Inadequate facilities",,
"1090004",1,"Delayed remittance of fu",2,3
"1090004",3,"Inadequate staff",,
"1090004",8,"Insecurity",,
"1090004",2,"Inadequate facilities",,
"1090004",5,"Lack of peoples' interes",,
"1090004",4,"Wide road network",,
"1090004",9,"Other",,
"1090004",6,"Inadequate funding",1,3
"1100007",6,"Inadequate funding",1,3
"1100007",4,"Wide road network",2,3
"1100007",2,"Inadequate facilities",,
"1100007",5,"Lack of peoples' interes",,
"1100007",9,"Other",,
"1100007",3,"Inadequate staff",,
"1100007",8,"Insecurity",,
"1100007",7,"Low pay to staff",,
"1100009",1,"Delayed remittance of fu",,
"1100009",8,"Insecurity",,
"1100009",5,"Lack of peoples' interes",2,2
"1100009",3,"Inadequate staff",,
"1100009",7,"Low pay to staff",,
"1100009",2,"Inadequate facilities",,
"1100009",4,"Wide road network",,
"1100009",9,"Other",,
"1100012",1,"Delayed remittance of fu",3,1
"1100012",8,"Insecurity",,
"1100012",3,"Inadequate staff",,
"1100012",6,"Inadequate funding",,
"1100012",7,"Low pay to staff",,
"1100012",4,"Wide road network",,
"1100012",2,"Inadequate facilities",,
"1100012",5,"Lack of peoples' interes",,
"1110001",2,"Inadequate facilities",,
"1110001",9,"Other",2,2
"1110001",6,"Inadequate funding",1,3
"1110001",5,"Lack of peoples' interes",,
"1110001",1,"Delayed remittance of fu",,
"1110001",7,"Low pay to staff",,
"1110001",8,"Insecurity",,
"1110001",4,"Wide road network",,
"1110003",7,"Low pay to staff",,
"1110003",5,"Lack of peoples' interes",2,3
"1110003",1,"Delayed remittance of fu",,
"1110003",3,"Inadequate staff",,
"1110003",8,"Insecurity",,
"1110003",4,"Wide road network",,
"1110003",2,"Inadequate facilities",,
"1110003",9,"Other",3,3
"1110005",7,"Low pay to staff",,
"1110005",4,"Wide road network",,
"1110005",9,"Other",3,2
"1110005",3,"Inadequate staff",,
"1110005",5,"Lack of peoples' interes",,
"1110005",1,"Delayed remittance of fu",1,3
"1110005",6,"Inadequate funding",2,2
"1110005",2,"Inadequate facilities",,
"1120001",4,"Wide road network",,
"1120001",3,"Inadequate staff",2,2
"1120001",8,"Insecurity",,
"1120001",7,"Low pay to staff",,
"1120001",9,"Other",,
"1120001",6,"Inadequate funding",1,1
"1120001",5,"Lack of peoples' interes",3,2
"1120001",2,"Inadequate facilities",,
"1120003",4,"Wide road network",,
"1120003",6,"Inadequate funding",2,2
"1120003",3,"Inadequate staff",,
"1120003",1,"Delayed remittance of fu",,
"1120003",2,"Inadequate facilities",,
"1120003",9,"Other",1,2
"1120003",5,"Lack of peoples' interes",,
"1120003",8,"Insecurity",,
"1120006",9,"Other",,
"1120006",1,"Delayed remittance of fu",,
"1120006",5,"Lack of peoples' interes",1,3
"1120006",7,"Low pay to staff",,
"1120006",2,"Inadequate facilities",,
"1120006",4,"Wide road network",,
"1120006",3,"Inadequate staff",,
"1120006",6,"Inadequate funding",2,1
"1130003",3,"Inadequate staff",,
"1130003",1,"Delayed remittance of fu",,
"1130003",4,"Wide road network",,
"1130003",5,"Lack of peoples' interes",,
"1130003",9,"Other",,
"1130003",7,"Low pay to staff",,
"1130003",6,"Inadequate funding",,
"1130003",8,"Insecurity",,
"1130006",4,"Wide road network",,
"1130006",5,"Lack of peoples' interes",,
"1130006",1,"Delayed remittance of fu",2,2
"1130006",2,"Inadequate facilities",,
"1130006",3,"Inadequate staff",,
"1130006",8,"Insecurity",,
"1130006",7,"Low pay to staff",,
"1130006",9,"Other",,
"1130008",8,"Insecurity",,
"1130008",6,"Inadequate funding",1,2
"1130008",4,"Wide road network",,
"1130008",9,"Other",2,2
"1130008",2,"Inadequate facilities",,
"1130008",1,"Delayed remittance of fu",,
"1130008",3,"Inadequate staff",,
"1130008",7,"Low pay to staff",,
"1130010",7,"Low pay to staff",,
"1130010",1,"Delayed remittance of fu",,
"1130010",6,"Inadequate funding",1,2
"1130010",2,"Inadequate facilities",2,2
"1130010",3,"Inadequate staff",,
"1130010",8,"Insecurity",,
"1130010",4,"Wide road network",,
"1130010",5,"Lack of peoples' interes",,
"1130012",4,"Wide road network",,
"1130012",2,"Inadequate facilities",1,2
"1130012",8,"Insecurity",,
"1130012",1,"Delayed remittance of fu",,
"1130012",5,"Lack of peoples' interes",2,2
"1130012",7,"Low pay to staff",,
"1130012",6,"Inadequate funding",,
"1130012",3,"Inadequate staff",,
"1130014",4,"Wide road network",,
"1130014",9,"Other",3,3
"1130014",2,"Inadequate facilities",,
"1130014",3,"Inadequate staff",,
"1130014",7,"Low pay to staff",,
"1130014",1,"Delayed remittance of fu",,
"1130014",6,"Inadequate funding",1,2
"1130014",5,"Lack of peoples' interes",2,3
"1130016",5,"Lack of peoples' interes",,
"1130016",8,"Insecurity",,
"1130016",9,"Other",3,2
"1130016",3,"Inadequate staff",,
"1130016",2,"Inadequate facilities",,
"1130016",6,"Inadequate funding",1,2
"1130016",4,"Wide road network",,
"1130016",1,"Delayed remittance of fu",2,1
"1130019",5,"Lack of peoples' interes",,
"1130019",4,"Wide road network",,
"1130019",2,"Inadequate facilities",,
"1130019",7,"Low pay to staff",,
"1130019",8,"Insecurity",,
"1130019",6,"Inadequate funding",1,2
"1130019",1,"Delayed remittance of fu",3,2
"1130019",3,"Inadequate staff",,
"1130023",9,"Other",,
"1130023",1,"Delayed remittance of fu",,
"1130023",7,"Low pay to staff",,
"1130023",8,"Insecurity",,
"1130023",2,"Inadequate facilities",,
"1130023",6,"Inadequate funding",1,3
"1130023",3,"Inadequate staff",,
"1130023",4,"Wide road network",,
"1140003",1,"Delayed remittance of fu",3,3
"1140003",9,"Other",,
"1140003",5,"Lack of peoples' interes",2,3
"1140003",8,"Insecurity",,
"1140003",2,"Inadequate facilities",,
"1140003",3,"Inadequate staff",,
"1140003",4,"Wide road network",,
"1140003",6,"Inadequate funding",1,2
"1150004",8,"Insecurity",,
"1150004",5,"Lack of peoples' interes",,
"1150004",7,"Low pay to staff",,
"1150004",3,"Inadequate staff",,
"1150004",1,"Delayed remittance of fu",3,3
"1150004",9,"Other",1,3
"1150004",6,"Inadequate funding",3,3
"1150004",4,"Wide road network",,
"1150027",3,"Inadequate staff",,
"1150027",4,"Wide road network",,
"1150027",9,"Other",2,3
"1150027",2,"Inadequate facilities",,
"1150027",8,"Insecurity",,
"1150027",5,"Lack of peoples' interes",,
"1150027",6,"Inadequate funding",1,2
"1150027",1,"Delayed remittance of fu",,
"1160011",3,"Inadequate staff",,
"1160011",1,"Delayed remittance of fu",1,
"1160011",9,"Other",2,
"1160011",8,"Insecurity",,
"1160011",4,"Wide road network",,
"1160011",7,"Low pay to staff",,
"1160011",6,"Inadequate funding",,
"1160011",5,"Lack of peoples' interes",3,
"1160013",1,"Delayed remittance of fu",2,2
"1160013",7,"Low pay to staff",,
"1160013",8,"Insecurity",,
"1160013",9,"Other",3,2
"1160013",5,"Lack of peoples' interes",,
"1160013",3,"Inadequate staff",,
"1160013",4,"Wide road network",,
"1160013",2,"Inadequate facilities",,
"2010004",2,"Inadequate facilities",,
"2010004",4,"Wide road network",,
"2010004",1,"Delayed remittance of fu",2,1
"2010004",6,"Inadequate funding",1,1
"2010004",3,"Inadequate staff",,
"2010004",5,"Lack of peoples' interes",,
"2010004",9,"Other",,
"2010004",8,"Insecurity",,
"2020005",9,"Other",2,2
"2020005",4,"Wide road network",,
"2020005",8,"Insecurity",,
"2020005",5,"Lack of peoples' interes",,
"2020005",3,"Inadequate staff",,
"2020005",7,"Low pay to staff",,
"2020005",2,"Inadequate facilities",,
"2020005",6,"Inadequate funding",1,2
"2020007",2,"Inadequate facilities",,
"2020007",6,"Inadequate funding",1,3
"2020007",9,"Other",,
"2020007",5,"Lack of peoples' interes",,
"2020007",3,"Inadequate staff",,
"2020007",8,"Insecurity",,
"2020007",1,"Delayed remittance of fu",2,3
"2020007",7,"Low pay to staff",,
"2030023",2,"Inadequate facilities",,
"2030023",6,"Inadequate funding",1,3
"2030023",3,"Inadequate staff",,
"2030023",1,"Delayed remittance of fu",,
"2030023",5,"Lack of peoples' interes",2,2
"2030023",4,"Wide road network",,
"2030028",7,"Low pay to staff",,
"2030028",2,"Inadequate facilities",,
"2030028",3,"Inadequate staff",,
"2030028",6,"Inadequate funding",1,2
"2030028",8,"Insecurity",,
"2030028",5,"Lack of peoples' interes",,
"2030028",9,"Other",,
"2030028",1,"Delayed remittance of fu",,
"2040002",2,"Inadequate facilities",2,2
"2040002",1,"Delayed remittance of fu",,
"2040002",6,"Inadequate funding",1,2
"2040002",3,"Inadequate staff",,
"2040002",7,"Low pay to staff",,
"2040002",4,"Wide road network",,
"2040015",7,"Low pay to staff",,
"2040015",2,"Inadequate facilities",,
"2040015",4,"Wide road network",,
"2040015",9,"Other",,
"2040015",5,"Lack of peoples' interes",,
"2040015",8,"Insecurity",,
"2040015",3,"Inadequate staff",,
"2040015",1,"Delayed remittance of fu",1,1
"2050004",9,"Other",,
"2050004",8,"Insecurity",,
"2050004",5,"Lack of peoples' interes",,
"2050004",6,"Inadequate funding",1,2
"2050004",4,"Wide road network",2,2
"2050004",7,"Low pay to staff",,2
"2050004",1,"Delayed remittance of fu",,
"2050004",3,"Inadequate staff",,
"2050013",2,"Inadequate facilities",,
"2050013",3,"Inadequate staff",,
"2050013",9,"Other",3,3
"2050013",1,"Delayed remittance of fu",,
"2050013",4,"Wide road network",,
"2050013",5,"Lack of peoples' interes",1,3
"2050013",6,"Inadequate funding",2,1
"2050013",7,"Low pay to staff",,
"2060003",4,"Wide road network",,
"2060003",7,"Low pay to staff",,
"2060003",2,"Inadequate facilities",,
"2060003",9,"Other",1,2
"2060003",8,"Insecurity",,
"2060003",5,"Lack of peoples' interes",,
"2060003",6,"Inadequate funding",2,2
"2060003",3,"Inadequate staff",,
"2070005",8,"Insecurity",,
"2070005",7,"Low pay to staff",,
"2070005",9,"Other",,
"2070005",3,"Inadequate staff",2,3
"2070005",6,"Inadequate funding",1,3
"2070005",2,"Inadequate facilities",3,3
"2070005",4,"Wide road network",,
"2070005",1,"Delayed remittance of fu",,
"2070006",6,"Inadequate funding",1,2
"2070006",2,"Inadequate facilities",2,3
"2070006",7,"Low pay to staff",,
"2070006",4,"Wide road network",,
"2070006",9,"Other",,
"2070006",1,"Delayed remittance of fu",,
"2070006",8,"Insecurity",,
"2070006",5,"Lack of peoples' interes",,
"2080005",7,"Low pay to staff",,
"2080005",1,"Delayed remittance of fu",,
"2080005",8,"Insecurity",,
"2080005",4,"Wide road network",,
"2080005",2,"Inadequate facilities",1,3
"2080005",3,"Inadequate staff",,
"2080005",6,"Inadequate funding",3,2
"2080005",5,"Lack of peoples' interes",,
"2080007",4,"Wide road network",3,2
"2080007",9,"Other",,
"2080007",3,"Inadequate staff",,
"2080007",6,"Inadequate funding",1,2
"2080007",5,"Lack of peoples' interes",,
"2080007",1,"Delayed remittance of fu",2,2
"2080007",2,"Inadequate facilities",,
"2080007",7,"Low pay to staff",,
"2080008",2,"Inadequate facilities",,
"2080008",3,"Inadequate staff",2,3
"2080008",9,"Other",,
"2080008",8,"Insecurity",,
"2080008",7,"Low pay to staff",,
"2080008",1,"Delayed remittance of fu",,
"2080008",5,"Lack of peoples' interes",3,2
"2080008",6,"Inadequate funding",1,2
"2090006",1,"Delayed remittance of fu",3,1
"2090006",3,"Inadequate staff",,
"2090006",7,"Low pay to staff",,
"2090006",4,"Wide road network",,
"2090006",2,"Inadequate facilities",1,2
"2090006",6,"Inadequate funding",2,1
"2090006",5,"Lack of peoples' interes",,
"2090006",8,"Insecurity",,
"2090033",4,"Wide road network",,
"2090033",5,"Lack of peoples' interes",,
"2090033",1,"Delayed remittance of fu",,
"2090033",3,"Inadequate staff",,
"2090033",8,"Insecurity",,
"2090033",7,"Low pay to staff",,
"2090033",2,"Inadequate facilities",,
"2090033",6,"Inadequate funding",,
"2100004",4,"Wide road network",,
"2100004",9,"Other",,
"2100004",6,"Inadequate funding",1,2
"2100004",5,"Lack of peoples' interes",2,2
"2100004",3,"Inadequate staff",,
"2100004",7,"Low pay to staff",,
"2100004",2,"Inadequate facilities",,
"2100004",1,"Delayed remittance of fu",3,2
"2100007",2,"Inadequate facilities",,
"2100007",1,"Delayed remittance of fu",2,3
"2100007",9,"Other",,
"2100007",7,"Low pay to staff",,
"2100007",4,"Wide road network",,
"2100007",3,"Inadequate staff",,
"2100007",8,"Insecurity",,
"2100007",6,"Inadequate funding",1,2
"2110006",3,"Inadequate staff",,
"2110006",4,"Wide road network",,
"2110006",5,"Lack of peoples' interes",,
"2110006",7,"Low pay to staff",,
"2110006",6,"Inadequate funding",1,3
"2110006",9,"Other",,
"2110006",1,"Delayed remittance of fu",,
"2110006",2,"Inadequate facilities",,
"2110007",9,"Other",,
"2110007",6,"Inadequate funding",2,2
"2110007",5,"Lack of peoples' interes",,
"2110007",3,"Inadequate staff",3,2
"2110007",2,"Inadequate facilities",,
"2110007",7,"Low pay to staff",,
"2110007",1,"Delayed remittance of fu",1,2
"2110007",8,"Insecurity",,
"2120003",6,"Inadequate funding",3,2
"2120003",7,"Low pay to staff",,
"2120003",8,"Insecurity",,
"2120003",2,"Inadequate facilities",2,2
"2120003",3,"Inadequate staff",,
"2120003",4,"Wide road network",,
"2120003",9,"Other",,
"2120003",5,"Lack of peoples' interes",,
"2120008",8,"Insecurity",,
"2120008",4,"Wide road network",,
"2120008",6,"Inadequate funding",3,3
"2120008",1,"Delayed remittance of fu",2,3
"2120008",3,"Inadequate staff",,
"2120008",9,"Other",1,3
"2120008",7,"Low pay to staff",,
"2120008",2,"Inadequate facilities",,
"2120009",4,"Wide road network",3,2
"2120009",6,"Inadequate funding",1,2
"2120009",3,"Inadequate staff",2,2
"2120009",1,"Delayed remittance of fu",,
"2120009",2,"Inadequate facilities",,
"2120009",5,"Lack of peoples' interes",,
"2120009",9,"Other",,
"2120009",8,"Insecurity",,
"2120011",5,"Lack of peoples' interes",,
"2120011",9,"Other",,
"2120011",1,"Delayed remittance of fu",2,2
"2120011",6,"Inadequate funding",1,2
"2120011",8,"Insecurity",,
"2120011",7,"Low pay to staff",,
"2120011",4,"Wide road network",3,3
"2120011",3,"Inadequate staff",,
"2140003",9,"Other",,
"2140003",3,"Inadequate staff",,
"2140003",5,"Lack of peoples' interes",,
"2140003",2,"Inadequate facilities",,
"2140003",7,"Low pay to staff",,
"2140003",8,"Insecurity",,
"2140003",6,"Inadequate funding",,
"2140003",4,"Wide road network",,
"2150001",7,"Low pay to staff",,
"2150001",2,"Inadequate facilities",2,2
"2150001",9,"Other",3,2
"2150001",5,"Lack of peoples' interes",,
"2150001",6,"Inadequate funding",1,3
"2150001",4,"Wide road network",,
"2150001",3,"Inadequate staff",,
"2150001",1,"Delayed remittance of fu",,
"2150002",6,"Inadequate funding",2,2
"2150002",2,"Inadequate facilities",,
"2150002",3,"Inadequate staff",,
"2150002",8,"Insecurity",,
"2150002",5,"Lack of peoples' interes",1,2
"2150002",7,"Low pay to staff",,
"2150002",9,"Other",,
"2150002",1,"Delayed remittance of fu",3,2
"2150007",5,"Lack of peoples' interes",,
"2150007",9,"Other",3,3
"2150007",8,"Insecurity",,
"2150007",1,"Delayed remittance of fu",1,3
"2150007",7,"Low pay to staff",,
"2150007",2,"Inadequate facilities",,
"2150007",6,"Inadequate funding",2,3
"2150007",3,"Inadequate staff",,
"2160003",9,"Other",,
"2160003",3,"Inadequate staff",3,2
"2160003",5,"Lack of peoples' interes",,
"2160003",2,"Inadequate facilities",,
"2160003",6,"Inadequate funding",1,2
"2160003",8,"Insecurity",,
"2160003",7,"Low pay to staff",,
"2160003",4,"Wide road network",,
"2190003",1,"Delayed remittance of fu",,
"2190003",2,"Inadequate facilities",2,2
"2190003",6,"Inadequate funding",1,2
"2190003",4,"Wide road network",3,2
"2190003",3,"Inadequate staff",,
"2190003",8,"Insecurity",,
"2190003",5,"Lack of peoples' interes",,
"2190003",9,"Other",,
"2200001",1,"Delayed remittance of fu",,
"2200001",3,"Inadequate staff",3,3
"2200001",8,"Insecurity",,
"2200001",4,"Wide road network",,
"2200001",6,"Inadequate funding",1,3
"2200001",7,"Low pay to staff",,
"2200001",5,"Lack of peoples' interes",,
"2200001",2,"Inadequate facilities",,
"2210006",4,"Wide road network",,
"2210006",7,"Low pay to staff",,
"2210006",3,"Inadequate staff",,
"2210006",8,"Insecurity",,
"2210006",5,"Lack of peoples' interes",,
"2210006",6,"Inadequate funding",1,2
"2210006",1,"Delayed remittance of fu",3,2
"2210006",9,"Other",2,3
"2230026",7,"Low pay to staff",,
"2230026",8,"Insecurity",,
"2230026",5,"Lack of peoples' interes",,
"2230026",1,"Delayed remittance of fu",2,1
"2230026",2,"Inadequate facilities",,
"2230026",4,"Wide road network",,
"2230026",6,"Inadequate funding",1,3
"2230026",3,"Inadequate staff",,
"3010003",6,"Inadequate funding",2,1
"3010003",1,"Delayed remittance of fu",,
"3010003",8,"Insecurity",,
"3010003",9,"Other",1,2
"3010003",3,"Inadequate staff",,
"3010003",5,"Lack of peoples' interes",3,2
"3010003",4,"Wide road network",,
"3010003",2,"Inadequate facilities",,
"3020002",5,"Lack of peoples' interes",,
"3020002",7,"Low pay to staff",,
"3020002",6,"Inadequate funding",1,3
"3020002",4,"Wide road network",,
"3020002",1,"Delayed remittance of fu",2,3
"3020002",8,"Insecurity",,
"3020002",2,"Inadequate facilities",,
"3020002",9,"Other",3,2
"3020003",5,"Lack of peoples' interes",2,1
"3020003",2,"Inadequate facilities",,
"3020003",1,"Delayed remittance of fu",,
"3020003",4,"Wide road network",,
"3020003",9,"Other",3,2
"3020003",8,"Insecurity",,
"3020003",6,"Inadequate funding",1,2
"3020003",3,"Inadequate staff",,
"3020005",1,"Delayed remittance of fu",,
"3020005",8,"Insecurity",,
"3020005",5,"Lack of peoples' interes",2,2
"3020005",2,"Inadequate facilities",,
"3020005",4,"Wide road network",,
"3020005",7,"Low pay to staff",,
"3020005",3,"Inadequate staff",,
"3020005",9,"Other",1,2
"3020008",6,"Inadequate funding",3,2
"3020008",7,"Low pay to staff",,
"3020008",4,"Wide road network",,
"3020008",3,"Inadequate staff",,
"3020008",1,"Delayed remittance of fu",,
"3020008",8,"Insecurity",,
"3020008",2,"Inadequate facilities",,
"3020008",9,"Other",1,2
"3020010",8,"Insecurity",,
"3020010",7,"Low pay to staff",,
"3020010",9,"Other",2,2
"3020010",2,"Inadequate facilities",,
"3020010",4,"Wide road network",,
"3020010",6,"Inadequate funding",1,2
"3020010",1,"Delayed remittance of fu",3,2
"3020010",5,"Lack of peoples' interes",,
"3020016",4,"Wide road network",,
"3020016",3,"Inadequate staff",,
"3020016",6,"Inadequate funding",1,3
"3020016",9,"Other",2,3
"3020016",5,"Lack of peoples' interes",3,3
"3020016",1,"Delayed remittance of fu",,
"3020016",7,"Low pay to staff",,
"3020016",2,"Inadequate facilities",,
"3020018",5,"Lack of peoples' interes",3,3
"3020018",3,"Inadequate staff",,
"3020018",4,"Wide road network",,
"3020018",7,"Low pay to staff",,
"3020018",6,"Inadequate funding",1,3
"3020018",8,"Insecurity",,
"3020018",2,"Inadequate facilities",,
"3020018",1,"Delayed remittance of fu",,
"3020035",6,"Inadequate funding",1,2
"3020035",1,"Delayed remittance of fu",,
"3020035",8,"Insecurity",,
"3020035",7,"Low pay to staff",,
"3020035",9,"Other",2,2
"3020035",5,"Lack of peoples' interes",,
"3020035",4,"Wide road network",,
"3020035",2,"Inadequate facilities",,
"3030002",9,"Other",3,3
"3030002",1,"Delayed remittance of fu",,
"3030002",4,"Wide road network",,
"3030002",2,"Inadequate facilities",1,3
"3030002",3,"Inadequate staff",,
"3030002",6,"Inadequate funding",2,3
"3030002",8,"Insecurity",,
"3030002",5,"Lack of peoples' interes",,
"3030006",6,"Inadequate funding",1,2
"3030006",8,"Insecurity",,
"3030006",7,"Low pay to staff",,
"3030006",9,"Other",3,2
"3030006",2,"Inadequate facilities",,
"3030006",5,"Lack of peoples' interes",2,1
"3030006",1,"Delayed remittance of fu",,
"3030006",3,"Inadequate staff",,
"3030009",7,"Low pay to staff",,
"3030009",6,"Inadequate funding",1,2
"3030009",8,"Insecurity",,
"3030009",5,"Lack of peoples' interes",,
"3030009",3,"Inadequate staff",,
"3030009",2,"Inadequate facilities",,
"3030009",1,"Delayed remittance of fu",2,2
"3030009",4,"Wide road network",,
"3030015",7,"Low pay to staff",1,2
"3030015",8,"Insecurity",,
"3030015",3,"Inadequate staff",,
"3030015",4,"Wide road network",,
"3030015",6,"Inadequate funding",,
"3030015",2,"Inadequate facilities",2,2
"3030015",9,"Other",,
"3030015",1,"Delayed remittance of fu",3,1
"3030033",7,"Low pay to staff",,
"3030033",5,"Lack of peoples' interes",3,2
"3030033",2,"Inadequate facilities",,
"3030033",1,"Delayed remittance of fu",,
"3030033",6,"Inadequate funding",1,1
"3030033",3,"Inadequate staff",,
"3030033",8,"Insecurity",,
"3030033",4,"Wide road network",,
"3040002",8,"Insecurity",,
"3040002",9,"Other",1,2
"3040002",7,"Low pay to staff",,
"3040002",5,"Lack of peoples' interes",,
"3040002",6,"Inadequate funding",2,2
"3040002",4,"Wide road network",,
"3040002",3,"Inadequate staff",3,3
"3040002",2,"Inadequate facilities",,
"3040004",6,"Inadequate funding",2,2
"3040004",1,"Delayed remittance of fu",,
"3040004",4,"Wide road network",,
"3040004",9,"Other",1,2
"3040004",7,"Low pay to staff",,
"3040004",5,"Lack of peoples' interes",,
"3040004",8,"Insecurity",,
"3040004",2,"Inadequate facilities",,
"3040007",5,"Lack of peoples' interes",,
"3040007",1,"Delayed remittance of fu",,
"3040007",2,"Inadequate facilities",,
"3040007",4,"Wide road network",,
"3040007",9,"Other",2,2
"3040007",6,"Inadequate funding",1,3
"3040007",8,"Insecurity",,
"3040007",7,"Low pay to staff",,
"3040009",9,"Other",,
"3040009",7,"Low pay to staff",,
"3040009",4,"Wide road network",,
"3040009",3,"Inadequate staff",,
"3040009",6,"Inadequate funding",1,2
"3040009",8,"Insecurity",,
"3040009",1,"Delayed remittance of fu",2,2
"3040009",2,"Inadequate facilities",,
"3040014",5,"Lack of peoples' interes",3,1
"3040014",8,"Insecurity",,
"3040014",3,"Inadequate staff",,
"3040014",7,"Low pay to staff",,
"3040014",2,"Inadequate facilities",,
"3040014",1,"Delayed remittance of fu",,
"3040014",9,"Other",1,2
"3040014",6,"Inadequate funding",2,3
"3050001",4,"Wide road network",,
"3050001",9,"Other",2,1
"3050001",5,"Lack of peoples' interes",,
"3050001",6,"Inadequate funding",3,1
"3050001",2,"Inadequate facilities",,
"3050001",1,"Delayed remittance of fu",1,1
"3050001",3,"Inadequate staff",,
"3050001",7,"Low pay to staff",,
"3060006",6,"Inadequate funding",3,1
"3060006",1,"Delayed remittance of fu",,
"3060006",5,"Lack of peoples' interes",1,3
"3060006",3,"Inadequate staff",,
"3060006",7,"Low pay to staff",,
"3060006",4,"Wide road network",,
"3070002",7,"Low pay to staff",,
"3070002",9,"Other",1,3
"3070002",4,"Wide road network",,
"3070002",2,"Inadequate facilities",,
"3070002",5,"Lack of peoples' interes",2,3
"3070002",3,"Inadequate staff",,
"3070002",1,"Delayed remittance of fu",,
"3070002",6,"Inadequate funding",,
"3070005",2,"Inadequate facilities",,
"3070005",3,"Inadequate staff",,
"3070005",4,"Wide road network",,
"3070005",9,"Other",2,2
"3070005",5,"Lack of peoples' interes",,
"3070005",1,"Delayed remittance of fu",,
"3070005",6,"Inadequate funding",1,3
"3070005",8,"Insecurity",,
"3070007",7,"Low pay to staff",,
"3070007",8,"Insecurity",,
"3070007",1,"Delayed remittance of fu",,
"3070007",3,"Inadequate staff",,
"3070007",2,"Inadequate facilities",,
"3070007",9,"Other",2,2
"3070007",5,"Lack of peoples' interes",,
"3070007",6,"Inadequate funding",1,2
"3070012",7,"Low pay to staff",,
"3070012",2,"Inadequate facilities",,
"3070012",8,"Insecurity",,
"3070012",1,"Delayed remittance of fu",,
"3070012",4,"Wide road network",,
"3070012",9,"Other",1,2
"3070012",5,"Lack of peoples' interes",2,1
"3070012",6,"Inadequate funding",,
"3070017",8,"Insecurity",,
"3070017",6,"Inadequate funding",,
"3070017",4,"Wide road network",,
"3070017",1,"Delayed remittance of fu",,
"3070017",5,"Lack of peoples' interes",1,2
"3070017",7,"Low pay to staff",,
"3070017",9,"Other",2,2
"3070017",3,"Inadequate staff",,
"3070018",2,"Inadequate facilities",,
"3070018",7,"Low pay to staff",,
"3070018",6,"Inadequate funding",,
"3070018",5,"Lack of peoples' interes",1,2
"3070018",3,"Inadequate staff",,
"3070018",1,"Delayed remittance of fu",,
"3070018",8,"Insecurity",,
"3070018",9,"Other",2,2
"3070020",8,"Insecurity",,
"3070020",3,"Inadequate staff",,
"3070020",5,"Lack of peoples' interes",,
"3070020",2,"Inadequate facilities",,
"3070020",6,"Inadequate funding",1,3
"3070020",1,"Delayed remittance of fu",,
"3070020",7,"Low pay to staff",3,2
"3070020",4,"Wide road network",,
"3070022",2,"Inadequate facilities",,
"3070022",3,"Inadequate staff",,
"3070022",4,"Wide road network",,
"3070022",6,"Inadequate funding",,
"3070022",5,"Lack of peoples' interes",,
"3070022",7,"Low pay to staff",,
"3070022",8,"Insecurity",,
"3070022",9,"Other",2,3
"3070023",6,"Inadequate funding",1,3
"3070023",8,"Insecurity",,
"3070023",3,"Inadequate staff",,
"3070023",4,"Wide road network",,
"3070023",7,"Low pay to staff",,
"3070023",2,"Inadequate facilities",,
"3070023",5,"Lack of peoples' interes",,
"3070023",9,"Other",2,2
"3080002",8,"Insecurity",,
"3080002",5,"Lack of peoples' interes",3,2
"3080002",7,"Low pay to staff",,
"3080002",6,"Inadequate funding",1,2
"3080002",1,"Delayed remittance of fu",,
"3080002",9,"Other",,
"3080002",4,"Wide road network",,
"3080002",3,"Inadequate staff",,
"3080004",9,"Other",,
"3080004",8,"Insecurity",2,2
"3080004",1,"Delayed remittance of fu",,
"3080004",4,"Wide road network",,
"3080004",6,"Inadequate funding",1,2
"3080004",2,"Inadequate facilities",,
"3080004",5,"Lack of peoples' interes",3,3
"3080004",7,"Low pay to staff",,
"3090001",1,"Delayed remittance of fu",,
"3090001",4,"Wide road network",,
"3090001",8,"Insecurity",,
"3090001",2,"Inadequate facilities",2,2
"3090001",6,"Inadequate funding",1,1
"3090001",5,"Lack of peoples' interes",,
"3090001",3,"Inadequate staff",,
"3090001",9,"Other",3,2
"3090002",9,"Other",2,2
"3090002",1,"Delayed remittance of fu",1,1
"3090002",4,"Wide road network",,
"3090002",8,"Insecurity",,
"3090002",3,"Inadequate staff",,
"3090002",2,"Inadequate facilities",,
"3090002",5,"Lack of peoples' interes",,
"3090002",7,"Low pay to staff",3,2
"3100001",9,"Other",3,2
"3100001",3,"Inadequate staff",,
"3100001",6,"Inadequate funding",1,2
"3100001",5,"Lack of peoples' interes",,
"3100001",8,"Insecurity",,
"3100001",7,"Low pay to staff",,
"3100001",1,"Delayed remittance of fu",,
"3100001",2,"Inadequate facilities",2,2
"3100004",7,"Low pay to staff",,
"3100004",9,"Other",,
"3100004",5,"Lack of peoples' interes",3,2
"3100004",1,"Delayed remittance of fu",2,1
"3100004",2,"Inadequate facilities",,
"3100004",3,"Inadequate staff",,
"3100004",4,"Wide road network",,
"3100004",6,"Inadequate funding",1,1
"3100006",8,"Insecurity",,
"3100006",9,"Other",,
"3100006",1,"Delayed remittance of fu",,
"3100006",6,"Inadequate funding",2,3
"3100006",4,"Wide road network",,
"3100006",2,"Inadequate facilities",,
"3100006",5,"Lack of peoples' interes",1,2
"3100006",7,"Low pay to staff",,
"3100007",1,"Delayed remittance of fu",2,2
"3100007",5,"Lack of peoples' interes",,
"3100007",8,"Insecurity",,
"3100007",3,"Inadequate staff",,
"3100007",6,"Inadequate funding",1,3
"3100007",7,"Low pay to staff",,
"3100007",4,"Wide road network",,
"3100007",2,"Inadequate facilities",,
"3100008",1,"Delayed remittance of fu",1,1
"3100008",7,"Low pay to staff",,
"3100008",6,"Inadequate funding",2,2
"3100008",3,"Inadequate staff",,
"3100008",4,"Wide road network",,
"3100008",5,"Lack of peoples' interes",3,2
"3100008",2,"Inadequate facilities",,
"3100008",9,"Other",,
"3100009",7,"Low pay to staff",,
"3100009",9,"Other",2,2
"3100009",1,"Delayed remittance of fu",3,2
"3100009",2,"Inadequate facilities",,
"3100009",4,"Wide road network",,
"3100009",5,"Lack of peoples' interes",,
"3100009",3,"Inadequate staff",,
"3100009",8,"Insecurity",,
"3100010",5,"Lack of peoples' interes",,
"3100010",8,"Insecurity",,
"3100010",1,"Delayed remittance of fu",2,3
"3100010",2,"Inadequate facilities",,
"3100010",9,"Other",3,2
"3100010",7,"Low pay to staff",,
"3100010",6,"Inadequate funding",1,3
"3100010",3,"Inadequate staff",,
"3100012",4,"Wide road network",,
"3100012",1,"Delayed remittance of fu",,
"3100012",3,"Inadequate staff",3,2
"3100012",5,"Lack of peoples' interes",1,3
"3100012",9,"Other",,
"3100012",6,"Inadequate funding",1,3
"3100012",2,"Inadequate facilities",2,2
"3100012",7,"Low pay to staff",,
"3110001",7,"Low pay to staff",,
"3110001",8,"Insecurity",,
"3110001",3,"Inadequate staff",,
"3110001",2,"Inadequate facilities",1,2
"3110001",1,"Delayed remittance of fu",3,3
"3110001",4,"Wide road network",,
"3110001",5,"Lack of peoples' interes",,
"3110001",9,"Other",,
"3110003",6,"Inadequate funding",2,3
"3110003",1,"Delayed remittance of fu",3,3
"3110003",2,"Inadequate facilities",1,2
"3110003",4,"Wide road network",,
"3110003",3,"Inadequate staff",,
"3110003",7,"Low pay to staff",,
"3110003",9,"Other",,
"3110003",5,"Lack of peoples' interes",,
"3130001",1,"Delayed remittance of fu",2,1
"3130001",5,"Lack of peoples' interes",3,2
"3130001",9,"Other",,
"3130001",2,"Inadequate facilities",,
"3130001",6,"Inadequate funding",1,2
"3130001",4,"Wide road network",,
"3130001",7,"Low pay to staff",,
"3130001",3,"Inadequate staff",,
"3130002",4,"Wide road network",,
"3130002",8,"Insecurity",,
"3130002",9,"Other",1,2
"3130002",5,"Lack of peoples' interes",,
"3130002",6,"Inadequate funding",,
"3130002",7,"Low pay to staff",,
"3130002",2,"Inadequate facilities",,
"3130002",1,"Delayed remittance of fu",,
"3130003",4,"Wide road network",,
"3130003",2,"Inadequate facilities",,
"3130003",5,"Lack of peoples' interes",,
"3130003",6,"Inadequate funding",,
"3130003",1,"Delayed remittance of fu",,
"3130003",7,"Low pay to staff",,
"3130003",8,"Insecurity",,
"3130003",3,"Inadequate staff",,
"3150016",7,"Low pay to staff",,
"3150016",4,"Wide road network",,
"3150016",5,"Lack of peoples' interes",3,1
"3150016",2,"Inadequate facilities",,
"3150016",3,"Inadequate staff",,
"3150016",8,"Insecurity",,
"3150016",9,"Other",2,3
"3150016",6,"Inadequate funding",1,3
"3160016",1,"Delayed remittance of fu",,
"3160016",4,"Wide road network",,
"3160016",2,"Inadequate facilities",,
"3160016",8,"Insecurity",1,1
"3160016",9,"Other",2,2
"3160016",3,"Inadequate staff",,
"3160016",6,"Inadequate funding",,
"3160016",7,"Low pay to staff",,
"3170009",6,"Inadequate funding",,
"3170009",5,"Lack of peoples' interes",,
"3170009",8,"Insecurity",,
"3170009",9,"Other",3,3
"3170009",3,"Inadequate staff",,
"3170009",7,"Low pay to staff",,
"3170009",4,"Wide road network",,
"3170009",2,"Inadequate facilities",,
"3170010",5,"Lack of peoples' interes",,
"3170010",1,"Delayed remittance of fu",1,2
"3170010",4,"Wide road network",,
"3170010",3,"Inadequate staff",,
"3170010",7,"Low pay to staff",,
"3170010",8,"Insecurity",,
"3170010",9,"Other",2,2
"3170010",2,"Inadequate facilities",,
"3170011",3,"Inadequate staff",3,2
"3170011",6,"Inadequate funding",1,2
"3170011",8,"Insecurity",,
"3170011",5,"Lack of peoples' interes",,
"3170011",9,"Other",2,2
"3170011",4,"Wide road network",,
"3170011",1,"Delayed remittance of fu",,
"3170011",7,"Low pay to staff",,
"3180001",8,"Insecurity",,
"3180001",9,"Other",,
"3180001",4,"Wide road network",,
"3180001",6,"Inadequate funding",1,2
"3180001",7,"Low pay to staff",,
"3180001",2,"Inadequate facilities",,
"3180001",5,"Lack of peoples' interes",,
"3180001",3,"Inadequate staff",2,3
"3180002",9,"Other",,
"3180002",6,"Inadequate funding",2,2
"3180002",5,"Lack of peoples' interes",,
"3180002",8,"Insecurity",,
"3180002",2,"Inadequate facilities",1,2
"3180002",7,"Low pay to staff",,
"3180002",1,"Delayed remittance of fu",,
"3180002",4,"Wide road network",,
"3180003",6,"Inadequate funding",1,2
"3180003",9,"Other",,
"3180003",4,"Wide road network",,
"3180003",3,"Inadequate staff",2,2
"3180003",2,"Inadequate facilities",3,2
"3180003",5,"Lack of peoples' interes",,
"3180003",7,"Low pay to staff",,
"3180003",1,"Delayed remittance of fu",,
"3180004",4,"Wide road network",,
"3180004",7,"Low pay to staff",,
"3180004",5,"Lack of peoples' interes",,
"3180004",1,"Delayed remittance of fu",3,2
"3180004",6,"Inadequate funding",1,2
"3180004",3,"Inadequate staff",,
"3180004",2,"Inadequate facilities",2,2
"3180004",9,"Other",,
"3190005",8,"Insecurity",,
"3190005",9,"Other",,
"3190005",7,"Low pay to staff",,
"3190005",4,"Wide road network",,
"3190005",6,"Inadequate funding",1,3
"3190005",5,"Lack of peoples' interes",,
"3190005",2,"Inadequate facilities",2,2
"3190005",3,"Inadequate staff",,1
"3190012",9,"Other",,
"3190012",4,"Wide road network",,
"3190012",8,"Insecurity",,
"3190012",7,"Low pay to staff",,
"3190012",3,"Inadequate staff",,
"3190012",2,"Inadequate facilities",,
"3190012",5,"Lack of peoples' interes",2,2
"3190012",6,"Inadequate funding",1,1
"3200018",8,"Insecurity",,
"3200018",4,"Wide road network",,
"3200018",2,"Inadequate facilities",,
"3200018",6,"Inadequate funding",2,1
"3200018",5,"Lack of peoples' interes",1,1
"3200018",1,"Delayed remittance of fu",,
"3200018",3,"Inadequate staff",,
"3200018",9,"Other",,
"3200021",6,"Inadequate funding",1,1
"3200021",2,"Inadequate facilities",,
"3200021",3,"Inadequate staff",,
"3200021",8,"Insecurity",,
"3200021",9,"Other",,
"3200021",5,"Lack of peoples' interes",2,2
"3200021",1,"Delayed remittance of fu",3,2
"3200021",4,"Wide road network",,
"3200024",8,"Insecurity",,
"3200024",4,"Wide road network",,
"3200024",7,"Low pay to staff",,
"3200024",9,"Other",2,2
"3200024",3,"Inadequate staff",,
"3200024",6,"Inadequate funding",1,2
"3200024",2,"Inadequate facilities",,
"3200024",1,"Delayed remittance of fu",,
"3200027",1,"Delayed remittance of fu",,
"3200027",9,"Other",2,2
"3200027",2,"Inadequate facilities",,
"3200027",5,"Lack of peoples' interes",3,1
"3200027",8,"Insecurity",,
"3200027",7,"Low pay to staff",,
"3200027",4,"Wide road network",,
"3200027",3,"Inadequate staff",,
"3200030",7,"Low pay to staff",,
"3200030",9,"Other",,
"3200030",5,"Lack of peoples' interes",3,2
"3200030",3,"Inadequate staff",,
"3200030",4,"Wide road network",,
"3200030",2,"Inadequate facilities",,
"3200030",1,"Delayed remittance of fu",2,2
"3200030",8,"Insecurity",,
"3210021",7,"Low pay to staff",,
"3210021",2,"Inadequate facilities",,
"3210021",3,"Inadequate staff",2,2
"3210021",5,"Lack of peoples' interes",,
"3210021",4,"Wide road network",,
"3210021",1,"Delayed remittance of fu",2,3
"3210021",6,"Inadequate funding",1,3
"3210021",8,"Insecurity",,
"3210023",8,"Insecurity",,
"3210023",7,"Low pay to staff",,
"3210023",9,"Other",,
"3210023",6,"Inadequate funding",2,2
"3210023",3,"Inadequate staff",,
"3210023",2,"Inadequate facilities",1,2
"3210023",5,"Lack of peoples' interes",,
"3210023",1,"Delayed remittance of fu",3,2
"3210028",6,"Inadequate funding",,
"3210028",8,"Insecurity",,
"3210028",2,"Inadequate facilities",,
"3210028",7,"Low pay to staff",,
"3210028",3,"Inadequate staff",,
"3210028",1,"Delayed remittance of fu",,
"3210028",4,"Wide road network",,
"3210028",5,"Lack of peoples' interes",,
"3210030",6,"Inadequate funding",,
"3210030",1,"Delayed remittance of fu",2,2
"3210030",3,"Inadequate staff",,
"3210030",2,"Inadequate facilities",,
"3210030",9,"Other",1,2
"3210030",5,"Lack of peoples' interes",,
"3210030",8,"Insecurity",,
"3210030",7,"Low pay to staff",3,2
"4010005",7,"Low pay to staff",,
"4010005",9,"Other",2,2
"4010005",3,"Inadequate staff",,
"4010005",5,"Lack of peoples' interes",,
"4010005",4,"Wide road network",,
"4010005",6,"Inadequate funding",1,3
"4010005",1,"Delayed remittance of fu",,
"4010005",2,"Inadequate facilities",,
"4020016",5,"Lack of peoples' interes",1,2
"4020016",2,"Inadequate facilities",,
"4020016",7,"Low pay to staff",,
"4020016",4,"Wide road network",,
"4020016",1,"Delayed remittance of fu",2,2
"4020016",6,"Inadequate funding",,
"4020016",8,"Insecurity",,
"4020016",3,"Inadequate staff",,
"4020020",9,"Other",,
"4020020",1,"Delayed remittance of fu",,
"4020020",8,"Insecurity",,
"4020020",3,"Inadequate staff",3,3
"4020020",2,"Inadequate facilities",2,2
"4020020",4,"Wide road network",,
"4020020",6,"Inadequate funding",1,1
"4020020",7,"Low pay to staff",,
"4020025",3,"Inadequate staff",2,2
"4020025",7,"Low pay to staff",,
"4020025",2,"Inadequate facilities",,
"4020025",8,"Insecurity",,
"4020025",1,"Delayed remittance of fu",,
"4020025",9,"Other",1,3
"4020025",4,"Wide road network",,
"4020025",6,"Inadequate funding",,
"4020030",1,"Delayed remittance of fu",,
"4020030",2,"Inadequate facilities",,
"4020030",3,"Inadequate staff",,
"4020030",5,"Lack of peoples' interes",1,2
"4020030",7,"Low pay to staff",,
"4020030",6,"Inadequate funding",2,3
"4020030",8,"Insecurity",,
"4020030",9,"Other",3,3
"4060008",5,"Lack of peoples' interes",,
"4060008",8,"Insecurity",,
"4060008",4,"Wide road network",2,2
"4060008",6,"Inadequate funding",1,2
"4060008",1,"Delayed remittance of fu",,
"4060008",2,"Inadequate facilities",3,2
"4060008",3,"Inadequate staff",,
"4060008",7,"Low pay to staff",,
"4060010",2,"Inadequate facilities",2,2
"4060010",4,"Wide road network",,
"4060010",7,"Low pay to staff",,
"4060010",8,"Insecurity",3,2
"4060010",3,"Inadequate staff",,
"4060010",1,"Delayed remittance of fu",,
"4060010",6,"Inadequate funding",,
"4060010",9,"Other",1,3
"4070005",3,"Inadequate staff",,
"4070005",4,"Wide road network",,
"4070005",8,"Insecurity",,
"4070005",7,"Low pay to staff",,
"4070005",1,"Delayed remittance of fu",,
"4070005",9,"Other",,
"4070005",6,"Inadequate funding",3,2
"4070005",5,"Lack of peoples' interes",2,2
"4080002",7,"Low pay to staff",,
"4080002",3,"Inadequate staff",,
"4080002",6,"Inadequate funding",2,2
"4080002",5,"Lack of peoples' interes",,
"4080002",4,"Wide road network",,
"4080002",1,"Delayed remittance of fu",,
"4080002",8,"Insecurity",,
"4080002",2,"Inadequate facilities",,
"4090002",5,"Lack of peoples' interes",3,1
"4090002",7,"Low pay to staff",3,1
"4090002",9,"Other",1,1
"4090002",6,"Inadequate funding",2,1
"4090002",8,"Insecurity",1,1
"4090002",3,"Inadequate staff",1,3
"4090002",1,"Delayed remittance of fu",2,1
"4090002",2,"Inadequate facilities",1,3
"4090005",8,"Insecurity",,
"4090005",9,"Other",1,3
"4090005",1,"Delayed remittance of fu",,
"4090005",5,"Lack of peoples' interes",,
"4090005",6,"Inadequate funding",2,3
"4090005",3,"Inadequate staff",,
"4090005",4,"Wide road network",,
"4090005",2,"Inadequate facilities",3,2
"4090009",7,"Low pay to staff",,
"4090009",1,"Delayed remittance of fu",2,2
"4090009",9,"Other",3,2
"4090009",2,"Inadequate facilities",,
"4090009",8,"Insecurity",,
"4090009",6,"Inadequate funding",,
"4090009",3,"Inadequate staff",,
"4090009",4,"Wide road network",,
"4100029",7,"Low pay to staff",,
"4100029",8,"Insecurity",,
"4100029",3,"Inadequate staff",,
"4100029",1,"Delayed remittance of fu",,
"4100029",5,"Lack of peoples' interes",3,3
"4100029",9,"Other",1,3
"4100029",4,"Wide road network",,
"4100029",2,"Inadequate facilities",,
"4100038",7,"Low pay to staff",,
"4100038",6,"Inadequate funding",3,2
"4100038",5,"Lack of peoples' interes",,
"4100038",8,"Insecurity",,
"4100038",9,"Other",1,2
"4100038",4,"Wide road network",,
"4100038",2,"Inadequate facilities",,
"4100038",1,"Delayed remittance of fu",2,2
"4110002",1,"Delayed remittance of fu",,
"4110002",7,"Low pay to staff",,
"4110002",5,"Lack of peoples' interes",,
"4110002",4,"Wide road network",,
"4110002",3,"Inadequate staff",,
"4110002",6,"Inadequate funding",1,1
"4110002",2,"Inadequate facilities",2,2
"4110002",8,"Insecurity",,
"4110004",3,"Inadequate staff",,
"4110004",4,"Wide road network",,
"4110004",1,"Delayed remittance of fu",2,3
"4110004",6,"Inadequate funding",1,3
"4110004",7,"Low pay to staff",,
"4110004",9,"Other",3,3
"4110004",8,"Insecurity",,
"4110004",5,"Lack of peoples' interes",,
"4110009",5,"Lack of peoples' interes",,
"4110009",9,"Other",2,2
"4110009",6,"Inadequate funding",,
"4110009",8,"Insecurity",,
"4110009",7,"Low pay to staff",,
"4110009",1,"Delayed remittance of fu",,
"4110009",2,"Inadequate facilities",3,2
"4110009",3,"Inadequate staff",1,2
"4120003",4,"Wide road network",,
"4120003",8,"Insecurity",,
"4120003",3,"Inadequate staff",,
"4120003",5,"Lack of peoples' interes",,
"4120003",2,"Inadequate facilities",3,2
"4120003",1,"Delayed remittance of fu",,
"4120003",7,"Low pay to staff",,
"4120003",6,"Inadequate funding",2,1
"4120005",6,"Inadequate funding",1,2
"4120005",2,"Inadequate facilities",3,3
"4120005",5,"Lack of peoples' interes",,
"4120005",7,"Low pay to staff",,
"4120005",8,"Insecurity",,
"4120005",1,"Delayed remittance of fu",,
"4120005",3,"Inadequate staff",,
"4120005",9,"Other",2,2
"4140003",2,"Inadequate facilities",,
"4140003",4,"Wide road network",,
"4140003",6,"Inadequate funding",,
"4140003",8,"Insecurity",,
"4140003",9,"Other",,
"4140003",5,"Lack of peoples' interes",3,3
"4140003",7,"Low pay to staff",,
"4140003",1,"Delayed remittance of fu",1,2
"4140005",2,"Inadequate facilities",,
"4140005",1,"Delayed remittance of fu",1,3
"4140005",8,"Insecurity",,
"4140005",5,"Lack of peoples' interes",2,3
"4140005",6,"Inadequate funding",,
"4140005",4,"Wide road network",,
"4140005",7,"Low pay to staff",,
"4140005",3,"Inadequate staff",,
"4150009",6,"Inadequate funding",3,2
"4150009",5,"Lack of peoples' interes",,
"4150009",8,"Insecurity",,
"4150009",2,"Inadequate facilities",,
"4150009",3,"Inadequate staff",2,2
"4150009",1,"Delayed remittance of fu",,
"4150009",9,"Other",1,2
"4150009",7,"Low pay to staff",,
"4160007",6,"Inadequate funding",3,2
"4160007",7,"Low pay to staff",,
"4160007",2,"Inadequate facilities",,
"4160007",4,"Wide road network",,
"4160007",3,"Inadequate staff",2,2
"4160007",9,"Other",1,1
"4160007",1,"Delayed remittance of fu",,
"4160007",8,"Insecurity",,
"4170008",6,"Inadequate funding",1,2
"4170008",8,"Insecurity",,
"4170008",7,"Low pay to staff",,
"4170008",3,"Inadequate staff",,
"4170008",9,"Other",,
"4170008",5,"Lack of peoples' interes",,
"4170008",4,"Wide road network",,
"4170008",1,"Delayed remittance of fu",2,3
"4170014",9,"Other",,
"4170014",8,"Insecurity",,
"4170014",6,"Inadequate funding",1,3
"4170014",2,"Inadequate facilities",,
"4170014",3,"Inadequate staff",3,3
"4170014",5,"Lack of peoples' interes",,
"4170014",4,"Wide road network",,
"4170014",7,"Low pay to staff",,
"4180011",8,"Insecurity",,
"4180011",7,"Low pay to staff",,
"4180011",6,"Inadequate funding",,
"4180011",9,"Other",1,2
"4180011",5,"Lack of peoples' interes",,
"4180011",3,"Inadequate staff",,
"4180011",4,"Wide road network",,
"4180011",2,"Inadequate facilities",2,2
"4180020",9,"Other",1,3
"4180020",7,"Low pay to staff",,
"4180020",4,"Wide road network",,
"4180020",5,"Lack of peoples' interes",,
"4180020",1,"Delayed remittance of fu",,
"4180020",2,"Inadequate facilities",3,3
"4180020",8,"Insecurity",,
"4180020",3,"Inadequate staff",,
"4180023",7,"Low pay to staff",2,2
"4180023",5,"Lack of peoples' interes",,
"4180023",9,"Other",,
"4180023",6,"Inadequate funding",1,2
"4180023",3,"Inadequate staff",,
"4180023",4,"Wide road network",,
"4180023",1,"Delayed remittance of fu",,
"4180023",8,"Insecurity",,
"4190035",3,"Inadequate staff",,
"4190035",4,"Wide road network",,
"4190035",2,"Inadequate facilities",,
"4190035",5,"Lack of peoples' interes",,
"4190035",9,"Other",2,2
"4190035",6,"Inadequate funding",1,2
"4190035",7,"Low pay to staff",,
"4190035",1,"Delayed remittance of fu",3,3
