"comcod","c3csn","c3cq21","c3cq22","c3cq23","c3cq24"
"1010002",,,,,
"1020001",2,"Piped water outside school",,,
"1020002",3,"Bore hole at school",,,
"1020003",,,,,
"1020004",9,"Other (specify)",,,
"1020005",,,,,
"1020006",8,"None",,,
"1020007",5,"Rain water",,,
"1020008",8,"None",,,
"1020009",2,"Piped water outside school",,,
"1020010",4,"Bore hole outside school",,,
"1020011",,,,,
"1020012",8,"None",,,
"1020013",,,,,
"1020014",8,"None",,,
"1020015",6,"Protected spring/well",,,
"1020016",,,,,
"1020017",,,,,
"1020018",,,,,
"1020019",3,"Bore hole at school",,,
"1020020",8,"None",,,
"1020021",9,"Other (specify)",,,
"1020022",1,"Piped water at school",1,0,1
"1020023",7,"Lake/river/stream/dam/pond",,,
"1020024",6,"Protected spring/well",,,
"1020025",2,"Piped water outside school",,,
"1020026",8,"None",,,
"1020027",7,"Lake/river/stream/dam/pond",,,
"1020028",8,"None",,,
"1020029",,,,,
"1020030",,,,,
"1020031",9,"Other (specify)",,,
"1020032",,,,,
"1020033",1,"Piped water at school",1,0,1
"1020034",,,,,
"1030003",2,"Piped water outside school",,,
"1030005",8,"None",,,
"1040002",8,"None",,,
"1040004",7,"Lake/river/stream/dam/pond",,,
"1040006",1,"Piped water at school",,,
"1040008",1,"Piped water at school",,,
"1050001",9,"Other (specify)",,,
"1050003",,,,,
"1050004",4,"Bore hole outside school",2,4,1
"1050008",7,"Lake/river/stream/dam/pond",,,
"1050012",1,"Piped water at school",,,
"1050015",,,,,
"1050019",2,"Piped water outside school",,,
"1050023",5,"Rain water",,,
"1050026",8,"None",,,
"1050030",3,"Bore hole at school",,,
"1050033",8,"None",,,
"1060003",5,"Rain water",1,0,2
"1060005",1,"Piped water at school",,,
"1060007",,,,,
"1060009",1,"Piped water at school",,,
"1070001",,,,,
"1070002",5,"Rain water",2,0,2
"1070008",4,"Bore hole outside school",,,
"1070012",3,"Bore hole at school",,,
"1070016",5,"Rain water",,,
"1070020",4,"Bore hole outside school",,,
"1070023",8,"None",,,
"1080002",,,,,
"1080003",3,"Bore hole at school",,,
"1080006",6,"Protected spring/well",1,0,2
"1080009",6,"Protected spring/well",1,1.5,1
"1080013",,,,,
"1080016",,,,,
"1080020",8,"None",,,
"1080023",2,"Piped water outside school",1,0,1
"1080027",2,"Piped water outside school",,,
"1080030",3,"Bore hole at school",1,0,1
"1080033",9,"Other (specify)",2,1,1
"1090004",,,,,
"1100001",3,"Bore hole at school",2,1.29999995231628,2
"1100005",,,,,
"1100007",8,"None",,,
"1100009",7,"Lake/river/stream/dam/pond",,,
"1100012",1,"Piped water at school",,,
"1110001",2,"Piped water outside school",,,
"1110003",6,"Protected spring/well",,,
"1110005",3,"Bore hole at school",,,
"1120001",3,"Bore hole at school",,,
"1120003",9,"Other (specify)",,,
"1120006",5,"Rain water",,,
"1130002",,,,,
"1130003",4,"Bore hole outside school",,,
"1130004",1,"Piped water at school",1,0,1
"1130006",9,"Other (specify)",,,
"1130007",1,"Piped water at school",,,
"1130008",1,"Piped water at school",,,
"1130010",3,"Bore hole at school",,,
"1130012",4,"Bore hole outside school",2,0,2
"1130014",2,"Piped water outside school",,,
"1130016",4,"Bore hole outside school",,,
"1130019",8,"None",,,
"1130021",,,,,
"1130023",1,"Piped water at school",1,0,1
"1130025",9,"Other (specify)",,,
"1140003",9,"Other (specify)",,,
"1150004",6,"Protected spring/well",,,
"1150027",6,"Protected spring/well",,,
"1150031",,,,,
"1160011",3,"Bore hole at school",,,
"1160013",3,"Bore hole at school",,,
"2010004",9,"Other (specify)",,,
"2010006",3,"Bore hole at school",1,0,1
"2010008",4,"Bore hole outside school",1,0,1
"2010009",3,"Bore hole at school",1,0,1
"2020001",,,,,
"2020005",,,,,
"2020007",9,"Other (specify)",,,
"2030001",8,"None",,,
"2030004",,,,,
"2030008",,,,,
"2030018",2,"Piped water outside school",,,
"2030023",4,"Bore hole outside school",,,
"2030028",5,"Rain water",,,
"2030033",6,"Protected spring/well",,,
"2040002",5,"Rain water",2,0,2
"2040006",9,"Other (specify)",,,
"2040009",2,"Piped water outside school",,,
"2040012",4,"Bore hole outside school",,,
"2040014",4,"Bore hole outside school",2,0,2
"2040015",2,"Piped water outside school",1,0.5,1
"2050001",2,"Piped water outside school",,,
"2050004",6,"Protected spring/well",,,
"2050009",9,"Other (specify)",,,
"2050013",7,"Lake/river/stream/dam/pond",,,
"2050017",7,"Lake/river/stream/dam/pond",,,
"2050030",2,"Piped water outside school",,,
"2060003",2,"Piped water outside school",,,
"2070005",6,"Protected spring/well",,,
"2070006",3,"Bore hole at school",1,0,1
"2080001",4,"Bore hole outside school",,,
"2080005",7,"Lake/river/stream/dam/pond",,,
"2080007",9,"Other (specify)",,,
"2080008",9,"Other (specify)",,,
"2090003",4,"Bore hole outside school",,,
"2090006",7,"Lake/river/stream/dam/pond",,,
"2090033",2,"Piped water outside school",,,
"2100002",1,"Piped water at school",,,
"2100004",,,,,
"2100006",3,"Bore hole at school",,,
"2100007",7,"Lake/river/stream/dam/pond",,,
"2110003",,,,,
"2110004",8,"None",,,
"2110006",1,"Piped water at school",2,0,2
"2110007",4,"Bore hole outside school",,,
"2110009",7,"Lake/river/stream/dam/pond",,,
"2120003",,,,,
"2120008",3,"Bore hole at school",,,
"2120009",7,"Lake/river/stream/dam/pond",,,
"2120011",8,"None",,,
"2120013",9,"Other (specify)",,,
"2140002",8,"None",,,
"2140003",4,"Bore hole outside school",,,
"2150001",3,"Bore hole at school",2,0,1
"2150002",5,"Rain water",3,0,2
"2150004",5,"Rain water",3,0,2
"2150006",4,"Bore hole outside school",,,
"2150007",9,"Other (specify)",,,
"2160003",6,"Protected spring/well",,,
"2170009",7,"Lake/river/stream/dam/pond",,,
"2180037",,,,,
"2190003",3,"Bore hole at school",2,0.5,1
"2200001",4,"Bore hole outside school",,,
"2210006",8,"None",,,
"2220022",1,"Piped water at school",,,
"2220026",5,"Rain water",,,
"2230011",3,"Bore hole at school",,,
"2230014",4,"Bore hole outside school",,,
"2230018",5,"Rain water",,,
"2230022",3,"Bore hole at school",,,
"2230026",2,"Piped water outside school",,,
"2230029",,,,,
"2240013",3,"Bore hole at school",1,0,1
"3010003",2,"Piped water outside school",,,
"3020002",1,"Piped water at school",,,
"3020003",2,"Piped water outside school",,,
"3020005",6,"Protected spring/well",,,
"3020008",8,"None",,,
"3020010",1,"Piped water at school",,,
"3020013",1,"Piped water at school",,,
"3020016",8,"None",,,
"3020018",4,"Bore hole outside school",1,0.300000011920929,2
"3020035",9,"Other (specify)",,,
"3030002",4,"Bore hole outside school",,,
"3030006",3,"Bore hole at school",1,0,1
"3030009",8,"None",,,
"3030015",6,"Protected spring/well",2,1,1
"3030033",3,"Bore hole at school",2,0.100000001490116,1
"3040002",5,"Rain water",2,0,2
"3040004",1,"Piped water at school",,,
"3040007",3,"Bore hole at school",1,0,1
"3040009",1,"Piped water at school",,,
"3040014",9,"Other (specify)",,,
"3050001",7,"Lake/river/stream/dam/pond",,,
"3060006",5,"Rain water",2,0,2
"3060007",,,,,
"3070002",8,"None",,,
"3070005",8,"None",,,
"3070007",5,"Rain water",,,
"3070012",9,"Other (specify)",,,
"3070017",8,"None",,,
"3070018",1,"Piped water at school",,,
"3070020",2,"Piped water outside school",,,
"3070022",9,"Other (specify)",2,0.5,2
"3070023",3,"Bore hole at school",1,0,1
"3070025",6,"Protected spring/well",,,
"3080001",1,"Piped water at school",,,
"3080002",5,"Rain water",,,
"3080004",5,"Rain water",2,0,2
"3090001",8,"None",,,
"3090002",9,"Other (specify)",,,
"3100001",7,"Lake/river/stream/dam/pond",,,
"3100004",6,"Protected spring/well",1,0.5,1
"3100006",8,"None",,,
"3100007",2,"Piped water outside school",,,
"3100008",4,"Bore hole outside school",,,
"3100009",4,"Bore hole outside school",1,0.200000002980232,1
"3100010",3,"Bore hole at school",,,
"3100012",3,"Bore hole at school",,,
"3110001",2,"Piped water outside school",,,
"3110003",9,"Other (specify)",,,
"3110004",8,"None",,,
"3130001",3,"Bore hole at school",1,0,1
"3130002",8,"None",,,
"3130003",1,"Piped water at school",,,
"3150016",1,"Piped water at school",,,
"3160016",7,"Lake/river/stream/dam/pond",,,
"3170009",3,"Bore hole at school",1,0,2
"3170010",4,"Bore hole outside school",1,1,1
"3170011",8,"None",,,
"3180001",6,"Protected spring/well",,,
"3180002",7,"Lake/river/stream/dam/pond",,,
"3180003",7,"Lake/river/stream/dam/pond",,,
"3180004",1,"Piped water at school",,,
"3190005",4,"Bore hole outside school",1,0.200000002980232,1
"3190012",7,"Lake/river/stream/dam/pond",,,
"3200018",9,"Other (specify)",,,
"3200021",9,"Other (specify)",,,
"3200024",9,"Other (specify)",,,
"3200027",1,"Piped water at school",,,
"3200030",3,"Bore hole at school",1,0,1
"3210021",4,"Bore hole outside school",1,0.300000011920929,1
"3210023",7,"Lake/river/stream/dam/pond",,,
"3210028",1,"Piped water at school",,,
"3210030",7,"Lake/river/stream/dam/pond",,,
"4010003",,,,,
"4010005",,,,,
"4020002",,,,,
"4020007",,,,,
"4020011",,,,,
"4020016",8,"None",,,
"4020020",4,"Bore hole outside school",,,
"4020025",7,"Lake/river/stream/dam/pond",,,
"4020030",,,,,
"4030002",4,"Bore hole outside school",,,
"4030004",7,"Lake/river/stream/dam/pond",,,
"4030006",,,,,
"4030007",,,,,
"4030009",,,,,
"4040003",,,,,
"4040006",7,"Lake/river/stream/dam/pond",,,
"4040008",8,"None",,,
"4040010",,,,,
"4040012",1,"Piped water at school",,,
"4050002",8,"None",,,
"4050005",,,,,
"4050006",9,"Other (specify)",,,
"4050008",,,,,
"4050010",3,"Bore hole at school",,,
"4060003",5,"Rain water",,,
"4060008",3,"Bore hole at school",,,
"4060010",4,"Bore hole outside school",,,
"4060011",4,"Bore hole outside school",,,
"4060013",7,"Lake/river/stream/dam/pond",,,
"4070002",,,,,
"4070003",5,"Rain water",,,
"4070005",8,"None",,,
"4070007",7,"Lake/river/stream/dam/pond",1,0.25,1
"4070009",,,,,
"4080002",,,,,
"4080004",9,"Other (specify)",,,
"4090002",2,"Piped water outside school",1,0,8
"4090005",3,"Bore hole at school",,,
"4090009",1,"Piped water at school",,,
"4090011",1,"Piped water at school",,,
"4100001",,,,,
"4100005",,,,,
"4100026",4,"Bore hole outside school",1,3,1
"4100029",,,,,
"4100038",5,"Rain water",,,
"4110002",,,,,
"4110004",,,,,
"4110006",,,,,
"4110007",,,,,
"4110009",,,,,
"4120003",7,"Lake/river/stream/dam/pond",,,
"4120005",2,"Piped water outside school",,,
"4130002",4,"Bore hole outside school",,,
"4130003",2,"Piped water outside school",,,
"4130005",6,"Protected spring/well",,,
"4140001",,,,,
"4140003",5,"Rain water",,,
"4140005",,,,,
"4150002",5,"Rain water",,,
"4150004",,,,,
"4150006",,,,,
"4150007",1,"Piped water at school",2,0,2
"4150009",4,"Bore hole outside school",,,
"4160007",2,"Piped water outside school",,,
"4170008",6,"Protected spring/well",,,
"4170014",1,"Piped water at school",,,
"4170017",,,,,
"4180011",5,"Rain water",1,0,2
"4180020",9,"Other (specify)",2,0,1
"4180023",5,"Rain water",1,0,2
"4190032",,,,,
"4190035",5,"Rain water",2,0,2
"1020001",1,"Piped water at school",1,0,1
"1020001",9,"Other (specify)",,,
"1020001",7,"Lake/river/stream/dam/pond",,,
"1020001",3,"Bore hole at school",,,
"1020001",8,"None",,,
"1020001",6,"Protected spring/well",,,
"1020001",5,"Rain water",,,
"1020001",4,"Bore hole outside school",,,
"1020002",5,"Rain water",,,
"1020002",7,"Lake/river/stream/dam/pond",,,
"1020002",6,"Protected spring/well",2,0.100000001490116,1
"1020002",2,"Piped water outside school",,,
"1020002",1,"Piped water at school",1,0,1
"1020002",4,"Bore hole outside school",,,
"1020002",9,"Other (specify)",,,
"1020002",8,"None",,,
"1020004",4,"Bore hole outside school",,,
"1020004",5,"Rain water",2,0,2
"1020004",3,"Bore hole at school",,,
"1020004",1,"Piped water at school",1,0,2
"1020004",2,"Piped water outside school",,,
"1020004",8,"None",,,
"1020004",6,"Protected spring/well",3,1,1
"1020004",7,"Lake/river/stream/dam/pond",,,
"1020006",9,"Other (specify)",,,
"1020006",4,"Bore hole outside school",,,
"1020006",5,"Rain water",2,0,2
"1020006",7,"Lake/river/stream/dam/pond",,,
"1020006",2,"Piped water outside school",,,
"1020006",1,"Piped water at school",1,0.100000001490116,1
"1020006",6,"Protected spring/well",3,0.5,1
"1020006",3,"Bore hole at school",,,
"1020007",1,"Piped water at school",1,0,1
"1020007",7,"Lake/river/stream/dam/pond",,,
"1020007",4,"Bore hole outside school",,,
"1020007",8,"None",,,
"1020007",6,"Protected spring/well",,,
"1020007",2,"Piped water outside school",,,
"1020007",9,"Other (specify)",,,
"1020007",3,"Bore hole at school",,,
"1020008",3,"Bore hole at school",,,
"1020008",1,"Piped water at school",1,0,1
"1020008",6,"Protected spring/well",,,
"1020008",5,"Rain water",2,0,2
"1020008",2,"Piped water outside school",,,
"1020008",4,"Bore hole outside school",,,
"1020008",7,"Lake/river/stream/dam/pond",,,
"1020008",9,"Other (specify)",,,
"1020009",4,"Bore hole outside school",,,
"1020009",6,"Protected spring/well",,,
"1020009",8,"None",,,
"1020009",3,"Bore hole at school",,,
"1020009",1,"Piped water at school",1,0,1
"1020009",7,"Lake/river/stream/dam/pond",,,
"1020009",9,"Other (specify)",,,
"1020009",5,"Rain water",,,
"1020010",3,"Bore hole at school",,,
"1020010",9,"Other (specify)",,,
"1020010",6,"Protected spring/well",,,
"1020010",2,"Piped water outside school",,,
"1020010",8,"None",,,
"1020010",7,"Lake/river/stream/dam/pond",,,
"1020010",1,"Piped water at school",1,0,1
"1020010",5,"Rain water",2,0,2
"1020012",9,"Other (specify)",,,
"1020012",2,"Piped water outside school",,,
"1020012",5,"Rain water",1,0,2
"1020012",7,"Lake/river/stream/dam/pond",,,
"1020012",4,"Bore hole outside school",,,
"1020012",6,"Protected spring/well",,,
"1020012",1,"Piped water at school",2,0,1
"1020012",3,"Bore hole at school",,,
"1020014",9,"Other (specify)",,,
"1020014",5,"Rain water",,,
"1020014",3,"Bore hole at school",,,
"1020014",7,"Lake/river/stream/dam/pond",,,
"1020014",1,"Piped water at school",,,
"1020014",4,"Bore hole outside school",,,
"1020014",2,"Piped water outside school",2,0.100000001490116,1
"1020014",6,"Protected spring/well",1,0.300000011920929,1
"1020015",1,"Piped water at school",1,0,1
"1020015",4,"Bore hole outside school",,,
"1020015",3,"Bore hole at school",,,
"1020015",9,"Other (specify)",,,
"1020015",5,"Rain water",2,0,2
"1020015",8,"None",,,
"1020015",7,"Lake/river/stream/dam/pond",,,
"1020015",2,"Piped water outside school",,,
"1020019",6,"Protected spring/well",1,0.100000001490116,1
"1020019",2,"Piped water outside school",,,
"1020019",5,"Rain water",,,
"1020019",4,"Bore hole outside school",,,
"1020019",9,"Other (specify)",,,
"1020019",8,"None",,,
"1020019",1,"Piped water at school",,,
"1020019",7,"Lake/river/stream/dam/pond",,,
"1020020",6,"Protected spring/well",,,
"1020020",4,"Bore hole outside school",,,
"1020020",3,"Bore hole at school",,,
"1020020",7,"Lake/river/stream/dam/pond",,,
"1020020",9,"Other (specify)",,,
"1020020",5,"Rain water",2,0,1
"1020020",1,"Piped water at school",1,0,1
"1020020",2,"Piped water outside school",,,
"1020021",5,"Rain water",,,
"1020021",4,"Bore hole outside school",2,0,2
"1020021",3,"Bore hole at school",,,
"1020021",2,"Piped water outside school",1,0,1
"1020021",7,"Lake/river/stream/dam/pond",,,
"1020021",8,"None",,,
"1020021",6,"Protected spring/well",,,
"1020021",1,"Piped water at school",3,0,1
"1020022",9,"Other (specify)",,,
"1020022",5,"Rain water",,,
"1020022",3,"Bore hole at school",2,0,1
"1020022",2,"Piped water outside school",,,
"1020022",8,"None",,,
"1020022",4,"Bore hole outside school",,,
"1020022",6,"Protected spring/well",,,
"1020022",7,"Lake/river/stream/dam/pond",,,
"1020023",5,"Rain water",2,0,2
"1020023",8,"None",,,
"1020023",2,"Piped water outside school",,,
"1020023",3,"Bore hole at school",,,
"1020023",6,"Protected spring/well",,,
"1020023",9,"Other (specify)",,,
"1020023",4,"Bore hole outside school",,,
"1020023",1,"Piped water at school",1,0,1
"1020024",2,"Piped water outside school",,,
"1020024",3,"Bore hole at school",,,
"1020024",1,"Piped water at school",1,0,1
"1020024",4,"Bore hole outside school",,,
"1020024",5,"Rain water",1,0,2
"1020025",7,"Lake/river/stream/dam/pond",,,
"1020025",9,"Other (specify)",,,
"1020025",8,"None",,,
"1020025",4,"Bore hole outside school",,,
"1020025",1,"Piped water at school",1,0,1
"1020025",6,"Protected spring/well",,,
"1020025",3,"Bore hole at school",,,
"1020025",5,"Rain water",2,0,2
"1020026",2,"Piped water outside school",,,
"1020026",4,"Bore hole outside school",,,
"1020026",9,"Other (specify)",,,
"1020026",7,"Lake/river/stream/dam/pond",3,0.5,1
"1020026",3,"Bore hole at school",,,
"1020026",6,"Protected spring/well",2,0,2
"1020026",5,"Rain water",,,
"1020026",1,"Piped water at school",1,0,1
"1020027",2,"Piped water outside school",,,
"1020027",6,"Protected spring/well",1,0.800000011920929,1
"1020027",1,"Piped water at school",1,0,1
"1020027",3,"Bore hole at school",,,
"1020027",9,"Other (specify)",,,
"1020027",5,"Rain water",,,
"1020027",4,"Bore hole outside school",,,
"1020027",8,"None",,,
"1020028",6,"Protected spring/well",,,
"1020028",4,"Bore hole outside school",,,
"1020028",7,"Lake/river/stream/dam/pond",,,
"1020028",3,"Bore hole at school",,,
"1020028",9,"Other (specify)",,,
"1020028",2,"Piped water outside school",,,
"1020028",5,"Rain water",2,0,2
"1020028",1,"Piped water at school",1,0,1
"1020031",2,"Piped water outside school",,,
"1020031",6,"Protected spring/well",,,
"1020031",8,"None",,,
"1020031",4,"Bore hole outside school",,,
"1020031",1,"Piped water at school",1,0,1
"1020031",5,"Rain water",,,
"1020031",7,"Lake/river/stream/dam/pond",,,
"1020031",3,"Bore hole at school",,,
"1020033",4,"Bore hole outside school",,,
"1020033",5,"Rain water",2,0,2
"1020033",7,"Lake/river/stream/dam/pond",,,
"1020033",9,"Other (specify)",,,
"1020033",6,"Protected spring/well",3,0,1
"1020033",3,"Bore hole at school",,,
"1020033",2,"Piped water outside school",,,
"1020033",8,"None",,,
"1030003",9,"Other (specify)",,,
"1030003",8,"None",,,
"1030003",3,"Bore hole at school",,,
"1030003",5,"Rain water",2,0,2
"1030003",6,"Protected spring/well",1,1,1
"1030003",4,"Bore hole outside school",,,
"1030003",1,"Piped water at school",,,
"1030003",7,"Lake/river/stream/dam/pond",,,
"1030005",6,"Protected spring/well",,,
"1030005",9,"Other (specify)",2,1,1
"1030005",4,"Bore hole outside school",1,0.200000002980232,1
"1030005",5,"Rain water",,,
"1030005",1,"Piped water at school",,,
"1030005",2,"Piped water outside school",,,
"1030005",3,"Bore hole at school",,,
"1030005",7,"Lake/river/stream/dam/pond",,,
"1040002",6,"Protected spring/well",,,
"1040002",3,"Bore hole at school",1,0,2
"1040002",9,"Other (specify)",,,
"1040002",5,"Rain water",3,0,2
"1040002",7,"Lake/river/stream/dam/pond",,,
"1040002",4,"Bore hole outside school",,,
"1040002",1,"Piped water at school",2,0,2
"1040002",2,"Piped water outside school",,,
"1040004",8,"None",,,
"1040004",1,"Piped water at school",,,
"1040004",2,"Piped water outside school",,,
"1040004",4,"Bore hole outside school",,,
"1040004",6,"Protected spring/well",,,
"1040004",9,"Other (specify)",,,
"1040004",5,"Rain water",,,
"1040004",3,"Bore hole at school",,,
"1040006",7,"Lake/river/stream/dam/pond",,,
"1040006",9,"Other (specify)",,,
"1040006",3,"Bore hole at school",,,
"1040006",5,"Rain water",2,0,2
"1040006",8,"None",,,
"1040006",6,"Protected spring/well",,,
"1040006",2,"Piped water outside school",1,0.100000001490116,1
"1040006",4,"Bore hole outside school",,,
"1040008",2,"Piped water outside school",,,
"1040008",7,"Lake/river/stream/dam/pond",,,
"1040008",3,"Bore hole at school",1,0,2
"1040008",8,"None",,,
"1040008",6,"Protected spring/well",,,
"1040008",4,"Bore hole outside school",2,1,2
"1040008",9,"Other (specify)",,,
"1040008",5,"Rain water",,,
"1050001",2,"Piped water outside school",1,0,2
"1050001",1,"Piped water at school",,,
"1050001",6,"Protected spring/well",,,
"1050001",5,"Rain water",1,0,2
"1050001",4,"Bore hole outside school",,,
"1050001",8,"None",,,
"1050001",3,"Bore hole at school",,,
"1050001",7,"Lake/river/stream/dam/pond",,,
"1050004",5,"Rain water",,,
"1050004",7,"Lake/river/stream/dam/pond",1,4,1
"1050004",9,"Other (specify)",,,
"1050004",3,"Bore hole at school",,,
"1050004",1,"Piped water at school",,,
"1050004",2,"Piped water outside school",,,
"1050004",8,"None",,,
"1050004",6,"Protected spring/well",,,
"1050008",5,"Rain water",,,
"1050008",3,"Bore hole at school",2,0.200000002980232,2
"1050008",9,"Other (specify)",,,
"1050008",8,"None",,,
"1050008",2,"Piped water outside school",,,
"1050008",1,"Piped water at school",,,
"1050008",6,"Protected spring/well",,,
"1050008",4,"Bore hole outside school",1,0,1
"1050012",2,"Piped water outside school",,,
"1050012",6,"Protected spring/well",2,2,1
"1050012",7,"Lake/river/stream/dam/pond",,,
"1050012",4,"Bore hole outside school",3,2,2
"1050012",8,"None",,,
"1050012",9,"Other (specify)",,,
"1050012",5,"Rain water",,,
"1050012",3,"Bore hole at school",1,0,2
"1050019",3,"Bore hole at school",,,
"1050019",7,"Lake/river/stream/dam/pond",,,
"1050019",6,"Protected spring/well",2,1,1
"1050019",4,"Bore hole outside school",,,
"1050019",9,"Other (specify)",,,
"1050019",5,"Rain water",1,0,2
"1050019",1,"Piped water at school",,,
"1050019",8,"None",,,
"1050023",3,"Bore hole at school",,,
"1050023",2,"Piped water outside school",,,
"1050023",6,"Protected spring/well",,,
"1050023",1,"Piped water at school",,,
"1050023",4,"Bore hole outside school",,,
"1050023",7,"Lake/river/stream/dam/pond",,,
"1050023",9,"Other (specify)",,,
"1050023",8,"None",,,
"1050026",4,"Bore hole outside school",,,
"1050026",6,"Protected spring/well",,,
"1050026",7,"Lake/river/stream/dam/pond",1,1.5,1
"1050026",1,"Piped water at school",,,
"1050026",3,"Bore hole at school",,,
"1050026",9,"Other (specify)",,,
"1050026",2,"Piped water outside school",,,
"1050026",5,"Rain water",2,0,2
"1050030",6,"Protected spring/well",,,
"1050030",5,"Rain water",1,0,2
"1050030",4,"Bore hole outside school",3,0.200000002980232,2
"1050030",1,"Piped water at school",,,
"1050030",2,"Piped water outside school",,,
"1050030",7,"Lake/river/stream/dam/pond",2,5,1
"1050030",9,"Other (specify)",,,
"1050030",8,"None",,,
"1050033",2,"Piped water outside school",,,
"1050033",1,"Piped water at school",,,
"1050033",9,"Other (specify)",,,
"1050033",6,"Protected spring/well",,,
"1050033",5,"Rain water",1,0,1
"1050033",4,"Bore hole outside school",,,
"1050033",3,"Bore hole at school",,,
"1050033",7,"Lake/river/stream/dam/pond",,,
"1060003",1,"Piped water at school",,,
"1060003",8,"None",,,
"1060003",9,"Other (specify)",,,
"1060003",2,"Piped water outside school",,,
"1060003",3,"Bore hole at school",,,
"1060003",6,"Protected spring/well",,,
"1060003",7,"Lake/river/stream/dam/pond",,,
"1060003",4,"Bore hole outside school",,,
"1060005",6,"Protected spring/well",,,
"1060005",7,"Lake/river/stream/dam/pond",1,3,1
"1060005",5,"Rain water",3,0,2
"1060005",4,"Bore hole outside school",2,0,2
"1060005",8,"None",,,
"1060005",3,"Bore hole at school",,,
"1060005",2,"Piped water outside school",,,
"1060005",9,"Other (specify)",,,
"1060009",7,"Lake/river/stream/dam/pond",2,0.5,1
"1060009",6,"Protected spring/well",,,
"1060009",3,"Bore hole at school",1,1,1
"1060009",5,"Rain water",,,
"1060009",8,"None",,,
"1060009",4,"Bore hole outside school",,,
"1060009",9,"Other (specify)",,,
"1060009",2,"Piped water outside school",,,
"1070002",3,"Bore hole at school",,,
"1070002",4,"Bore hole outside school",,,
"1070002",7,"Lake/river/stream/dam/pond",,,
"1070002",2,"Piped water outside school",,,
"1070002",8,"None",,,
"1070002",6,"Protected spring/well",,,
"1070002",9,"Other (specify)",,,
"1070002",1,"Piped water at school",1,0,1
"1070008",3,"Bore hole at school",,,
"1070008",2,"Piped water outside school",,,
"1070008",5,"Rain water",1,0,1
"1070008",6,"Protected spring/well",,,
"1070008",9,"Other (specify)",,,
"1070008",1,"Piped water at school",,,
"1070008",7,"Lake/river/stream/dam/pond",,,
"1070008",8,"None",,,
"1070012",6,"Protected spring/well",,,
"1070012",1,"Piped water at school",1,0,1
"1070012",8,"None",,,
"1070012",4,"Bore hole outside school",,,
"1070012",9,"Other (specify)",,,
"1070012",5,"Rain water",,,
"1070012",2,"Piped water outside school",,,
"1070012",7,"Lake/river/stream/dam/pond",,,
"1070016",4,"Bore hole outside school",,,
"1070016",8,"None",,,
"1070016",7,"Lake/river/stream/dam/pond",,,
"1070016",1,"Piped water at school",,,
"1070016",3,"Bore hole at school",,,
"1070016",9,"Other (specify)",,,
"1070016",6,"Protected spring/well",,,
"1070016",2,"Piped water outside school",,,
"1070020",6,"Protected spring/well",,,
"1070020",2,"Piped water outside school",,,
"1070020",5,"Rain water",,,
"1070020",1,"Piped water at school",,,
"1070020",3,"Bore hole at school",,,
"1070020",8,"None",,,
"1070020",9,"Other (specify)",,,
"1070020",7,"Lake/river/stream/dam/pond",,,
"1070023",6,"Protected spring/well",,,
"1070023",7,"Lake/river/stream/dam/pond",,,
"1070023",1,"Piped water at school",,,
"1070023",9,"Other (specify)",,,
"1070023",3,"Bore hole at school",1,0.100000001490116,1
"1070023",2,"Piped water outside school",,,
"1070023",5,"Rain water",,,
"1070023",4,"Bore hole outside school",,,
"1080003",1,"Piped water at school",1,0,1
"1080003",9,"Other (specify)",,,
"1080003",7,"Lake/river/stream/dam/pond",,,
"1080003",5,"Rain water",2,0,2
"1080003",2,"Piped water outside school",,,
"1080003",8,"None",,,
"1080003",4,"Bore hole outside school",,,
"1080003",6,"Protected spring/well",,,
"1080006",7,"Lake/river/stream/dam/pond",1,0.100000001490116,1
"1080006",9,"Other (specify)",,,
"1080006",3,"Bore hole at school",,,
"1080006",8,"None",,,
"1080006",1,"Piped water at school",,,
"1080006",5,"Rain water",,,
"1080006",2,"Piped water outside school",,,
"1080006",4,"Bore hole outside school",,,
"1080009",8,"None",,,
"1080009",2,"Piped water outside school",,,
"1080009",4,"Bore hole outside school",,,
"1080009",5,"Rain water",,,
"1080009",9,"Other (specify)",,,
"1080009",3,"Bore hole at school",,,
"1080009",7,"Lake/river/stream/dam/pond",,,
"1080009",1,"Piped water at school",,,
"1080020",5,"Rain water",,,
"1080020",2,"Piped water outside school",,,
"1080020",7,"Lake/river/stream/dam/pond",,,
"1080020",6,"Protected spring/well",,,
"1080020",4,"Bore hole outside school",,,
"1080020",3,"Bore hole at school",,,
"1080020",1,"Piped water at school",,,
"1080020",9,"Other (specify)",,,
"1080023",4,"Bore hole outside school",,,
"1080023",3,"Bore hole at school",,,
"1080023",8,"None",,,
"1080023",5,"Rain water",,,
"1080023",1,"Piped water at school",,,
"1080023",7,"Lake/river/stream/dam/pond",,,
"1080023",6,"Protected spring/well",,,
"1080023",9,"Other (specify)",,,
"1080027",3,"Bore hole at school",,,
"1080027",6,"Protected spring/well",,,
"1080027",5,"Rain water",3,0,2
"1080027",4,"Bore hole outside school",2,0.600000023841858,2
"1080027",8,"None",,,
"1080027",9,"Other (specify)",,,
"1080027",7,"Lake/river/stream/dam/pond",1,0.300000011920929,2
"1080027",1,"Piped water at school",,,
"1080030",4,"Bore hole outside school",,,
"1080030",5,"Rain water",,,
"1080030",9,"Other (specify)",,,
"1080030",6,"Protected spring/well",,,
"1080030",1,"Piped water at school",,,
"1080030",2,"Piped water outside school",,,
"1080030",8,"None",,,
"1080030",7,"Lake/river/stream/dam/pond",,,
"1080033",2,"Piped water outside school",,,
"1080033",6,"Protected spring/well",1,2,1
"1080033",3,"Bore hole at school",,,
"1080033",1,"Piped water at school",,,
"1080033",7,"Lake/river/stream/dam/pond",,,
"1080033",4,"Bore hole outside school",,,
"1080033",8,"None",,,
"1080033",5,"Rain water",,,
"1100001",6,"Protected spring/well",,,
"1100001",1,"Piped water at school",1,0,1
"1100001",4,"Bore hole outside school",,,
"1100001",8,"None",,,
"1100001",2,"Piped water outside school",,,
"1100001",5,"Rain water",,,
"1100001",7,"Lake/river/stream/dam/pond",,,
"1100001",9,"Other (specify)",,,
"1100007",1,"Piped water at school",,,
"1100007",6,"Protected spring/well",,,
"1100007",7,"Lake/river/stream/dam/pond",1,0.5,1
"1100007",4,"Bore hole outside school",,,
"1100007",5,"Rain water",2,0,2
"1100007",2,"Piped water outside school",,,
"1100007",3,"Bore hole at school",,,
"1100007",9,"Other (specify)",,,
"1100009",9,"Other (specify)",,,
"1100009",8,"None",,,
"1100009",6,"Protected spring/well",,,
"1100009",2,"Piped water outside school",,,
"1100009",1,"Piped water at school",,,
"1100009",3,"Bore hole at school",,,
"1100009",5,"Rain water",1,0,2
"1100009",4,"Bore hole outside school",,,
"1100012",4,"Bore hole outside school",,,
"1100012",8,"None",,,
"1100012",5,"Rain water",2,0,2
"1100012",7,"Lake/river/stream/dam/pond",,,
"1100012",6,"Protected spring/well",1,1.5,1
"1100012",3,"Bore hole at school",,,
"1100012",2,"Piped water outside school",,,
"1100012",9,"Other (specify)",,,
"1110001",4,"Bore hole outside school",,,
"1110001",6,"Protected spring/well",,,
"1110001",8,"None",,,
"1110001",3,"Bore hole at school",,,
"1110001",9,"Other (specify)",,,
"1110001",5,"Rain water",1,0,2
"1110001",7,"Lake/river/stream/dam/pond",2,5,2
"1110001",1,"Piped water at school",,,
"1110003",5,"Rain water",1,0,2
"1110003",3,"Bore hole at school",,,
"1110003",2,"Piped water outside school",,,
"1110003",7,"Lake/river/stream/dam/pond",2,4,2
"1110003",4,"Bore hole outside school",,,
"1110003",1,"Piped water at school",,,
"1110003",8,"None",,,
"1110003",9,"Other (specify)",,,
"1110005",1,"Piped water at school",,,
"1110005",7,"Lake/river/stream/dam/pond",1,2.5,2
"1110005",9,"Other (specify)",,,
"1110005",6,"Protected spring/well",,,
"1110005",8,"None",,,
"1110005",4,"Bore hole outside school",,,
"1110005",5,"Rain water",,,
"1110005",2,"Piped water outside school",,,
"1120001",5,"Rain water",,,
"1120001",8,"None",,,
"1120001",4,"Bore hole outside school",1,0.300000011920929,1
"1120001",2,"Piped water outside school",,,
"1120001",7,"Lake/river/stream/dam/pond",,,
"1120001",1,"Piped water at school",,,
"1120001",9,"Other (specify)",,,
"1120001",6,"Protected spring/well",,,
"1120003",6,"Protected spring/well",,,
"1120003",1,"Piped water at school",,,
"1120003",4,"Bore hole outside school",1,0.25,1
"1120003",8,"None",,,
"1120003",2,"Piped water outside school",,,
"1120003",7,"Lake/river/stream/dam/pond",,,
"1120003",3,"Bore hole at school",,,
"1120003",5,"Rain water",2,0,2
"1120006",3,"Bore hole at school",1,0,1
"1120006",8,"None",,,
"1120006",2,"Piped water outside school",,,
"1120006",9,"Other (specify)",,,
"1120006",4,"Bore hole outside school",,,
"1120006",1,"Piped water at school",,,
"1120006",6,"Protected spring/well",,,
"1120006",7,"Lake/river/stream/dam/pond",,,
"1130003",5,"Rain water",2,0,2
"1130003",2,"Piped water outside school",,,
"1130003",3,"Bore hole at school",,,
"1130003",6,"Protected spring/well",3,2,1
"1130003",9,"Other (specify)",,,
"1130003",1,"Piped water at school",1,0,2
"1130003",8,"None",,,
"1130003",7,"Lake/river/stream/dam/pond",,,
"1130004",2,"Piped water outside school",,,
"1130004",7,"Lake/river/stream/dam/pond",,,
"1130004",3,"Bore hole at school",,,
"1130004",4,"Bore hole outside school",,,
"1130004",9,"Other (specify)",,,
"1130004",5,"Rain water",,,
"1130004",8,"None",,,
"1130004",6,"Protected spring/well",2,0.5,1
"1130006",1,"Piped water at school",1,0,1
"1130006",7,"Lake/river/stream/dam/pond",,,
"1130006",2,"Piped water outside school",,,
"1130006",8,"None",,,
"1130006",3,"Bore hole at school",,,
"1130006",5,"Rain water",2,0,1
"1130006",6,"Protected spring/well",,,
"1130006",4,"Bore hole outside school",,,
"1130007",5,"Rain water",,,
"1130007",8,"None",,,
"1130007",3,"Bore hole at school",,,
"1130007",4,"Bore hole outside school",,,
"1130007",7,"Lake/river/stream/dam/pond",,,
"1130007",6,"Protected spring/well",1,0.100000001490116,1
"1130007",2,"Piped water outside school",,,
"1130007",9,"Other (specify)",,,
"1130008",5,"Rain water",,,
"1130008",7,"Lake/river/stream/dam/pond",1,2.5,1
"1130008",8,"None",,,
"1130008",2,"Piped water outside school",,,
"1130008",9,"Other (specify)",,,
"1130008",6,"Protected spring/well",,,
"1130008",3,"Bore hole at school",,,
"1130008",4,"Bore hole outside school",,,
"1130010",1,"Piped water at school",1,0,1
"1130010",7,"Lake/river/stream/dam/pond",,,
"1130010",6,"Protected spring/well",,,
"1130010",2,"Piped water outside school",,,
"1130010",9,"Other (specify)",,,
"1130010",4,"Bore hole outside school",,,
"1130010",8,"None",,,
"1130010",5,"Rain water",2,0,2
"1130012",5,"Rain water",,,
"1130012",1,"Piped water at school",1,0,1
"1130012",3,"Bore hole at school",,,
"1130012",7,"Lake/river/stream/dam/pond",,,
"1130012",9,"Other (specify)",,,
"1130012",2,"Piped water outside school",,,
"1130012",8,"None",,,
"1130012",6,"Protected spring/well",,,
"1130014",7,"Lake/river/stream/dam/pond",,,
"1130014",6,"Protected spring/well",2,0.5,1
"1130014",1,"Piped water at school",,,
"1130014",8,"None",,,
"1130014",9,"Other (specify)",,,
"1130014",4,"Bore hole outside school",,,
"1130014",5,"Rain water",1,0,2
"1130014",3,"Bore hole at school",,,
"1130016",5,"Rain water",,,
"1130016",2,"Piped water outside school",,,
"1130016",9,"Other (specify)",,,
"1130016",3,"Bore hole at school",,,
"1130016",8,"None",,,
"1130016",1,"Piped water at school",,,
"1130016",7,"Lake/river/stream/dam/pond",,,
"1130016",6,"Protected spring/well",,,
"1130019",5,"Rain water",1,0,1
"1130019",4,"Bore hole outside school",,,
"1130019",3,"Bore hole at school",,,
"1130019",1,"Piped water at school",,,
"1130019",9,"Other (specify)",,,
"1130019",2,"Piped water outside school",,,
"1130019",6,"Protected spring/well",,,
"1130019",7,"Lake/river/stream/dam/pond",,,
"1130023",5,"Rain water",,,
"1130023",4,"Bore hole outside school",,,
"1130023",7,"Lake/river/stream/dam/pond",,,
"1130023",3,"Bore hole at school",,,
"1130023",8,"None",,,
"1130023",9,"Other (specify)",,,
"1130023",6,"Protected spring/well",2,1,1
"1130023",2,"Piped water outside school",,,
"1130025",2,"Piped water outside school",,,
"1130025",6,"Protected spring/well",,,
"1130025",4,"Bore hole outside school",,,
"1130025",5,"Rain water",,,
"1130025",7,"Lake/river/stream/dam/pond",,,
"1130025",8,"None",,,
"1130025",3,"Bore hole at school",,,
"1130025",1,"Piped water at school",1,0,1
"1140003",2,"Piped water outside school",,,
"1140003",1,"Piped water at school",,,
"1140003",3,"Bore hole at school",,,
"1140003",6,"Protected spring/well",2,0.400000005960464,1
"1140003",4,"Bore hole outside school",,,
"1140003",5,"Rain water",1,0,2
"1140003",8,"None",,,
"1140003",7,"Lake/river/stream/dam/pond",,,
"1150004",2,"Piped water outside school",,,
"1150004",4,"Bore hole outside school",1,1,2
"1150004",1,"Piped water at school",,,
"1150004",9,"Other (specify)",3,2,2
"1150004",3,"Bore hole at school",,,
"1150004",5,"Rain water",2,0,2
"1150004",8,"None",,,
"1150004",7,"Lake/river/stream/dam/pond",,,
"1150027",1,"Piped water at school",,,
"1150027",9,"Other (specify)",,,
"1150027",5,"Rain water",,,
"1150027",3,"Bore hole at school",,,
"1150027",2,"Piped water outside school",,,
"1150027",4,"Bore hole outside school",2,1.5,1
"1150027",8,"None",,,
"1150027",7,"Lake/river/stream/dam/pond",1,1,2
"1160011",8,"None",,,
"1160011",9,"Other (specify)",,,
"1160011",7,"Lake/river/stream/dam/pond",2,1.5,2
"1160011",5,"Rain water",,,
"1160011",1,"Piped water at school",,,
"1160011",6,"Protected spring/well",,,
"1160011",4,"Bore hole outside school",1,1,2
"1160011",2,"Piped water outside school",,,
"1160013",1,"Piped water at school",,,
"1160013",5,"Rain water",,,
"1160013",2,"Piped water outside school",1,0.400000005960464,1
"1160013",8,"None",,,
"1160013",6,"Protected spring/well",,,
"1160013",9,"Other (specify)",,,
"1160013",4,"Bore hole outside school",,,
"1160013",7,"Lake/river/stream/dam/pond",,,
"2010004",1,"Piped water at school",,,
"2010004",5,"Rain water",2,0,2
"2010004",3,"Bore hole at school",,,
"2010004",8,"None",3,,
"2010004",2,"Piped water outside school",,,
"2010004",7,"Lake/river/stream/dam/pond",,,
"2010004",6,"Protected spring/well",,,
"2010004",4,"Bore hole outside school",1,0.100000001490116,1
"2010006",1,"Piped water at school",,,
"2010006",9,"Other (specify)",,,
"2010006",7,"Lake/river/stream/dam/pond",,,
"2010006",2,"Piped water outside school",,,
"2010006",5,"Rain water",,,
"2010006",4,"Bore hole outside school",,,
"2010006",6,"Protected spring/well",,,
"2010006",8,"None",,,
"2010008",9,"Other (specify)",,,
"2010008",6,"Protected spring/well",,,
"2010008",8,"None",,,
"2010008",2,"Piped water outside school",,,
"2010008",7,"Lake/river/stream/dam/pond",,,
"2010008",5,"Rain water",,,
"2010008",1,"Piped water at school",,,
"2010008",3,"Bore hole at school",,,
"2010009",6,"Protected spring/well",,,
"2010009",7,"Lake/river/stream/dam/pond",,,
"2010009",5,"Rain water",,,
"2010009",4,"Bore hole outside school",,,
"2010009",1,"Piped water at school",,,
"2010009",2,"Piped water outside school",,,
"2010009",9,"Other (specify)",,,
"2010009",8,"None",,,
"2020007",4,"Bore hole outside school",,,
"2020007",6,"Protected spring/well",1,2,1
"2020007",1,"Piped water at school",,,
"2020007",8,"None",,,
"2020007",2,"Piped water outside school",,,
"2020007",3,"Bore hole at school",,,
"2020007",7,"Lake/river/stream/dam/pond",,,
"2020007",5,"Rain water",,,
"2030001",9,"Other (specify)",1,0,1
"2030001",5,"Rain water",,,
"2030001",1,"Piped water at school",,,
"2030001",6,"Protected spring/well",,,
"2030001",3,"Bore hole at school",,,
"2030001",4,"Bore hole outside school",,,
"2030001",7,"Lake/river/stream/dam/pond",,,
"2030001",2,"Piped water outside school",,,
"2030018",4,"Bore hole outside school",,,
"2030018",8,"None",,,
"2030018",7,"Lake/river/stream/dam/pond",,,
"2030018",3,"Bore hole at school",,,
"2030018",1,"Piped water at school",1,1,1
"2030018",9,"Other (specify)",,,
"2030018",6,"Protected spring/well",,,
"2030018",5,"Rain water",,,
"2030023",6,"Protected spring/well",,,
"2030023",7,"Lake/river/stream/dam/pond",,,
"2030023",5,"Rain water",,,
"2030023",3,"Bore hole at school",1,0,1
"2030023",9,"Other (specify)",,,
"2030023",8,"None",,,
"2030023",1,"Piped water at school",,,
"2030023",2,"Piped water outside school",,,
"2030028",6,"Protected spring/well",,,
"2030028",7,"Lake/river/stream/dam/pond",,,
"2030028",3,"Bore hole at school",,,
"2030028",2,"Piped water outside school",,,
"2030028",9,"Other (specify)",,,
"2030028",8,"None",,,
"2030028",1,"Piped water at school",,,
"2030028",4,"Bore hole outside school",1,0.5,2
"2030033",4,"Bore hole outside school",,,
"2030033",5,"Rain water",,,
"2030033",7,"Lake/river/stream/dam/pond",2,0.5,1
"2030033",9,"Other (specify)",,,
"2030033",2,"Piped water outside school",,,
"2030033",1,"Piped water at school",,,
"2030033",3,"Bore hole at school",1,0,1
"2030033",8,"None",,,
"2040002",7,"Lake/river/stream/dam/pond",,,
"2040002",2,"Piped water outside school",,,
"2040002",6,"Protected spring/well",,,
"2040002",9,"Other (specify)",,,
"2040002",3,"Bore hole at school",,,
"2040002",1,"Piped water at school",1,0,1
"2040002",4,"Bore hole outside school",,,
"2040002",8,"None",,,
"2040006",2,"Piped water outside school",,,
"2040006",7,"Lake/river/stream/dam/pond",,,
"2040006",6,"Protected spring/well",,,
"2040006",3,"Bore hole at school",,,
"2040006",5,"Rain water",2,0,2
"2040006",4,"Bore hole outside school",,,
"2040006",8,"None",,,
"2040006",1,"Piped water at school",1,0,1
"2040009",5,"Rain water",3,0,2
"2040009",7,"Lake/river/stream/dam/pond",,,
"2040009",8,"None",,,
"2040009",6,"Protected spring/well",,,
"2040009",3,"Bore hole at school",2,0,1
"2040009",4,"Bore hole outside school",,,
"2040009",1,"Piped water at school",1,0,1
"2040009",9,"Other (specify)",,,
"2040012",5,"Rain water",1,0,2
"2040012",6,"Protected spring/well",1,0.5,1
"2040012",7,"Lake/river/stream/dam/pond",,,
"2040012",3,"Bore hole at school",,,
"2040012",2,"Piped water outside school",,,
"2040012",9,"Other (specify)",,,
"2040012",8,"None",,,
"2040012",1,"Piped water at school",,,
"2040014",6,"Protected spring/well",,,
"2040014",3,"Bore hole at school",1,0.200000002980232,1
"2040014",7,"Lake/river/stream/dam/pond",,,
"2040014",9,"Other (specify)",,,
"2040014",8,"None",,,
"2040014",1,"Piped water at school",,,
"2040014",5,"Rain water",,,
"2040014",2,"Piped water outside school",,,
"2040015",6,"Protected spring/well",,,
"2040015",5,"Rain water",2,0,2
"2040015",9,"Other (specify)",,,
"2040015",1,"Piped water at school",,,
"2040015",3,"Bore hole at school",,,
"2040015",8,"None",,,
"2040015",4,"Bore hole outside school",,,
"2040015",7,"Lake/river/stream/dam/pond",,,
"2050001",1,"Piped water at school",,,
"2050001",4,"Bore hole outside school",,,
"2050001",8,"None",,,
"2050001",3,"Bore hole at school",1,0,1
"2050001",6,"Protected spring/well",,,
"2050001",7,"Lake/river/stream/dam/pond",,,
"2050001",9,"Other (specify)",,,
"2050001",5,"Rain water",2,0,2
"2050004",2,"Piped water outside school",,,
"2050004",7,"Lake/river/stream/dam/pond",,,
"2050004",5,"Rain water",2,0,2
"2050004",1,"Piped water at school",,,
"2050004",8,"None",,,
"2050004",3,"Bore hole at school",,,
"2050004",9,"Other (specify)",,,
"2050004",4,"Bore hole outside school",1,1.5,1
"2050009",5,"Rain water",,,
"2050009",2,"Piped water outside school",,,
"2050009",1,"Piped water at school",,,
"2050009",4,"Bore hole outside school",1,3,1
"2050009",8,"None",,,
"2050009",7,"Lake/river/stream/dam/pond",2,1,1
"2050009",3,"Bore hole at school",,,
"2050009",6,"Protected spring/well",,,
"2050013",4,"Bore hole outside school",1,2,2
"2050013",2,"Piped water outside school",,,
"2050013",1,"Piped water at school",,,
"2050013",3,"Bore hole at school",,,
"2050013",9,"Other (specify)",,,
"2050013",8,"None",,,
"2050013",6,"Protected spring/well",,,
"2050013",5,"Rain water",2,0,2
"2050017",1,"Piped water at school",,,
"2050017",8,"None",,,
"2050017",4,"Bore hole outside school",1,4,2
"2050017",2,"Piped water outside school",,,
"2050017",3,"Bore hole at school",,,
"2050017",5,"Rain water",2,0,2
"2050017",6,"Protected spring/well",,,
"2050017",9,"Other (specify)",,,
"2050030",9,"Other (specify)",,,
"2050030",8,"None",,,
"2050030",1,"Piped water at school",,,
"2050030",6,"Protected spring/well",,,
"2050030",4,"Bore hole outside school",1,2,1
"2050030",7,"Lake/river/stream/dam/pond",,,
"2050030",5,"Rain water",,,
"2050030",3,"Bore hole at school",,,
"2060003",7,"Lake/river/stream/dam/pond",2,1,1
"2060003",3,"Bore hole at school",,,
"2060003",9,"Other (specify)",1,0,1
"2060003",6,"Protected spring/well",1,0.5,1
"2060003",5,"Rain water",,,
"2060003",4,"Bore hole outside school",,,
"2060003",8,"None",,,
"2060003",1,"Piped water at school",,,
"2070005",8,"None",,,
"2070005",3,"Bore hole at school",1,0,1
"2070005",5,"Rain water",2,0,2
"2070005",1,"Piped water at school",,,
"2070005",7,"Lake/river/stream/dam/pond",,,
"2070005",9,"Other (specify)",,,
"2070005",2,"Piped water outside school",,,
"2070005",4,"Bore hole outside school",,,
"2070006",6,"Protected spring/well",,,
"2070006",9,"Other (specify)",,,
"2070006",2,"Piped water outside school",,,
"2070006",4,"Bore hole outside school",,,
"2070006",7,"Lake/river/stream/dam/pond",,,
"2070006",8,"None",,,
"2070006",1,"Piped water at school",,,
"2070006",5,"Rain water",,,
"2080001",7,"Lake/river/stream/dam/pond",,,
"2080001",2,"Piped water outside school",,,
"2080001",6,"Protected spring/well",,,
"2080001",8,"None",,,
"2080001",5,"Rain water",,,
"2080001",3,"Bore hole at school",1,0,1
"2080001",1,"Piped water at school",2,0,2
"2080001",9,"Other (specify)",,,
"2080005",8,"None",,,
"2080005",3,"Bore hole at school",1,0,2
"2080005",5,"Rain water",,,
"2080005",9,"Other (specify)",,,
"2080005",2,"Piped water outside school",,,
"2080005",6,"Protected spring/well",,,
"2080005",4,"Bore hole outside school",1,0,2
"2080005",1,"Piped water at school",,,
"2080007",2,"Piped water outside school",,,
"2080007",1,"Piped water at school",,,
"2080007",4,"Bore hole outside school",,,
"2080007",7,"Lake/river/stream/dam/pond",,,
"2080007",5,"Rain water",2,0,2
"2080007",8,"None",,,
"2080007",3,"Bore hole at school",1,0,2
"2080007",6,"Protected spring/well",,,
"2080008",4,"Bore hole outside school",,,
"2080008",3,"Bore hole at school",1,0,1
"2080008",5,"Rain water",,,
"2080008",6,"Protected spring/well",,,
"2080008",8,"None",,,
"2080008",7,"Lake/river/stream/dam/pond",,,
"2080008",1,"Piped water at school",,,
"2080008",2,"Piped water outside school",,,
"2090003",5,"Rain water",,,
"2090003",9,"Other (specify)",,,
"2090003",7,"Lake/river/stream/dam/pond",,,
"2090003",6,"Protected spring/well",,,
"2090003",2,"Piped water outside school",,,
"2090003",3,"Bore hole at school",,,
"2090003",8,"None",,,
"2090003",1,"Piped water at school",1,0,1
"2090006",4,"Bore hole outside school",,,
"2090006",9,"Other (specify)",,,
"2090006",2,"Piped water outside school",,,
"2090006",5,"Rain water",,,
"2090006",8,"None",,,
"2090006",1,"Piped water at school",1,0,1
"2090006",3,"Bore hole at school",,,
"2090006",6,"Protected spring/well",,,
"2090033",3,"Bore hole at school",,,
"2090033",4,"Bore hole outside school",,,
"2090033",1,"Piped water at school",,,
"2090033",8,"None",,,
"2090033",7,"Lake/river/stream/dam/pond",,,
"2090033",9,"Other (specify)",1,0,2
"2090033",5,"Rain water",3,0,2
"2090033",6,"Protected spring/well",2,1,1
"2100002",2,"Piped water outside school",,,
"2100002",4,"Bore hole outside school",1,0.5,1
"2100002",8,"None",,,
"2100002",5,"Rain water",,,
"2100002",3,"Bore hole at school",,,
"2100002",7,"Lake/river/stream/dam/pond",,,
"2100002",6,"Protected spring/well",2,0.5,1
"2100002",9,"Other (specify)",,,
"2100006",6,"Protected spring/well",2,1.5,1
"2100006",2,"Piped water outside school",,,
"2100006",9,"Other (specify)",,,
"2100006",1,"Piped water at school",,,
"2100006",4,"Bore hole outside school",1,0.5,1
"2100006",7,"Lake/river/stream/dam/pond",3,1,1
"2100006",5,"Rain water",,,
"2100006",8,"None",,,
"2100007",6,"Protected spring/well",1,2,1
"2100007",8,"None",,,
"2100007",1,"Piped water at school",,,
"2100007",5,"Rain water",,,
"2100007",4,"Bore hole outside school",,,
"2100007",3,"Bore hole at school",,,
"2100007",2,"Piped water outside school",,,
"2100007",9,"Other (specify)",,,
"2110004",3,"Bore hole at school",,,
"2110004",4,"Bore hole outside school",1,0.5,1
"2110004",6,"Protected spring/well",,,
"2110004",9,"Other (specify)",,,
"2110004",2,"Piped water outside school",,,
"2110004",7,"Lake/river/stream/dam/pond",,,
"2110004",1,"Piped water at school",,,
"2110004",5,"Rain water",,,
"2110006",6,"Protected spring/well",,,
"2110006",5,"Rain water",3,0,2
"2110006",9,"Other (specify)",,,
"2110006",8,"None",,,
"2110006",2,"Piped water outside school",,,
"2110006",4,"Bore hole outside school",,,
"2110006",7,"Lake/river/stream/dam/pond",,,
"2110006",3,"Bore hole at school",1,0,1
"2110007",6,"Protected spring/well",2,0.5,1
"2110007",5,"Rain water",,,
"2110007",8,"None",,,
"2110007",1,"Piped water at school",,,
"2110007",2,"Piped water outside school",,,
"2110007",9,"Other (specify)",,,
"2110007",3,"Bore hole at school",1,0,1
"2110007",7,"Lake/river/stream/dam/pond",,,
"2110009",9,"Other (specify)",,,
"2110009",5,"Rain water",,,
"2110009",6,"Protected spring/well",,,
"2110009",4,"Bore hole outside school",,,
"2110009",8,"None",,,
"2110009",3,"Bore hole at school",1,0,1
"2110009",2,"Piped water outside school",,,
"2110009",1,"Piped water at school",,,
"2120008",8,"None",,,
"2120008",5,"Rain water",,,
"2120008",4,"Bore hole outside school",1,0.5,1
"2120008",1,"Piped water at school",,,
"2120008",7,"Lake/river/stream/dam/pond",,,
"2120008",9,"Other (specify)",,,
"2120008",6,"Protected spring/well",,,
"2120008",2,"Piped water outside school",,,
"2120009",3,"Bore hole at school",1,0,1
"2120009",2,"Piped water outside school",,,
"2120009",6,"Protected spring/well",,,
"2120009",9,"Other (specify)",,,
"2120009",1,"Piped water at school",,,
"2120009",8,"None",,,
"2120009",4,"Bore hole outside school",,,
"2120009",5,"Rain water",,,
"2120011",6,"Protected spring/well",,,
"2120011",5,"Rain water",,,
"2120011",7,"Lake/river/stream/dam/pond",2,0.400000005960464,2
"2120011",3,"Bore hole at school",,,
"2120011",1,"Piped water at school",,,
"2120011",9,"Other (specify)",,,
"2120011",2,"Piped water outside school",1,0.5,1
"2120011",4,"Bore hole outside school",,,
"2120013",1,"Piped water at school",,,
"2120013",7,"Lake/river/stream/dam/pond",,,
"2120013",2,"Piped water outside school",,,
"2120013",3,"Bore hole at school",1,0,1
"2120013",8,"None",,,
"2120013",5,"Rain water",,,
"2120013",4,"Bore hole outside school",2,1.5,1
"2120013",6,"Protected spring/well",,,
"2140002",2,"Piped water outside school",,,
"2140002",3,"Bore hole at school",1,0,1
"2140002",1,"Piped water at school",,,
"2140002",6,"Protected spring/well",,,
"2140002",4,"Bore hole outside school",,,
"2140002",5,"Rain water",2,0,2
"2140002",7,"Lake/river/stream/dam/pond",,,
"2140002",9,"Other (specify)",,,
"2140003",8,"None",,,
"2140003",9,"Other (specify)",,,
"2140003",5,"Rain water",,,
"2140003",1,"Piped water at school",,,
"2140003",2,"Piped water outside school",,,
"2140003",7,"Lake/river/stream/dam/pond",1,0.100000001490116,1
"2140003",3,"Bore hole at school",,,
"2140003",6,"Protected spring/well",,,
"2150001",5,"Rain water",,,
"2150001",2,"Piped water outside school",,,
"2150001",4,"Bore hole outside school",,,
"2150001",1,"Piped water at school",1,0,1
"2150001",9,"Other (specify)",,,
"2150001",8,"None",,,
"2150001",6,"Protected spring/well",,,
"2150001",7,"Lake/river/stream/dam/pond",3,0.400000005960464,1
"2150002",4,"Bore hole outside school",,,
"2150002",7,"Lake/river/stream/dam/pond",1,0.200000002980232,1
"2150002",1,"Piped water at school",,,
"2150002",2,"Piped water outside school",,,
"2150002",9,"Other (specify)",1,0.100000001490116,2
"2150002",3,"Bore hole at school",,,
"2150002",8,"None",,,
"2150002",6,"Protected spring/well",,,
"2150004",2,"Piped water outside school",,,
"2150004",1,"Piped water at school",,,
"2150004",7,"Lake/river/stream/dam/pond",,,
"2150004",3,"Bore hole at school",,,
"2150004",8,"None",,,
"2150004",4,"Bore hole outside school",,,
"2150004",9,"Other (specify)",2,0.25,2
"2150004",6,"Protected spring/well",1,0.5,1
"2150006",6,"Protected spring/well",1,0.5,1
"2150006",7,"Lake/river/stream/dam/pond",,,
"2150006",1,"Piped water at school",,,
"2150006",3,"Bore hole at school",,,
"2150006",9,"Other (specify)",,,
"2150006",2,"Piped water outside school",,,
"2150006",5,"Rain water",,,
"2150006",8,"None",,,
"2150007",8,"None",,,
"2150007",6,"Protected spring/well",,,
"2150007",3,"Bore hole at school",1,0,1
"2150007",5,"Rain water",2,0,2
"2150007",4,"Bore hole outside school",,,
"2150007",7,"Lake/river/stream/dam/pond",3,0.5,1
"2150007",2,"Piped water outside school",,,
"2150007",1,"Piped water at school",,,
"2160003",1,"Piped water at school",,,
"2160003",8,"None",,,
"2160003",4,"Bore hole outside school",,,
"2160003",3,"Bore hole at school",1,0,1
"2160003",9,"Other (specify)",,,
"2160003",5,"Rain water",,,
"2160003",7,"Lake/river/stream/dam/pond",,,
"2160003",2,"Piped water outside school",,,
"2170009",1,"Piped water at school",,,
"2170009",9,"Other (specify)",,,
"2170009",6,"Protected spring/well",,,
"2170009",2,"Piped water outside school",,,
"2170009",3,"Bore hole at school",,,
"2170009",4,"Bore hole outside school",1,0.200000002980232,1
"2170009",8,"None",,,
"2170009",5,"Rain water",2,0.100000001490116,2
"2190003",2,"Piped water outside school",,,
"2190003",7,"Lake/river/stream/dam/pond",,,
"2190003",9,"Other (specify)",,,
"2190003",6,"Protected spring/well",1,0.5,1
"2190003",5,"Rain water",,,
"2190003",8,"None",,,
"2190003",1,"Piped water at school",,,
"2190003",4,"Bore hole outside school",,,
"2200001",1,"Piped water at school",,,
"2200001",9,"Other (specify)",1,0.200000002980232,2
"2200001",7,"Lake/river/stream/dam/pond",,,
"2200001",2,"Piped water outside school",,,
"2200001",8,"None",,,
"2200001",6,"Protected spring/well",2,0.5,1
"2200001",3,"Bore hole at school",,,
"2200001",5,"Rain water",,,
"2210006",2,"Piped water outside school",,,
"2210006",7,"Lake/river/stream/dam/pond",,,
"2210006",6,"Protected spring/well",,,
"2210006",9,"Other (specify)",,,
"2210006",1,"Piped water at school",,,
"2210006",4,"Bore hole outside school",1,0.300000011920929,1
"2210006",5,"Rain water",,,
"2210006",3,"Bore hole at school",,,
"2220022",8,"None",2,,
"2220022",4,"Bore hole outside school",,,
"2220022",3,"Bore hole at school",1,0,1
"2220022",9,"Other (specify)",,,
"2220022",5,"Rain water",,,
"2220022",2,"Piped water outside school",,,
"2220022",7,"Lake/river/stream/dam/pond",,,
"2220022",6,"Protected spring/well",,,
"2220026",8,"None",,,
"2220026",2,"Piped water outside school",,,
"2220026",4,"Bore hole outside school",,,
"2220026",9,"Other (specify)",,,
"2220026",6,"Protected spring/well",,,
"2220026",1,"Piped water at school",,,
"2220026",3,"Bore hole at school",1,0,1
"2220026",7,"Lake/river/stream/dam/pond",,,
"2230011",5,"Rain water",,,
"2230011",1,"Piped water at school",,,
"2230011",7,"Lake/river/stream/dam/pond",,,
"2230011",8,"None",,,
"2230011",2,"Piped water outside school",,,
"2230011",4,"Bore hole outside school",,,
"2230011",9,"Other (specify)",,,
"2230011",6,"Protected spring/well",1,1.5,1
"2230014",1,"Piped water at school",,,
"2230014",8,"None",,,
"2230014",6,"Protected spring/well",,,
"2230014",5,"Rain water",,,
"2230014",3,"Bore hole at school",1,0.100000001490116,1
"2230014",2,"Piped water outside school",,,
"2230014",9,"Other (specify)",,,
"2230014",7,"Lake/river/stream/dam/pond",2,0.25,1
"2230018",1,"Piped water at school",,,
"2230018",9,"Other (specify)",,,
"2230018",8,"None",,,
"2230018",3,"Bore hole at school",,,
"2230018",4,"Bore hole outside school",,,
"2230018",6,"Protected spring/well",1,1,2
"2230018",7,"Lake/river/stream/dam/pond",2,1.5,1
"2230018",2,"Piped water outside school",,,
"2230022",5,"Rain water",,,
"2230022",6,"Protected spring/well",1,1.5,1
"2230022",4,"Bore hole outside school",,,
"2230022",1,"Piped water at school",,,
"2230022",2,"Piped water outside school",,,
"2230022",8,"None",,,
"2230022",7,"Lake/river/stream/dam/pond",,,
"2230022",9,"Other (specify)",,,
"2230026",7,"Lake/river/stream/dam/pond",,,
"2230026",3,"Bore hole at school",1,0,1
"2230026",5,"Rain water",,,
"2230026",6,"Protected spring/well",2,1,1
"2230026",8,"None",,,
"2230026",9,"Other (specify)",2,0,1
"2230026",4,"Bore hole outside school",,,
"2230026",1,"Piped water at school",,,
"2240013",7,"Lake/river/stream/dam/pond",3,0,1
"2240013",8,"None",,,
"2240013",5,"Rain water",2,0,2
"2240013",6,"Protected spring/well",,,
"2240013",2,"Piped water outside school",,,
"2240013",9,"Other (specify)",,,
"2240013",4,"Bore hole outside school",,,
"2240013",1,"Piped water at school",,,
"3010003",6,"Protected spring/well",2,0,2
"3010003",1,"Piped water at school",,,
"3010003",8,"None",,,
"3010003",3,"Bore hole at school",1,0,1
"3010003",7,"Lake/river/stream/dam/pond",,,
"3010003",4,"Bore hole outside school",,,
"3010003",5,"Rain water",,,
"3010003",9,"Other (specify)",,,
"3020002",6,"Protected spring/well",,,
"3020002",9,"Other (specify)",,,
"3020002",4,"Bore hole outside school",,,
"3020002",5,"Rain water",2,0,2
"3020002",8,"None",,,
"3020002",2,"Piped water outside school",,,
"3020002",3,"Bore hole at school",1,0,2
"3020002",7,"Lake/river/stream/dam/pond",,,
"3020003",9,"Other (specify)",,,
"3020003",3,"Bore hole at school",,,
"3020003",1,"Piped water at school",,,
"3020003",5,"Rain water",2,0,2
"3020003",7,"Lake/river/stream/dam/pond",,,
"3020003",6,"Protected spring/well",,,
"3020003",8,"None",,,
"3020003",4,"Bore hole outside school",1,0.100000001490116,1
"3020005",9,"Other (specify)",,,
"3020005",4,"Bore hole outside school",2,0.200000002980232,1
"3020005",5,"Rain water",3,0,2
"3020005",1,"Piped water at school",,,
"3020005",7,"Lake/river/stream/dam/pond",,,
"3020005",3,"Bore hole at school",1,0,1
"3020005",2,"Piped water outside school",,,
"3020005",8,"None",,,
"3020008",2,"Piped water outside school",,,
"3020008",5,"Rain water",,,
"3020008",7,"Lake/river/stream/dam/pond",,,
"3020008",3,"Bore hole at school",1,0,1
"3020008",6,"Protected spring/well",2,0.5,1
"3020008",9,"Other (specify)",,,
"3020008",4,"Bore hole outside school",,,
"3020008",1,"Piped water at school",,,
"3020010",3,"Bore hole at school",1,0,1
"3020010",6,"Protected spring/well",,,
"3020010",9,"Other (specify)",,,
"3020010",7,"Lake/river/stream/dam/pond",,,
"3020010",4,"Bore hole outside school",,,
"3020010",2,"Piped water outside school",,,
"3020010",5,"Rain water",,,
"3020010",8,"None",,,
"3020013",7,"Lake/river/stream/dam/pond",,,
"3020013",9,"Other (specify)",,,
"3020013",2,"Piped water outside school",,,
"3020013",3,"Bore hole at school",1,0,1
"3020013",5,"Rain water",,,
"3020013",4,"Bore hole outside school",,,
"3020013",8,"None",,,
"3020013",6,"Protected spring/well",,,
"3020016",5,"Rain water",2,0,2
"3020016",1,"Piped water at school",,,
"3020016",7,"Lake/river/stream/dam/pond",,,
"3020016",6,"Protected spring/well",,,
"3020016",3,"Bore hole at school",,,
"3020016",4,"Bore hole outside school",1,0.5,1
"3020016",2,"Piped water outside school",,,
"3020016",9,"Other (specify)",,,
"3020018",2,"Piped water outside school",,,
"3020018",1,"Piped water at school",,,
"3020018",6,"Protected spring/well",,,
"3020018",7,"Lake/river/stream/dam/pond",,,
"3020018",9,"Other (specify)",,,
"3020018",5,"Rain water",,,
"3020018",8,"None",,,
"3020018",3,"Bore hole at school",,,
"3020035",4,"Bore hole outside school",,,
"3020035",8,"None",,,
"3020035",1,"Piped water at school",,,
"3020035",6,"Protected spring/well",,,
"3020035",2,"Piped water outside school",,,
"3020035",5,"Rain water",,,
"3020035",7,"Lake/river/stream/dam/pond",,,
"3020035",3,"Bore hole at school",1,0,1
"3030002",8,"None",,,
"3030002",7,"Lake/river/stream/dam/pond",,,
"3030002",9,"Other (specify)",,,
"3030002",1,"Piped water at school",1,0,1
"3030002",3,"Bore hole at school",2,0,1
"3030002",5,"Rain water",3,0,2
"3030002",2,"Piped water outside school",,,
"3030002",6,"Protected spring/well",,,
"3030006",7,"Lake/river/stream/dam/pond",,,
"3030006",5,"Rain water",,,
"3030006",1,"Piped water at school",,,
"3030006",9,"Other (specify)",,,
"3030006",6,"Protected spring/well",2,0.100000001490116,1
"3030006",4,"Bore hole outside school",,,
"3030006",8,"None",,,
"3030006",2,"Piped water outside school",,,
"3030009",9,"Other (specify)",,,
"3030009",2,"Piped water outside school",,,
"3030009",1,"Piped water at school",1,0,1
"3030009",6,"Protected spring/well",,,
"3030009",7,"Lake/river/stream/dam/pond",,,
"3030009",4,"Bore hole outside school",2,0.200000002980232,1
"3030009",5,"Rain water",,,
"3030009",3,"Bore hole at school",,,
"3030015",7,"Lake/river/stream/dam/pond",,,
"3030015",3,"Bore hole at school",,,
"3030015",9,"Other (specify)",,,
"3030015",5,"Rain water",,,
"3030015",8,"None",,,
"3030015",2,"Piped water outside school",,,
"3030015",4,"Bore hole outside school",1,0.100000001490116,1
"3030015",1,"Piped water at school",,,
"3030033",8,"None",,,
"3030033",2,"Piped water outside school",,,
"3030033",4,"Bore hole outside school",,,
"3030033",7,"Lake/river/stream/dam/pond",,,
"3030033",9,"Other (specify)",,,
"3030033",1,"Piped water at school",,,
"3030033",5,"Rain water",,,
"3030033",6,"Protected spring/well",1,0.5,2
"3040002",1,"Piped water at school",,,
"3040002",7,"Lake/river/stream/dam/pond",,,
"3040002",3,"Bore hole at school",1,0,1
"3040002",9,"Other (specify)",,,
"3040002",4,"Bore hole outside school",,,
"3040002",6,"Protected spring/well",,,
"3040002",2,"Piped water outside school",,,
"3040002",8,"None",,,
"3040004",2,"Piped water outside school",,,
"3040004",8,"None",,,
"3040004",7,"Lake/river/stream/dam/pond",,,
"3040004",9,"Other (specify)",,,
"3040004",4,"Bore hole outside school",,,
"3040004",3,"Bore hole at school",1,0,1
"3040004",6,"Protected spring/well",,,
"3040004",5,"Rain water",2,0,2
"3040007",9,"Other (specify)",,,
"3040007",5,"Rain water",,,
"3040007",4,"Bore hole outside school",,,
"3040007",1,"Piped water at school",,,
"3040007",7,"Lake/river/stream/dam/pond",,,
"3040007",6,"Protected spring/well",,,
"3040007",2,"Piped water outside school",,,
"3040007",8,"None",,,
"3040009",5,"Rain water",,,
"3040009",8,"None",,,
"3040009",6,"Protected spring/well",,,
"3040009",2,"Piped water outside school",,,
"3040009",7,"Lake/river/stream/dam/pond",,,
"3040009",3,"Bore hole at school",1,0,1
"3040009",9,"Other (specify)",,,
"3040009",4,"Bore hole outside school",,,
"3040014",7,"Lake/river/stream/dam/pond",,,
"3040014",1,"Piped water at school",,,
"3040014",3,"Bore hole at school",1,0,1
"3040014",5,"Rain water",,,
"3040014",4,"Bore hole outside school",1,0.100000001490116,1
"3040014",2,"Piped water outside school",,,
"3040014",6,"Protected spring/well",,,
"3040014",8,"None",,,
"3050001",4,"Bore hole outside school",,,
"3050001",9,"Other (specify)",,,
"3050001",1,"Piped water at school",,,
"3050001",5,"Rain water",2,0,2
"3050001",6,"Protected spring/well",,,
"3050001",3,"Bore hole at school",1,0,1
"3050001",2,"Piped water outside school",,,
"3050001",8,"None",,,
"3060006",9,"Other (specify)",,,
"3060006",7,"Lake/river/stream/dam/pond",,,
"3060006",8,"None",,,
"3060006",3,"Bore hole at school",1,0,1
"3060006",2,"Piped water outside school",,,
"3060006",1,"Piped water at school",,,
"3060006",4,"Bore hole outside school",,,
"3060006",6,"Protected spring/well",,,
"3070002",3,"Bore hole at school",2,0,1
"3070002",5,"Rain water",,,
"3070002",6,"Protected spring/well",,,
"3070002",4,"Bore hole outside school",,,
"3070002",2,"Piped water outside school",,,
"3070002",1,"Piped water at school",1,0,1
"3070002",9,"Other (specify)",,,
"3070002",7,"Lake/river/stream/dam/pond",,,
"3070005",7,"Lake/river/stream/dam/pond",,,
"3070005",1,"Piped water at school",,,
"3070005",5,"Rain water",,,
"3070005",9,"Other (specify)",,,
"3070005",6,"Protected spring/well",,,
"3070005",4,"Bore hole outside school",,,
"3070005",2,"Piped water outside school",,,
"3070005",3,"Bore hole at school",1,0,1
"3070007",6,"Protected spring/well",,,
"3070007",4,"Bore hole outside school",1,0.5,1
"3070007",7,"Lake/river/stream/dam/pond",,,
"3070007",8,"None",,,
"3070007",9,"Other (specify)",,,
"3070007",1,"Piped water at school",1,0,1
"3070007",2,"Piped water outside school",,,
"3070007",3,"Bore hole at school",,,
"3070012",5,"Rain water",,,
"3070012",7,"Lake/river/stream/dam/pond",,,
"3070012",1,"Piped water at school",,,
"3070012",3,"Bore hole at school",1,0,1
"3070012",6,"Protected spring/well",,,
"3070012",8,"None",,,
"3070012",2,"Piped water outside school",,,
"3070012",4,"Bore hole outside school",,,
"3070017",5,"Rain water",,,
"3070017",7,"Lake/river/stream/dam/pond",,,
"3070017",4,"Bore hole outside school",,,
"3070017",3,"Bore hole at school",1,0,1
"3070017",6,"Protected spring/well",,,
"3070017",2,"Piped water outside school",,,
"3070017",1,"Piped water at school",,,
"3070017",9,"Other (specify)",,,
"3070018",8,"None",,,
"3070018",6,"Protected spring/well",2,1,1
"3070018",2,"Piped water outside school",,,
"3070018",4,"Bore hole outside school",1,11,1
"3070018",3,"Bore hole at school",,,
"3070018",9,"Other (specify)",,,
"3070018",5,"Rain water",,,
"3070018",7,"Lake/river/stream/dam/pond",,,
"3070020",6,"Protected spring/well",1,1,1
"3070020",3,"Bore hole at school",2,0,2
"3070020",7,"Lake/river/stream/dam/pond",,,
"3070020",4,"Bore hole outside school",,,
"3070020",9,"Other (specify)",,,
"3070020",1,"Piped water at school",,,
"3070020",8,"None",,,
"3070020",5,"Rain water",,,
"3070022",5,"Rain water",,,
"3070022",2,"Piped water outside school",,,
"3070022",7,"Lake/river/stream/dam/pond",,,
"3070022",8,"None",,,
"3070022",1,"Piped water at school",,,
"3070022",6,"Protected spring/well",,,
"3070022",3,"Bore hole at school",1,0,1
"3070022",4,"Bore hole outside school",,,
"3070023",1,"Piped water at school",,,
"3070023",8,"None",,,
"3070023",5,"Rain water",,,
"3070023",2,"Piped water outside school",,,
"3070023",6,"Protected spring/well",,,
"3070023",4,"Bore hole outside school",,,
"3070023",9,"Other (specify)",,,
"3070023",7,"Lake/river/stream/dam/pond",,,
"3070025",1,"Piped water at school",,,
"3070025",9,"Other (specify)",,,
"3070025",4,"Bore hole outside school",1,1.5,1
"3070025",7,"Lake/river/stream/dam/pond",,,
"3070025",8,"None",,,
"3070025",5,"Rain water",2,0,2
"3070025",3,"Bore hole at school",,,
"3070025",2,"Piped water outside school",,,
"3080001",4,"Bore hole outside school",1,5,1
"3080001",7,"Lake/river/stream/dam/pond",,,
"3080001",9,"Other (specify)",,,
"3080001",2,"Piped water outside school",,,
"3080001",8,"None",,,
"3080001",6,"Protected spring/well",,,
"3080001",5,"Rain water",2,0,2
"3080001",3,"Bore hole at school",1,0,1
"3080002",4,"Bore hole outside school",1,0.300000011920929,1
"3080002",8,"None",,,
"3080002",3,"Bore hole at school",1,0,1
"3080002",2,"Piped water outside school",,,
"3080002",6,"Protected spring/well",,,
"3080002",9,"Other (specify)",,,
"3080002",1,"Piped water at school",,,
"3080002",7,"Lake/river/stream/dam/pond",,,
"3080004",8,"None",,,
"3080004",3,"Bore hole at school",1,0,1
"3080004",9,"Other (specify)",,,
"3080004",4,"Bore hole outside school",,,
"3080004",1,"Piped water at school",,,
"3080004",2,"Piped water outside school",1,0.200000002980232,1
"3080004",7,"Lake/river/stream/dam/pond",,,
"3080004",6,"Protected spring/well",,,
"3090001",6,"Protected spring/well",,,
"3090001",9,"Other (specify)",,,
"3090001",2,"Piped water outside school",,,
"3090001",5,"Rain water",,,
"3090001",4,"Bore hole outside school",,,
"3090001",3,"Bore hole at school",,,
"3090001",7,"Lake/river/stream/dam/pond",,,
"3090001",1,"Piped water at school",1,0,1
"3090002",1,"Piped water at school",,,
"3090002",6,"Protected spring/well",,,
"3090002",3,"Bore hole at school",,,
"3090002",8,"None",,,
"3090002",4,"Bore hole outside school",1,0.100000001490116,1
"3090002",2,"Piped water outside school",,,
"3090002",7,"Lake/river/stream/dam/pond",,,
"3090002",5,"Rain water",,,
"3100001",4,"Bore hole outside school",,,
"3100001",2,"Piped water outside school",,,
"3100001",6,"Protected spring/well",,,
"3100001",1,"Piped water at school",,,
"3100001",3,"Bore hole at school",1,0,1
"3100001",5,"Rain water",3,0,2
"3100001",8,"None",,,
"3100001",9,"Other (specify)",,,
"3100004",5,"Rain water",,,
"3100004",9,"Other (specify)",,,
"3100004",7,"Lake/river/stream/dam/pond",,,
"3100004",1,"Piped water at school",,,
"3100004",3,"Bore hole at school",,,
"3100004",2,"Piped water outside school",,,
"3100004",4,"Bore hole outside school",,,
"3100004",8,"None",,,
"3100006",9,"Other (specify)",,,
"3100006",4,"Bore hole outside school",1,0,1
"3100006",5,"Rain water",,,
"3100006",6,"Protected spring/well",,,
"3100006",7,"Lake/river/stream/dam/pond",,,
"3100006",3,"Bore hole at school",1,0,1
"3100006",1,"Piped water at school",,,
"3100006",2,"Piped water outside school",,,
"3100007",4,"Bore hole outside school",,,
"3100007",6,"Protected spring/well",,,
"3100007",8,"None",,,
"3100007",7,"Lake/river/stream/dam/pond",1,0.0500000007450581,1
"3100007",5,"Rain water",2,0,2
"3100007",1,"Piped water at school",3,0.5,2
"3100007",9,"Other (specify)",,,
"3100007",3,"Bore hole at school",,,
"3100008",6,"Protected spring/well",,,
"3100008",8,"None",,,
"3100008",1,"Piped water at school",,,
"3100008",5,"Rain water",,,
"3100008",9,"Other (specify)",,,
"3100008",2,"Piped water outside school",,,
"3100008",7,"Lake/river/stream/dam/pond",1,0.800000011920929,1
"3100008",3,"Bore hole at school",,,
"3100009",7,"Lake/river/stream/dam/pond",,,
"3100009",5,"Rain water",2,0,2
"3100009",2,"Piped water outside school",,,
"3100009",9,"Other (specify)",,,
"3100009",1,"Piped water at school",,,
"3100009",8,"None",,,
"3100009",3,"Bore hole at school",,,
"3100009",6,"Protected spring/well",,,
"3100010",4,"Bore hole outside school",,,
"3100010",5,"Rain water",,,
"3100010",7,"Lake/river/stream/dam/pond",,,
"3100010",1,"Piped water at school",,,
"3100010",8,"None",,,
"3100010",2,"Piped water outside school",,,
"3100010",9,"Other (specify)",,,
"3100010",6,"Protected spring/well",1,0.200000002980232,1
"3100012",7,"Lake/river/stream/dam/pond",,,
"3100012",5,"Rain water",,,
"3100012",1,"Piped water at school",,,
"3100012",4,"Bore hole outside school",1,2,1
"3100012",8,"None",,,
"3100012",6,"Protected spring/well",,,
"3100012",9,"Other (specify)",,,
"3100012",2,"Piped water outside school",,,
"3110001",4,"Bore hole outside school",,,
"3110001",7,"Lake/river/stream/dam/pond",,,
"3110001",5,"Rain water",2,0,2
"3110001",9,"Other (specify)",,,
"3110001",3,"Bore hole at school",1,0,1
"3110001",1,"Piped water at school",,,
"3110001",8,"None",,,
"3110001",6,"Protected spring/well",,,
"3110003",5,"Rain water",2,0,0
"3110003",2,"Piped water outside school",,,
"3110003",8,"None",,,
"3110003",6,"Protected spring/well",,,
"3110003",3,"Bore hole at school",,,
"3110003",4,"Bore hole outside school",1,0.5,2
"3110003",1,"Piped water at school",,,
"3110003",7,"Lake/river/stream/dam/pond",3,0.600000023841858,2
"3110004",9,"Other (specify)",,,
"3110004",7,"Lake/river/stream/dam/pond",3,2,1
"3110004",3,"Bore hole at school",1,0,2
"3110004",4,"Bore hole outside school",2,2,1
"3110004",6,"Protected spring/well",,,
"3110004",5,"Rain water",,,
"3110004",2,"Piped water outside school",,,
"3110004",1,"Piped water at school",,,
"3130001",6,"Protected spring/well",,,
"3130001",7,"Lake/river/stream/dam/pond",,,
"3130001",2,"Piped water outside school",,,
"3130001",4,"Bore hole outside school",,,
"3130001",8,"None",,,
"3130001",9,"Other (specify)",,,
"3130001",5,"Rain water",,,
"3130001",1,"Piped water at school",,,
"3130002",1,"Piped water at school",,,
"3130002",6,"Protected spring/well",,,
"3130002",4,"Bore hole outside school",1,0.100000001490116,1
"3130002",3,"Bore hole at school",,,
"3130002",7,"Lake/river/stream/dam/pond",,,
"3130002",9,"Other (specify)",,,
"3130002",2,"Piped water outside school",,,
"3130002",5,"Rain water",,,
"3130003",4,"Bore hole outside school",2,2,1
"3130003",8,"None",,,
"3130003",7,"Lake/river/stream/dam/pond",1,0.800000011920929,1
"3130003",6,"Protected spring/well",,,
"3130003",2,"Piped water outside school",,,
"3130003",9,"Other (specify)",,,
"3130003",5,"Rain water",,,
"3130003",3,"Bore hole at school",,,
"3150016",8,"None",,,
"3150016",9,"Other (specify)",,,
"3150016",4,"Bore hole outside school",,,
"3150016",6,"Protected spring/well",,,
"3150016",3,"Bore hole at school",1,0,1
"3150016",5,"Rain water",,,
"3150016",7,"Lake/river/stream/dam/pond",,,
"3150016",2,"Piped water outside school",,,
"3160016",5,"Rain water",,,
"3160016",3,"Bore hole at school",2,0,1
"3160016",2,"Piped water outside school",,,
"3160016",4,"Bore hole outside school",,,
"3160016",9,"Other (specify)",,,
"3160016",8,"None",,,
"3160016",6,"Protected spring/well",1,4,1
"3160016",1,"Piped water at school",,,
"3170009",9,"Other (specify)",,,
"3170009",1,"Piped water at school",,,
"3170009",6,"Protected spring/well",2,1,1
"3170009",7,"Lake/river/stream/dam/pond",,,
"3170009",5,"Rain water",,,
"3170009",4,"Bore hole outside school",3,0.699999988079071,1
"3170009",2,"Piped water outside school",,,
"3170009",8,"None",,,
"3170010",8,"None",,,
"3170010",1,"Piped water at school",,,
"3170010",5,"Rain water",2,0,2
"3170010",3,"Bore hole at school",,,
"3170010",9,"Other (specify)",,,
"3170010",7,"Lake/river/stream/dam/pond",,,
"3170010",2,"Piped water outside school",,,
"3170010",6,"Protected spring/well",,,
"3170011",7,"Lake/river/stream/dam/pond",,,
"3170011",1,"Piped water at school",,,
"3170011",5,"Rain water",,,
"3170011",3,"Bore hole at school",,,
"3170011",4,"Bore hole outside school",1,0.400000005960464,2
"3170011",2,"Piped water outside school",,,
"3170011",9,"Other (specify)",,,
"3170011",6,"Protected spring/well",,,
"3180001",3,"Bore hole at school",,,
"3180001",4,"Bore hole outside school",1,0.5,1
"3180001",8,"None",,,
"3180001",5,"Rain water",,,
"3180001",9,"Other (specify)",,,
"3180001",1,"Piped water at school",,,
"3180001",2,"Piped water outside school",,,
"3180001",7,"Lake/river/stream/dam/pond",,,
"3180002",8,"None",,,
"3180002",9,"Other (specify)",,,
"3180002",6,"Protected spring/well",,,
"3180002",4,"Bore hole outside school",1,1.5,2
"3180002",3,"Bore hole at school",,,
"3180002",2,"Piped water outside school",,,
"3180002",5,"Rain water",2,0,2
"3180002",1,"Piped water at school",,,
"3180003",9,"Other (specify)",,,
"3180003",8,"None",,,
"3180003",4,"Bore hole outside school",,,
"3180003",2,"Piped water outside school",,,
"3180003",6,"Protected spring/well",,,
"3180003",1,"Piped water at school",,,
"3180003",5,"Rain water",,,
"3180003",3,"Bore hole at school",1,0,2
"3180004",2,"Piped water outside school",,,
"3180004",6,"Protected spring/well",,,
"3180004",4,"Bore hole outside school",2,1,1
"3180004",9,"Other (specify)",,,
"3180004",8,"None",,,
"3180004",7,"Lake/river/stream/dam/pond",,,
"3180004",5,"Rain water",2,0.5,1
"3180004",3,"Bore hole at school",1,0,1
"3190005",6,"Protected spring/well",,,
"3190005",9,"Other (specify)",,,
"3190005",5,"Rain water",,,
"3190005",1,"Piped water at school",,,
"3190005",7,"Lake/river/stream/dam/pond",,,
"3190005",2,"Piped water outside school",,,
"3190005",3,"Bore hole at school",,,
"3190005",8,"None",,,
"3190012",3,"Bore hole at school",,,
"3190012",5,"Rain water",,,
"3190012",2,"Piped water outside school",,,
"3190012",4,"Bore hole outside school",1,0.200000002980232,1
"3190012",1,"Piped water at school",,,
"3190012",6,"Protected spring/well",2,0.200000002980232,2
"3190012",9,"Other (specify)",,,
"3190012",8,"None",,,
"3200018",2,"Piped water outside school",,,
"3200018",5,"Rain water",,,
"3200018",1,"Piped water at school",,,
"3200018",8,"None",,,
"3200018",3,"Bore hole at school",1,0,1
"3200018",4,"Bore hole outside school",,,
"3200018",6,"Protected spring/well",2,0.5,1
"3200018",7,"Lake/river/stream/dam/pond",,,
"3200021",1,"Piped water at school",1,0,1
"3200021",7,"Lake/river/stream/dam/pond",,,
"3200021",5,"Rain water",2,0,2
"3200021",3,"Bore hole at school",,,
"3200021",6,"Protected spring/well",3,0.5,1
"3200021",8,"None",,,
"3200021",2,"Piped water outside school",,,
"3200021",4,"Bore hole outside school",,,
"3200024",2,"Piped water outside school",,,
"3200024",7,"Lake/river/stream/dam/pond",2,0.5,1
"3200024",6,"Protected spring/well",,,
"3200024",5,"Rain water",,,
"3200024",4,"Bore hole outside school",,,
"3200024",8,"None",,,
"3200024",3,"Bore hole at school",1,0,1
"3200024",1,"Piped water at school",,,
"3200027",4,"Bore hole outside school",,,
"3200027",2,"Piped water outside school",,,
"3200027",9,"Other (specify)",,,
"3200027",6,"Protected spring/well",,,
"3200027",5,"Rain water",,,
"3200027",3,"Bore hole at school",1,3.20000004768372,1
"3200027",8,"None",,,
"3200027",7,"Lake/river/stream/dam/pond",,,
"3200030",7,"Lake/river/stream/dam/pond",2,1,1
"3200030",2,"Piped water outside school",,,
"3200030",9,"Other (specify)",,,
"3200030",5,"Rain water",,,
"3200030",1,"Piped water at school",,,
"3200030",8,"None",,,
"3200030",4,"Bore hole outside school",,,
"3200030",6,"Protected spring/well",,,
"3210021",2,"Piped water outside school",,,
"3210021",5,"Rain water",2,0,2
"3210021",3,"Bore hole at school",,,
"3210021",7,"Lake/river/stream/dam/pond",,,
"3210021",6,"Protected spring/well",,,
"3210021",8,"None",,,
"3210021",1,"Piped water at school",,,
"3210021",9,"Other (specify)",,,
"3210023",5,"Rain water",,,
"3210023",2,"Piped water outside school",,,
"3210023",1,"Piped water at school",,,
"3210023",9,"Other (specify)",,,
"3210023",6,"Protected spring/well",2,0.5,2
"3210023",3,"Bore hole at school",1,0,2
"3210023",4,"Bore hole outside school",,,
"3210023",8,"None",,,
"3210028",3,"Bore hole at school",1,0,1
"3210028",9,"Other (specify)",,,
"3210028",5,"Rain water",2,0,2
"3210028",4,"Bore hole outside school",3,1,1
"3210028",8,"None",,,
"3210028",6,"Protected spring/well",,,
"3210028",7,"Lake/river/stream/dam/pond",,,
"3210028",2,"Piped water outside school",,,
"3210030",4,"Bore hole outside school",,,
"3210030",5,"Rain water",2,0,2
"3210030",9,"Other (specify)",,,
"3210030",3,"Bore hole at school",,,
"3210030",6,"Protected spring/well",,,
"3210030",8,"None",,,
"3210030",1,"Piped water at school",1,0,1
"3210030",2,"Piped water outside school",,,
"4020016",5,"Rain water",,,
"4020016",6,"Protected spring/well",,,
"4020016",7,"Lake/river/stream/dam/pond",1,0.5,1
"4020016",1,"Piped water at school",,,
"4020016",4,"Bore hole outside school",,,
"4020016",9,"Other (specify)",,,
"4020016",2,"Piped water outside school",,,
"4020016",3,"Bore hole at school",,,
"4020020",7,"Lake/river/stream/dam/pond",,,
"4020020",6,"Protected spring/well",,,
"4020020",3,"Bore hole at school",,,
"4020020",5,"Rain water",1,0,2
"4020020",1,"Piped water at school",2,0,1
"4020020",9,"Other (specify)",,,
"4020020",8,"None",,,
"4020020",2,"Piped water outside school",,,
"4020025",3,"Bore hole at school",,,
"4020025",2,"Piped water outside school",,,
"4020025",8,"None",,,
"4020025",6,"Protected spring/well",,,
"4020025",1,"Piped water at school",,,
"4020025",5,"Rain water",2,0,2
"4020025",9,"Other (specify)",1,0,1
"4020025",4,"Bore hole outside school",,,
"4030002",8,"None",,,
"4030002",1,"Piped water at school",1,0,1
"4030002",2,"Piped water outside school",,,
"4030002",6,"Protected spring/well",,,
"4030002",5,"Rain water",3,0,2
"4030002",3,"Bore hole at school",2,0,1
"4030002",9,"Other (specify)",,,
"4030002",7,"Lake/river/stream/dam/pond",,,
"4030004",8,"None",,,
"4030004",3,"Bore hole at school",1,0,1
"4030004",6,"Protected spring/well",,,
"4030004",9,"Other (specify)",,,
"4030004",2,"Piped water outside school",,,
"4030004",1,"Piped water at school",,,
"4030004",5,"Rain water",2,0.5,1
"4030004",4,"Bore hole outside school",,,
"4040006",4,"Bore hole outside school",,,
"4040006",8,"None",,,
"4040006",9,"Other (specify)",1,0,1
"4040006",5,"Rain water",,,
"4040006",2,"Piped water outside school",,,
"4040006",3,"Bore hole at school",,,
"4040006",6,"Protected spring/well",,,
"4040006",1,"Piped water at school",,,
"4040008",2,"Piped water outside school",,,
"4040008",9,"Other (specify)",1,0,1
"4040008",3,"Bore hole at school",,,
"4040008",5,"Rain water",,,
"4040008",7,"Lake/river/stream/dam/pond",2,0.25,1
"4040008",6,"Protected spring/well",,,
"4040008",1,"Piped water at school",,,
"4040008",4,"Bore hole outside school",,,
"4040012",2,"Piped water outside school",,,
"4040012",8,"None",,,
"4040012",3,"Bore hole at school",,,
"4040012",4,"Bore hole outside school",,,
"4040012",6,"Protected spring/well",,,
"4040012",5,"Rain water",,,
"4040012",7,"Lake/river/stream/dam/pond",2,0.5,1
"4040012",9,"Other (specify)",1,0.5,2
"4050002",9,"Other (specify)",,,
"4050002",3,"Bore hole at school",,,
"4050002",4,"Bore hole outside school",2,0,2
"4050002",2,"Piped water outside school",,,
"4050002",6,"Protected spring/well",,,
"4050002",5,"Rain water",,,
"4050002",7,"Lake/river/stream/dam/pond",,,
"4050002",1,"Piped water at school",1,0,1
"4050006",6,"Protected spring/well",,,
"4050006",8,"None",,,
"4050006",3,"Bore hole at school",,,
"4050006",7,"Lake/river/stream/dam/pond",,,
"4050006",4,"Bore hole outside school",,,
"4050006",2,"Piped water outside school",,,
"4050006",5,"Rain water",,,
"4050006",1,"Piped water at school",,,
"4050010",5,"Rain water",1,0,2
"4050010",9,"Other (specify)",2,0.25,1
"4050010",6,"Protected spring/well",,,
"4050010",7,"Lake/river/stream/dam/pond",,,
"4050010",8,"None",,,
"4050010",2,"Piped water outside school",,,
"4050010",1,"Piped water at school",,,
"4050010",4,"Bore hole outside school",,,
"4060003",7,"Lake/river/stream/dam/pond",,,
"4060003",2,"Piped water outside school",,,
"4060003",3,"Bore hole at school",,,
"4060003",4,"Bore hole outside school",,,
"4060003",1,"Piped water at school",,,
"4060003",6,"Protected spring/well",,,
"4060003",9,"Other (specify)",1,0,1
"4060003",8,"None",,,
"4060008",6,"Protected spring/well",1,2,2
"4060008",4,"Bore hole outside school",,,
"4060008",5,"Rain water",,,
"4060008",2,"Piped water outside school",,,
"4060008",1,"Piped water at school",,,
"4060008",8,"None",,,
"4060008",7,"Lake/river/stream/dam/pond",2,2.5,1
"4060008",9,"Other (specify)",,,
"4060010",8,"None",,,
"4060010",5,"Rain water",,,
"4060010",2,"Piped water outside school",,,
"4060010",9,"Other (specify)",1,0,1
"4060010",6,"Protected spring/well",,,
"4060010",3,"Bore hole at school",,,
"4060010",1,"Piped water at school",,,
"4060010",7,"Lake/river/stream/dam/pond",2,0.5,1
"4060011",5,"Rain water",,,
"4060011",6,"Protected spring/well",,,
"4060011",9,"Other (specify)",,,
"4060011",8,"None",,,
"4060011",1,"Piped water at school",1,0,1
"4060011",7,"Lake/river/stream/dam/pond",,,
"4060011",3,"Bore hole at school",,,
"4060011",2,"Piped water outside school",,,
"4060013",8,"None",,,
"4060013",5,"Rain water",,,
"4060013",4,"Bore hole outside school",,,
"4060013",3,"Bore hole at school",,,
"4060013",2,"Piped water outside school",2,2.5,2
"4060013",6,"Protected spring/well",1,1.5,2
"4060013",1,"Piped water at school",,,
"4060013",9,"Other (specify)",,,
"4070003",2,"Piped water outside school",,,
"4070003",8,"None",,,
"4070003",9,"Other (specify)",,,
"4070003",3,"Bore hole at school",1,0,1
"4070003",6,"Protected spring/well",,,
"4070003",7,"Lake/river/stream/dam/pond",,,
"4070003",1,"Piped water at school",,,
"4070003",4,"Bore hole outside school",,,
"4070005",7,"Lake/river/stream/dam/pond",,,
"4070005",6,"Protected spring/well",1,1.5,1
"4070005",1,"Piped water at school",,,
"4070005",2,"Piped water outside school",,,
"4070005",3,"Bore hole at school",,,
"4070005",9,"Other (specify)",,,
"4070005",5,"Rain water",,,
"4070005",4,"Bore hole outside school",,,
"4070007",6,"Protected spring/well",,,
"4070007",2,"Piped water outside school",,,
"4070007",4,"Bore hole outside school",,,
"4070007",8,"None",,,
"4070007",9,"Other (specify)",,,
"4070007",3,"Bore hole at school",,,
"4070007",5,"Rain water",,,
"4070007",1,"Piped water at school",,,
"4080004",2,"Piped water outside school",,,
"4080004",4,"Bore hole outside school",,,
"4080004",3,"Bore hole at school",1,0.5,1
"4080004",6,"Protected spring/well",,,
"4080004",8,"None",,,
"4080004",1,"Piped water at school",,,
"4080004",5,"Rain water",,,
"4080004",7,"Lake/river/stream/dam/pond",,,
"4090002",6,"Protected spring/well",,,
"4090002",8,"None",,,
"4090002",7,"Lake/river/stream/dam/pond",,,
"4090002",9,"Other (specify)",,,
"4090002",5,"Rain water",,,
"4090002",3,"Bore hole at school",,,
"4090002",1,"Piped water at school",,,
"4090002",4,"Bore hole outside school",2,0,1
"4090005",4,"Bore hole outside school",,,
"4090005",8,"None",,,
"4090005",2,"Piped water outside school",,,
"4090005",6,"Protected spring/well",,,
"4090005",5,"Rain water",,,
"4090005",9,"Other (specify)",2,1,2
"4090005",7,"Lake/river/stream/dam/pond",,,
"4090005",1,"Piped water at school",1,0,1
"4090009",6,"Protected spring/well",1,1,1
"4090009",8,"None",,,
"4090009",7,"Lake/river/stream/dam/pond",,,
"4090009",3,"Bore hole at school",,,
"4090009",5,"Rain water",,,
"4090009",4,"Bore hole outside school",,,
"4090009",2,"Piped water outside school",,,
"4090009",9,"Other (specify)",,,
"4090011",8,"None",,,
"4090011",3,"Bore hole at school",,,
"4090011",6,"Protected spring/well",,,
"4090011",7,"Lake/river/stream/dam/pond",,,
"4090011",2,"Piped water outside school",,,
"4090011",9,"Other (specify)",2,,
"4090011",4,"Bore hole outside school",1,0.0199999995529652,2
"4090011",5,"Rain water",,,
"4100026",1,"Piped water at school",,,
"4100026",3,"Bore hole at school",,,
"4100026",5,"Rain water",,,
"4100026",9,"Other (specify)",,,
"4100026",8,"None",,,
"4100026",7,"Lake/river/stream/dam/pond",,,
"4100026",2,"Piped water outside school",,,
"4100026",6,"Protected spring/well",,,
"4100038",8,"None",,,
"4100038",6,"Protected spring/well",1,0.5,1
"4100038",9,"Other (specify)",,,
"4100038",7,"Lake/river/stream/dam/pond",,,
"4100038",3,"Bore hole at school",,,
"4100038",2,"Piped water outside school",,,
"4100038",1,"Piped water at school",,,
"4100038",4,"Bore hole outside school",,,
"4120003",8,"None",,,
"4120003",5,"Rain water",1,0,2
"4120003",6,"Protected spring/well",2,0.5,1
"4120003",2,"Piped water outside school",,,
"4120003",3,"Bore hole at school",,,
"4120003",1,"Piped water at school",,,
"4120003",4,"Bore hole outside school",,,
"4120003",9,"Other (specify)",,,
"4120005",8,"None",,,
"4120005",9,"Other (specify)",,,
"4120005",4,"Bore hole outside school",,,
"4120005",7,"Lake/river/stream/dam/pond",1,1.5,1
"4120005",1,"Piped water at school",,,
"4120005",3,"Bore hole at school",,,
"4120005",6,"Protected spring/well",,,
"4120005",5,"Rain water",1,0,2
"4130002",8,"None",,,
"4130002",1,"Piped water at school",,,
"4130002",5,"Rain water",,,
"4130002",2,"Piped water outside school",,,
"4130002",9,"Other (specify)",1,0,8
"4130002",6,"Protected spring/well",,,
"4130002",3,"Bore hole at school",,,
"4130002",7,"Lake/river/stream/dam/pond",,,
"4130003",6,"Protected spring/well",,,
"4130003",8,"None",,,
"4130003",5,"Rain water",1,0,2
"4130003",4,"Bore hole outside school",,,
"4130003",7,"Lake/river/stream/dam/pond",,,
"4130003",1,"Piped water at school",,,
"4130003",3,"Bore hole at school",,,
"4130003",9,"Other (specify)",2,1.5,1
"4130005",3,"Bore hole at school",,,
"4130005",2,"Piped water outside school",,,
"4130005",7,"Lake/river/stream/dam/pond",,,
"4130005",9,"Other (specify)",,,
"4130005",5,"Rain water",1,0,2
"4130005",8,"None",,,
"4130005",1,"Piped water at school",,,
"4130005",4,"Bore hole outside school",,,
"4140003",9,"Other (specify)",,,
"4140003",2,"Piped water outside school",,,
"4140003",3,"Bore hole at school",,,
"4140003",4,"Bore hole outside school",,,
"4140003",6,"Protected spring/well",1,0.100000001490116,1
"4140003",1,"Piped water at school",,,
"4140003",7,"Lake/river/stream/dam/pond",,,
"4140003",8,"None",,,
"4150002",4,"Bore hole outside school",,,
"4150002",3,"Bore hole at school",,,
"4150002",2,"Piped water outside school",,,
"4150002",9,"Other (specify)",,,
"4150002",8,"None",,,
"4150002",6,"Protected spring/well",2,2,1
"4150002",1,"Piped water at school",1,0,2
"4150002",7,"Lake/river/stream/dam/pond",,,
"4150007",5,"Rain water",,,
"4150007",2,"Piped water outside school",,,
"4150007",4,"Bore hole outside school",,,
"4150007",9,"Other (specify)",,,
"4150007",3,"Bore hole at school",1,0,1
"4150007",8,"None",,,
"4150007",6,"Protected spring/well",3,0.5,1
"4150007",7,"Lake/river/stream/dam/pond",,,
"4150009",1,"Piped water at school",,,
"4150009",5,"Rain water",1,0,2
"4150009",7,"Lake/river/stream/dam/pond",,,
"4150009",2,"Piped water outside school",,,
"4150009",9,"Other (specify)",2,3,1
"4150009",3,"Bore hole at school",,,
"4150009",8,"None",,,
"4150009",6,"Protected spring/well",,,
"4160007",7,"Lake/river/stream/dam/pond",,,
"4160007",1,"Piped water at school",,,
"4160007",8,"None",,,
"4160007",4,"Bore hole outside school",1,2.5,1
"4160007",9,"Other (specify)",2,0,8
"4160007",5,"Rain water",,,
"4160007",6,"Protected spring/well",,,
"4160007",3,"Bore hole at school",,,
"4170008",5,"Rain water",,,
"4170008",9,"Other (specify)",1,0,1
"4170008",7,"Lake/river/stream/dam/pond",,,
"4170008",1,"Piped water at school",,,
"4170008",4,"Bore hole outside school",,,
"4170008",2,"Piped water outside school",,,
"4170008",3,"Bore hole at school",,,
"4170008",8,"None",,,
"4170014",8,"None",,,
"4170014",4,"Bore hole outside school",,,
"4170014",6,"Protected spring/well",,,
"4170014",2,"Piped water outside school",,,
"4170014",3,"Bore hole at school",1,0.400000005960464,1
"4170014",7,"Lake/river/stream/dam/pond",2,1,1
"4170014",9,"Other (specify)",,,
"4170014",5,"Rain water",,,
"4180011",9,"Other (specify)",,,
"4180011",8,"None",,,
"4180011",7,"Lake/river/stream/dam/pond",,,
"4180011",4,"Bore hole outside school",1,3,1
"4180011",6,"Protected spring/well",,,
"4180011",2,"Piped water outside school",,,
"4180011",1,"Piped water at school",,,
"4180011",3,"Bore hole at school",,,
"4180020",8,"None",,,
"4180020",4,"Bore hole outside school",,,
"4180020",5,"Rain water",1,0,2
"4180020",6,"Protected spring/well",3,0.200000002980232,1
"4180020",2,"Piped water outside school",,,
"4180020",7,"Lake/river/stream/dam/pond",,,
"4180020",1,"Piped water at school",,,
"4180020",3,"Bore hole at school",,,
"4180023",6,"Protected spring/well",,,
"4180023",4,"Bore hole outside school",,,
"4180023",2,"Piped water outside school",,,
"4180023",3,"Bore hole at school",,,
"4180023",9,"Other (specify)",,,
"4180023",8,"None",,,
"4180023",1,"Piped water at school",,,
"4180023",7,"Lake/river/stream/dam/pond",2,1,1
"4190035",2,"Piped water outside school",,,
"4190035",3,"Bore hole at school",,,
"4190035",4,"Bore hole outside school",,,
"4190035",7,"Lake/river/stream/dam/pond",1,3,1
"4190035",6,"Protected spring/well",,,
"4190035",8,"None",,,
"4190035",1,"Piped water at school",,,
"4190035",9,"Other (specify)",,,
