"comcod","c4ksn","c4kq102","c4kq103","c4kq104","c4kq105"
"1010002",3,"Protected spring/well",,,
"1020001",3,"Protected spring/well",,,
"1020002",3,"Protected spring/well",,,
"1020003",1,"Piped water",1,0,1
"1020004",5,"Lake/river/stream/dam/pond",,,
"1020005",,,,,
"1020006",6,"Spring",,,
"1020007",1,"Piped water",1,0,1
"1020008",4,"Rain water",2,0,2
"1020009",,,,,
"1020010",,,,,
"1020011",,,,,
"1020012",7,"Other (specify)",,,
"1020013",,,,,
"1020014",3,"Protected spring/well",,,
"1020015",,,,,
"1020016",,,,,
"1020017",2,"Bore hole",,,
"1020018",2,"Bore hole",2,30,1
"1020019",7,"Other (specify)",,,
"1020020",7,"Other (specify)",,,
"1020021",,,,,
"1020022",,,,,
"1020023",,,,,
"1020024",5,"Lake/river/stream/dam/pond",,,
"1020025",1,"Piped water",1,0,1
"1020026",7,"Other (specify)",,,
"1020027",3,"Protected spring/well",,,
"1020028",3,"Protected spring/well",,,
"1020029",,,,,
"1020030",,,,,
"1020031",,,,,
"1020032",,,,,
"1020033",4,"Rain water",1,0,2
"1020034",7,"Other (specify)",,,
"1030003",2,"Bore hole",,,
"1030005",2,"Bore hole",2,50,1
"1040002",1,"Piped water",,,
"1040004",2,"Bore hole",1,0,1
"1040006",4,"Rain water",2,0,2
"1040008",7,"Other (specify)",,,
"1050001",,,,,
"1050003",,,,,
"1050004",1,"Piped water",,,
"1050008",1,"Piped water",1,100,1
"1050012",7,"Other (specify)",1,0,1
"1050015",4,"Rain water",,,
"1050019",3,"Protected spring/well",,,
"1050023",5,"Lake/river/stream/dam/pond",,,
"1050026",3,"Protected spring/well",,,
"1050030",5,"Lake/river/stream/dam/pond",,,
"1050033",2,"Bore hole",,,
"1060003",2,"Bore hole",,,
"1060005",3,"Protected spring/well",,,
"1060007",2,"Bore hole",,,
"1060009",1,"Piped water",,,
"1070001",,,,,
"1070002",2,"Bore hole",,,
"1070008",,,,,
"1070012",,,,,
"1070016",5,"Lake/river/stream/dam/pond",,,
"1070020",6,"Spring",,,
"1070023",2,"Bore hole",,,
"1080002",2,"Bore hole",,,
"1080003",7,"Other (specify)",2,200,2
"1080006",2,"Bore hole",,,
"1080009",6,"Spring",,,
"1080013",4,"Rain water",2,0,2
"1080016",,,,,
"1080020",2,"Bore hole",,,
"1080023",4,"Rain water",,,
"1080027",7,"Other (specify)",,,
"1080030",3,"Protected spring/well",,,
"1080033",7,"Other (specify)",,,
"1090004",6,"Spring",,,
"1100001",3,"Protected spring/well",,,
"1100005",6,"Spring",,,
"1100007",5,"Lake/river/stream/dam/pond",,,
"1100009",5,"Lake/river/stream/dam/pond",,,
"1100012",7,"Other (specify)",,,
"1110001",4,"Rain water",1,0,2
"1110003",6,"Spring",,,
"1110005",,,,,
"1120001",5,"Lake/river/stream/dam/pond",,,
"1120003",1,"Piped water",,,
"1120006",7,"Other (specify)",,,
"1130002",6,"Spring",,,
"1130003",6,"Spring",,,
"1130004",4,"Rain water",2,0,2
"1130006",2,"Bore hole",,,
"1130007",3,"Protected spring/well",,,
"1130008",3,"Protected spring/well",,,
"1130010",7,"Other (specify)",,,
"1130012",2,"Bore hole",,,
"1130014",,,,,
"1130016",4,"Rain water",,,
"1130019",2,"Bore hole",,,
"1130021",,,,,
"1130023",7,"Other (specify)",,,
"1130025",6,"Spring",,,
"1140003",4,"Rain water",1,0,2
"1150004",6,"Spring",,,
"1150027",6,"Spring",,,
"1150031",6,"Spring",,,
"1160011",6,"Spring",,,
"1160013",7,"Other (specify)",,,
"2010004",1,"Piped water",1,10,1
"2010006",3,"Protected spring/well",1,0,1
"2010008",7,"Other (specify)",,,
"2010009",4,"Rain water",,,
"2020001",,,,,
"2020005",5,"Lake/river/stream/dam/pond",,,
"2020007",7,"Other (specify)",,,
"2030001",2,"Bore hole",,,
"2030004",5,"Lake/river/stream/dam/pond",,,
"2030008",,,,,
"2030018",3,"Protected spring/well",1,,
"2030023",,,,,
"2030028",7,"Other (specify)",,,
"2030033",6,"Spring",,,
"2040002",,,,,
"2040006",5,"Lake/river/stream/dam/pond",,,
"2040009",5,"Lake/river/stream/dam/pond",,,
"2040012",6,"Spring",,,
"2040014",1,"Piped water",,,
"2040015",3,"Protected spring/well",,,
"2050001",7,"Other (specify)",,,
"2050004",1,"Piped water",,,
"2050009",3,"Protected spring/well",,,
"2050013",6,"Spring",,,
"2050017",,,,,
"2050030",7,"Other (specify)",,,
"2060003",5,"Lake/river/stream/dam/pond",2,10,1
"2070005",4,"Rain water",2,0,2
"2070006",6,"Spring",,,
"2080001",3,"Protected spring/well",,,
"2080005",7,"Other (specify)",,,
"2080007",1,"Piped water",,,
"2080008",3,"Protected spring/well",,,
"2090003",2,"Bore hole",,,
"2090006",1,"Piped water",1,0,1
"2090033",3,"Protected spring/well",,,
"2100002",7,"Other (specify)",,,
"2100004",4,"Rain water",2,0,2
"2100006",7,"Other (specify)",,,
"2100007",3,"Protected spring/well",,,
"2110003",,,,,
"2110004",7,"Other (specify)",,,
"2110006",7,"Other (specify)",,,
"2110007",5,"Lake/river/stream/dam/pond",,,
"2110009",4,"Rain water",,,
"2120003",,,,,
"2120008",5,"Lake/river/stream/dam/pond",,,
"2120009",2,"Bore hole",1,0,1
"2120011",5,"Lake/river/stream/dam/pond",,,
"2120013",3,"Protected spring/well",3,40,1
"2140002",,,,,
"2140003",5,"Lake/river/stream/dam/pond",,,
"2150001",7,"Other (specify)",,,
"2150002",6,"Spring",,,
"2150004",6,"Spring",,,
"2150006",2,"Bore hole",,,
"2150007",5,"Lake/river/stream/dam/pond",2,400,1
"2160003",5,"Lake/river/stream/dam/pond",,,
"2170009",1,"Piped water",,,
"2180037",6,"Spring",,,
"2190003",5,"Lake/river/stream/dam/pond",,,
"2200001",3,"Protected spring/well",2,50,1
"2210006",2,"Bore hole",2,0,2
"2220022",,,,,
"2220026",3,"Protected spring/well",,,
"2230011",4,"Rain water",,,
"2230014",1,"Piped water",,,
"2230018",3,"Protected spring/well",,,
"2230022",1,"Piped water",,,
"2230026",,,,,
"2230029",2,"Bore hole",1,0,1
"2240013",5,"Lake/river/stream/dam/pond",,,
"3010003",7,"Other (specify)",,,
"3020002",6,"Spring",,,
"3020003",2,"Bore hole",1,50,1
"3020005",1,"Piped water",,,
"3020008",2,"Bore hole",1,30,2
"3020010",1,"Piped water",,,
"3020013",5,"Lake/river/stream/dam/pond",,,
"3020016",5,"Lake/river/stream/dam/pond",,,
"3020018",4,"Rain water",2,0,2
"3020035",5,"Lake/river/stream/dam/pond",,,
"3030002",,,,,
"3030006",5,"Lake/river/stream/dam/pond",,,
"3030009",3,"Protected spring/well",,,
"3030015",6,"Spring",,,
"3030033",6,"Spring",,,
"3040002",4,"Rain water",3,0,2
"3040004",3,"Protected spring/well",,,
"3040007",1,"Piped water",1,10,1
"3040009",4,"Rain water",2,0,2
"3040014",6,"Spring",,,
"3050001",3,"Protected spring/well",,,
"3060006",7,"Other (specify)",,,
"3060007",,,,,
"3070002",6,"Spring",,,
"3070005",,,,,
"3070007",,,,,
"3070012",6,"Spring",,,
"3070017",3,"Protected spring/well",,,
"3070018",4,"Rain water",2,0,2
"3070020",3,"Protected spring/well",,,
"3070022",1,"Piped water",,,
"3070023",2,"Bore hole",1,20,2
"3070025",2,"Bore hole",1,0,1
"3080001",2,"Bore hole",1,50,1
"3080002",7,"Other (specify)",,,
"3080004",4,"Rain water",2,0,2
"3090001",4,"Rain water",2,0,2
"3090002",3,"Protected spring/well",,,
"3100001",,,,,
"3100004",5,"Lake/river/stream/dam/pond",,,
"3100006",6,"Spring",,,
"3100007",6,"Spring",,,
"3100008",2,"Bore hole",,,
"3100009",3,"Protected spring/well",,,
"3100010",4,"Rain water",3,0,2
"3100012",5,"Lake/river/stream/dam/pond",,,
"3110001",1,"Piped water",,,
"3110003",2,"Bore hole",1,10,1
"3110004",7,"Other (specify)",,,
"3130001",5,"Lake/river/stream/dam/pond",,,
"3130002",4,"Rain water",2,0,2
"3130003",7,"Other (specify)",,,
"3150016",7,"Other (specify)",,,
"3160016",6,"Spring",,,
"3170009",3,"Protected spring/well",,,
"3170010",5,"Lake/river/stream/dam/pond",,,
"3170011",7,"Other (specify)",,,
"3180001",,,,,
"3180002",5,"Lake/river/stream/dam/pond",,,
"3180003",7,"Other (specify)",,,
"3180004",,,,,
"3190005",5,"Lake/river/stream/dam/pond",,,
"3190012",6,"Spring",,,
"3200018",7,"Other (specify)",,,
"3200021",2,"Bore hole",1,0,1
"3200024",5,"Lake/river/stream/dam/pond",,,
"3200027",1,"Piped water",,,
"3200030",7,"Other (specify)",,,
"3210021",3,"Protected spring/well",1,100,1
"3210023",5,"Lake/river/stream/dam/pond",,,
"3210028",7,"Other (specify)",,,
"3210030",2,"Bore hole",1,0,1
"4010003",7,"Other (specify)",1,0,1
"4010005",2,"Bore hole",,,
"4020002",,,,,
"4020007",,,,,
"4020011",,,,,
"4020016",6,"Spring",2,300,1
"4020020",3,"Protected spring/well",,,
"4020025",5,"Lake/river/stream/dam/pond",2,100,1
"4020030",1,"Piped water",,,
"4030002",,,,,
"4030004",6,"Spring",,,
"4030006",1,"Piped water",,,
"4030007",4,"Rain water",2,0,2
"4030009",3,"Protected spring/well",,,
"4040003",5,"Lake/river/stream/dam/pond",,,
"4040006",7,"Other (specify)",2,0,1
"4040008",6,"Spring",,,
"4040010",7,"Other (specify)",,,
"4040012",3,"Protected spring/well",1,50,1
"4050002",6,"Spring",,,
"4050005",4,"Rain water",,,
"4050006",4,"Rain water",,,
"4050008",,,,,
"4050010",6,"Spring",,,
"4060003",1,"Piped water",1,0,1
"4060008",6,"Spring",,,
"4060010",4,"Rain water",2,0,2
"4060011",4,"Rain water",,,
"4060013",2,"Bore hole",1,30,1
"4070002",,,,,
"4070003",7,"Other (specify)",2,100,1
"4070005",6,"Spring",,,
"4070007",,,,,
"4070009",5,"Lake/river/stream/dam/pond",,,
"4080002",6,"Spring",,,
"4080004",3,"Protected spring/well",2,300,1
"4090002",,,,,
"4090005",5,"Lake/river/stream/dam/pond",3,,
"4090009",6,"Spring",,,
"4090011",6,"Spring",,,
"4100001",,,,,
"4100005",3,"Protected spring/well",,,
"4100026",6,"Spring",,,
"4100029",4,"Rain water",,,
"4100038",4,"Rain water",,,
"4110002",3,"Protected spring/well",2,100,1
"4110004",7,"Other (specify)",,,
"4110006",3,"Protected spring/well",,,
"4110007",5,"Lake/river/stream/dam/pond",,,
"4110009",6,"Spring",,,
"4120003",7,"Other (specify)",1,0,1
"4120005",2,"Bore hole",,,
"4130002",7,"Other (specify)",,,
"4130003",1,"Piped water",,,
"4130005",4,"Rain water",3,0,2
"4140001",,,,,
"4140003",5,"Lake/river/stream/dam/pond",1,100,1
"4140005",2,"Bore hole",,,
"4150002",,,,,
"4150004",5,"Lake/river/stream/dam/pond",,,
"4150006",7,"Other (specify)",2,150,1
"4150007",7,"Other (specify)",,,
"4150009",5,"Lake/river/stream/dam/pond",,,
"4160007",3,"Protected spring/well",,,
"4170008",1,"Piped water",,,
"4170014",6,"Spring",,,
"4170017",6,"Spring",,,
"4180011",,,,,
"4180020",6,"Spring",,,
"4180023",6,"Spring",,,
"4190032",3,"Protected spring/well",,,
"4190035",2,"Bore hole",,,
"1010002",5,"Lake/river/stream/dam/pond",,,
"1010002",6,"Spring",,,
"1010002",1,"Piped water",,,
"1010002",4,"Rain water",,,
"1010002",7,"Other (specify)",,,
"1010002",2,"Bore hole",1,0,1
"1020001",7,"Other (specify)",,,
"1020001",2,"Bore hole",,,
"1020001",6,"Spring",,,
"1020001",1,"Piped water",1,0,1
"1020001",5,"Lake/river/stream/dam/pond",,,
"1020001",4,"Rain water",,,
"1020002",4,"Rain water",,,
"1020002",7,"Other (specify)",,,
"1020002",1,"Piped water",1,0,1
"1020002",5,"Lake/river/stream/dam/pond",,,
"1020002",2,"Bore hole",,,
"1020002",6,"Spring",,,
"1020003",2,"Bore hole",,,
"1020003",6,"Spring",,,
"1020003",7,"Other (specify)",,,
"1020003",5,"Lake/river/stream/dam/pond",,,
"1020003",3,"Protected spring/well",,,
"1020003",4,"Rain water",2,0,2
"1020004",2,"Bore hole",,,
"1020004",4,"Rain water",2,0,2
"1020004",3,"Protected spring/well",,,
"1020004",1,"Piped water",1,0,1
"1020004",6,"Spring",,,
"1020004",7,"Other (specify)",,,
"1020006",3,"Protected spring/well",,,
"1020006",2,"Bore hole",,,
"1020006",7,"Other (specify)",,,
"1020006",5,"Lake/river/stream/dam/pond",,,
"1020006",1,"Piped water",1,0,1
"1020006",4,"Rain water",2,0,2
"1020007",4,"Rain water",2,0,2
"1020007",7,"Other (specify)",,,
"1020007",5,"Lake/river/stream/dam/pond",,,
"1020007",2,"Bore hole",,,
"1020007",6,"Spring",,,
"1020007",3,"Protected spring/well",,,
"1020008",3,"Protected spring/well",,,
"1020008",6,"Spring",,,
"1020008",7,"Other (specify)",,,
"1020008",2,"Bore hole",,,
"1020008",1,"Piped water",1,0,1
"1020008",5,"Lake/river/stream/dam/pond",,,
"1020012",5,"Lake/river/stream/dam/pond",,,
"1020012",3,"Protected spring/well",,,
"1020012",2,"Bore hole",,,
"1020012",4,"Rain water",,,
"1020012",6,"Spring",,,
"1020012",1,"Piped water",1,0,1
"1020014",5,"Lake/river/stream/dam/pond",,,
"1020014",4,"Rain water",,,
"1020014",2,"Bore hole",,,
"1020014",1,"Piped water",1,0,1
"1020014",7,"Other (specify)",,,
"1020014",6,"Spring",,,
"1020017",3,"Protected spring/well",,,
"1020017",6,"Spring",,,
"1020017",5,"Lake/river/stream/dam/pond",,,
"1020017",4,"Rain water",,,
"1020017",1,"Piped water",1,0,1
"1020017",7,"Other (specify)",,,
"1020018",6,"Spring",,,
"1020018",7,"Other (specify)",,,
"1020018",4,"Rain water",,,
"1020018",3,"Protected spring/well",,,
"1020018",5,"Lake/river/stream/dam/pond",,,
"1020018",1,"Piped water",1,0,1
"1020019",4,"Rain water",,,
"1020019",5,"Lake/river/stream/dam/pond",,,
"1020019",2,"Bore hole",,,
"1020019",3,"Protected spring/well",,,
"1020019",6,"Spring",,,
"1020019",1,"Piped water",1,0,1
"1020020",4,"Rain water",,,
"1020020",6,"Spring",,,
"1020020",5,"Lake/river/stream/dam/pond",,,
"1020020",1,"Piped water",1,0,2
"1020020",2,"Bore hole",,,
"1020020",3,"Protected spring/well",,,
"1020024",4,"Rain water",2,0,2
"1020024",2,"Bore hole",,,
"1020024",6,"Spring",,,
"1020024",1,"Piped water",1,0,1
"1020024",3,"Protected spring/well",,,
"1020024",7,"Other (specify)",,,
"1020025",4,"Rain water",2,0,2
"1020025",6,"Spring",,,
"1020025",3,"Protected spring/well",,,
"1020025",5,"Lake/river/stream/dam/pond",,,
"1020025",2,"Bore hole",,,
"1020025",7,"Other (specify)",,,
"1020026",3,"Protected spring/well",,,
"1020026",6,"Spring",,,
"1020026",1,"Piped water",1,0,1
"1020026",4,"Rain water",,,
"1020026",2,"Bore hole",,,
"1020026",5,"Lake/river/stream/dam/pond",,,
"1020027",7,"Other (specify)",,,
"1020027",6,"Spring",,,
"1020027",2,"Bore hole",,,
"1020027",1,"Piped water",1,0,1
"1020027",4,"Rain water",,,
"1020027",5,"Lake/river/stream/dam/pond",,,
"1020028",1,"Piped water",1,0,1
"1020028",2,"Bore hole",,,
"1020028",7,"Other (specify)",,,
"1020028",5,"Lake/river/stream/dam/pond",,,
"1020028",6,"Spring",,,
"1020028",4,"Rain water",2,0,2
"1020033",1,"Piped water",,,
"1020033",5,"Lake/river/stream/dam/pond",,,
"1020033",6,"Spring",,,
"1020033",7,"Other (specify)",,,
"1020033",2,"Bore hole",,,
"1020033",3,"Protected spring/well",2,0,1
"1020034",2,"Bore hole",,,
"1020034",5,"Lake/river/stream/dam/pond",,,
"1020034",1,"Piped water",1,0,1
"1020034",4,"Rain water",,,
"1020034",3,"Protected spring/well",,,
"1020034",6,"Spring",,,
"1030003",3,"Protected spring/well",,,
"1030003",7,"Other (specify)",3,0,1
"1030003",4,"Rain water",2,0,2
"1030003",6,"Spring",,,
"1030003",5,"Lake/river/stream/dam/pond",,,
"1030003",1,"Piped water",1,0,1
"1030005",5,"Lake/river/stream/dam/pond",3,150,1
"1030005",3,"Protected spring/well",,,
"1030005",6,"Spring",,,
"1030005",7,"Other (specify)",,,
"1030005",1,"Piped water",,,
"1030005",4,"Rain water",1,0,2
"1040002",4,"Rain water",,,
"1040002",5,"Lake/river/stream/dam/pond",,,
"1040002",3,"Protected spring/well",1,10,2
"1040002",6,"Spring",,,
"1040002",7,"Other (specify)",,,
"1040002",2,"Bore hole",2,200,1
"1040004",1,"Piped water",,,
"1040004",4,"Rain water",1,0,2
"1040004",3,"Protected spring/well",,,
"1040004",7,"Other (specify)",,,
"1040004",6,"Spring",,,
"1040004",5,"Lake/river/stream/dam/pond",,,
"1040006",2,"Bore hole",1,0,2
"1040006",5,"Lake/river/stream/dam/pond",,,
"1040006",6,"Spring",,,
"1040006",3,"Protected spring/well",,,
"1040006",7,"Other (specify)",3,0,1
"1040006",1,"Piped water",,,
"1040008",1,"Piped water",,,
"1040008",5,"Lake/river/stream/dam/pond",,,
"1040008",4,"Rain water",1,0,2
"1040008",3,"Protected spring/well",3,200,
"1040008",6,"Spring",,,
"1040008",2,"Bore hole",2,10,1
"1050004",3,"Protected spring/well",,,
"1050004",5,"Lake/river/stream/dam/pond",,,
"1050004",7,"Other (specify)",3,100,2
"1050004",6,"Spring",,,
"1050004",2,"Bore hole",2,30,2
"1050004",4,"Rain water",1,0,2
"1050008",7,"Other (specify)",,,
"1050008",6,"Spring",,,
"1050008",3,"Protected spring/well",1,0,2
"1050008",4,"Rain water",1,0,2
"1050008",5,"Lake/river/stream/dam/pond",,,
"1050008",2,"Bore hole",2,300,1
"1050012",4,"Rain water",2,0,2
"1050012",2,"Bore hole",,,
"1050012",6,"Spring",,,
"1050012",1,"Piped water",1,0,2
"1050012",5,"Lake/river/stream/dam/pond",,,
"1050012",3,"Protected spring/well",,,
"1050015",3,"Protected spring/well",,,
"1050015",7,"Other (specify)",,,
"1050015",6,"Spring",,,
"1050015",2,"Bore hole",1,320,1
"1050015",5,"Lake/river/stream/dam/pond",3,0,2
"1050015",1,"Piped water",2,0,1
"1050019",1,"Piped water",,,
"1050019",5,"Lake/river/stream/dam/pond",,,
"1050019",2,"Bore hole",,,
"1050019",7,"Other (specify)",,,
"1050019",4,"Rain water",1,0,1
"1050019",6,"Spring",,,
"1050023",3,"Protected spring/well",,,
"1050023",1,"Piped water",,,
"1050023",6,"Spring",,,
"1050023",2,"Bore hole",,,
"1050023",4,"Rain water",1,0,1
"1050023",7,"Other (specify)",,,
"1050026",6,"Spring",,,
"1050026",4,"Rain water",1,0,2
"1050026",1,"Piped water",,,
"1050026",7,"Other (specify)",2,0,1
"1050026",5,"Lake/river/stream/dam/pond",,,
"1050026",2,"Bore hole",,,
"1050030",6,"Spring",,,
"1050030",3,"Protected spring/well",,,1
"1050030",7,"Other (specify)",2,0,1
"1050030",2,"Bore hole",3,,
"1050030",1,"Piped water",,,
"1050030",4,"Rain water",1,0,2
"1050033",1,"Piped water",1,0,1
"1050033",7,"Other (specify)",,,
"1050033",3,"Protected spring/well",,,
"1050033",5,"Lake/river/stream/dam/pond",,,
"1050033",6,"Spring",,,
"1050033",4,"Rain water",2,0,1
"1060003",4,"Rain water",1,0,2
"1060003",7,"Other (specify)",,,
"1060003",5,"Lake/river/stream/dam/pond",,,
"1060003",6,"Spring",,,
"1060003",1,"Piped water",,,
"1060003",3,"Protected spring/well",2,160,1
"1060005",2,"Bore hole",,,
"1060005",1,"Piped water",2,0,2
"1060005",6,"Spring",,,
"1060005",5,"Lake/river/stream/dam/pond",,,
"1060005",4,"Rain water",1,0,2
"1060005",7,"Other (specify)",,,
"1060007",6,"Spring",,,
"1060007",4,"Rain water",2,0,2
"1060007",3,"Protected spring/well",,,
"1060007",5,"Lake/river/stream/dam/pond",,,
"1060007",7,"Other (specify)",,,
"1060007",1,"Piped water",1,0,2
"1060009",3,"Protected spring/well",1,1300,1
"1060009",5,"Lake/river/stream/dam/pond",,,
"1060009",6,"Spring",,,
"1060009",7,"Other (specify)",,,
"1060009",2,"Bore hole",,,
"1060009",4,"Rain water",2,0,0
"1070002",7,"Other (specify)",2,0,1
"1070002",5,"Lake/river/stream/dam/pond",,,
"1070002",3,"Protected spring/well",,,
"1070002",4,"Rain water",1,0,2
"1070002",6,"Spring",,,
"1070002",1,"Piped water",,,
"1070016",2,"Bore hole",2,10,1
"1070016",7,"Other (specify)",,,
"1070016",3,"Protected spring/well",,,
"1070016",6,"Spring",,,
"1070016",1,"Piped water",2,10,1
"1070016",4,"Rain water",1,0,2
"1070020",7,"Other (specify)",,,
"1070020",5,"Lake/river/stream/dam/pond",,,
"1070020",1,"Piped water",,,
"1070020",3,"Protected spring/well",,,
"1070020",4,"Rain water",1,0,2
"1070020",2,"Bore hole",2,25,1
"1070023",1,"Piped water",,,
"1070023",7,"Other (specify)",,,
"1070023",6,"Spring",,,
"1070023",5,"Lake/river/stream/dam/pond",,,
"1070023",4,"Rain water",1,0,1
"1070023",3,"Protected spring/well",,,
"1080002",5,"Lake/river/stream/dam/pond",,,
"1080002",1,"Piped water",1,0,1
"1080002",6,"Spring",,,
"1080002",3,"Protected spring/well",,,
"1080002",7,"Other (specify)",,,
"1080002",4,"Rain water",,,
"1080003",1,"Piped water",1,0,1
"1080003",3,"Protected spring/well",,,
"1080003",6,"Spring",,,
"1080003",2,"Bore hole",,,
"1080003",4,"Rain water",,,
"1080003",5,"Lake/river/stream/dam/pond",,,
"1080006",3,"Protected spring/well",2,10,1
"1080006",1,"Piped water",,,
"1080006",4,"Rain water",1,0,2
"1080006",6,"Spring",,,
"1080006",7,"Other (specify)",,,
"1080006",5,"Lake/river/stream/dam/pond",,,
"1080009",5,"Lake/river/stream/dam/pond",,,
"1080009",2,"Bore hole",1,200,1
"1080009",4,"Rain water",2,0,2
"1080009",3,"Protected spring/well",,,
"1080009",7,"Other (specify)",,,
"1080009",1,"Piped water",,,
"1080013",2,"Bore hole",,,
"1080013",5,"Lake/river/stream/dam/pond",,,
"1080013",3,"Protected spring/well",1,40,1
"1080013",1,"Piped water",,,
"1080013",6,"Spring",,,
"1080013",7,"Other (specify)",,,
"1080020",5,"Lake/river/stream/dam/pond",,,
"1080020",7,"Other (specify)",,,
"1080020",6,"Spring",,,
"1080020",4,"Rain water",1,0,2
"1080020",1,"Piped water",,,
"1080020",3,"Protected spring/well",1,240,1
"1080023",5,"Lake/river/stream/dam/pond",,,
"1080023",7,"Other (specify)",2,0,1
"1080023",6,"Spring",,,
"1080023",1,"Piped water",,,
"1080023",3,"Protected spring/well",1,0,2
"1080023",2,"Bore hole",,,
"1080027",4,"Rain water",1,0,1
"1080027",6,"Spring",,,
"1080027",3,"Protected spring/well",,,
"1080027",1,"Piped water",,,
"1080027",2,"Bore hole",,,
"1080027",5,"Lake/river/stream/dam/pond",,,
"1080030",2,"Bore hole",2,100,1
"1080030",5,"Lake/river/stream/dam/pond",1,60,2
"1080030",6,"Spring",,,
"1080030",4,"Rain water",,,
"1080030",7,"Other (specify)",,,
"1080030",1,"Piped water",,,
"1080033",5,"Lake/river/stream/dam/pond",,,
"1080033",3,"Protected spring/well",,,
"1080033",2,"Bore hole",2,30,1
"1080033",6,"Spring",,,
"1080033",4,"Rain water",1,0,1
"1080033",1,"Piped water",,,
"1090004",7,"Other (specify)",,,
"1090004",1,"Piped water",,,
"1090004",2,"Bore hole",,,
"1090004",4,"Rain water",1,0,2
"1090004",5,"Lake/river/stream/dam/pond",,,
"1090004",3,"Protected spring/well",2,160,2
"1100001",5,"Lake/river/stream/dam/pond",,,
"1100001",4,"Rain water",2,0,2
"1100001",2,"Bore hole",,,
"1100001",7,"Other (specify)",,,
"1100001",6,"Spring",,,
"1100001",1,"Piped water",1,0,1
"1100005",2,"Bore hole",,,
"1100005",3,"Protected spring/well",,,
"1100005",5,"Lake/river/stream/dam/pond",,,
"1100005",1,"Piped water",,,
"1100005",7,"Other (specify)",1,450,1
"1100005",4,"Rain water",2,0,2
"1100007",1,"Piped water",,,
"1100007",2,"Bore hole",,,
"1100007",7,"Other (specify)",2,0,1
"1100007",3,"Protected spring/well",,,
"1100007",4,"Rain water",1,0,2
"1100007",6,"Spring",,,
"1100009",7,"Other (specify)",,,
"1100009",2,"Bore hole",,,
"1100009",4,"Rain water",1,0,1
"1100009",3,"Protected spring/well",,,
"1100009",6,"Spring",,,
"1100009",1,"Piped water",,,
"1100012",3,"Protected spring/well",,,
"1100012",6,"Spring",,,
"1100012",2,"Bore hole",,,
"1100012",5,"Lake/river/stream/dam/pond",2,150,1
"1100012",1,"Piped water",,,
"1100012",4,"Rain water",1,0,2
"1110001",1,"Piped water",,,
"1110001",6,"Spring",,,
"1110001",7,"Other (specify)",2,0,1
"1110001",2,"Bore hole",,,
"1110001",3,"Protected spring/well",,,
"1110001",5,"Lake/river/stream/dam/pond",,,
"1110003",1,"Piped water",,,
"1110003",3,"Protected spring/well",,,
"1110003",2,"Bore hole",1,320,1
"1110003",5,"Lake/river/stream/dam/pond",,,
"1110003",7,"Other (specify)",,,
"1110003",4,"Rain water",,,
"1120001",3,"Protected spring/well",,,
"1120001",2,"Bore hole",1,0,1
"1120001",1,"Piped water",2,0,2
"1120001",6,"Spring",,,
"1120001",4,"Rain water",3,0,2
"1120001",7,"Other (specify)",,,
"1120003",2,"Bore hole",2,25,2
"1120003",4,"Rain water",1,0,2
"1120003",3,"Protected spring/well",,,
"1120003",7,"Other (specify)",,,
"1120003",6,"Spring",,,
"1120003",5,"Lake/river/stream/dam/pond",,,
"1120006",1,"Piped water",,,
"1120006",2,"Bore hole",2,200,1
"1120006",5,"Lake/river/stream/dam/pond",,,
"1120006",3,"Protected spring/well",1,0,2
"1120006",4,"Rain water",1,0,2
"1120006",6,"Spring",,,
"1130002",1,"Piped water",1,0,1
"1130002",7,"Other (specify)",,,
"1130002",4,"Rain water",,,
"1130002",5,"Lake/river/stream/dam/pond",,,
"1130002",2,"Bore hole",,,
"1130002",3,"Protected spring/well",,,
"1130003",5,"Lake/river/stream/dam/pond",,,
"1130003",7,"Other (specify)",,,
"1130003",3,"Protected spring/well",,,
"1130003",4,"Rain water",2,0,1
"1130003",1,"Piped water",1,0,1
"1130003",2,"Bore hole",,,
"1130004",7,"Other (specify)",,,
"1130004",3,"Protected spring/well",2,0,2
"1130004",5,"Lake/river/stream/dam/pond",,,
"1130004",6,"Spring",,,
"1130004",2,"Bore hole",,,
"1130004",1,"Piped water",1,0,1
"1130006",7,"Other (specify)",,,
"1130006",6,"Spring",,,
"1130006",4,"Rain water",,,
"1130006",5,"Lake/river/stream/dam/pond",,,
"1130006",1,"Piped water",1,0,1
"1130006",3,"Protected spring/well",,,
"1130007",7,"Other (specify)",,,
"1130007",2,"Bore hole",,,
"1130007",1,"Piped water",1,0,1
"1130007",4,"Rain water",,,
"1130007",5,"Lake/river/stream/dam/pond",2,160,1
"1130007",6,"Spring",,,
"1130008",1,"Piped water",,,
"1130008",2,"Bore hole",,,
"1130008",5,"Lake/river/stream/dam/pond",,,
"1130008",4,"Rain water",1,0,2
"1130008",7,"Other (specify)",1,0,1
"1130008",6,"Spring",,,
"1130010",6,"Spring",,,
"1130010",4,"Rain water",1,0,2
"1130010",2,"Bore hole",,,
"1130010",5,"Lake/river/stream/dam/pond",,,
"1130010",3,"Protected spring/well",,,
"1130010",1,"Piped water",2,10,1
"1130012",1,"Piped water",1,0,1
"1130012",3,"Protected spring/well",,,
"1130012",5,"Lake/river/stream/dam/pond",,,
"1130012",7,"Other (specify)",,,
"1130012",4,"Rain water",,,
"1130012",6,"Spring",,,
"1130016",5,"Lake/river/stream/dam/pond",,,
"1130016",7,"Other (specify)",,,
"1130016",2,"Bore hole",,,
"1130016",1,"Piped water",1,0,1
"1130016",6,"Spring",,,
"1130016",3,"Protected spring/well",,,
"1130019",6,"Spring",2,0,2
"1130019",4,"Rain water",1,0,2
"1130019",3,"Protected spring/well",,,
"1130019",1,"Piped water",,,
"1130019",7,"Other (specify)",,,
"1130019",5,"Lake/river/stream/dam/pond",,,
"1130023",5,"Lake/river/stream/dam/pond",,,
"1130023",1,"Piped water",2,0,1
"1130023",3,"Protected spring/well",,,
"1130023",2,"Bore hole",,,
"1130023",4,"Rain water",1,0,1
"1130023",6,"Spring",,,
"1130025",5,"Lake/river/stream/dam/pond",,,
"1130025",3,"Protected spring/well",,,
"1130025",1,"Piped water",1,0,1
"1130025",2,"Bore hole",,,
"1130025",4,"Rain water",,,
"1130025",7,"Other (specify)",,,
"1140003",6,"Spring",,,
"1140003",2,"Bore hole",2,1000,1
"1140003",7,"Other (specify)",,,
"1140003",3,"Protected spring/well",,,
"1140003",1,"Piped water",,,
"1140003",5,"Lake/river/stream/dam/pond",,,
"1150004",4,"Rain water",2,0,2
"1150004",1,"Piped water",,,
"1150004",7,"Other (specify)",,,
"1150004",2,"Bore hole",,,
"1150004",3,"Protected spring/well",,,
"1150004",5,"Lake/river/stream/dam/pond",1,50,1
"1150027",3,"Protected spring/well",,,
"1150027",1,"Piped water",,,
"1150027",2,"Bore hole",1,0,1
"1150027",7,"Other (specify)",,,
"1150027",5,"Lake/river/stream/dam/pond",,,
"1150027",4,"Rain water",,,
"1150031",1,"Piped water",,,
"1150031",3,"Protected spring/well",,,
"1150031",5,"Lake/river/stream/dam/pond",,,
"1150031",2,"Bore hole",,,
"1150031",4,"Rain water",1,0,1
"1150031",7,"Other (specify)",,,
"1160011",7,"Other (specify)",,,
"1160011",1,"Piped water",,,
"1160011",5,"Lake/river/stream/dam/pond",,,
"1160011",4,"Rain water",1,0,2
"1160011",2,"Bore hole",2,20,1
"1160011",3,"Protected spring/well",,,
"1160013",5,"Lake/river/stream/dam/pond",2,100,1
"1160013",6,"Spring",,,
"1160013",2,"Bore hole",3,20,1
"1160013",4,"Rain water",1,0,2
"1160013",1,"Piped water",,,
"1160013",3,"Protected spring/well",,,
"2010004",3,"Protected spring/well",,,
"2010004",5,"Lake/river/stream/dam/pond",,,
"2010004",6,"Spring",,,
"2010004",4,"Rain water",,,
"2010004",2,"Bore hole",,,
"2010004",7,"Other (specify)",,,
"2010006",7,"Other (specify)",,,
"2010006",2,"Bore hole",,,
"2010006",5,"Lake/river/stream/dam/pond",2,0,1
"2010006",6,"Spring",,,
"2010006",4,"Rain water",,,
"2010006",1,"Piped water",,,
"2010008",1,"Piped water",,,
"2010008",4,"Rain water",,,
"2010008",5,"Lake/river/stream/dam/pond",,,
"2010008",6,"Spring",,,
"2010008",3,"Protected spring/well",,,
"2010008",2,"Bore hole",1,20,1
"2010009",7,"Other (specify)",,,
"2010009",1,"Piped water",,,
"2010009",6,"Spring",,,
"2010009",5,"Lake/river/stream/dam/pond",,,
"2010009",3,"Protected spring/well",,,
"2010009",2,"Bore hole",1,50,1
"2020005",1,"Piped water",,,
"2020005",6,"Spring",,,
"2020005",4,"Rain water",2,0,2
"2020005",2,"Bore hole",,,
"2020005",7,"Other (specify)",,,
"2020005",3,"Protected spring/well",1,2000,1
"2020007",6,"Spring",,,
"2020007",5,"Lake/river/stream/dam/pond",,,
"2020007",1,"Piped water",,,
"2020007",3,"Protected spring/well",2,50,1
"2020007",4,"Rain water",,,
"2020007",2,"Bore hole",1,50,1
"2030001",1,"Piped water",1,0,1
"2030001",4,"Rain water",,,
"2030001",6,"Spring",,,
"2030001",5,"Lake/river/stream/dam/pond",,,
"2030001",3,"Protected spring/well",,,
"2030001",7,"Other (specify)",,,
"2030004",1,"Piped water",1,0,1
"2030004",7,"Other (specify)",,,
"2030004",6,"Spring",,,
"2030004",4,"Rain water",,,
"2030004",3,"Protected spring/well",,,
"2030004",2,"Bore hole",,,
"2030018",6,"Spring",,,
"2030018",2,"Bore hole",1,10,1
"2030018",4,"Rain water",,,
"2030018",1,"Piped water",,,
"2030018",7,"Other (specify)",,,
"2030018",5,"Lake/river/stream/dam/pond",,,
"2030028",6,"Spring",,,
"2030028",3,"Protected spring/well",,,
"2030028",5,"Lake/river/stream/dam/pond",,,
"2030028",2,"Bore hole",1,0,1
"2030028",1,"Piped water",,,
"2030028",4,"Rain water",2,0,2
"2030033",3,"Protected spring/well",,,
"2030033",4,"Rain water",2,0,1
"2030033",7,"Other (specify)",,,
"2030033",5,"Lake/river/stream/dam/pond",,,
"2030033",2,"Bore hole",1,0,1
"2030033",1,"Piped water",,,
"2040006",3,"Protected spring/well",,,
"2040006",2,"Bore hole",,,
"2040006",6,"Spring",,,
"2040006",7,"Other (specify)",,,
"2040006",4,"Rain water",,,
"2040006",1,"Piped water",1,20,1
"2040009",2,"Bore hole",,,
"2040009",6,"Spring",,,
"2040009",4,"Rain water",,,
"2040009",7,"Other (specify)",,,
"2040009",1,"Piped water",1,0,1
"2040009",3,"Protected spring/well",,,
"2040012",2,"Bore hole",1,0,1
"2040012",4,"Rain water",2,0,2
"2040012",3,"Protected spring/well",,,
"2040012",5,"Lake/river/stream/dam/pond",,,
"2040012",7,"Other (specify)",,,
"2040012",1,"Piped water",,,
"2040014",4,"Rain water",,,
"2040014",5,"Lake/river/stream/dam/pond",,,
"2040014",7,"Other (specify)",,,
"2040014",6,"Spring",,,
"2040014",2,"Bore hole",1,50,1
"2040014",3,"Protected spring/well",,,
"2040015",2,"Bore hole",1,100,1
"2040015",4,"Rain water",,,
"2040015",6,"Spring",,,
"2040015",1,"Piped water",,,
"2040015",5,"Lake/river/stream/dam/pond",,,
"2040015",7,"Other (specify)",,,
"2050001",4,"Rain water",2,0,1
"2050001",1,"Piped water",,,
"2050001",5,"Lake/river/stream/dam/pond",,,
"2050001",2,"Bore hole",1,0,1
"2050001",3,"Protected spring/well",,,
"2050001",6,"Spring",,,
"2050004",5,"Lake/river/stream/dam/pond",,,
"2050004",4,"Rain water",2,0,2
"2050004",2,"Bore hole",1,0,8
"2050004",3,"Protected spring/well",,,
"2050004",6,"Spring",,,
"2050004",7,"Other (specify)",,,
"2050009",5,"Lake/river/stream/dam/pond",,,
"2050009",6,"Spring",,,
"2050009",4,"Rain water",,,
"2050009",2,"Bore hole",1,30,1
"2050009",1,"Piped water",,,
"2050009",7,"Other (specify)",,,
"2050013",7,"Other (specify)",,,
"2050013",2,"Bore hole",2,70,2
"2050013",3,"Protected spring/well",,,
"2050013",4,"Rain water",,,
"2050013",1,"Piped water",1,0,2
"2050013",5,"Lake/river/stream/dam/pond",,,
"2050030",3,"Protected spring/well",,,
"2050030",1,"Piped water",,,
"2050030",5,"Lake/river/stream/dam/pond",,,
"2050030",4,"Rain water",,,
"2050030",6,"Spring",,,
"2050030",2,"Bore hole",1,200,1
"2060003",3,"Protected spring/well",1,50,1
"2060003",2,"Bore hole",,,
"2060003",7,"Other (specify)",,,
"2060003",4,"Rain water",,,
"2060003",1,"Piped water",,,
"2060003",6,"Spring",,,
"2070005",3,"Protected spring/well",,,
"2070005",1,"Piped water",,,
"2070005",7,"Other (specify)",,,
"2070005",5,"Lake/river/stream/dam/pond",,,
"2070005",6,"Spring",,,
"2070005",2,"Bore hole",1,30,1
"2070006",5,"Lake/river/stream/dam/pond",,,
"2070006",3,"Protected spring/well",,,
"2070006",7,"Other (specify)",,,
"2070006",2,"Bore hole",1,30,2
"2070006",1,"Piped water",,,
"2070006",4,"Rain water",,,
"2080001",1,"Piped water",1,0,1
"2080001",5,"Lake/river/stream/dam/pond",,,
"2080001",7,"Other (specify)",,,
"2080001",4,"Rain water",,,
"2080001",2,"Bore hole",1,50,1
"2080001",6,"Spring",,,
"2080005",5,"Lake/river/stream/dam/pond",,,
"2080005",4,"Rain water",,,
"2080005",3,"Protected spring/well",1,100,1
"2080005",2,"Bore hole",,,
"2080005",6,"Spring",,,
"2080005",1,"Piped water",,,
"2080007",2,"Bore hole",1,0,1
"2080007",3,"Protected spring/well",,,
"2080007",7,"Other (specify)",,,
"2080007",4,"Rain water",,,
"2080007",6,"Spring",,,
"2080007",5,"Lake/river/stream/dam/pond",,,
"2080008",6,"Spring",,,
"2080008",1,"Piped water",,,
"2080008",7,"Other (specify)",,,
"2080008",5,"Lake/river/stream/dam/pond",,,
"2080008",4,"Rain water",2,0,2
"2080008",2,"Bore hole",1,0,1
"2090003",5,"Lake/river/stream/dam/pond",,,
"2090003",1,"Piped water",1,0,1
"2090003",4,"Rain water",,,
"2090003",6,"Spring",,,
"2090003",7,"Other (specify)",2,10,2
"2090003",3,"Protected spring/well",,,
"2090006",7,"Other (specify)",,,
"2090006",6,"Spring",,,
"2090006",5,"Lake/river/stream/dam/pond",,,
"2090006",4,"Rain water",,,
"2090006",2,"Bore hole",,,
"2090006",3,"Protected spring/well",,,
"2090033",2,"Bore hole",1,0,1
"2090033",5,"Lake/river/stream/dam/pond",,,
"2090033",1,"Piped water",,,
"2090033",7,"Other (specify)",2,0,2
"2090033",6,"Spring",,,
"2090033",4,"Rain water",,,
"2100002",5,"Lake/river/stream/dam/pond",,,
"2100002",4,"Rain water",,,
"2100002",1,"Piped water",,,
"2100002",3,"Protected spring/well",1,20,1
"2100002",2,"Bore hole",1,20,1
"2100002",6,"Spring",,,
"2100004",5,"Lake/river/stream/dam/pond",,,
"2100004",1,"Piped water",,,
"2100004",3,"Protected spring/well",,,
"2100004",7,"Other (specify)",,,
"2100004",2,"Bore hole",1,30,1
"2100004",6,"Spring",,,
"2100006",6,"Spring",,,
"2100006",5,"Lake/river/stream/dam/pond",,,
"2100006",4,"Rain water",2,0,2
"2100006",1,"Piped water",,,
"2100006",2,"Bore hole",1,40,1
"2100006",3,"Protected spring/well",,,
"2100007",7,"Other (specify)",,,
"2100007",6,"Spring",,,
"2100007",2,"Bore hole",1,0,1
"2100007",5,"Lake/river/stream/dam/pond",,,
"2100007",4,"Rain water",2,0,2
"2100007",1,"Piped water",,,
"2110004",6,"Spring",,,
"2110004",3,"Protected spring/well",,,
"2110004",2,"Bore hole",1,0,1
"2110004",5,"Lake/river/stream/dam/pond",,,
"2110004",1,"Piped water",,,
"2110004",4,"Rain water",,,
"2110006",1,"Piped water",,,
"2110006",5,"Lake/river/stream/dam/pond",,,
"2110006",2,"Bore hole",1,0,1
"2110006",6,"Spring",,,
"2110006",4,"Rain water",2,0,2
"2110006",3,"Protected spring/well",,,
"2110007",1,"Piped water",,,
"2110007",6,"Spring",,,
"2110007",4,"Rain water",,,
"2110007",2,"Bore hole",1,0,1
"2110007",3,"Protected spring/well",,,
"2110007",7,"Other (specify)",,,
"2110009",7,"Other (specify)",,,
"2110009",6,"Spring",,,
"2110009",3,"Protected spring/well",,,
"2110009",5,"Lake/river/stream/dam/pond",,,
"2110009",1,"Piped water",,,
"2110009",2,"Bore hole",1,10,1
"2120008",6,"Spring",,,
"2120008",7,"Other (specify)",,,
"2120008",2,"Bore hole",1,250,1
"2120008",1,"Piped water",,,
"2120008",3,"Protected spring/well",,,
"2120008",4,"Rain water",2,0,2
"2120009",3,"Protected spring/well",,,
"2120009",4,"Rain water",2,0,2
"2120009",6,"Spring",,,
"2120009",5,"Lake/river/stream/dam/pond",,,
"2120009",1,"Piped water",,,
"2120009",7,"Other (specify)",,,
"2120011",1,"Piped water",,,
"2120011",6,"Spring",,,
"2120011",7,"Other (specify)",,,
"2120011",3,"Protected spring/well",3,200,1
"2120011",2,"Bore hole",1,10,1
"2120011",4,"Rain water",2,0,2
"2120013",1,"Piped water",,,
"2120013",2,"Bore hole",1,10,1
"2120013",5,"Lake/river/stream/dam/pond",,,
"2120013",7,"Other (specify)",,,
"2120013",4,"Rain water",2,0,2
"2120013",6,"Spring",,,
"2140003",1,"Piped water",,,
"2140003",2,"Bore hole",1,0,1
"2140003",3,"Protected spring/well",,,
"2140003",7,"Other (specify)",,,
"2140003",4,"Rain water",2,0,2
"2140003",6,"Spring",,,
"2150001",4,"Rain water",,,
"2150001",2,"Bore hole",1,10,1
"2150001",1,"Piped water",2,0,2
"2150001",5,"Lake/river/stream/dam/pond",,,
"2150001",6,"Spring",,,
"2150001",3,"Protected spring/well",,,
"2150002",2,"Bore hole",,,
"2150002",3,"Protected spring/well",,,
"2150002",4,"Rain water",2,0,2
"2150002",5,"Lake/river/stream/dam/pond",,,
"2150002",7,"Other (specify)",1,5,1
"2150002",1,"Piped water",,,
"2150004",4,"Rain water",2,0,2
"2150004",5,"Lake/river/stream/dam/pond",,,
"2150004",7,"Other (specify)",1,0,1
"2150004",1,"Piped water",,,
"2150004",2,"Bore hole",1,0,1
"2150004",3,"Protected spring/well",3,100,1
"2150006",6,"Spring",,,
"2150006",4,"Rain water",1,0,2
"2150006",5,"Lake/river/stream/dam/pond",2,10,1
"2150006",7,"Other (specify)",,,
"2150006",1,"Piped water",,,
"2150006",3,"Protected spring/well",,,
"2150007",6,"Spring",,,
"2150007",3,"Protected spring/well",,,
"2150007",7,"Other (specify)",,,
"2150007",2,"Bore hole",1,0,2
"2150007",4,"Rain water",,,
"2150007",1,"Piped water",,,
"2160003",4,"Rain water",,,
"2160003",7,"Other (specify)",,,
"2160003",6,"Spring",,,
"2160003",1,"Piped water",1,,
"2160003",3,"Protected spring/well",,,
"2160003",2,"Bore hole",1,100,1
"2170009",6,"Spring",,,
"2170009",5,"Lake/river/stream/dam/pond",,,
"2170009",7,"Other (specify)",,,
"2170009",4,"Rain water",3,0,2
"2170009",2,"Bore hole",1,50,1
"2170009",3,"Protected spring/well",2,300,1
"2180037",7,"Other (specify)",3,0,2
"2180037",1,"Piped water",,,
"2180037",2,"Bore hole",,,
"2180037",3,"Protected spring/well",1,25,1
"2180037",4,"Rain water",,,
"2180037",5,"Lake/river/stream/dam/pond",2,10,1
"2190003",2,"Bore hole",1,0,1
"2190003",7,"Other (specify)",,,
"2190003",6,"Spring",,,
"2190003",4,"Rain water",,,
"2190003",1,"Piped water",,,
"2190003",3,"Protected spring/well",,,
"2200001",2,"Bore hole",,,
"2200001",4,"Rain water",,,
"2200001",7,"Other (specify)",1,0,1
"2200001",5,"Lake/river/stream/dam/pond",,,
"2200001",1,"Piped water",,,
"2200001",6,"Spring",,,
"2210006",6,"Spring",,,
"2210006",5,"Lake/river/stream/dam/pond",,,
"2210006",1,"Piped water",1,0,2
"2210006",7,"Other (specify)",,,
"2210006",4,"Rain water",3,0,2
"2210006",3,"Protected spring/well",,,
"2220026",6,"Spring",,,
"2220026",5,"Lake/river/stream/dam/pond",,,
"2220026",7,"Other (specify)",,,
"2220026",2,"Bore hole",2,50,1
"2220026",4,"Rain water",1,0,2
"2220026",1,"Piped water",,,
"2230011",1,"Piped water",,,
"2230011",2,"Bore hole",1,20,1
"2230011",7,"Other (specify)",,,
"2230011",6,"Spring",,,
"2230011",5,"Lake/river/stream/dam/pond",,,
"2230011",3,"Protected spring/well",,,
"2230014",4,"Rain water",2,0,2
"2230014",3,"Protected spring/well",,,
"2230014",5,"Lake/river/stream/dam/pond",3,200,1
"2230014",2,"Bore hole",1,50,2
"2230014",7,"Other (specify)",,,
"2230014",6,"Spring",,,
"2230018",7,"Other (specify)",1,0,2
"2230018",5,"Lake/river/stream/dam/pond",,,
"2230018",4,"Rain water",2,0,2
"2230018",2,"Bore hole",,,
"2230018",1,"Piped water",,,
"2230018",6,"Spring",,,
"2230022",3,"Protected spring/well",,,
"2230022",7,"Other (specify)",,,
"2230022",6,"Spring",,,
"2230022",5,"Lake/river/stream/dam/pond",,,
"2230022",4,"Rain water",2,0,2
"2230022",2,"Bore hole",1,0,1
"2230029",3,"Protected spring/well",,,
"2230029",6,"Spring",,,
"2230029",4,"Rain water",2,0,2
"2230029",1,"Piped water",,,
"2230029",7,"Other (specify)",,,
"2230029",5,"Lake/river/stream/dam/pond",,,
"2240013",1,"Piped water",,,
"2240013",3,"Protected spring/well",,,
"2240013",2,"Bore hole",1,30,1
"2240013",4,"Rain water",1,0,2
"2240013",7,"Other (specify)",,,
"2240013",6,"Spring",,,
"3010003",5,"Lake/river/stream/dam/pond",,,
"3010003",4,"Rain water",,,
"3010003",6,"Spring",,,
"3010003",3,"Protected spring/well",,,
"3010003",2,"Bore hole",1,0,1
"3010003",1,"Piped water",,,
"3020002",1,"Piped water",1,0,1
"3020002",4,"Rain water",,,
"3020002",7,"Other (specify)",,,
"3020002",3,"Protected spring/well",,,
"3020002",5,"Lake/river/stream/dam/pond",,,
"3020002",2,"Bore hole",,,
"3020003",7,"Other (specify)",,,
"3020003",3,"Protected spring/well",,,
"3020003",1,"Piped water",,,
"3020003",4,"Rain water",2,0,2
"3020003",6,"Spring",,,
"3020003",5,"Lake/river/stream/dam/pond",,,
"3020005",4,"Rain water",,,
"3020005",5,"Lake/river/stream/dam/pond",,,
"3020005",7,"Other (specify)",,,
"3020005",3,"Protected spring/well",1,100,1
"3020005",6,"Spring",,,
"3020005",2,"Bore hole",1,30,2
"3020008",5,"Lake/river/stream/dam/pond",,,
"3020008",7,"Other (specify)",,,
"3020008",6,"Spring",,,
"3020008",3,"Protected spring/well",1,100,1
"3020008",1,"Piped water",,,
"3020008",4,"Rain water",,,
"3020010",3,"Protected spring/well",,,
"3020010",4,"Rain water",2,0,2
"3020010",5,"Lake/river/stream/dam/pond",,,
"3020010",2,"Bore hole",1,0,1
"3020010",6,"Spring",,,
"3020010",7,"Other (specify)",,,
"3020013",4,"Rain water",2,0,2
"3020013",6,"Spring",,,
"3020013",2,"Bore hole",1,0,1
"3020013",3,"Protected spring/well",,,
"3020013",7,"Other (specify)",,,
"3020013",1,"Piped water",,,
"3020016",6,"Spring",,,
"3020016",3,"Protected spring/well",,,
"3020016",7,"Other (specify)",,,
"3020016",2,"Bore hole",1,10,1
"3020016",1,"Piped water",,,
"3020016",4,"Rain water",,,
"3020018",1,"Piped water",,,
"3020018",7,"Other (specify)",,,
"3020018",5,"Lake/river/stream/dam/pond",,,
"3020018",3,"Protected spring/well",,,
"3020018",2,"Bore hole",1,0,1
"3020018",6,"Spring",,,
"3020035",7,"Other (specify)",,,
"3020035",1,"Piped water",,,
"3020035",4,"Rain water",2,0,2
"3020035",2,"Bore hole",1,100,1
"3020035",3,"Protected spring/well",,,
"3020035",6,"Spring",,,
"3030006",7,"Other (specify)",3,200,
"3030006",6,"Spring",,,
"3030006",3,"Protected spring/well",,,
"3030006",2,"Bore hole",1,0,1
"3030006",4,"Rain water",2,100,
"3030006",1,"Piped water",1,200,
"3030009",6,"Spring",,,
"3030009",2,"Bore hole",1,0,1
"3030009",5,"Lake/river/stream/dam/pond",,,
"3030009",1,"Piped water",,,
"3030009",7,"Other (specify)",,,
"3030009",4,"Rain water",,,
"3030015",5,"Lake/river/stream/dam/pond",,,
"3030015",1,"Piped water",,,
"3030015",4,"Rain water",,,
"3030015",3,"Protected spring/well",2,50,1
"3030015",7,"Other (specify)",,,
"3030015",2,"Bore hole",1,10,1
"3030033",7,"Other (specify)",,,
"3030033",4,"Rain water",2,0,2
"3030033",1,"Piped water",1,0,1
"3030033",5,"Lake/river/stream/dam/pond",,,
"3030033",2,"Bore hole",,,
"3030033",3,"Protected spring/well",,,
"3040002",5,"Lake/river/stream/dam/pond",,,
"3040002",2,"Bore hole",2,10,1
"3040002",1,"Piped water",1,0,1
"3040002",3,"Protected spring/well",,,
"3040002",6,"Spring",,,
"3040002",7,"Other (specify)",,,
"3040004",6,"Spring",,,
"3040004",7,"Other (specify)",,,
"3040004",2,"Bore hole",,,
"3040004",4,"Rain water",,,
"3040004",1,"Piped water",1,0,1
"3040004",5,"Lake/river/stream/dam/pond",,,
"3040007",4,"Rain water",,,
"3040007",6,"Spring",,,
"3040007",5,"Lake/river/stream/dam/pond",,,
"3040007",3,"Protected spring/well",,,
"3040007",7,"Other (specify)",,,
"3040007",2,"Bore hole",,,
"3040009",7,"Other (specify)",,,
"3040009",5,"Lake/river/stream/dam/pond",,,
"3040009",6,"Spring",,,
"3040009",3,"Protected spring/well",,,
"3040009",1,"Piped water",1,0,1
"3040009",2,"Bore hole",,,
"3040014",3,"Protected spring/well",,,
"3040014",7,"Other (specify)",,,
"3040014",2,"Bore hole",1,0,1
"3040014",4,"Rain water",2,0,2
"3040014",5,"Lake/river/stream/dam/pond",,,
"3040014",1,"Piped water",,,
"3050001",5,"Lake/river/stream/dam/pond",,,
"3050001",6,"Spring",,,
"3050001",7,"Other (specify)",,,
"3050001",2,"Bore hole",,,
"3050001",4,"Rain water",,,
"3050001",1,"Piped water",1,0,1
"3060006",5,"Lake/river/stream/dam/pond",,,
"3060006",1,"Piped water",2,0,1
"3060006",4,"Rain water",,,
"3060006",3,"Protected spring/well",,,
"3060006",2,"Bore hole",1,0,1
"3060006",6,"Spring",,,
"3070002",7,"Other (specify)",,,
"3070002",5,"Lake/river/stream/dam/pond",,,
"3070002",4,"Rain water",2,0,2
"3070002",3,"Protected spring/well",,,
"3070002",1,"Piped water",1,0,1
"3070002",2,"Bore hole",,,
"3070012",1,"Piped water",1,0,1
"3070012",4,"Rain water",,,
"3070012",3,"Protected spring/well",,,
"3070012",7,"Other (specify)",,,
"3070012",2,"Bore hole",,,
"3070012",5,"Lake/river/stream/dam/pond",,,
"3070017",4,"Rain water",2,0,2
"3070017",2,"Bore hole",3,10,1
"3070017",6,"Spring",,,
"3070017",7,"Other (specify)",,,
"3070017",5,"Lake/river/stream/dam/pond",,,
"3070017",1,"Piped water",1,0,1
"3070018",7,"Other (specify)",,,
"3070018",5,"Lake/river/stream/dam/pond",,,
"3070018",2,"Bore hole",3,10,1
"3070018",3,"Protected spring/well",,,
"3070018",6,"Spring",,,
"3070018",1,"Piped water",1,0,1
"3070020",1,"Piped water",,,
"3070020",6,"Spring",,,
"3070020",2,"Bore hole",1,30,2
"3070020",5,"Lake/river/stream/dam/pond",,,
"3070020",4,"Rain water",,,
"3070020",7,"Other (specify)",,,
"3070022",4,"Rain water",,,
"3070022",3,"Protected spring/well",,,
"3070022",5,"Lake/river/stream/dam/pond",,,
"3070022",2,"Bore hole",1,50,1
"3070022",6,"Spring",,,
"3070022",7,"Other (specify)",,,
"3070023",5,"Lake/river/stream/dam/pond",,,
"3070023",6,"Spring",,,
"3070023",3,"Protected spring/well",,,
"3070023",1,"Piped water",,,
"3070023",4,"Rain water",,,
"3070023",7,"Other (specify)",,,
"3070025",1,"Piped water",,,
"3070025",5,"Lake/river/stream/dam/pond",,,
"3070025",7,"Other (specify)",,,
"3070025",4,"Rain water",,,
"3070025",6,"Spring",,,
"3070025",3,"Protected spring/well",,,
"3080001",4,"Rain water",,,
"3080001",1,"Piped water",2,0,2
"3080001",7,"Other (specify)",,,
"3080001",6,"Spring",,,
"3080001",5,"Lake/river/stream/dam/pond",,,
"3080001",3,"Protected spring/well",,,
"3080002",4,"Rain water",2,0,2
"3080002",5,"Lake/river/stream/dam/pond",,,
"3080002",3,"Protected spring/well",,,
"3080002",6,"Spring",,,
"3080002",1,"Piped water",,,
"3080002",2,"Bore hole",1,10,1
"3080004",2,"Bore hole",1,0,1
"3080004",3,"Protected spring/well",,,
"3080004",6,"Spring",,,
"3080004",5,"Lake/river/stream/dam/pond",,,
"3080004",7,"Other (specify)",,,
"3080004",1,"Piped water",,,
"3090001",7,"Other (specify)",,,
"3090001",6,"Spring",,,
"3090001",5,"Lake/river/stream/dam/pond",3,50,1
"3090001",1,"Piped water",,,
"3090001",3,"Protected spring/well",,,
"3090001",2,"Bore hole",1,0,1
"3090002",2,"Bore hole",1,0,1
"3090002",4,"Rain water",,,
"3090002",5,"Lake/river/stream/dam/pond",,,
"3090002",7,"Other (specify)",,,
"3090002",6,"Spring",,,
"3090002",1,"Piped water",,,
"3100004",3,"Protected spring/well",2,0,2
"3100004",4,"Rain water",3,0,2
"3100004",6,"Spring",,,
"3100004",1,"Piped water",,,
"3100004",2,"Bore hole",1,0,1
"3100004",7,"Other (specify)",,,
"3100006",5,"Lake/river/stream/dam/pond",,,
"3100006",2,"Bore hole",1,0,1
"3100006",7,"Other (specify)",,,
"3100006",4,"Rain water",2,0,2
"3100006",1,"Piped water",,,
"3100006",3,"Protected spring/well",,,
"3100007",5,"Lake/river/stream/dam/pond",2,100,1
"3100007",3,"Protected spring/well",,,
"3100007",7,"Other (specify)",,,
"3100007",4,"Rain water",,,
"3100007",1,"Piped water",1,10,1
"3100007",2,"Bore hole",1,10,1
"3100008",1,"Piped water",,,
"3100008",4,"Rain water",2,0,2
"3100008",7,"Other (specify)",,,
"3100008",5,"Lake/river/stream/dam/pond",,,
"3100008",3,"Protected spring/well",1,200,1
"3100008",6,"Spring",,,
"3100009",7,"Other (specify)",,,
"3100009",6,"Spring",,,
"3100009",4,"Rain water",2,0,2
"3100009",2,"Bore hole",1,0,1
"3100009",5,"Lake/river/stream/dam/pond",3,10,1
"3100009",1,"Piped water",,,
"3100010",7,"Other (specify)",,,
"3100010",2,"Bore hole",1,10,1
"3100010",3,"Protected spring/well",2,10,1
"3100010",5,"Lake/river/stream/dam/pond",,,
"3100010",6,"Spring",,,
"3100010",1,"Piped water",,,
"3100012",7,"Other (specify)",,,
"3100012",3,"Protected spring/well",,,
"3100012",4,"Rain water",2,0,2
"3100012",6,"Spring",,,
"3100012",1,"Piped water",,,
"3100012",2,"Bore hole",1,200,1
"3110001",3,"Protected spring/well",,,
"3110001",7,"Other (specify)",,,
"3110001",4,"Rain water",,,
"3110001",5,"Lake/river/stream/dam/pond",,,
"3110001",6,"Spring",,,
"3110001",2,"Bore hole",1,50,2
"3110003",7,"Other (specify)",,,
"3110003",6,"Spring",,,
"3110003",5,"Lake/river/stream/dam/pond",2,0,2
"3110003",4,"Rain water",2,0,2
"3110003",3,"Protected spring/well",1,20,1
"3110003",1,"Piped water",,,
"3110004",2,"Bore hole",1,0,1
"3110004",1,"Piped water",,,
"3110004",3,"Protected spring/well",,,
"3110004",4,"Rain water",,,
"3110004",6,"Spring",,,
"3110004",5,"Lake/river/stream/dam/pond",,,
"3130001",2,"Bore hole",1,0,1
"3130001",4,"Rain water",2,0,2
"3130001",6,"Spring",,,
"3130001",3,"Protected spring/well",,,
"3130001",1,"Piped water",,,
"3130001",7,"Other (specify)",,,
"3130002",3,"Protected spring/well",,,
"3130002",1,"Piped water",,,
"3130002",6,"Spring",,,
"3130002",5,"Lake/river/stream/dam/pond",,,
"3130002",2,"Bore hole",1,20,1
"3130002",7,"Other (specify)",,,
"3130003",6,"Spring",,,
"3130003",2,"Bore hole",1,150,1
"3130003",5,"Lake/river/stream/dam/pond",,,
"3130003",3,"Protected spring/well",,,
"3130003",1,"Piped water",,,
"3130003",4,"Rain water",2,0,2
"3150016",4,"Rain water",,,
"3150016",3,"Protected spring/well",2,0,2
"3150016",2,"Bore hole",1,1,1
"3150016",1,"Piped water",,,
"3150016",6,"Spring",,,
"3150016",5,"Lake/river/stream/dam/pond",,,
"3160016",7,"Other (specify)",,,
"3160016",4,"Rain water",2,0,2
"3160016",1,"Piped water",,,
"3160016",5,"Lake/river/stream/dam/pond",,,
"3160016",3,"Protected spring/well",,,
"3160016",2,"Bore hole",1,10,1
"3170009",6,"Spring",,,
"3170009",1,"Piped water",,,
"3170009",7,"Other (specify)",,,
"3170009",5,"Lake/river/stream/dam/pond",,,
"3170009",4,"Rain water",2,0,2
"3170009",2,"Bore hole",1,0,1
"3170010",4,"Rain water",2,0,2
"3170010",2,"Bore hole",1,10,1
"3170010",3,"Protected spring/well",,,
"3170010",6,"Spring",,,
"3170010",7,"Other (specify)",,,
"3170010",1,"Piped water",,,
"3170011",2,"Bore hole",1,0,1
"3170011",3,"Protected spring/well",,,
"3170011",6,"Spring",,,
"3170011",1,"Piped water",,,
"3170011",5,"Lake/river/stream/dam/pond",,,
"3170011",4,"Rain water",2,0,1
"3180002",2,"Bore hole",1,50,1
"3180002",7,"Other (specify)",,,
"3180002",6,"Spring",,,
"3180002",3,"Protected spring/well",,,
"3180002",4,"Rain water",,,
"3180002",1,"Piped water",,,
"3180003",6,"Spring",,,
"3180003",2,"Bore hole",1,50,1
"3180003",1,"Piped water",,,
"3180003",5,"Lake/river/stream/dam/pond",,,
"3180003",3,"Protected spring/well",,,
"3180003",4,"Rain water",2,0,2
"3190005",7,"Other (specify)",,,
"3190005",4,"Rain water",,,
"3190005",1,"Piped water",2,0,2
"3190005",3,"Protected spring/well",,,
"3190005",6,"Spring",,,
"3190005",2,"Bore hole",1,0,1
"3190012",3,"Protected spring/well",,,
"3190012",7,"Other (specify)",,,
"3190012",1,"Piped water",2,0,2
"3190012",2,"Bore hole",1,0,1
"3190012",5,"Lake/river/stream/dam/pond",,,
"3190012",4,"Rain water",,,
"3200018",6,"Spring",,,
"3200018",2,"Bore hole",1,200,1
"3200018",5,"Lake/river/stream/dam/pond",,,
"3200018",1,"Piped water",,,
"3200018",4,"Rain water",,,
"3200018",3,"Protected spring/well",,,
"3200021",4,"Rain water",2,0,2
"3200021",7,"Other (specify)",,,
"3200021",5,"Lake/river/stream/dam/pond",,,
"3200021",1,"Piped water",,,
"3200021",6,"Spring",,,
"3200021",3,"Protected spring/well",,,
"3200024",6,"Spring",,,
"3200024",3,"Protected spring/well",2,150,1
"3200024",7,"Other (specify)",,,
"3200024",1,"Piped water",,,
"3200024",2,"Bore hole",1,0,1
"3200024",4,"Rain water",3,0,2
"3200027",6,"Spring",,,
"3200027",5,"Lake/river/stream/dam/pond",,,
"3200027",3,"Protected spring/well",,,
"3200027",7,"Other (specify)",,,
"3200027",2,"Bore hole",1,100,1
"3200027",4,"Rain water",2,0,2
"3200030",3,"Protected spring/well",,,
"3200030",2,"Bore hole",1,0,1
"3200030",6,"Spring",,,
"3200030",4,"Rain water",2,0,2
"3200030",5,"Lake/river/stream/dam/pond",,,
"3200030",1,"Piped water",,,
"3210021",5,"Lake/river/stream/dam/pond",,,
"3210021",6,"Spring",,,
"3210021",1,"Piped water",,,
"3210021",7,"Other (specify)",,,
"3210021",4,"Rain water",,,
"3210021",2,"Bore hole",,,
"3210023",1,"Piped water",,,
"3210023",3,"Protected spring/well",,,
"3210023",2,"Bore hole",1,300,1
"3210023",6,"Spring",,,
"3210023",4,"Rain water",2,0,2
"3210023",7,"Other (specify)",,,
"3210028",1,"Piped water",,,
"3210028",4,"Rain water",2,0,2
"3210028",6,"Spring",,,
"3210028",3,"Protected spring/well",,,
"3210028",5,"Lake/river/stream/dam/pond",,,
"3210028",2,"Bore hole",1,20,1
"3210030",1,"Piped water",,,
"3210030",3,"Protected spring/well",,,
"3210030",6,"Spring",,,
"3210030",5,"Lake/river/stream/dam/pond",,,
"3210030",4,"Rain water",2,0,2
"3210030",7,"Other (specify)",,,
"4010003",1,"Piped water",1,0,1
"4010003",5,"Lake/river/stream/dam/pond",,,
"4010003",4,"Rain water",,,
"4010003",2,"Bore hole",,,
"4010003",6,"Spring",,,
"4010003",3,"Protected spring/well",,,
"4010005",7,"Other (specify)",,,
"4010005",1,"Piped water",,,
"4010005",4,"Rain water",,,
"4010005",5,"Lake/river/stream/dam/pond",,,
"4010005",6,"Spring",,,
"4010005",3,"Protected spring/well",,,
"4020016",5,"Lake/river/stream/dam/pond",,,
"4020016",3,"Protected spring/well",2,50,1
"4020016",7,"Other (specify)",,,
"4020016",2,"Bore hole",,,
"4020016",1,"Piped water",,,
"4020016",4,"Rain water",1,0,2
"4020020",7,"Other (specify)",,,
"4020020",1,"Piped water",1,0,1
"4020020",6,"Spring",,,
"4020020",5,"Lake/river/stream/dam/pond",,,
"4020020",4,"Rain water",2,0,2
"4020020",2,"Bore hole",,,
"4020025",2,"Bore hole",1,200,1
"4020025",4,"Rain water",,,
"4020025",7,"Other (specify)",,,
"4020025",6,"Spring",,,
"4020025",1,"Piped water",,,
"4020025",3,"Protected spring/well",,,
"4020030",6,"Spring",,,
"4020030",2,"Bore hole",,,
"4020030",5,"Lake/river/stream/dam/pond",,,
"4020030",4,"Rain water",,,
"4020030",3,"Protected spring/well",1,300,1
"4020030",7,"Other (specify)",,,
"4030004",3,"Protected spring/well",,,
"4030004",4,"Rain water",1,0,2
"4030004",5,"Lake/river/stream/dam/pond",,,
"4030004",2,"Bore hole",,,
"4030004",1,"Piped water",,,
"4030004",7,"Other (specify)",2,150,1
"4030006",6,"Spring",,,
"4030006",3,"Protected spring/well",1,50,1
"4030006",5,"Lake/river/stream/dam/pond",,,
"4030006",4,"Rain water",2,0,2
"4030006",2,"Bore hole",,,
"4030006",7,"Other (specify)",,,
"4030007",1,"Piped water",,,
"4030007",6,"Spring",,,
"4030007",2,"Bore hole",1,0,1
"4030007",7,"Other (specify)",,,
"4030007",3,"Protected spring/well",,,
"4030007",5,"Lake/river/stream/dam/pond",,,
"4030009",7,"Other (specify)",,,
"4030009",6,"Spring",,,
"4030009",4,"Rain water",,,
"4030009",5,"Lake/river/stream/dam/pond",,,
"4030009",2,"Bore hole",1,0,1
"4030009",1,"Piped water",,,
"4040003",2,"Bore hole",,,
"4040003",7,"Other (specify)",,,
"4040003",6,"Spring",,,
"4040003",1,"Piped water",1,0,1
"4040003",3,"Protected spring/well",,,
"4040003",4,"Rain water",,,
"4040006",4,"Rain water",,,
"4040006",6,"Spring",,,
"4040006",5,"Lake/river/stream/dam/pond",,,
"4040006",1,"Piped water",1,0,1
"4040006",3,"Protected spring/well",,,
"4040006",2,"Bore hole",2,20,1
"4040008",3,"Protected spring/well",,,
"4040008",5,"Lake/river/stream/dam/pond",2,300,
"4040008",2,"Bore hole",,,
"4040008",7,"Other (specify)",2,1000,1
"4040008",4,"Rain water",1,0,2
"4040008",1,"Piped water",,,
"4040010",5,"Lake/river/stream/dam/pond",2,150,
"4040010",3,"Protected spring/well",,,
"4040010",4,"Rain water",1,0,2
"4040010",2,"Bore hole",,,
"4040010",1,"Piped water",,0,
"4040010",6,"Spring",,,
"4040012",5,"Lake/river/stream/dam/pond",,,
"4040012",1,"Piped water",,,
"4040012",6,"Spring",,,
"4040012",7,"Other (specify)",1,25,1
"4040012",2,"Bore hole",,,
"4040012",4,"Rain water",,,
"4050002",2,"Bore hole",,,
"4050002",4,"Rain water",,,
"4050002",3,"Protected spring/well",,,
"4050002",1,"Piped water",1,0,1
"4050002",7,"Other (specify)",,,
"4050002",5,"Lake/river/stream/dam/pond",,,
"4050005",7,"Other (specify)",2,0,1
"4050005",6,"Spring",,,
"4050005",3,"Protected spring/well",,,
"4050005",5,"Lake/river/stream/dam/pond",,,
"4050005",2,"Bore hole",,,
"4050005",1,"Piped water",1,0,1
"4050006",6,"Spring",,,
"4050006",1,"Piped water",1,300,1
"4050006",5,"Lake/river/stream/dam/pond",,,
"4050006",7,"Other (specify)",2,200,2
"4050006",3,"Protected spring/well",,,
"4050006",2,"Bore hole",,,
"4050010",7,"Other (specify)",,,
"4050010",2,"Bore hole",1,100,1
"4050010",5,"Lake/river/stream/dam/pond",,,
"4050010",4,"Rain water",2,0,2
"4050010",3,"Protected spring/well",,,
"4050010",1,"Piped water",,,
"4060003",2,"Bore hole",,,
"4060003",7,"Other (specify)",2,0,1
"4060003",6,"Spring",,,
"4060003",5,"Lake/river/stream/dam/pond",,,
"4060003",4,"Rain water",,,
"4060003",3,"Protected spring/well",,,
"4060008",2,"Bore hole",,,
"4060008",4,"Rain water",2,0,2
"4060008",1,"Piped water",1,0,2
"4060008",5,"Lake/river/stream/dam/pond",3,200,1
"4060008",7,"Other (specify)",1,0,1
"4060008",3,"Protected spring/well",,,
"4060010",2,"Bore hole",,,
"4060010",7,"Other (specify)",1,0,1
"4060010",6,"Spring",,,
"4060010",5,"Lake/river/stream/dam/pond",,,
"4060010",3,"Protected spring/well",,,
"4060010",1,"Piped water",,,
"4060011",2,"Bore hole",,,
"4060011",6,"Spring",,,
"4060011",3,"Protected spring/well",,,
"4060011",1,"Piped water",,,
"4060011",5,"Lake/river/stream/dam/pond",2,50,1
"4060011",7,"Other (specify)",1,0,1
"4060013",1,"Piped water",,,
"4060013",3,"Protected spring/well",2,50,1
"4060013",5,"Lake/river/stream/dam/pond",1,0,2
"4060013",7,"Other (specify)",,,
"4060013",4,"Rain water",3,0,2
"4060013",6,"Spring",3,200,1
"4070003",4,"Rain water",1,0,2
"4070003",3,"Protected spring/well",,,
"4070003",2,"Bore hole",,,
"4070003",5,"Lake/river/stream/dam/pond",,,
"4070003",6,"Spring",,,
"4070003",1,"Piped water",,,
"4070005",2,"Bore hole",2,25,1
"4070005",1,"Piped water",1,,
"4070005",7,"Other (specify)",,,
"4070005",4,"Rain water",1,0,2
"4070005",5,"Lake/river/stream/dam/pond",,,
"4070005",3,"Protected spring/well",1,0,2
"4070009",1,"Piped water",,,
"4070009",2,"Bore hole",,,
"4070009",4,"Rain water",1,0,2
"4070009",6,"Spring",,,
"4070009",7,"Other (specify)",,,
"4070009",3,"Protected spring/well",2,200,1
"4080002",2,"Bore hole",1,0,2
"4080002",7,"Other (specify)",,,
"4080002",5,"Lake/river/stream/dam/pond",,,
"4080002",1,"Piped water",2,20,1
"4080002",3,"Protected spring/well",2,20,1
"4080002",4,"Rain water",1,0,2
"4080004",5,"Lake/river/stream/dam/pond",,,
"4080004",7,"Other (specify)",,,
"4080004",6,"Spring",,,
"4080004",2,"Bore hole",,,
"4080004",4,"Rain water",1,0,2
"4080004",1,"Piped water",,,
"4090005",4,"Rain water",2,0,2
"4090005",6,"Spring",3,300,
"4090005",1,"Piped water",1,0,1
"4090005",2,"Bore hole",3,,
"4090005",7,"Other (specify)",,,
"4090005",3,"Protected spring/well",2,200,
"4090009",7,"Other (specify)",,,
"4090009",3,"Protected spring/well",2,300,1
"4090009",4,"Rain water",1,0,2
"4090009",5,"Lake/river/stream/dam/pond",,,
"4090009",1,"Piped water",,,
"4090009",2,"Bore hole",,,
"4090011",1,"Piped water",,,
"4090011",4,"Rain water",2,0,2
"4090011",2,"Bore hole",,,
"4090011",5,"Lake/river/stream/dam/pond",,,
"4090011",3,"Protected spring/well",,,
"4090011",7,"Other (specify)",1,0,1
"4100005",1,"Piped water",1,0,1
"4100005",6,"Spring",,,
"4100005",4,"Rain water",,,
"4100005",2,"Bore hole",,,
"4100005",7,"Other (specify)",,,
"4100005",5,"Lake/river/stream/dam/pond",,,
"4100026",2,"Bore hole",,,
"4100026",3,"Protected spring/well",,,
"4100026",4,"Rain water",,,
"4100026",7,"Other (specify)",,,
"4100026",1,"Piped water",1,0,1
"4100026",5,"Lake/river/stream/dam/pond",,,
"4100029",3,"Protected spring/well",,,
"4100029",7,"Other (specify)",1,50,2
"4100029",6,"Spring",,,
"4100029",2,"Bore hole",,,
"4100029",5,"Lake/river/stream/dam/pond",,,
"4100029",1,"Piped water",,,
"4100038",2,"Bore hole",,,
"4100038",1,"Piped water",,,
"4100038",5,"Lake/river/stream/dam/pond",,,
"4100038",7,"Other (specify)",1,0,1
"4100038",6,"Spring",,,
"4100038",3,"Protected spring/well",,,
"4110002",6,"Spring",,,
"4110002",1,"Piped water",1,0,2
"4110002",7,"Other (specify)",,,
"4110002",5,"Lake/river/stream/dam/pond",,,
"4110002",2,"Bore hole",,,
"4110002",4,"Rain water",,,
"4110004",2,"Bore hole",,,
"4110004",6,"Spring",,,
"4110004",5,"Lake/river/stream/dam/pond",1,200,1
"4110004",4,"Rain water",,,
"4110004",3,"Protected spring/well",,,
"4110004",1,"Piped water",,,
"4110006",2,"Bore hole",,,
"4110006",4,"Rain water",,,
"4110006",6,"Spring",,,
"4110006",7,"Other (specify)",1,0,2
"4110006",1,"Piped water",,,
"4110006",5,"Lake/river/stream/dam/pond",2,50,1
"4110007",4,"Rain water",1,0,2
"4110007",1,"Piped water",1,0,1
"4110007",6,"Spring",,,
"4110007",2,"Bore hole",,,
"4110007",3,"Protected spring/well",,,
"4110007",7,"Other (specify)",2,0,1
"4110009",7,"Other (specify)",,,
"4110009",1,"Piped water",,,
"4110009",4,"Rain water",,,
"4110009",2,"Bore hole",,,
"4110009",5,"Lake/river/stream/dam/pond",,,
"4110009",3,"Protected spring/well",1,100,1
"4120003",3,"Protected spring/well",,,
"4120003",2,"Bore hole",,,
"4120003",4,"Rain water",2,0,2
"4120003",6,"Spring",,,
"4120003",1,"Piped water",,,
"4120003",5,"Lake/river/stream/dam/pond",,,
"4120005",7,"Other (specify)",,,
"4120005",1,"Piped water",,,
"4120005",3,"Protected spring/well",1,200,2
"4120005",5,"Lake/river/stream/dam/pond",1,300,1
"4120005",4,"Rain water",,,
"4120005",6,"Spring",,,
"4130002",3,"Protected spring/well",,,
"4130002",4,"Rain water",1,0,2
"4130002",5,"Lake/river/stream/dam/pond",,,
"4130002",1,"Piped water",,,
"4130002",6,"Spring",,,
"4130002",2,"Bore hole",,,
"4130003",4,"Rain water",,,
"4130003",3,"Protected spring/well",,,
"4130003",6,"Spring",,,
"4130003",7,"Other (specify)",,,
"4130003",5,"Lake/river/stream/dam/pond",,,
"4130003",2,"Bore hole",1,50,1
"4130005",7,"Other (specify)",1,0,1
"4130005",3,"Protected spring/well",,,
"4130005",1,"Piped water",,,
"4130005",6,"Spring",,,
"4130005",2,"Bore hole",,,
"4130005",5,"Lake/river/stream/dam/pond",2,300,1
"4140003",6,"Spring",,,
"4140003",1,"Piped water",,,
"4140003",3,"Protected spring/well",,,
"4140003",2,"Bore hole",,,
"4140003",4,"Rain water",1,0,2
"4140003",7,"Other (specify)",,,
"4140005",1,"Piped water",,,
"4140005",5,"Lake/river/stream/dam/pond",,,
"4140005",7,"Other (specify)",1,0,1
"4140005",3,"Protected spring/well",,,
"4140005",6,"Spring",,,
"4140005",4,"Rain water",,,
"4150004",4,"Rain water",1,0,2
"4150004",7,"Other (specify)",,,
"4150004",6,"Spring",,,
"4150004",2,"Bore hole",2,25,1
"4150004",3,"Protected spring/well",,,
"4150004",1,"Piped water",,,
"4150006",1,"Piped water",,,
"4150006",3,"Protected spring/well",2,400,2
"4150006",2,"Bore hole",,,
"4150006",6,"Spring",,,
"4150006",5,"Lake/river/stream/dam/pond",,,
"4150006",4,"Rain water",1,0,2
"4150007",5,"Lake/river/stream/dam/pond",,,
"4150007",2,"Bore hole",1,0,1
"4150007",6,"Spring",,,
"4150007",3,"Protected spring/well",,,
"4150007",4,"Rain water",2,0,2
"4150007",1,"Piped water",,,
"4150009",2,"Bore hole",1,0,1
"4150009",3,"Protected spring/well",2,25,1
"4150009",1,"Piped water",,,
"4150009",7,"Other (specify)",,,
"4150009",4,"Rain water",1,0,2
"4150009",6,"Spring",,,
"4160007",7,"Other (specify)",,,
"4160007",1,"Piped water",,,
"4160007",6,"Spring",,,
"4160007",4,"Rain water",1,0,2
"4160007",5,"Lake/river/stream/dam/pond",,,
"4160007",2,"Bore hole",2,200,1
"4170008",6,"Spring",,,
"4170008",5,"Lake/river/stream/dam/pond",,,
"4170008",7,"Other (specify)",1,0,1
"4170008",3,"Protected spring/well",,,
"4170008",2,"Bore hole",,,
"4170008",4,"Rain water",,,
"4170014",7,"Other (specify)",,,
"4170014",5,"Lake/river/stream/dam/pond",2,50,1
"4170014",2,"Bore hole",,,
"4170014",1,"Piped water",,,
"4170014",3,"Protected spring/well",,,
"4170014",4,"Rain water",1,0,2
"4170017",1,"Piped water",1,10,1
"4170017",3,"Protected spring/well",,,
"4170017",7,"Other (specify)",,,
"4170017",5,"Lake/river/stream/dam/pond",,,
"4170017",4,"Rain water",,,
"4170017",2,"Bore hole",,,
"4180020",2,"Bore hole",,,
"4180020",3,"Protected spring/well",,,
"4180020",5,"Lake/river/stream/dam/pond",1,150,1
"4180020",4,"Rain water",,,
"4180020",1,"Piped water",1,0,2
"4180020",7,"Other (specify)",1,0,1
"4180023",3,"Protected spring/well",,,
"4180023",4,"Rain water",1,0,2
"4180023",1,"Piped water",,,
"4180023",7,"Other (specify)",,,
"4180023",2,"Bore hole",,,
"4180023",5,"Lake/river/stream/dam/pond",2,200,1
"4190032",4,"Rain water",1,0,2
"4190032",7,"Other (specify)",,,
"4190032",1,"Piped water",,,
"4190032",6,"Spring",,,
"4190032",2,"Bore hole",2,300,1
"4190032",5,"Lake/river/stream/dam/pond",,,
"4190035",1,"Piped water",,,
"4190035",3,"Protected spring/well",,,
"4190035",4,"Rain water",1,0,2
"4190035",6,"Spring",,,
"4190035",5,"Lake/river/stream/dam/pond",1,200,1
"4190035",7,"Other (specify)",,,
