"comcod","c4osn","c4oq115","c4oq116a","c4oq116b"
"1010002",6,"Support staff",0,
"1020001",3,"Allied medical workers",3,
"1020002",6,"Support staff",3,
"1020003",,,,
"1020004",6,"Support staff",4,0
"1020005",,,,
"1020006",2,"Nurses",6,
"1020007",3,"Allied medical workers",3,0
"1020008",7,"Midwives",16,0
"1020009",,,,
"1020010",,,,
"1020011",,,,
"1020012",3,"Allied medical workers",1,0
"1020013",,,,
"1020014",8,"Dispenser/pharmacist",0,0
"1020015",,,,
"1020016",,,,
"1020017",1,"Doctors",0,0
"1020018",2,"Nurses",1,0
"1020019",7,"Midwives",2,0
"1020020",2,"Nurses",8,
"1020021",,,,
"1020022",,,,
"1020023",,,,
"1020024",1,"Doctors",1,1
"1020025",1,"Doctors",1,1
"1020026",5,"Nursing assistants",0,0
"1020027",6,"Support staff",7,0
"1020028",8,"Dispenser/pharmacist",0,0
"1020029",,,,
"1020030",,,,
"1020031",,,,
"1020032",,,,
"1020033",2,"Nurses",3,0
"1020034",7,"Midwives",12,0
"1030003",5,"Nursing assistants",4,1
"1030005",7,"Midwives",1,
"1040002",4,"Laboratory technicians",2,
"1040004",4,"Laboratory technicians",1,0
"1040006",3,"Allied medical workers",1,1
"1040008",2,"Nurses",2,
"1050001",,,,
"1050003",,,,
"1050004",6,"Support staff",3,
"1050008",3,"Allied medical workers",1,2
"1050012",5,"Nursing assistants",2,
"1050015",5,"Nursing assistants",4,2
"1050019",1,"Doctors",0,0
"1050023",8,"Dispenser/pharmacist",0,0
"1050026",5,"Nursing assistants",1,2
"1050030",4,"Laboratory technicians",0,2
"1050033",1,"Doctors",1,0
"1060003",7,"Midwives",1,0
"1060005",1,"Doctors",0,2
"1060007",8,"Dispenser/pharmacist",0,0
"1060009",5,"Nursing assistants",1,0
"1070001",,,,
"1070002",3,"Allied medical workers",0,2
"1070008",,,,
"1070012",,,,
"1070016",5,"Nursing assistants",1,1
"1070020",7,"Midwives",1,0
"1070023",5,"Nursing assistants",1,0
"1080002",3,"Allied medical workers",13,3
"1080003",4,"Laboratory technicians",0,1
"1080006",2,"Nurses",2,0
"1080009",6,"Support staff",3,1
"1080013",4,"Laboratory technicians",1,0
"1080016",,,,
"1080020",4,"Laboratory technicians",0,0
"1080023",2,"Nurses",3,0
"1080027",6,"Support staff",1,2
"1080030",1,"Doctors",0,0
"1080033",5,"Nursing assistants",1,1
"1090004",7,"Midwives",0,1
"1100001",5,"Nursing assistants",5,
"1100005",5,"Nursing assistants",2,0
"1100007",4,"Laboratory technicians",1,0
"1100009",8,"Dispenser/pharmacist",0,0
"1100012",,,,
"1110001",4,"Laboratory technicians",1,2
"1110003",6,"Support staff",0,0
"1110005",,,,
"1120001",7,"Midwives",16,
"1120003",7,"Midwives",2,
"1120006",2,"Nurses",0,1
"1130002",1,"Doctors",11,0
"1130003",4,"Laboratory technicians",1,
"1130004",6,"Support staff",0,0
"1130006",7,"Midwives",1,0
"1130007",5,"Nursing assistants",1,
"1130008",2,"Nurses",1,2
"1130010",6,"Support staff",0,0
"1130012",2,"Nurses",1,0
"1130014",,,,
"1130016",4,"Laboratory technicians",1,0
"1130019",2,"Nurses",1,0
"1130021",,,,
"1130023",4,"Laboratory technicians",2,0
"1130025",4,"Laboratory technicians",1,0
"1140003",3,"Allied medical workers",0,1
"1150004",1,"Doctors",0,0
"1150027",5,"Nursing assistants",0,2
"1150031",4,"Laboratory technicians",0,0
"1160011",7,"Midwives",1,0
"1160013",6,"Support staff",5,
"2010004",8,"Dispenser/pharmacist",0,0
"2010006",8,"Dispenser/pharmacist",0,1
"2010008",6,"Support staff",2,0
"2010009",6,"Support staff",4,0
"2020001",,,,
"2020005",4,"Laboratory technicians",0,0
"2020007",6,"Support staff",1,2
"2030001",7,"Midwives",3,0
"2030004",2,"Nurses",4,0
"2030008",,,,
"2030018",2,"Nurses",1,1
"2030023",,,,
"2030028",3,"Allied medical workers",1,1
"2030033",7,"Midwives",3,0
"2040002",,,,
"2040006",8,"Dispenser/pharmacist",0,0
"2040009",8,"Dispenser/pharmacist",1,1
"2040012",6,"Support staff",3,1
"2040014",6,"Support staff",1,1
"2040015",3,"Allied medical workers",0,0
"2050001",1,"Doctors",1,3
"2050004",6,"Support staff",2,2
"2050009",3,"Allied medical workers",0,0
"2050013",7,"Midwives",3,0
"2050017",,,,
"2050030",8,"Dispenser/pharmacist",0,0
"2060003",5,"Nursing assistants",3,0
"2070005",8,"Dispenser/pharmacist",0,0
"2070006",7,"Midwives",0,0
"2080001",4,"Laboratory technicians",1,1
"2080005",4,"Laboratory technicians",0,1
"2080007",4,"Laboratory technicians",1,1
"2080008",1,"Doctors",0,0
"2090003",4,"Laboratory technicians",1,0
"2090006",1,"Doctors",0,0
"2090033",2,"Nurses",1,3
"2100002",3,"Allied medical workers",2,1
"2100004",8,"Dispenser/pharmacist",0,0
"2100006",2,"Nurses",1,1
"2100007",7,"Midwives",1,1
"2110003",,,,
"2110004",1,"Doctors",0,0
"2110006",3,"Allied medical workers",2,2
"2110007",2,"Nurses",1,0
"2110009",6,"Support staff",1,1
"2120003",,,,
"2120008",6,"Support staff",2,0
"2120009",4,"Laboratory technicians",1,0
"2120011",3,"Allied medical workers",3,3
"2120013",6,"Support staff",2,0
"2140002",,,,
"2140003",3,"Allied medical workers",0,3
"2150001",3,"Allied medical workers",3,0
"2150002",2,"Nurses",0,3
"2150004",7,"Midwives",5,0
"2150006",5,"Nursing assistants",3,0
"2150007",8,"Dispenser/pharmacist",0,0
"2160003",2,"Nurses",0,1
"2170009",1,"Doctors",0,0
"2180037",2,"Nurses",5,0
"2190003",1,"Doctors",0,0
"2200001",2,"Nurses",2,0
"2210006",6,"Support staff",3,
"2220022",,,,
"2220026",7,"Midwives",1,1
"2230011",2,"Nurses",2,0
"2230014",7,"Midwives",1,1
"2230018",1,"Doctors",1,0
"2230022",5,"Nursing assistants",3,1
"2230026",,,,
"2230029",8,"Dispenser/pharmacist",2,
"2240013",2,"Nurses",1,2
"3010003",4,"Laboratory technicians",1,1
"3020002",3,"Allied medical workers",0,0
"3020003",2,"Nurses",1,0
"3020005",5,"Nursing assistants",2,1
"3020008",2,"Nurses",2,1
"3020010",2,"Nurses",3,0
"3020013",7,"Midwives",6,0
"3020016",3,"Allied medical workers",2,1
"3020018",2,"Nurses",3,1
"3020035",8,"Dispenser/pharmacist",0,0
"3030002",,,,
"3030006",6,"Support staff",5,4
"3030009",8,"Dispenser/pharmacist",0,
"3030015",7,"Midwives",2,0
"3030033",5,"Nursing assistants",2,1
"3040002",4,"Laboratory technicians",3,0
"3040004",8,"Dispenser/pharmacist",0,0
"3040007",5,"Nursing assistants",3,0
"3040009",6,"Support staff",4,2
"3040014",1,"Doctors",0,0
"3050001",4,"Laboratory technicians",11,0
"3060006",3,"Allied medical workers",6,0
"3060007",,,,
"3070002",8,"Dispenser/pharmacist",0,0
"3070005",,,,
"3070007",,,,
"3070012",3,"Allied medical workers",2,1
"3070017",4,"Laboratory technicians",0,2
"3070018",6,"Support staff",4,0
"3070020",7,"Midwives",2,0
"3070022",1,"Doctors",0,0
"3070023",7,"Midwives",2,0
"3070025",8,"Dispenser/pharmacist",0,0
"3080001",6,"Support staff",3,1
"3080002",1,"Doctors",0,0
"3080004",1,"Doctors",0,0
"3090001",4,"Laboratory technicians",1,
"3090002",2,"Nurses",2,0
"3100001",,,,
"3100004",7,"Midwives",4,1
"3100006",1,"Doctors",0,0
"3100007",8,"Dispenser/pharmacist",0,0
"3100008",8,"Dispenser/pharmacist",0,0
"3100009",2,"Nurses",2,1
"3100010",4,"Laboratory technicians",1,1
"3100012",7,"Midwives",0,0
"3110001",1,"Doctors",0,0
"3110003",6,"Support staff",6,0
"3110004",4,"Laboratory technicians",0,0
"3130001",3,"Allied medical workers",0,0
"3130002",3,"Allied medical workers",0,0
"3130003",2,"Nurses",4,0
"3150016",4,"Laboratory technicians",0,2
"3160016",4,"Laboratory technicians",2,0
"3170009",5,"Nursing assistants",3,0
"3170010",6,"Support staff",5,0
"3170011",7,"Midwives",2,0
"3180001",,,,
"3180002",8,"Dispenser/pharmacist",0,0
"3180003",5,"Nursing assistants",0,0
"3180004",,,,
"3190005",4,"Laboratory technicians",2,0
"3190012",5,"Nursing assistants",6,0
"3200018",6,"Support staff",5,
"3200021",5,"Nursing assistants",1,2
"3200024",5,"Nursing assistants",2,1
"3200027",6,"Support staff",3,0
"3200030",3,"Allied medical workers",0,0
"3210021",4,"Laboratory technicians",0,0
"3210023",5,"Nursing assistants",1,1
"3210028",8,"Dispenser/pharmacist",0,0
"3210030",4,"Laboratory technicians",0,0
"4010003",7,"Midwives",0,0
"4010005",5,"Nursing assistants",3,3
"4020002",,,,
"4020007",,,,
"4020011",,,,
"4020016",6,"Support staff",2,2
"4020020",7,"Midwives",5,0
"4020025",6,"Support staff",1,2
"4020030",6,"Support staff",2,1
"4030002",,,,
"4030004",7,"Midwives",2,1
"4030006",3,"Allied medical workers",2,1
"4030007",8,"Dispenser/pharmacist",0,0
"4030009",4,"Laboratory technicians",3,1
"4040003",3,"Allied medical workers",0,0
"4040006",2,"Nurses",4,1
"4040008",2,"Nurses",1,4
"4040010",7,"Midwives",0,2
"4040012",8,"Dispenser/pharmacist",0,0
"4050002",6,"Support staff",2,2
"4050005",4,"Laboratory technicians",1,1
"4050006",7,"Midwives",0,0
"4050008",,,,
"4050010",8,"Dispenser/pharmacist",0,0
"4060003",3,"Allied medical workers",3,1
"4060008",8,"Dispenser/pharmacist",0,0
"4060010",1,"Doctors",0,1
"4060011",8,"Dispenser/pharmacist",0,0
"4060013",4,"Laboratory technicians",1,1
"4070002",,,,
"4070003",7,"Midwives",1,2
"4070005",1,"Doctors",0,0
"4070007",,,,
"4070009",5,"Nursing assistants",4,0
"4080002",4,"Laboratory technicians",1,1
"4080004",4,"Laboratory technicians",0,1
"4090002",,,,
"4090005",1,"Doctors",1,0
"4090009",1,"Doctors",0,0
"4090011",6,"Support staff",3,1
"4100001",,,,
"4100005",3,"Allied medical workers",0,4
"4100026",2,"Nurses",1,1
"4100029",7,"Midwives",0,1
"4100038",2,"Nurses",3,2
"4110002",2,"Nurses",5,0
"4110004",6,"Support staff",4,0
"4110006",6,"Support staff",3,0
"4110007",7,"Midwives",3,1
"4110009",5,"Nursing assistants",2,1
"4120003",7,"Midwives",2,2
"4120005",7,"Midwives",1,1
"4130002",6,"Support staff",3,2
"4130003",6,"Support staff",0,0
"4130005",7,"Midwives",2,2
"4140001",,,,
"4140003",4,"Laboratory technicians",0,1
"4140005",6,"Support staff",2,1
"4150002",,,,
"4150004",7,"Midwives",1,1
"4150006",1,"Doctors",0,0
"4150007",8,"Dispenser/pharmacist",0,0
"4150009",5,"Nursing assistants",1,1
"4160007",6,"Support staff",4,5
"4170008",5,"Nursing assistants",3,0
"4170014",5,"Nursing assistants",1,2
"4170017",5,"Nursing assistants",1,2
"4180011",,,,
"4180020",6,"Support staff",2,1
"4180023",3,"Allied medical workers",1,3
"4190032",5,"Nursing assistants",1,1
"4190035",6,"Support staff",2,2
"1010002",8,"Dispenser/pharmacist",0,
"1010002",1,"Doctors",0,
"1010002",7,"Midwives",0,
"1010002",5,"Nursing assistants",1,
"1010002",4,"Laboratory technicians",0,
"1010002",3,"Allied medical workers",0,
"1010002",2,"Nurses",1,
"1020001",6,"Support staff",3,
"1020001",4,"Laboratory technicians",2,
"1020001",5,"Nursing assistants",7,
"1020001",1,"Doctors",0,
"1020001",2,"Nurses",4,
"1020001",7,"Midwives",5,
"1020001",8,"Dispenser/pharmacist",0,
"1020002",4,"Laboratory technicians",2,
"1020002",1,"Doctors",0,1
"1020002",5,"Nursing assistants",7,
"1020002",8,"Dispenser/pharmacist",0,
"1020002",2,"Nurses",4,
"1020002",3,"Allied medical workers",3,
"1020002",7,"Midwives",5,
"1020004",8,"Dispenser/pharmacist",1,0
"1020004",2,"Nurses",6,0
"1020004",3,"Allied medical workers",3,0
"1020004",4,"Laboratory technicians",2,0
"1020004",5,"Nursing assistants",11,0
"1020004",1,"Doctors",4,0
"1020004",7,"Midwives",16,0
"1020006",4,"Laboratory technicians",2,
"1020006",6,"Support staff",4,
"1020006",7,"Midwives",16,
"1020006",1,"Doctors",4,
"1020006",5,"Nursing assistants",11,
"1020006",3,"Allied medical workers",3,
"1020006",8,"Dispenser/pharmacist",1,
"1020007",4,"Laboratory technicians",1,0
"1020007",7,"Midwives",9,0
"1020007",8,"Dispenser/pharmacist",0,0
"1020007",2,"Nurses",10,0
"1020007",5,"Nursing assistants",5,1
"1020007",1,"Doctors",1,0
"1020007",6,"Support staff",5,2
"1020008",4,"Laboratory technicians",2,0
"1020008",5,"Nursing assistants",11,0
"1020008",3,"Allied medical workers",3,0
"1020008",6,"Support staff",4,0
"1020008",8,"Dispenser/pharmacist",1,
"1020008",2,"Nurses",6,0
"1020008",1,"Doctors",4,0
"1020012",4,"Laboratory technicians",1,0
"1020012",1,"Doctors",2,0
"1020012",8,"Dispenser/pharmacist",0,0
"1020012",2,"Nurses",2,0
"1020012",5,"Nursing assistants",0,0
"1020012",7,"Midwives",0,0
"1020012",6,"Support staff",2,0
"1020014",2,"Nurses",1,1
"1020014",5,"Nursing assistants",1,0
"1020014",3,"Allied medical workers",1,0
"1020014",6,"Support staff",1,0
"1020014",7,"Midwives",1,0
"1020014",4,"Laboratory technicians",1,0
"1020014",1,"Doctors",0,0
"1020017",8,"Dispenser/pharmacist",1,0
"1020017",5,"Nursing assistants",5,0
"1020017",2,"Nurses",2,0
"1020017",6,"Support staff",6,0
"1020017",4,"Laboratory technicians",1,0
"1020017",3,"Allied medical workers",2,0
"1020017",7,"Midwives",11,0
"1020018",3,"Allied medical workers",1,0
"1020018",6,"Support staff",1,0
"1020018",4,"Laboratory technicians",1,0
"1020018",1,"Doctors",0,0
"1020018",8,"Dispenser/pharmacist",0,0
"1020018",7,"Midwives",0,0
"1020018",5,"Nursing assistants",0,0
"1020019",1,"Doctors",1,0
"1020019",6,"Support staff",4,0
"1020019",4,"Laboratory technicians",2,0
"1020019",3,"Allied medical workers",4,0
"1020019",8,"Dispenser/pharmacist",1,0
"1020019",2,"Nurses",1,0
"1020019",5,"Nursing assistants",1,0
"1020020",3,"Allied medical workers",0,
"1020020",5,"Nursing assistants",1,
"1020020",1,"Doctors",3,2
"1020020",8,"Dispenser/pharmacist",2,
"1020020",7,"Midwives",0,
"1020020",4,"Laboratory technicians",3,
"1020020",6,"Support staff",7,
"1020024",6,"Support staff",8,0
"1020024",3,"Allied medical workers",3,1
"1020024",5,"Nursing assistants",10,0
"1020024",7,"Midwives",6,0
"1020024",2,"Nurses",9,4
"1020024",4,"Laboratory technicians",4,0
"1020024",8,"Dispenser/pharmacist",1,1
"1020025",4,"Laboratory technicians",4,0
"1020025",7,"Midwives",6,0
"1020025",6,"Support staff",8,0
"1020025",5,"Nursing assistants",10,0
"1020025",3,"Allied medical workers",3,1
"1020025",2,"Nurses",9,4
"1020025",8,"Dispenser/pharmacist",1,1
"1020026",7,"Midwives",1,0
"1020026",8,"Dispenser/pharmacist",1,0
"1020026",3,"Allied medical workers",1,0
"1020026",6,"Support staff",1,0
"1020026",1,"Doctors",1,0
"1020026",4,"Laboratory technicians",1,0
"1020026",2,"Nurses",2,0
"1020027",4,"Laboratory technicians",1,0
"1020027",5,"Nursing assistants",4,0
"1020027",1,"Doctors",1,0
"1020027",7,"Midwives",12,0
"1020027",2,"Nurses",5,0
"1020027",3,"Allied medical workers",3,0
"1020027",8,"Dispenser/pharmacist",0,0
"1020028",1,"Doctors",0,1
"1020028",7,"Midwives",13,0
"1020028",4,"Laboratory technicians",1,1
"1020028",6,"Support staff",6,0
"1020028",3,"Allied medical workers",3,0
"1020028",5,"Nursing assistants",5,0
"1020028",2,"Nurses",4,0
"1020033",7,"Midwives",1,0
"1020033",3,"Allied medical workers",0,0
"1020033",1,"Doctors",1,0
"1020033",4,"Laboratory technicians",2,0
"1020033",8,"Dispenser/pharmacist",0,0
"1020033",5,"Nursing assistants",0,0
"1020033",6,"Support staff",1,0
"1020034",8,"Dispenser/pharmacist",0,0
"1020034",6,"Support staff",7,0
"1020034",4,"Laboratory technicians",1,0
"1020034",5,"Nursing assistants",4,0
"1020034",2,"Nurses",5,0
"1020034",1,"Doctors",1,0
"1020034",3,"Allied medical workers",3,0
"1030003",3,"Allied medical workers",2,1
"1030003",7,"Midwives",1,1
"1030003",8,"Dispenser/pharmacist",0,0
"1030003",1,"Doctors",0,0
"1030003",2,"Nurses",0,2
"1030003",4,"Laboratory technicians",1,0
"1030003",6,"Support staff",1,5
"1030005",6,"Support staff",5,3
"1030005",5,"Nursing assistants",8,
"1030005",3,"Allied medical workers",2,
"1030005",2,"Nurses",4,
"1030005",1,"Doctors",0,2
"1030005",8,"Dispenser/pharmacist",0,
"1030005",4,"Laboratory technicians",1,1
"1040002",7,"Midwives",0,
"1040002",1,"Doctors",2,
"1040002",8,"Dispenser/pharmacist",0,
"1040002",2,"Nurses",4,
"1040002",3,"Allied medical workers",2,
"1040002",5,"Nursing assistants",3,
"1040002",6,"Support staff",4,
"1040004",7,"Midwives",4,5
"1040004",5,"Nursing assistants",2,4
"1040004",3,"Allied medical workers",3,2
"1040004",6,"Support staff",4,0
"1040004",2,"Nurses",4,5
"1040004",1,"Doctors",1,0
"1040004",8,"Dispenser/pharmacist",1,0
"1040006",7,"Midwives",4,
"1040006",4,"Laboratory technicians",1,
"1040006",8,"Dispenser/pharmacist",0,0
"1040006",6,"Support staff",3,
"1040006",1,"Doctors",0,
"1040006",2,"Nurses",2,2
"1040006",5,"Nursing assistants",2,2
"1040008",4,"Laboratory technicians",1,
"1040008",6,"Support staff",4,
"1040008",7,"Midwives",2,1
"1040008",3,"Allied medical workers",1,1
"1040008",8,"Dispenser/pharmacist",0,0
"1040008",5,"Nursing assistants",2,
"1040008",1,"Doctors",0,0
"1050004",7,"Midwives",2,
"1050004",2,"Nurses",2,
"1050004",5,"Nursing assistants",2,
"1050004",3,"Allied medical workers",3,1
"1050004",8,"Dispenser/pharmacist",0,
"1050004",1,"Doctors",0,0
"1050004",4,"Laboratory technicians",1,
"1050008",1,"Doctors",0,0
"1050008",7,"Midwives",1,1
"1050008",5,"Nursing assistants",2,1
"1050008",8,"Dispenser/pharmacist",0,0
"1050008",6,"Support staff",6,0
"1050008",2,"Nurses",1,1
"1050008",4,"Laboratory technicians",1,1
"1050012",2,"Nurses",3,
"1050012",3,"Allied medical workers",3,
"1050012",6,"Support staff",1,
"1050012",4,"Laboratory technicians",1,
"1050012",8,"Dispenser/pharmacist",0,0
"1050012",7,"Midwives",3,
"1050012",1,"Doctors",0,0
"1050015",1,"Doctors",1,0
"1050015",2,"Nurses",2,1
"1050015",4,"Laboratory technicians",1,0
"1050015",7,"Midwives",3,1
"1050015",8,"Dispenser/pharmacist",0,0
"1050015",3,"Allied medical workers",3,0
"1050015",6,"Support staff",4,0
"1050019",8,"Dispenser/pharmacist",0,
"1050019",6,"Support staff",7,
"1050019",2,"Nurses",5,2
"1050019",3,"Allied medical workers",0,
"1050019",5,"Nursing assistants",7,
"1050019",4,"Laboratory technicians",2,
"1050019",7,"Midwives",2,
"1050023",1,"Doctors",0,0
"1050023",5,"Nursing assistants",0,1
"1050023",6,"Support staff",1,0
"1050023",4,"Laboratory technicians",0,0
"1050023",2,"Nurses",1,0
"1050023",7,"Midwives",1,0
"1050023",3,"Allied medical workers",0,0
"1050026",2,"Nurses",2,1
"1050026",7,"Midwives",2,0
"1050026",4,"Laboratory technicians",0,1
"1050026",3,"Allied medical workers",2,1
"1050026",8,"Dispenser/pharmacist",0,0
"1050026",6,"Support staff",2,1
"1050026",1,"Doctors",0,0
"1050030",8,"Dispenser/pharmacist",0,0
"1050030",1,"Doctors",0,0
"1050030",2,"Nurses",1,2
"1050030",7,"Midwives",2,0
"1050030",5,"Nursing assistants",2,1
"1050030",3,"Allied medical workers",2,0
"1050030",6,"Support staff",3,2
"1050033",7,"Midwives",3,0
"1050033",5,"Nursing assistants",2,0
"1050033",4,"Laboratory technicians",3,0
"1050033",3,"Allied medical workers",1,0
"1050033",8,"Dispenser/pharmacist",0,0
"1050033",2,"Nurses",6,0
"1050033",6,"Support staff",4,0
"1060003",3,"Allied medical workers",1,0
"1060003",8,"Dispenser/pharmacist",0,0
"1060003",5,"Nursing assistants",1,2
"1060003",6,"Support staff",1,0
"1060003",2,"Nurses",2,0
"1060003",1,"Doctors",0,0
"1060003",4,"Laboratory technicians",1,0
"1060005",3,"Allied medical workers",4,0
"1060005",5,"Nursing assistants",4,0
"1060005",2,"Nurses",3,5
"1060005",6,"Support staff",3,4
"1060005",8,"Dispenser/pharmacist",0,1
"1060005",4,"Laboratory technicians",1,0
"1060005",7,"Midwives",2,1
"1060007",3,"Allied medical workers",0,0
"1060007",2,"Nurses",1,1
"1060007",1,"Doctors",0,0
"1060007",7,"Midwives",3,0
"1060007",4,"Laboratory technicians",1,0
"1060007",5,"Nursing assistants",1,0
"1060007",6,"Support staff",4,1
"1060009",3,"Allied medical workers",0,0
"1060009",6,"Support staff",0,0
"1060009",8,"Dispenser/pharmacist",0,0
"1060009",2,"Nurses",2,0
"1060009",1,"Doctors",0,0
"1060009",7,"Midwives",0,0
"1060009",4,"Laboratory technicians",0,0
"1070002",5,"Nursing assistants",0,3
"1070002",7,"Midwives",2,
"1070002",2,"Nurses",3,
"1070002",4,"Laboratory technicians",1,
"1070002",8,"Dispenser/pharmacist",0,0
"1070002",1,"Doctors",0,0
"1070002",6,"Support staff",3,
"1070016",6,"Support staff",3,0
"1070016",1,"Doctors",0,0
"1070016",7,"Midwives",2,0
"1070016",4,"Laboratory technicians",0,1
"1070016",3,"Allied medical workers",3,2
"1070016",2,"Nurses",1,0
"1070016",8,"Dispenser/pharmacist",0,0
"1070020",1,"Doctors",0,0
"1070020",6,"Support staff",2,0
"1070020",8,"Dispenser/pharmacist",0,0
"1070020",2,"Nurses",0,1
"1070020",3,"Allied medical workers",0,0
"1070020",5,"Nursing assistants",2,0
"1070020",4,"Laboratory technicians",0,0
"1070023",6,"Support staff",1,0
"1070023",7,"Midwives",1,0
"1070023",1,"Doctors",0,0
"1070023",8,"Dispenser/pharmacist",0,0
"1070023",2,"Nurses",0,1
"1070023",3,"Allied medical workers",0,0
"1070023",4,"Laboratory technicians",0,0
"1080002",7,"Midwives",31,0
"1080002",5,"Nursing assistants",22,3
"1080002",1,"Doctors",3,0
"1080002",6,"Support staff",11,0
"1080002",8,"Dispenser/pharmacist",3,0
"1080002",2,"Nurses",75,0
"1080002",4,"Laboratory technicians",3,0
"1080003",3,"Allied medical workers",2,1
"1080003",6,"Support staff",3,0
"1080003",5,"Nursing assistants",4,0
"1080003",7,"Midwives",2,0
"1080003",1,"Doctors",0,0
"1080003",2,"Nurses",3,
"1080003",8,"Dispenser/pharmacist",0,0
"1080006",1,"Doctors",2,0
"1080006",3,"Allied medical workers",2,0
"1080006",4,"Laboratory technicians",1,0
"1080006",8,"Dispenser/pharmacist",0,0
"1080006",6,"Support staff",4,0
"1080006",7,"Midwives",3,0
"1080006",5,"Nursing assistants",4,0
"1080009",7,"Midwives",2,0
"1080009",3,"Allied medical workers",1,1
"1080009",5,"Nursing assistants",1,2
"1080009",8,"Dispenser/pharmacist",0,0
"1080009",1,"Doctors",0,0
"1080009",4,"Laboratory technicians",1,0
"1080009",2,"Nurses",1,1
"1080013",8,"Dispenser/pharmacist",0,0
"1080013",1,"Doctors",0,0
"1080013",2,"Nurses",1,0
"1080013",3,"Allied medical workers",1,0
"1080013",5,"Nursing assistants",1,2
"1080013",6,"Support staff",2,0
"1080013",7,"Midwives",1,1
"1080020",7,"Midwives",2,0
"1080020",6,"Support staff",3,0
"1080020",5,"Nursing assistants",5,0
"1080020",1,"Doctors",0,0
"1080020",2,"Nurses",3,0
"1080020",3,"Allied medical workers",0,0
"1080020",8,"Dispenser/pharmacist",0,0
"1080023",4,"Laboratory technicians",1,0
"1080023",5,"Nursing assistants",2,0
"1080023",8,"Dispenser/pharmacist",0,0
"1080023",1,"Doctors",0,0
"1080023",7,"Midwives",2,0
"1080023",3,"Allied medical workers",1,0
"1080023",6,"Support staff",2,0
"1080027",4,"Laboratory technicians",2,
"1080027",1,"Doctors",0,
"1080027",7,"Midwives",1,
"1080027",8,"Dispenser/pharmacist",0,
"1080027",5,"Nursing assistants",3,1
"1080027",3,"Allied medical workers",0,
"1080027",2,"Nurses",1,
"1080030",3,"Allied medical workers",1,0
"1080030",5,"Nursing assistants",2,0
"1080030",6,"Support staff",2,0
"1080030",7,"Midwives",2,1
"1080030",2,"Nurses",3,0
"1080030",8,"Dispenser/pharmacist",0,0
"1080030",4,"Laboratory technicians",1,0
"1080033",6,"Support staff",2,2
"1080033",2,"Nurses",1,1
"1080033",4,"Laboratory technicians",1,
"1080033",8,"Dispenser/pharmacist",0,0
"1080033",1,"Doctors",0,0
"1080033",3,"Allied medical workers",2,1
"1080033",7,"Midwives",3,
"1090004",2,"Nurses",1,0
"1090004",1,"Doctors",0,0
"1090004",3,"Allied medical workers",0,0
"1090004",6,"Support staff",0,0
"1090004",5,"Nursing assistants",1,1
"1090004",8,"Dispenser/pharmacist",0,0
"1090004",4,"Laboratory technicians",0,0
"1100001",3,"Allied medical workers",2,0
"1100001",8,"Dispenser/pharmacist",0,
"1100001",7,"Midwives",1,1
"1100001",6,"Support staff",5,2
"1100001",2,"Nurses",2,
"1100001",1,"Doctors",0,
"1100001",4,"Laboratory technicians",3,
"1100005",4,"Laboratory technicians",0,0
"1100005",2,"Nurses",1,0
"1100005",1,"Doctors",0,0
"1100005",8,"Dispenser/pharmacist",0,0
"1100005",7,"Midwives",1,0
"1100005",3,"Allied medical workers",0,0
"1100005",6,"Support staff",1,0
"1100007",8,"Dispenser/pharmacist",0,0
"1100007",5,"Nursing assistants",3,0
"1100007",1,"Doctors",0,0
"1100007",6,"Support staff",2,2
"1100007",2,"Nurses",1,1
"1100007",3,"Allied medical workers",0,2
"1100007",7,"Midwives",1,0
"1100009",3,"Allied medical workers",0,0
"1100009",4,"Laboratory technicians",0,0
"1100009",1,"Doctors",0,0
"1100009",2,"Nurses",1,0
"1100009",5,"Nursing assistants",1,0
"1100009",7,"Midwives",0,1
"1100009",6,"Support staff",1,0
"1110001",2,"Nurses",1,5
"1110001",5,"Nursing assistants",1,4
"1110001",8,"Dispenser/pharmacist",0,2
"1110001",3,"Allied medical workers",2,2
"1110001",7,"Midwives",2,2
"1110001",1,"Doctors",0,2
"1110001",6,"Support staff",3,3
"1110003",2,"Nurses",1,0
"1110003",3,"Allied medical workers",0,0
"1110003",8,"Dispenser/pharmacist",0,0
"1110003",7,"Midwives",0,0
"1110003",1,"Doctors",0,0
"1110003",5,"Nursing assistants",2,0
"1110003",4,"Laboratory technicians",0,0
"1120001",3,"Allied medical workers",6,2
"1120001",4,"Laboratory technicians",4,
"1120001",2,"Nurses",51,
"1120001",6,"Support staff",21,
"1120001",5,"Nursing assistants",11,
"1120001",8,"Dispenser/pharmacist",4,
"1120001",1,"Doctors",2,3
"1120003",2,"Nurses",2,
"1120003",3,"Allied medical workers",2,
"1120003",5,"Nursing assistants",3,
"1120003",8,"Dispenser/pharmacist",0,0
"1120003",6,"Support staff",3,
"1120003",4,"Laboratory technicians",1,
"1120003",1,"Doctors",0,
"1120006",8,"Dispenser/pharmacist",0,0
"1120006",3,"Allied medical workers",0,0
"1120006",4,"Laboratory technicians",0,0
"1120006",6,"Support staff",2,0
"1120006",5,"Nursing assistants",2,0
"1120006",7,"Midwives",1,0
"1120006",1,"Doctors",0,0
"1130002",6,"Support staff",10,3
"1130002",8,"Dispenser/pharmacist",6,0
"1130002",2,"Nurses",83,3
"1130002",4,"Laboratory technicians",9,0
"1130002",5,"Nursing assistants",51,5
"1130002",3,"Allied medical workers",7,0
"1130002",7,"Midwives",61,7
"1130003",7,"Midwives",2,
"1130003",6,"Support staff",3,
"1130003",8,"Dispenser/pharmacist",0,
"1130003",2,"Nurses",2,
"1130003",3,"Allied medical workers",4,0
"1130003",5,"Nursing assistants",3,
"1130003",1,"Doctors",0,0
"1130004",4,"Laboratory technicians",1,0
"1130004",7,"Midwives",2,0
"1130004",8,"Dispenser/pharmacist",0,0
"1130004",1,"Doctors",0,0
"1130004",3,"Allied medical workers",2,0
"1130004",2,"Nurses",2,1
"1130004",5,"Nursing assistants",1,2
"1130006",3,"Allied medical workers",0,0
"1130006",5,"Nursing assistants",1,0
"1130006",4,"Laboratory technicians",0,0
"1130006",2,"Nurses",2,0
"1130006",1,"Doctors",0,0
"1130006",6,"Support staff",2,0
"1130006",8,"Dispenser/pharmacist",0,0
"1130007",6,"Support staff",1,
"1130007",8,"Dispenser/pharmacist",,
"1130007",3,"Allied medical workers",,
"1130007",7,"Midwives",2,
"1130007",4,"Laboratory technicians",2,
"1130007",1,"Doctors",1,0
"1130007",2,"Nurses",,
"1130008",6,"Support staff",0,0
"1130008",5,"Nursing assistants",2,0
"1130008",1,"Doctors",0,0
"1130008",3,"Allied medical workers",0,0
"1130008",8,"Dispenser/pharmacist",0,0
"1130008",7,"Midwives",1,0
"1130008",4,"Laboratory technicians",1,0
"1130010",3,"Allied medical workers",2,0
"1130010",2,"Nurses",0,0
"1130010",7,"Midwives",0,0
"1130010",1,"Doctors",0,0
"1130010",8,"Dispenser/pharmacist",0,0
"1130010",4,"Laboratory technicians",0,0
"1130010",5,"Nursing assistants",1,1
"1130012",5,"Nursing assistants",2,0
"1130012",7,"Midwives",1,0
"1130012",4,"Laboratory technicians",0,0
"1130012",8,"Dispenser/pharmacist",0,0
"1130012",6,"Support staff",1,1
"1130012",1,"Doctors",0,0
"1130012",3,"Allied medical workers",0,0
"1130016",7,"Midwives",2,0
"1130016",1,"Doctors",2,0
"1130016",5,"Nursing assistants",1,0
"1130016",3,"Allied medical workers",0,0
"1130016",8,"Dispenser/pharmacist",0,0
"1130016",6,"Support staff",2,0
"1130016",2,"Nurses",0,0
"1130019",5,"Nursing assistants",3,0
"1130019",7,"Midwives",0,1
"1130019",1,"Doctors",0,0
"1130019",8,"Dispenser/pharmacist",0,0
"1130019",6,"Support staff",2,1
"1130019",3,"Allied medical workers",0,0
"1130019",4,"Laboratory technicians",0,0
"1130023",6,"Support staff",2,1
"1130023",1,"Doctors",0,1
"1130023",5,"Nursing assistants",5,0
"1130023",2,"Nurses",5,1
"1130023",7,"Midwives",3,1
"1130023",3,"Allied medical workers",5,2
"1130023",8,"Dispenser/pharmacist",1,0
"1130025",2,"Nurses",4,0
"1130025",3,"Allied medical workers",0,0
"1130025",1,"Doctors",1,0
"1130025",6,"Support staff",1,0
"1130025",8,"Dispenser/pharmacist",0,0
"1130025",7,"Midwives",1,0
"1130025",5,"Nursing assistants",0,0
"1140003",1,"Doctors",0,0
"1140003",4,"Laboratory technicians",1,0
"1140003",2,"Nurses",1,2
"1140003",7,"Midwives",1,1
"1140003",5,"Nursing assistants",2,1
"1140003",6,"Support staff",3,1
"1140003",8,"Dispenser/pharmacist",0,
"1150004",8,"Dispenser/pharmacist",0,0
"1150004",6,"Support staff",4,1
"1150004",7,"Midwives",2,1
"1150004",3,"Allied medical workers",1,1
"1150004",4,"Laboratory technicians",1,0
"1150004",5,"Nursing assistants",0,3
"1150004",2,"Nurses",3,
"1150027",4,"Laboratory technicians",1,1
"1150027",6,"Support staff",3,0
"1150027",1,"Doctors",0,0
"1150027",2,"Nurses",2,0
"1150027",3,"Allied medical workers",0,1
"1150027",7,"Midwives",2,0
"1150027",8,"Dispenser/pharmacist",0,0
"1150031",2,"Nurses",1,0
"1150031",7,"Midwives",2,0
"1150031",3,"Allied medical workers",0,0
"1150031",6,"Support staff",0,1
"1150031",5,"Nursing assistants",0,0
"1150031",8,"Dispenser/pharmacist",0,0
"1150031",1,"Doctors",0,0
"1160011",8,"Dispenser/pharmacist",0,0
"1160011",1,"Doctors",0,0
"1160011",4,"Laboratory technicians",1,
"1160011",3,"Allied medical workers",1,
"1160011",2,"Nurses",0,2
"1160011",6,"Support staff",3,0
"1160011",5,"Nursing assistants",1,0
"1160013",3,"Allied medical workers",2,
"1160013",2,"Nurses",1,
"1160013",8,"Dispenser/pharmacist",0,
"1160013",7,"Midwives",3,
"1160013",5,"Nursing assistants",3,
"1160013",4,"Laboratory technicians",1,
"1160013",1,"Doctors",1,1
"2010004",3,"Allied medical workers",0,0
"2010004",2,"Nurses",1,0
"2010004",4,"Laboratory technicians",0,0
"2010004",5,"Nursing assistants",1,0
"2010004",6,"Support staff",0,0
"2010004",1,"Doctors",0,0
"2010004",7,"Midwives",0,1
"2010006",2,"Nurses",2,4
"2010006",7,"Midwives",2,4
"2010006",3,"Allied medical workers",4,3
"2010006",4,"Laboratory technicians",2,2
"2010006",1,"Doctors",0,2
"2010006",6,"Support staff",6,2
"2010006",5,"Nursing assistants",2,6
"2010008",5,"Nursing assistants",1,1
"2010008",3,"Allied medical workers",0,0
"2010008",1,"Doctors",0,0
"2010008",2,"Nurses",1,1
"2010008",4,"Laboratory technicians",0,0
"2010008",7,"Midwives",0,0
"2010008",8,"Dispenser/pharmacist",0,0
"2010009",2,"Nurses",1,2
"2010009",4,"Laboratory technicians",1,1
"2010009",3,"Allied medical workers",2,1
"2010009",8,"Dispenser/pharmacist",0,0
"2010009",7,"Midwives",2,1
"2010009",1,"Doctors",0,0
"2010009",5,"Nursing assistants",1,4
"2020005",5,"Nursing assistants",1,0
"2020005",2,"Nurses",1,0
"2020005",1,"Doctors",0,0
"2020005",6,"Support staff",2,0
"2020005",7,"Midwives",1,0
"2020005",8,"Dispenser/pharmacist",0,0
"2020005",3,"Allied medical workers",1,0
"2020007",3,"Allied medical workers",0,1
"2020007",1,"Doctors",0,0
"2020007",5,"Nursing assistants",1,1
"2020007",8,"Dispenser/pharmacist",0,0
"2020007",2,"Nurses",0,0
"2020007",7,"Midwives",1,0
"2020007",4,"Laboratory technicians",0,0
"2030001",1,"Doctors",0,0
"2030001",3,"Allied medical workers",2,0
"2030001",8,"Dispenser/pharmacist",0,0
"2030001",2,"Nurses",4,0
"2030001",4,"Laboratory technicians",2,0
"2030001",5,"Nursing assistants",4,0
"2030001",6,"Support staff",6,0
"2030004",1,"Doctors",0,0
"2030004",5,"Nursing assistants",4,0
"2030004",7,"Midwives",3,0
"2030004",4,"Laboratory technicians",2,0
"2030004",3,"Allied medical workers",2,0
"2030004",6,"Support staff",6,0
"2030004",8,"Dispenser/pharmacist",0,0
"2030018",1,"Doctors",0,0
"2030018",5,"Nursing assistants",2,0
"2030018",6,"Support staff",1,1
"2030018",8,"Dispenser/pharmacist",0,0
"2030018",3,"Allied medical workers",0,0
"2030018",7,"Midwives",0,1
"2030018",4,"Laboratory technicians",0,0
"2030028",6,"Support staff",3,1
"2030028",1,"Doctors",0,0
"2030028",7,"Midwives",1,1
"2030028",5,"Nursing assistants",2,2
"2030028",8,"Dispenser/pharmacist",0,0
"2030028",2,"Nurses",1,1
"2030028",4,"Laboratory technicians",1,1
"2030033",2,"Nurses",7,0
"2030033",4,"Laboratory technicians",2,0
"2030033",1,"Doctors",0,3
"2030033",6,"Support staff",7,1
"2030033",5,"Nursing assistants",5,0
"2030033",8,"Dispenser/pharmacist",0,1
"2030033",3,"Allied medical workers",6,0
"2040006",1,"Doctors",0,0
"2040006",3,"Allied medical workers",0,0
"2040006",6,"Support staff",1,1
"2040006",4,"Laboratory technicians",0,0
"2040006",2,"Nurses",1,1
"2040006",5,"Nursing assistants",1,1
"2040006",7,"Midwives",0,0
"2040009",6,"Support staff",6,0
"2040009",4,"Laboratory technicians",2,0
"2040009",2,"Nurses",7,0
"2040009",3,"Allied medical workers",4,2
"2040009",5,"Nursing assistants",3,0
"2040009",7,"Midwives",3,1
"2040009",1,"Doctors",1,1
"2040012",1,"Doctors",0,0
"2040012",7,"Midwives",3,0
"2040012",4,"Laboratory technicians",1,1
"2040012",8,"Dispenser/pharmacist",0,0
"2040012",3,"Allied medical workers",1,1
"2040012",5,"Nursing assistants",4,2
"2040012",2,"Nurses",0,2
"2040014",4,"Laboratory technicians",0,0
"2040014",2,"Nurses",0,1
"2040014",7,"Midwives",1,0
"2040014",3,"Allied medical workers",0,0
"2040014",5,"Nursing assistants",2,0
"2040014",1,"Doctors",0,0
"2040014",8,"Dispenser/pharmacist",0,0
"2040015",6,"Support staff",1,0
"2040015",1,"Doctors",0,0
"2040015",5,"Nursing assistants",1,1
"2040015",4,"Laboratory technicians",0,0
"2040015",2,"Nurses",1,0
"2040015",8,"Dispenser/pharmacist",0,0
"2040015",7,"Midwives",0,1
"2050001",2,"Nurses",17,21
"2050001",6,"Support staff",7,7
"2050001",5,"Nursing assistants",6,7
"2050001",7,"Midwives",19,0
"2050001",8,"Dispenser/pharmacist",1,1
"2050001",4,"Laboratory technicians",10,0
"2050001",3,"Allied medical workers",10,5
"2050004",2,"Nurses",1,1
"2050004",8,"Dispenser/pharmacist",0,0
"2050004",4,"Laboratory technicians",1,0
"2050004",7,"Midwives",3,0
"2050004",3,"Allied medical workers",1,0
"2050004",1,"Doctors",0,0
"2050004",5,"Nursing assistants",2,0
"2050009",6,"Support staff",0,2
"2050009",2,"Nurses",1,0
"2050009",8,"Dispenser/pharmacist",0,0
"2050009",1,"Doctors",0,0
"2050009",7,"Midwives",1,0
"2050009",4,"Laboratory technicians",0,0
"2050009",5,"Nursing assistants",1,1
"2050013",3,"Allied medical workers",1,1
"2050013",1,"Doctors",0,0
"2050013",6,"Support staff",3,1
"2050013",2,"Nurses",1,1
"2050013",8,"Dispenser/pharmacist",0,0
"2050013",4,"Laboratory technicians",2,0
"2050013",5,"Nursing assistants",5,1
"2050030",1,"Doctors",0,0
"2050030",4,"Laboratory technicians",0,0
"2050030",6,"Support staff",0,2
"2050030",7,"Midwives",0,1
"2050030",5,"Nursing assistants",1,1
"2050030",2,"Nurses",1,0
"2050030",3,"Allied medical workers",0,0
"2060003",4,"Laboratory technicians",0,0
"2060003",1,"Doctors",0,0
"2060003",7,"Midwives",2,0
"2060003",6,"Support staff",6,0
"2060003",8,"Dispenser/pharmacist",0,0
"2060003",2,"Nurses",2,0
"2060003",3,"Allied medical workers",0,0
"2070005",7,"Midwives",1,0
"2070005",5,"Nursing assistants",2,0
"2070005",3,"Allied medical workers",1,0
"2070005",4,"Laboratory technicians",0,0
"2070005",1,"Doctors",0,0
"2070005",6,"Support staff",4,0
"2070005",2,"Nurses",0,1
"2070006",5,"Nursing assistants",2,0
"2070006",8,"Dispenser/pharmacist",0,0
"2070006",3,"Allied medical workers",0,0
"2070006",2,"Nurses",1,0
"2070006",4,"Laboratory technicians",0,0
"2070006",6,"Support staff",0,2
"2070006",1,"Doctors",0,0
"2080001",6,"Support staff",10,0
"2080001",8,"Dispenser/pharmacist",0,1
"2080001",7,"Midwives",4,0
"2080001",3,"Allied medical workers",4,2
"2080001",1,"Doctors",0,1
"2080001",2,"Nurses",5,0
"2080001",5,"Nursing assistants",2,3
"2080005",2,"Nurses",1,1
"2080005",6,"Support staff",1,1
"2080005",7,"Midwives",0,0
"2080005",5,"Nursing assistants",1,1
"2080005",8,"Dispenser/pharmacist",0,0
"2080005",1,"Doctors",0,0
"2080005",3,"Allied medical workers",0,1
"2080007",6,"Support staff",3,1
"2080007",8,"Dispenser/pharmacist",0,
"2080007",2,"Nurses",2,2
"2080007",5,"Nursing assistants",2,2
"2080007",1,"Doctors",0,0
"2080007",7,"Midwives",1,1
"2080007",3,"Allied medical workers",2,0
"2080008",2,"Nurses",1,3
"2080008",5,"Nursing assistants",2,1
"2080008",4,"Laboratory technicians",1,0
"2080008",6,"Support staff",2,2
"2080008",8,"Dispenser/pharmacist",0,0
"2080008",3,"Allied medical workers",4,2
"2080008",7,"Midwives",2,0
"2090003",8,"Dispenser/pharmacist",0,0
"2090003",6,"Support staff",3,0
"2090003",3,"Allied medical workers",1,0
"2090003",5,"Nursing assistants",3,0
"2090003",7,"Midwives",4,0
"2090003",1,"Doctors",0,0
"2090003",2,"Nurses",9,0
"2090006",7,"Midwives",2,0
"2090006",4,"Laboratory technicians",3,0
"2090006",6,"Support staff",2,0
"2090006",8,"Dispenser/pharmacist",0,0
"2090006",5,"Nursing assistants",5,0
"2090006",2,"Nurses",1,0
"2090006",3,"Allied medical workers",1,0
"2090033",1,"Doctors",0,0
"2090033",6,"Support staff",2,0
"2090033",8,"Dispenser/pharmacist",0,0
"2090033",7,"Midwives",1,1
"2090033",3,"Allied medical workers",1,0
"2090033",4,"Laboratory technicians",1,0
"2090033",5,"Nursing assistants",0,3
"2100002",4,"Laboratory technicians",0,0
"2100002",8,"Dispenser/pharmacist",0,0
"2100002",7,"Midwives",2,0
"2100002",5,"Nursing assistants",6,0
"2100002",2,"Nurses",3,0
"2100002",6,"Support staff",3,1
"2100002",1,"Doctors",0,0
"2100004",3,"Allied medical workers",2,0
"2100004",4,"Laboratory technicians",2,0
"2100004",2,"Nurses",2,1
"2100004",7,"Midwives",1,1
"2100004",6,"Support staff",1,0
"2100004",1,"Doctors",0,0
"2100004",5,"Nursing assistants",2,1
"2100006",8,"Dispenser/pharmacist",0,0
"2100006",5,"Nursing assistants",3,0
"2100006",4,"Laboratory technicians",1,0
"2100006",1,"Doctors",0,0
"2100006",6,"Support staff",3,0
"2100006",7,"Midwives",1,2
"2100006",3,"Allied medical workers",1,0
"2100007",3,"Allied medical workers",1,1
"2100007",5,"Nursing assistants",3,0
"2100007",8,"Dispenser/pharmacist",0,0
"2100007",2,"Nurses",1,1
"2100007",1,"Doctors",0,0
"2100007",6,"Support staff",4,0
"2100007",4,"Laboratory technicians",1,1
"2110004",6,"Support staff",2,1
"2110004",2,"Nurses",0,1
"2110004",3,"Allied medical workers",0,0
"2110004",7,"Midwives",2,0
"2110004",8,"Dispenser/pharmacist",0,0
"2110004",4,"Laboratory technicians",0,1
"2110004",5,"Nursing assistants",2,0
"2110006",4,"Laboratory technicians",1,1
"2110006",6,"Support staff",3,1
"2110006",2,"Nurses",1,1
"2110006",7,"Midwives",2,0
"2110006",8,"Dispenser/pharmacist",0,0
"2110006",1,"Doctors",0,0
"2110006",5,"Nursing assistants",3,0
"2110007",7,"Midwives",1,0
"2110007",3,"Allied medical workers",0,0
"2110007",6,"Support staff",1,1
"2110007",1,"Doctors",0,0
"2110007",4,"Laboratory technicians",1,0
"2110007",5,"Nursing assistants",0,2
"2110007",8,"Dispenser/pharmacist",0,0
"2110009",4,"Laboratory technicians",0,1
"2110009",5,"Nursing assistants",1,1
"2110009",3,"Allied medical workers",0,0
"2110009",1,"Doctors",0,0
"2110009",7,"Midwives",0,0
"2110009",2,"Nurses",1,0
"2110009",8,"Dispenser/pharmacist",0,0
"2120008",7,"Midwives",3,0
"2120008",4,"Laboratory technicians",0,0
"2120008",8,"Dispenser/pharmacist",0,0
"2120008",5,"Nursing assistants",1,3
"2120008",2,"Nurses",1,3
"2120008",1,"Doctors",0,0
"2120008",3,"Allied medical workers",1,0
"2120009",8,"Dispenser/pharmacist",0,0
"2120009",3,"Allied medical workers",4,0
"2120009",6,"Support staff",1,0
"2120009",7,"Midwives",2,1
"2120009",2,"Nurses",1,0
"2120009",5,"Nursing assistants",3,0
"2120009",1,"Doctors",0,0
"2120011",5,"Nursing assistants",6,4
"2120011",6,"Support staff",5,1
"2120011",8,"Dispenser/pharmacist",0,2
"2120011",7,"Midwives",2,4
"2120011",2,"Nurses",8,2
"2120011",4,"Laboratory technicians",2,2
"2120011",1,"Doctors",1,1
"2120013",3,"Allied medical workers",0,1
"2120013",2,"Nurses",0,2
"2120013",5,"Nursing assistants",4,0
"2120013",7,"Midwives",1,1
"2120013",4,"Laboratory technicians",0,0
"2120013",8,"Dispenser/pharmacist",0,0
"2120013",1,"Doctors",0,0
"2140003",5,"Nursing assistants",3,2
"2140003",4,"Laboratory technicians",3,0
"2140003",6,"Support staff",6,0
"2140003",8,"Dispenser/pharmacist",0,0
"2140003",1,"Doctors",0,1
"2140003",7,"Midwives",4,0
"2140003",2,"Nurses",2,2
"2150001",8,"Dispenser/pharmacist",0,0
"2150001",5,"Nursing assistants",3,0
"2150001",1,"Doctors",0,0
"2150001",7,"Midwives",2,0
"2150001",2,"Nurses",3,0
"2150001",4,"Laboratory technicians",1,0
"2150001",6,"Support staff",2,0
"2150002",6,"Support staff",5,0
"2150002",5,"Nursing assistants",2,2
"2150002",8,"Dispenser/pharmacist",5,0
"2150002",4,"Laboratory technicians",0,0
"2150002",7,"Midwives",1,2
"2150002",3,"Allied medical workers",2,0
"2150002",1,"Doctors",0,0
"2150004",5,"Nursing assistants",6,0
"2150004",6,"Support staff",4,0
"2150004",4,"Laboratory technicians",2,0
"2150004",2,"Nurses",6,0
"2150004",8,"Dispenser/pharmacist",0,1
"2150004",1,"Doctors",0,1
"2150004",3,"Allied medical workers",8,0
"2150006",3,"Allied medical workers",1,1
"2150006",1,"Doctors",0,0
"2150006",8,"Dispenser/pharmacist",0,0
"2150006",6,"Support staff",4,0
"2150006",7,"Midwives",1,0
"2150006",2,"Nurses",0,2
"2150006",4,"Laboratory technicians",0,1
"2150007",5,"Nursing assistants",2,1
"2150007",2,"Nurses",1,2
"2150007",7,"Midwives",1,2
"2150007",4,"Laboratory technicians",1,1
"2150007",6,"Support staff",3,0
"2150007",1,"Doctors",0,0
"2150007",3,"Allied medical workers",1,0
"2160003",3,"Allied medical workers",0,0
"2160003",8,"Dispenser/pharmacist",0,0
"2160003",5,"Nursing assistants",2,0
"2160003",4,"Laboratory technicians",0,0
"2160003",1,"Doctors",0,0
"2160003",6,"Support staff",2,0
"2160003",7,"Midwives",0,0
"2170009",7,"Midwives",1,1
"2170009",2,"Nurses",2,0
"2170009",5,"Nursing assistants",2,1
"2170009",8,"Dispenser/pharmacist",0,0
"2170009",6,"Support staff",2,0
"2170009",3,"Allied medical workers",2,0
"2170009",4,"Laboratory technicians",1,1
"2180037",3,"Allied medical workers",0,1
"2180037",6,"Support staff",1,3
"2180037",4,"Laboratory technicians",1,1
"2180037",8,"Dispenser/pharmacist",0,0
"2180037",7,"Midwives",1,0
"2180037",1,"Doctors",0,0
"2180037",5,"Nursing assistants",2,3
"2190003",8,"Dispenser/pharmacist",0,0
"2190003",2,"Nurses",1,2
"2190003",5,"Nursing assistants",4,0
"2190003",4,"Laboratory technicians",2,0
"2190003",3,"Allied medical workers",4,0
"2190003",7,"Midwives",1,2
"2190003",6,"Support staff",3,2
"2200001",1,"Doctors",0,0
"2200001",7,"Midwives",0,2
"2200001",4,"Laboratory technicians",0,0
"2200001",6,"Support staff",4,0
"2200001",8,"Dispenser/pharmacist",0,0
"2200001",5,"Nursing assistants",2,2
"2200001",3,"Allied medical workers",0,1
"2210006",4,"Laboratory technicians",1,
"2210006",3,"Allied medical workers",2,0
"2210006",2,"Nurses",1,2
"2210006",5,"Nursing assistants",2,
"2210006",7,"Midwives",2,
"2210006",1,"Doctors",0,0
"2210006",8,"Dispenser/pharmacist",0,0
"2220026",2,"Nurses",3,0
"2220026",8,"Dispenser/pharmacist",0,0
"2220026",1,"Doctors",0,0
"2220026",6,"Support staff",4,0
"2220026",5,"Nursing assistants",3,0
"2220026",4,"Laboratory technicians",2,0
"2220026",3,"Allied medical workers",1,0
"2230011",1,"Doctors",0,0
"2230011",4,"Laboratory technicians",1,0
"2230011",5,"Nursing assistants",2,1
"2230011",6,"Support staff",4,0
"2230011",8,"Dispenser/pharmacist",0,0
"2230011",3,"Allied medical workers",2,0
"2230011",7,"Midwives",2,0
"2230014",5,"Nursing assistants",2,0
"2230014",6,"Support staff",3,0
"2230014",4,"Laboratory technicians",0,0
"2230014",1,"Doctors",0,0
"2230014",8,"Dispenser/pharmacist",0,0
"2230014",3,"Allied medical workers",1,0
"2230014",2,"Nurses",3,0
"2230018",2,"Nurses",5,0
"2230018",5,"Nursing assistants",6,0
"2230018",7,"Midwives",3,0
"2230018",8,"Dispenser/pharmacist",2,0
"2230018",3,"Allied medical workers",18,0
"2230018",6,"Support staff",8,0
"2230018",4,"Laboratory technicians",3,0
"2230022",7,"Midwives",2,0
"2230022",1,"Doctors",0,0
"2230022",8,"Dispenser/pharmacist",0,0
"2230022",2,"Nurses",3,0
"2230022",3,"Allied medical workers",1,0
"2230022",6,"Support staff",3,0
"2230022",4,"Laboratory technicians",1,0
"2230029",2,"Nurses",4,
"2230029",4,"Laboratory technicians",3,
"2230029",1,"Doctors",1,
"2230029",6,"Support staff",6,
"2230029",7,"Midwives",2,
"2230029",5,"Nursing assistants",9,
"2230029",3,"Allied medical workers",4,
"2240013",6,"Support staff",3,1
"2240013",8,"Dispenser/pharmacist",0,0
"2240013",1,"Doctors",0,0
"2240013",5,"Nursing assistants",3,1
"2240013",7,"Midwives",2,2
"2240013",4,"Laboratory technicians",1,1
"2240013",3,"Allied medical workers",4,0
"3010003",6,"Support staff",5,0
"3010003",7,"Midwives",1,1
"3010003",5,"Nursing assistants",2,0
"3010003",2,"Nurses",3,1
"3010003",1,"Doctors",0,0
"3010003",3,"Allied medical workers",1,1
"3010003",8,"Dispenser/pharmacist",0,0
"3020002",4,"Laboratory technicians",0,0
"3020002",2,"Nurses",2,0
"3020002",1,"Doctors",0,0
"3020002",6,"Support staff",2,0
"3020002",7,"Midwives",0,0
"3020002",5,"Nursing assistants",2,0
"3020002",8,"Dispenser/pharmacist",0,0
"3020003",8,"Dispenser/pharmacist",0,0
"3020003",1,"Doctors",0,0
"3020003",4,"Laboratory technicians",0,0
"3020003",7,"Midwives",1,0
"3020003",5,"Nursing assistants",1,1
"3020003",6,"Support staff",2,1
"3020003",3,"Allied medical workers",1,0
"3020005",2,"Nurses",2,1
"3020005",7,"Midwives",2,0
"3020005",1,"Doctors",0,0
"3020005",4,"Laboratory technicians",2,0
"3020005",8,"Dispenser/pharmacist",0,0
"3020005",3,"Allied medical workers",2,1
"3020005",6,"Support staff",2,4
"3020008",8,"Dispenser/pharmacist",0,0
"3020008",7,"Midwives",2,0
"3020008",4,"Laboratory technicians",2,0
"3020008",6,"Support staff",2,4
"3020008",3,"Allied medical workers",2,1
"3020008",1,"Doctors",0,0
"3020008",5,"Nursing assistants",2,1
"3020010",1,"Doctors",0,0
"3020010",8,"Dispenser/pharmacist",0,0
"3020010",5,"Nursing assistants",3,0
"3020010",7,"Midwives",2,1
"3020010",3,"Allied medical workers",2,1
"3020010",6,"Support staff",2,4
"3020010",4,"Laboratory technicians",1,1
"3020013",4,"Laboratory technicians",2,0
"3020013",3,"Allied medical workers",9,3
"3020013",8,"Dispenser/pharmacist",0,1
"3020013",5,"Nursing assistants",6,0
"3020013",1,"Doctors",1,1
"3020013",6,"Support staff",5,6
"3020013",2,"Nurses",6,6
"3020016",2,"Nurses",2,0
"3020016",7,"Midwives",1,1
"3020016",5,"Nursing assistants",4,0
"3020016",4,"Laboratory technicians",2,0
"3020016",6,"Support staff",4,2
"3020016",8,"Dispenser/pharmacist",0,0
"3020016",1,"Doctors",0,0
"3020018",1,"Doctors",0,0
"3020018",8,"Dispenser/pharmacist",0,0
"3020018",5,"Nursing assistants",3,0
"3020018",7,"Midwives",1,1
"3020018",4,"Laboratory technicians",0,2
"3020018",6,"Support staff",2,3
"3020018",3,"Allied medical workers",3,0
"3020035",4,"Laboratory technicians",1,1
"3020035",3,"Allied medical workers",2,1
"3020035",5,"Nursing assistants",3,0
"3020035",1,"Doctors",0,0
"3020035",7,"Midwives",1,1
"3020035",6,"Support staff",3,3
"3020035",2,"Nurses",1,2
"3030006",7,"Midwives",3,1
"3030006",4,"Laboratory technicians",1,2
"3030006",8,"Dispenser/pharmacist",0,0
"3030006",3,"Allied medical workers",1,1
"3030006",1,"Doctors",0,0
"3030006",5,"Nursing assistants",2,0
"3030006",2,"Nurses",3,3
"3030009",3,"Allied medical workers",0,0
"3030009",6,"Support staff",2,
"3030009",4,"Laboratory technicians",0,
"3030009",1,"Doctors",0,0
"3030009",2,"Nurses",3,0
"3030009",5,"Nursing assistants",1,
"3030009",7,"Midwives",2,
"3030015",6,"Support staff",3,3
"3030015",8,"Dispenser/pharmacist",0,0
"3030015",3,"Allied medical workers",1,1
"3030015",5,"Nursing assistants",1,2
"3030015",2,"Nurses",3,0
"3030015",1,"Doctors",0,0
"3030015",4,"Laboratory technicians",1,1
"3030033",4,"Laboratory technicians",0,0
"3030033",8,"Dispenser/pharmacist",0,0
"3030033",1,"Doctors",0,0
"3030033",2,"Nurses",2,1
"3030033",6,"Support staff",3,1
"3030033",3,"Allied medical workers",0,0
"3030033",7,"Midwives",1,0
"3040002",2,"Nurses",1,0
"3040002",7,"Midwives",0,0
"3040002",8,"Dispenser/pharmacist",0,0
"3040002",3,"Allied medical workers",3,0
"3040002",5,"Nursing assistants",5,0
"3040002",6,"Support staff",0,0
"3040002",1,"Doctors",1,0
"3040004",5,"Nursing assistants",3,0
"3040004",7,"Midwives",2,0
"3040004",1,"Doctors",0,0
"3040004",2,"Nurses",3,1
"3040004",3,"Allied medical workers",3,1
"3040004",6,"Support staff",5,0
"3040004",4,"Laboratory technicians",2,0
"3040007",2,"Nurses",4,0
"3040007",8,"Dispenser/pharmacist",0,0
"3040007",6,"Support staff",4,2
"3040007",7,"Midwives",0,1
"3040007",1,"Doctors",0,0
"3040007",4,"Laboratory technicians",0,2
"3040007",3,"Allied medical workers",2,1
"3040009",1,"Doctors",0,0
"3040009",3,"Allied medical workers",2,0
"3040009",8,"Dispenser/pharmacist",0,0
"3040009",5,"Nursing assistants",2,1
"3040009",2,"Nurses",4,0
"3040009",4,"Laboratory technicians",2,0
"3040009",7,"Midwives",2,0
"3040014",6,"Support staff",3,0
"3040014",3,"Allied medical workers",0,0
"3040014",5,"Nursing assistants",3,0
"3040014",7,"Midwives",1,0
"3040014",8,"Dispenser/pharmacist",0,0
"3040014",4,"Laboratory technicians",1,0
"3040014",2,"Nurses",1,0
"3050001",6,"Support staff",96,0
"3050001",2,"Nurses",61,0
"3050001",5,"Nursing assistants",38,0
"3050001",1,"Doctors",5,1
"3050001",8,"Dispenser/pharmacist",7,0
"3050001",7,"Midwives",17,2
"3050001",3,"Allied medical workers",21,0
"3060006",4,"Laboratory technicians",3,1
"3060006",1,"Doctors",0,2
"3060006",2,"Nurses",10,0
"3060006",7,"Midwives",6,0
"3060006",6,"Support staff",7,0
"3060006",5,"Nursing assistants",8,0
"3060006",8,"Dispenser/pharmacist",0,1
"3070002",6,"Support staff",5,0
"3070002",5,"Nursing assistants",3,0
"3070002",4,"Laboratory technicians",2,0
"3070002",7,"Midwives",2,0
"3070002",2,"Nurses",3,1
"3070002",1,"Doctors",0,0
"3070002",3,"Allied medical workers",3,0
"3070012",6,"Support staff",5,0
"3070012",4,"Laboratory technicians",1,1
"3070012",1,"Doctors",0,0
"3070012",7,"Midwives",1,1
"3070012",5,"Nursing assistants",3,0
"3070012",2,"Nurses",4,0
"3070012",8,"Dispenser/pharmacist",0,0
"3070017",2,"Nurses",2,1
"3070017",8,"Dispenser/pharmacist",0,0
"3070017",1,"Doctors",0,0
"3070017",6,"Support staff",4,0
"3070017",7,"Midwives",1,1
"3070017",5,"Nursing assistants",3,0
"3070017",3,"Allied medical workers",3,2
"3070018",8,"Dispenser/pharmacist",0,0
"3070018",3,"Allied medical workers",3,2
"3070018",4,"Laboratory technicians",0,2
"3070018",2,"Nurses",2,1
"3070018",5,"Nursing assistants",3,0
"3070018",7,"Midwives",1,1
"3070018",1,"Doctors",0,0
"3070020",8,"Dispenser/pharmacist",0,0
"3070020",2,"Nurses",3,1
"3070020",6,"Support staff",3,2
"3070020",3,"Allied medical workers",2,1
"3070020",5,"Nursing assistants",3,0
"3070020",1,"Doctors",0,0
"3070020",4,"Laboratory technicians",2,0
"3070022",3,"Allied medical workers",0,0
"3070022",7,"Midwives",0,1
"3070022",6,"Support staff",3,0
"3070022",5,"Nursing assistants",2,0
"3070022",8,"Dispenser/pharmacist",0,0
"3070022",4,"Laboratory technicians",0,0
"3070022",2,"Nurses",1,0
"3070023",8,"Dispenser/pharmacist",0,0
"3070023",4,"Laboratory technicians",1,1
"3070023",1,"Doctors",0,0
"3070023",2,"Nurses",4,0
"3070023",6,"Support staff",4,1
"3070023",3,"Allied medical workers",3,0
"3070023",5,"Nursing assistants",3,0
"3070025",7,"Midwives",2,0
"3070025",6,"Support staff",4,0
"3070025",2,"Nurses",4,1
"3070025",1,"Doctors",0,0
"3070025",3,"Allied medical workers",3,0
"3070025",4,"Laboratory technicians",1,1
"3070025",5,"Nursing assistants",3,0
"3080001",2,"Nurses",2,2
"3080001",7,"Midwives",2,0
"3080001",8,"Dispenser/pharmacist",0,0
"3080001",5,"Nursing assistants",3,1
"3080001",3,"Allied medical workers",2,1
"3080001",4,"Laboratory technicians",2,0
"3080001",1,"Doctors",0,0
"3080002",6,"Support staff",5,0
"3080002",4,"Laboratory technicians",1,0
"3080002",8,"Dispenser/pharmacist",0,0
"3080002",5,"Nursing assistants",5,0
"3080002",3,"Allied medical workers",2,0
"3080002",7,"Midwives",1,1
"3080002",2,"Nurses",2,1
"3080004",5,"Nursing assistants",3,1
"3080004",3,"Allied medical workers",1,1
"3080004",6,"Support staff",4,0
"3080004",7,"Midwives",1,1
"3080004",4,"Laboratory technicians",0,2
"3080004",8,"Dispenser/pharmacist",0,0
"3080004",2,"Nurses",3,2
"3090001",2,"Nurses",2,
"3090001",5,"Nursing assistants",4,
"3090001",7,"Midwives",3,0
"3090001",6,"Support staff",6,1
"3090001",1,"Doctors",1,1
"3090001",3,"Allied medical workers",3,1
"3090001",8,"Dispenser/pharmacist",0,1
"3090002",8,"Dispenser/pharmacist",0,0
"3090002",5,"Nursing assistants",1,0
"3090002",4,"Laboratory technicians",0,0
"3090002",7,"Midwives",0,2
"3090002",6,"Support staff",1,3
"3090002",1,"Doctors",0,0
"3090002",3,"Allied medical workers",0,0
"3100004",6,"Support staff",7,0
"3100004",1,"Doctors",0,0
"3100004",3,"Allied medical workers",1,1
"3100004",4,"Laboratory technicians",1,1
"3100004",8,"Dispenser/pharmacist",0,0
"3100004",5,"Nursing assistants",2,1
"3100004",2,"Nurses",6,2
"3100006",4,"Laboratory technicians",1,1
"3100006",7,"Midwives",1,1
"3100006",5,"Nursing assistants",1,1
"3100006",3,"Allied medical workers",1,1
"3100006",2,"Nurses",2,0
"3100006",6,"Support staff",7,0
"3100006",8,"Dispenser/pharmacist",0,0
"3100007",7,"Midwives",0,0
"3100007",4,"Laboratory technicians",0,0
"3100007",6,"Support staff",1,0
"3100007",5,"Nursing assistants",1,0
"3100007",1,"Doctors",0,0
"3100007",3,"Allied medical workers",0,0
"3100007",2,"Nurses",2,0
"3100008",7,"Midwives",0,0
"3100008",5,"Nursing assistants",3,0
"3100008",3,"Allied medical workers",0,0
"3100008",4,"Laboratory technicians",0,0
"3100008",1,"Doctors",0,0
"3100008",2,"Nurses",1,2
"3100008",6,"Support staff",3,2
"3100009",5,"Nursing assistants",4,0
"3100009",8,"Dispenser/pharmacist",0,0
"3100009",3,"Allied medical workers",1,1
"3100009",6,"Support staff",7,0
"3100009",1,"Doctors",0,0
"3100009",4,"Laboratory technicians",1,1
"3100009",7,"Midwives",1,1
"3100010",8,"Dispenser/pharmacist",0,0
"3100010",2,"Nurses",1,4
"3100010",6,"Support staff",4,0
"3100010",5,"Nursing assistants",2,0
"3100010",1,"Doctors",0,0
"3100010",7,"Midwives",3,0
"3100010",3,"Allied medical workers",2,1
"3100012",5,"Nursing assistants",1,2
"3100012",1,"Doctors",0,0
"3100012",3,"Allied medical workers",0,0
"3100012",2,"Nurses",1,1
"3100012",8,"Dispenser/pharmacist",0,0
"3100012",4,"Laboratory technicians",0,0
"3100012",6,"Support staff",1,3
"3110001",8,"Dispenser/pharmacist",0,0
"3110001",7,"Midwives",1,0
"3110001",2,"Nurses",3,1
"3110001",6,"Support staff",5,0
"3110001",3,"Allied medical workers",0,2
"3110001",4,"Laboratory technicians",1,1
"3110001",5,"Nursing assistants",4,0
"3110003",2,"Nurses",2,0
"3110003",5,"Nursing assistants",3,0
"3110003",3,"Allied medical workers",1,2
"3110003",4,"Laboratory technicians",0,2
"3110003",7,"Midwives",1,1
"3110003",8,"Dispenser/pharmacist",0,0
"3110003",1,"Doctors",0,0
"3110004",8,"Dispenser/pharmacist",0,
"3110004",5,"Nursing assistants",2,0
"3110004",2,"Nurses",1,0
"3110004",1,"Doctors",0,0
"3110004",7,"Midwives",1,0
"3110004",6,"Support staff",1,1
"3110004",3,"Allied medical workers",0,0
"3130001",6,"Support staff",2,2
"3130001",8,"Dispenser/pharmacist",0,0
"3130001",5,"Nursing assistants",2,0
"3130001",2,"Nurses",1,1
"3130001",7,"Midwives",1,0
"3130001",1,"Doctors",0,0
"3130001",4,"Laboratory technicians",0,0
"3130002",8,"Dispenser/pharmacist",0,1
"3130002",2,"Nurses",3,0
"3130002",5,"Nursing assistants",3,1
"3130002",6,"Support staff",6,0
"3130002",4,"Laboratory technicians",1,0
"3130002",1,"Doctors",0,0
"3130002",7,"Midwives",2,0
"3130003",5,"Nursing assistants",1,2
"3130003",4,"Laboratory technicians",1,1
"3130003",8,"Dispenser/pharmacist",0,0
"3130003",1,"Doctors",0,0
"3130003",6,"Support staff",4,2
"3130003",7,"Midwives",1,1
"3130003",3,"Allied medical workers",1,1
"3150016",1,"Doctors",0,0
"3150016",7,"Midwives",1,1
"3150016",6,"Support staff",2,3
"3150016",3,"Allied medical workers",2,1
"3150016",2,"Nurses",3,1
"3150016",5,"Nursing assistants",2,1
"3150016",8,"Dispenser/pharmacist",0,0
"3160016",2,"Nurses",,
"3160016",1,"Doctors",0,0
"3160016",5,"Nursing assistants",4,1
"3160016",6,"Support staff",,
"3160016",7,"Midwives",,
"3160016",8,"Dispenser/pharmacist",0,0
"3160016",3,"Allied medical workers",,
"3170009",7,"Midwives",2,0
"3170009",2,"Nurses",4,2
"3170009",1,"Doctors",0,0
"3170009",8,"Dispenser/pharmacist",0,0
"3170009",6,"Support staff",6,0
"3170009",3,"Allied medical workers",2,0
"3170009",4,"Laboratory technicians",1,1
"3170010",5,"Nursing assistants",2,1
"3170010",1,"Doctors",0,0
"3170010",8,"Dispenser/pharmacist",0,0
"3170010",2,"Nurses",2,1
"3170010",7,"Midwives",1,2
"3170010",3,"Allied medical workers",2,1
"3170010",4,"Laboratory technicians",1,1
"3170011",1,"Doctors",0,0
"3170011",2,"Nurses",1,3
"3170011",6,"Support staff",3,2
"3170011",5,"Nursing assistants",2,1
"3170011",4,"Laboratory technicians",1,1
"3170011",3,"Allied medical workers",2,1
"3170011",8,"Dispenser/pharmacist",0,0
"3180002",6,"Support staff",4,0
"3180002",4,"Laboratory technicians",1,1
"3180002",2,"Nurses",1,1
"3180002",1,"Doctors",0,0
"3180002",7,"Midwives",0,2
"3180002",5,"Nursing assistants",0,3
"3180002",3,"Allied medical workers",2,1
"3180003",8,"Dispenser/pharmacist",0,0
"3180003",2,"Nurses",1,2
"3180003",6,"Support staff",6,0
"3180003",7,"Midwives",0,2
"3180003",3,"Allied medical workers",2,1
"3180003",1,"Doctors",0,0
"3180003",4,"Laboratory technicians",3,0
"3190005",5,"Nursing assistants",6,0
"3190005",6,"Support staff",16,0
"3190005",7,"Midwives",7,0
"3190005",8,"Dispenser/pharmacist",0,1
"3190005",3,"Allied medical workers",6,0
"3190005",2,"Nurses",8,0
"3190005",1,"Doctors",2,0
"3190012",8,"Dispenser/pharmacist",0,0
"3190012",6,"Support staff",16,0
"3190012",1,"Doctors",2,0
"3190012",2,"Nurses",8,0
"3190012",3,"Allied medical workers",6,0
"3190012",4,"Laboratory technicians",2,0
"3190012",7,"Midwives",7,0
"3200018",7,"Midwives",0,
"3200018",2,"Nurses",2,
"3200018",4,"Laboratory technicians",0,0
"3200018",3,"Allied medical workers",0,
"3200018",1,"Doctors",0,0
"3200018",5,"Nursing assistants",1,
"3200018",8,"Dispenser/pharmacist",0,
"3200021",8,"Dispenser/pharmacist",0,0
"3200021",6,"Support staff",7,0
"3200021",4,"Laboratory technicians",1,0
"3200021",3,"Allied medical workers",0,2
"3200021",2,"Nurses",1,3
"3200021",7,"Midwives",1,2
"3200021",1,"Doctors",0,0
"3200024",8,"Dispenser/pharmacist",0,
"3200024",2,"Nurses",3,1
"3200024",1,"Doctors",0,0
"3200024",3,"Allied medical workers",1,0
"3200024",6,"Support staff",6,
"3200024",7,"Midwives",0,2
"3200024",4,"Laboratory technicians",0,1
"3200027",2,"Nurses",0,3
"3200027",3,"Allied medical workers",0,0
"3200027",4,"Laboratory technicians",0,0
"3200027",8,"Dispenser/pharmacist",0,0
"3200027",1,"Doctors",0,0
"3200027",7,"Midwives",0,0
"3200027",5,"Nursing assistants",1,2
"3200030",7,"Midwives",0,0
"3200030",8,"Dispenser/pharmacist",0,0
"3200030",2,"Nurses",2,0
"3200030",6,"Support staff",4,0
"3200030",4,"Laboratory technicians",1,0
"3200030",1,"Doctors",0,0
"3200030",5,"Nursing assistants",2,0
"3210021",6,"Support staff",3,1
"3210021",3,"Allied medical workers",1,0
"3210021",8,"Dispenser/pharmacist",0,0
"3210021",7,"Midwives",1,0
"3210021",1,"Doctors",0,0
"3210021",5,"Nursing assistants",2,0
"3210021",2,"Nurses",0,1
"3210023",1,"Doctors",0,0
"3210023",3,"Allied medical workers",0,1
"3210023",8,"Dispenser/pharmacist",0,0
"3210023",2,"Nurses",1,0
"3210023",4,"Laboratory technicians",0,0
"3210023",6,"Support staff",2,2
"3210023",7,"Midwives",0,1
"3210028",2,"Nurses",0,1
"3210028",7,"Midwives",1,0
"3210028",5,"Nursing assistants",2,0
"3210028",4,"Laboratory technicians",0,0
"3210028",3,"Allied medical workers",1,0
"3210028",7,"Midwives",0,1
"3210028",8,"Dispenser/pharmacist",0,0
"3210028",6,"Support staff",1,3
"3210028",3,"Allied medical workers",0,1
"3210028",4,"Laboratory technicians",0,0
"3210028",1,"Doctors",0,0
"3210028",2,"Nurses",1,0
"3210028",6,"Support staff",1,3
"3210028",1,"Doctors",0,0
"3210028",5,"Nursing assistants",2,0
"3210030",1,"Doctors",0,0
"3210030",6,"Support staff",4,0
"3210030",8,"Dispenser/pharmacist",0,0
"3210030",3,"Allied medical workers",1,0
"3210030",7,"Midwives",1,0
"3210030",2,"Nurses",1,0
"3210030",5,"Nursing assistants",3,0
"4010003",3,"Allied medical workers",0,1
"4010003",2,"Nurses",1,1
"4010003",8,"Dispenser/pharmacist",0,0
"4010003",6,"Support staff",2,0
"4010003",4,"Laboratory technicians",0,0
"4010003",5,"Nursing assistants",3,0
"4010003",1,"Doctors",0,0
"4010005",8,"Dispenser/pharmacist",0,1
"4010005",1,"Doctors",1,1
"4010005",2,"Nurses",2,2
"4010005",3,"Allied medical workers",5,0
"4010005",7,"Midwives",2,2
"4010005",4,"Laboratory technicians",2,1
"4010005",6,"Support staff",2,2
"4020016",5,"Nursing assistants",1,2
"4020016",3,"Allied medical workers",2,1
"4020016",1,"Doctors",0,0
"4020016",7,"Midwives",2,0
"4020016",8,"Dispenser/pharmacist",0,0
"4020016",4,"Laboratory technicians",1,0
"4020016",2,"Nurses",2,2
"4020020",4,"Laboratory technicians",1,1
"4020020",2,"Nurses",3,3
"4020020",8,"Dispenser/pharmacist",0,0
"4020020",3,"Allied medical workers",4,0
"4020020",5,"Nursing assistants",1,2
"4020020",6,"Support staff",3,1
"4020020",1,"Doctors",0,0
"4020025",5,"Nursing assistants",0,4
"4020025",8,"Dispenser/pharmacist",0,0
"4020025",2,"Nurses",1,1
"4020025",1,"Doctors",0,0
"4020025",4,"Laboratory technicians",1,1
"4020025",7,"Midwives",0,2
"4020025",3,"Allied medical workers",0,1
"4020030",8,"Dispenser/pharmacist",0,0
"4020030",5,"Nursing assistants",1,1
"4020030",7,"Midwives",0,0
"4020030",1,"Doctors",0,0
"4020030",4,"Laboratory technicians",0,0
"4020030",3,"Allied medical workers",0,0
"4020030",2,"Nurses",0,0
"4030004",5,"Nursing assistants",1,1
"4030004",1,"Doctors",0,1
"4030004",4,"Laboratory technicians",1,1
"4030004",8,"Dispenser/pharmacist",0,0
"4030004",3,"Allied medical workers",2,0
"4030004",2,"Nurses",2,2
"4030004",6,"Support staff",1,3
"4030006",2,"Nurses",0,2
"4030006",8,"Dispenser/pharmacist",0,0
"4030006",6,"Support staff",1,3
"4030006",1,"Doctors",0,1
"4030006",7,"Midwives",2,0
"4030006",4,"Laboratory technicians",0,1
"4030006",5,"Nursing assistants",2,2
"4030007",3,"Allied medical workers",2,1
"4030007",4,"Laboratory technicians",1,1
"4030007",7,"Midwives",1,1
"4030007",5,"Nursing assistants",0,3
"4030007",2,"Nurses",1,1
"4030007",6,"Support staff",2,2
"4030007",1,"Doctors",0,0
"4030009",3,"Allied medical workers",7,1
"4030009",7,"Midwives",2,2
"4030009",5,"Nursing assistants",2,2
"4030009",2,"Nurses",5,1
"4030009",6,"Support staff",4,1
"4030009",8,"Dispenser/pharmacist",0,1
"4030009",1,"Doctors",0,1
"4040003",5,"Nursing assistants",4,0
"4040003",1,"Doctors",0,0
"4040003",8,"Dispenser/pharmacist",0,0
"4040003",2,"Nurses",1,3
"4040003",6,"Support staff",3,1
"4040003",4,"Laboratory technicians",0,2
"4040003",7,"Midwives",1,1
"4040006",5,"Nursing assistants",3,2
"4040006",4,"Laboratory technicians",1,1
"4040006",6,"Support staff",4,2
"4040006",3,"Allied medical workers",1,2
"4040006",1,"Doctors",0,0
"4040006",8,"Dispenser/pharmacist",0,0
"4040006",7,"Midwives",1,1
"4040008",1,"Doctors",0,0
"4040008",8,"Dispenser/pharmacist",0,0
"4040008",3,"Allied medical workers",1,2
"4040008",5,"Nursing assistants",4,2
"4040008",6,"Support staff",2,0
"4040008",4,"Laboratory technicians",1,1
"4040008",7,"Midwives",1,1
"4040010",5,"Nursing assistants",1,3
"4040010",4,"Laboratory technicians",0,1
"4040010",8,"Dispenser/pharmacist",0,0
"4040010",6,"Support staff",1,2
"4040010",1,"Doctors",0,0
"4040010",2,"Nurses",2,1
"4040010",3,"Allied medical workers",0,3
"4040012",3,"Allied medical workers",0,0
"4040012",6,"Support staff",1,1
"4040012",4,"Laboratory technicians",0,0
"4040012",2,"Nurses",1,1
"4040012",7,"Midwives",0,1
"4040012",5,"Nursing assistants",2,1
"4040012",1,"Doctors",0,0
"4050002",7,"Midwives",2,2
"4050002",8,"Dispenser/pharmacist",0,1
"4050002",3,"Allied medical workers",3,1
"4050002",2,"Nurses",2,2
"4050002",4,"Laboratory technicians",0,2
"4050002",1,"Doctors",0,2
"4050002",5,"Nursing assistants",4,0
"4050005",7,"Midwives",2,0
"4050005",8,"Dispenser/pharmacist",0,0
"4050005",1,"Doctors",0,0
"4050005",2,"Nurses",3,0
"4050005",6,"Support staff",4,0
"4050005",3,"Allied medical workers",2,1
"4050005",5,"Nursing assistants",3,0
"4050006",5,"Nursing assistants",1,1
"4050006",6,"Support staff",2,1
"4050006",1,"Doctors",0,0
"4050006",4,"Laboratory technicians",0,0
"4050006",3,"Allied medical workers",0,0
"4050006",8,"Dispenser/pharmacist",0,0
"4050006",2,"Nurses",2,0
"4050010",2,"Nurses",5,1
"4050010",5,"Nursing assistants",1,1
"4050010",4,"Laboratory technicians",1,1
"4050010",6,"Support staff",3,1
"4050010",7,"Midwives",1,1
"4050010",1,"Doctors",0,0
"4050010",3,"Allied medical workers",2,0
"4060003",7,"Midwives",2,2
"4060003",1,"Doctors",0,0
"4060003",2,"Nurses",4,0
"4060003",5,"Nursing assistants",4,0
"4060003",4,"Laboratory technicians",1,1
"4060003",8,"Dispenser/pharmacist",0,0
"4060003",6,"Support staff",2,2
"4060008",7,"Midwives",1,1
"4060008",4,"Laboratory technicians",3,0
"4060008",5,"Nursing assistants",5,1
"4060008",3,"Allied medical workers",0,2
"4060008",2,"Nurses",3,1
"4060008",6,"Support staff",4,0
"4060008",1,"Doctors",0,1
"4060010",8,"Dispenser/pharmacist",0,0
"4060010",6,"Support staff",4,1
"4060010",2,"Nurses",2,2
"4060010",5,"Nursing assistants",3,1
"4060010",7,"Midwives",1,1
"4060010",4,"Laboratory technicians",2,0
"4060010",3,"Allied medical workers",3,1
"4060011",4,"Laboratory technicians",0,0
"4060011",6,"Support staff",0,2
"4060011",7,"Midwives",0,0
"4060011",3,"Allied medical workers",0,1
"4060011",5,"Nursing assistants",1,1
"4060011",2,"Nurses",2,2
"4060011",1,"Doctors",0,0
"4060013",6,"Support staff",6,0
"4060013",8,"Dispenser/pharmacist",0,0
"4060013",7,"Midwives",0,0
"4060013",2,"Nurses",2,2
"4060013",5,"Nursing assistants",2,4
"4060013",1,"Doctors",0,1
"4060013",3,"Allied medical workers",1,2
"4070003",3,"Allied medical workers",4,4
"4070003",1,"Doctors",0,2
"4070003",6,"Support staff",5,0
"4070003",4,"Laboratory technicians",0,1
"4070003",2,"Nurses",2,4
"4070003",5,"Nursing assistants",5,0
"4070003",8,"Dispenser/pharmacist",0,1
"4070005",8,"Dispenser/pharmacist",0,0
"4070005",5,"Nursing assistants",1,2
"4070005",4,"Laboratory technicians",0,2
"4070005",7,"Midwives",2,0
"4070005",6,"Support staff",0,2
"4070005",2,"Nurses",0,3
"4070005",3,"Allied medical workers",2,1
"4070009",8,"Dispenser/pharmacist",0,0
"4070009",2,"Nurses",1,2
"4070009",3,"Allied medical workers",1,1
"4070009",4,"Laboratory technicians",0,2
"4070009",6,"Support staff",0,3
"4070009",7,"Midwives",0,2
"4070009",1,"Doctors",0,0
"4080002",2,"Nurses",5,7
"4080002",7,"Midwives",1,2
"4080002",3,"Allied medical workers",3,0
"4080002",5,"Nursing assistants",2,3
"4080002",6,"Support staff",8,0
"4080002",1,"Doctors",0,1
"4080002",8,"Dispenser/pharmacist",0,1
"4080004",6,"Support staff",2,0
"4080004",7,"Midwives",0,2
"4080004",3,"Allied medical workers",0,2
"4080004",2,"Nurses",1,1
"4080004",8,"Dispenser/pharmacist",0,0
"4080004",1,"Doctors",0,0
"4080004",5,"Nursing assistants",1,2
"4090005",5,"Nursing assistants",0,0
"4090005",7,"Midwives",3,1
"4090005",2,"Nurses",5,3
"4090005",6,"Support staff",6,1
"4090005",3,"Allied medical workers",1,1
"4090005",4,"Laboratory technicians",0,0
"4090005",8,"Dispenser/pharmacist",1,1
"4090009",2,"Nurses",1,0
"4090009",5,"Nursing assistants",2,1
"4090009",8,"Dispenser/pharmacist",0,0
"4090009",3,"Allied medical workers",2,0
"4090009",7,"Midwives",0,1
"4090009",6,"Support staff",4,0
"4090009",4,"Laboratory technicians",0,0
"4090011",8,"Dispenser/pharmacist",0,0
"4090011",7,"Midwives",1,1
"4090011",4,"Laboratory technicians",1,1
"4090011",1,"Doctors",0,1
"4090011",3,"Allied medical workers",3,1
"4090011",2,"Nurses",1,1
"4090011",5,"Nursing assistants",3,1
"4100005",8,"Dispenser/pharmacist",0,0
"4100005",5,"Nursing assistants",1,1
"4100005",1,"Doctors",0,0
"4100005",4,"Laboratory technicians",0,1
"4100005",2,"Nurses",1,1
"4100005",7,"Midwives",1,0
"4100005",6,"Support staff",0,2
"4100026",5,"Nursing assistants",1,1
"4100026",1,"Doctors",0,0
"4100026",3,"Allied medical workers",0,4
"4100026",7,"Midwives",1,0
"4100026",6,"Support staff",0,2
"4100026",8,"Dispenser/pharmacist",0,0
"4100026",4,"Laboratory technicians",0,1
"4100029",8,"Dispenser/pharmacist",0,0
"4100029",4,"Laboratory technicians",0,1
"4100029",2,"Nurses",1,0
"4100029",3,"Allied medical workers",0,1
"4100029",5,"Nursing assistants",0,2
"4100029",1,"Doctors",0,0
"4100029",6,"Support staff",1,1
"4100038",7,"Midwives",3,1
"4100038",3,"Allied medical workers",1,1
"4100038",8,"Dispenser/pharmacist",0,0
"4100038",6,"Support staff",0,3
"4100038",4,"Laboratory technicians",1,1
"4100038",5,"Nursing assistants",0,3
"4100038",1,"Doctors",0,0
"4110002",6,"Support staff",4,0
"4110002",4,"Laboratory technicians",2,0
"4110002",8,"Dispenser/pharmacist",0,0
"4110002",5,"Nursing assistants",3,1
"4110002",7,"Midwives",2,0
"4110002",3,"Allied medical workers",2,0
"4110002",1,"Doctors",0,0
"4110004",7,"Midwives",0,1
"4110004",3,"Allied medical workers",0,0
"4110004",5,"Nursing assistants",2,2
"4110004",4,"Laboratory technicians",0,2
"4110004",8,"Dispenser/pharmacist",0,0
"4110004",2,"Nurses",1,0
"4110004",1,"Doctors",0,0
"4110006",1,"Doctors",0,0
"4110006",4,"Laboratory technicians",0,0
"4110006",2,"Nurses",2,0
"4110006",3,"Allied medical workers",0,0
"4110006",8,"Dispenser/pharmacist",0,0
"4110006",7,"Midwives",1,1
"4110006",5,"Nursing assistants",1,0
"4110007",5,"Nursing assistants",3,1
"4110007",8,"Dispenser/pharmacist",0,1
"4110007",3,"Allied medical workers",2,0
"4110007",4,"Laboratory technicians",3,0
"4110007",2,"Nurses",5,4
"4110007",1,"Doctors",0,2
"4110007",6,"Support staff",15,0
"4110009",3,"Allied medical workers",0,2
"4110009",8,"Dispenser/pharmacist",0,0
"4110009",7,"Midwives",0,1
"4110009",1,"Doctors",0,0
"4110009",4,"Laboratory technicians",0,2
"4110009",2,"Nurses",1,1
"4110009",6,"Support staff",0,2
"4120003",2,"Nurses",4,8
"4120003",6,"Support staff",4,3
"4120003",8,"Dispenser/pharmacist",0,0
"4120003",4,"Laboratory technicians",1,1
"4120003",1,"Doctors",0,0
"4120003",5,"Nursing assistants",2,2
"4120003",3,"Allied medical workers",2,6
"4120005",5,"Nursing assistants",3,2
"4120005",2,"Nurses",0,0
"4120005",6,"Support staff",0,2
"4120005",4,"Laboratory technicians",0,0
"4120005",1,"Doctors",0,0
"4120005",3,"Allied medical workers",0,0
"4120005",8,"Dispenser/pharmacist",0,0
"4130002",4,"Laboratory technicians",0,0
"4130002",1,"Doctors",0,0
"4130002",8,"Dispenser/pharmacist",0,0
"4130002",3,"Allied medical workers",0,0
"4130002",7,"Midwives",1,1
"4130002",5,"Nursing assistants",1,1
"4130002",2,"Nurses",1,1
"4130003",2,"Nurses",1,0
"4130003",4,"Laboratory technicians",0,1
"4130003",7,"Midwives",0,1
"4130003",3,"Allied medical workers",0,0
"4130003",1,"Doctors",0,0
"4130003",8,"Dispenser/pharmacist",0,0
"4130003",5,"Nursing assistants",3,0
"4130005",4,"Laboratory technicians",1,1
"4130005",2,"Nurses",2,2
"4130005",5,"Nursing assistants",2,2
"4130005",3,"Allied medical workers",3,1
"4130005",1,"Doctors",0,0
"4130005",8,"Dispenser/pharmacist",0,0
"4130005",6,"Support staff",2,2
"4140003",1,"Doctors",0,0
"4140003",8,"Dispenser/pharmacist",0,0
"4140003",3,"Allied medical workers",0,0
"4140003",6,"Support staff",2,0
"4140003",7,"Midwives",0,1
"4140003",2,"Nurses",0,1
"4140003",5,"Nursing assistants",2,1
"4140005",7,"Midwives",1,3
"4140005",8,"Dispenser/pharmacist",0,0
"4140005",4,"Laboratory technicians",1,1
"4140005",3,"Allied medical workers",3,4
"4140005",5,"Nursing assistants",1,1
"4140005",1,"Doctors",0,0
"4140005",2,"Nurses",3,2
"4150004",8,"Dispenser/pharmacist",0,0
"4150004",5,"Nursing assistants",1,3
"4150004",2,"Nurses",2,2
"4150004",6,"Support staff",3,1
"4150004",3,"Allied medical workers",1,1
"4150004",1,"Doctors",0,1
"4150004",4,"Laboratory technicians",1,1
"4150006",4,"Laboratory technicians",0,0
"4150006",8,"Dispenser/pharmacist",0,0
"4150006",5,"Nursing assistants",1,1
"4150006",2,"Nurses",1,2
"4150006",6,"Support staff",3,0
"4150006",7,"Midwives",1,0
"4150006",3,"Allied medical workers",0,0
"4150007",5,"Nursing assistants",1,2
"4150007",1,"Doctors",0,1
"4150007",4,"Laboratory technicians",1,1
"4150007",2,"Nurses",1,0
"4150007",6,"Support staff",0,3
"4150007",7,"Midwives",1,0
"4150007",3,"Allied medical workers",3,0
"4150009",6,"Support staff",1,2
"4150009",1,"Doctors",0,0
"4150009",8,"Dispenser/pharmacist",0,0
"4150009",3,"Allied medical workers",2,0
"4150009",7,"Midwives",2,1
"4150009",2,"Nurses",0,4
"4150009",4,"Laboratory technicians",1,1
"4160007",2,"Nurses",1,1
"4160007",7,"Midwives",0,2
"4160007",5,"Nursing assistants",2,4
"4160007",4,"Laboratory technicians",1,1
"4160007",3,"Allied medical workers",1,1
"4160007",1,"Doctors",0,0
"4160007",8,"Dispenser/pharmacist",0,0
"4170008",6,"Support staff",0,2
"4170008",8,"Dispenser/pharmacist",0,0
"4170008",1,"Doctors",0,0
"4170008",3,"Allied medical workers",1,1
"4170008",2,"Nurses",3,1
"4170008",7,"Midwives",2,2
"4170008",4,"Laboratory technicians",1,1
"4170014",6,"Support staff",1,2
"4170014",2,"Nurses",1,1
"4170014",4,"Laboratory technicians",0,1
"4170014",3,"Allied medical workers",0,4
"4170014",1,"Doctors",0,0
"4170014",7,"Midwives",0,2
"4170014",8,"Dispenser/pharmacist",0,0
"4170017",6,"Support staff",2,1
"4170017",7,"Midwives",1,0
"4170017",1,"Doctors",0,0
"4170017",3,"Allied medical workers",0,1
"4170017",2,"Nurses",0,2
"4170017",4,"Laboratory technicians",0,1
"4170017",8,"Dispenser/pharmacist",0,0
"4180020",1,"Doctors",0,0
"4180020",3,"Allied medical workers",0,2
"4180020",4,"Laboratory technicians",0,2
"4180020",2,"Nurses",0,1
"4180020",8,"Dispenser/pharmacist",0,0
"4180020",7,"Midwives",0,1
"4180020",5,"Nursing assistants",2,1
"4180023",7,"Midwives",3,0
"4180023",6,"Support staff",4,0
"4180023",5,"Nursing assistants",1,3
"4180023",4,"Laboratory technicians",2,0
"4180023",1,"Doctors",0,0
"4180023",2,"Nurses",2,2
"4180023",8,"Dispenser/pharmacist",0,0
"4190032",3,"Allied medical workers",2,1
"4190032",4,"Laboratory technicians",0,2
"4190032",1,"Doctors",0,0
"4190032",8,"Dispenser/pharmacist",0,0
"4190032",6,"Support staff",1,1
"4190032",2,"Nurses",2,2
"4190032",7,"Midwives",1,1
"4190035",7,"Midwives",2,0
"4190035",2,"Nurses",4,2
"4190035",5,"Nursing assistants",1,4
"4190035",3,"Allied medical workers",1,2
"4190035",8,"Dispenser/pharmacist",0,0
"4190035",4,"Laboratory technicians",0,2
"4190035",1,"Doctors",0,0
