"comcod","c5csn","c5c","c5cq18","c5cq19","c5cq20"
"1010002",,,,,
"1020001",5,"Bridges/culvert crossing",,,2
"1020002",1,"Trunk roads (Tarmac)",0,0,2
"1020003",2,"Trunk roads (Murram)",,,
"1020004",4,"Community roads",,,2
"1020005",,,,,
"1020006",4,"Community roads",,,
"1020007",2,"Trunk roads (Murram)",,,
"1020008",2,"Trunk roads (Murram)",,,
"1020009",4,"Community roads",62000000,15000000,2
"1020010",1,"Trunk roads (Tarmac)",,,
"1020011",,,,,
"1020012",,,,,
"1020013",,,,,
"1020014",,,,,
"1020015",,,,,
"1020016",,,,,
"1020017",,,,,
"1020018",,,,,
"1020019",,,,,
"1020020",,,,,
"1020021",,,,,
"1020022",,,,,
"1020023",,,,,
"1020024",,,,,
"1020025",,,,,
"1020026",,,,,
"1020027",,,,,
"1020028",,,,,
"1020029",,,,,
"1020030",,,,,
"1020031",,,,,
"1020032",1,"Trunk roads (Tarmac)",,,
"1020033",,,,,
"1020034",,,,,
"1030003",5,"Bridges/culvert crossing",,,
"1030005",2,"Trunk roads (Murram)",,,
"1040002",4,"Community roads",168000000,1680000000,1
"1040004",2,"Trunk roads (Murram)",,,
"1040006",5,"Bridges/culvert crossing",,,
"1040008",1,"Trunk roads (Tarmac)",,,
"1050001",5,"Bridges/culvert crossing",20000000,10000000,1
"1050003",,,,,
"1050004",,,,,
"1050008",2,"Trunk roads (Murram)",,,
"1050012",3,"Feeder roads",15630780,15630700,2
"1050015",5,"Bridges/culvert crossing",3000000,1800000,2
"1050019",5,"Bridges/culvert crossing",,,
"1050023",2,"Trunk roads (Murram)",,,
"1050026",3,"Feeder roads",,,
"1050030",,,,,
"1050033",1,"Trunk roads (Tarmac)",,,
"1060003",3,"Feeder roads",33000000,21000000,2
"1060005",2,"Trunk roads (Murram)",,,
"1060007",1,"Trunk roads (Tarmac)",,,
"1060009",5,"Bridges/culvert crossing",67000000,67000000,2
"1070001",2,"Trunk roads (Murram)",,,
"1070002",3,"Feeder roads",,,
"1070008",,,,,
"1070012",,,,,
"1070016",2,"Trunk roads (Murram)",,,
"1070020",4,"Community roads",30000000,16500000,1
"1070023",,,,,
"1080002",4,"Community roads",50000000,20000000,2
"1080003",1,"Trunk roads (Tarmac)",,,
"1080006",,,,,
"1080009",4,"Community roads",,,
"1080013",3,"Feeder roads",,,
"1080016",,,,,
"1080020",4,"Community roads",12000000,8000000,2
"1080023",4,"Community roads",300000000,23000000,2
"1080027",,,,,
"1080030",2,"Trunk roads (Murram)",,,
"1080033",4,"Community roads",616200,4965000,2
"1090004",2,"Trunk roads (Murram)",,,
"1100001",5,"Bridges/culvert crossing",,,
"1100005",,,,,
"1100007",4,"Community roads",,4000000,2
"1100009",3,"Feeder roads",,,
"1100012",4,"Community roads",,,
"1110001",1,"Trunk roads (Tarmac)",,,
"1110003",3,"Feeder roads",,,
"1110005",1,"Trunk roads (Tarmac)",,,
"1120001",1,"Trunk roads (Tarmac)",,,
"1120003",5,"Bridges/culvert crossing",,,
"1120006",5,"Bridges/culvert crossing",20000000,3000000,1
"1130002",,,,,
"1130003",5,"Bridges/culvert crossing",,,
"1130004",,,,,
"1130006",3,"Feeder roads",,,
"1130007",,,,,
"1130008",1,"Trunk roads (Tarmac)",,,
"1130010",2,"Trunk roads (Murram)",,,
"1130012",3,"Feeder roads",,,
"1130014",2,"Trunk roads (Murram)",,,
"1130016",1,"Trunk roads (Tarmac)",,,
"1130019",5,"Bridges/culvert crossing",45000000,45000000,2
"1130021",,,,,
"1130023",5,"Bridges/culvert crossing",60000000,9500000,1
"1130025",,,,,
"1140003",3,"Feeder roads",,,
"1150004",1,"Trunk roads (Tarmac)",,,
"1150027",4,"Community roads",200000000,56700000,1
"1150031",,,,,
"1160011",4,"Community roads",40000000,20000000,2
"1160013",5,"Bridges/culvert crossing",,,
"2010004",1,"Trunk roads (Tarmac)",,,
"2010006",,,,,
"2010008",,,,,
"2010009",,,,,
"2020001",,,,,
"2020005",4,"Community roads",,,
"2020007",4,"Community roads",,,
"2030001",,,,,
"2030004",,,,,
"2030008",,,,,
"2030018",,,,,
"2030023",,,,,
"2030028",3,"Feeder roads",,,
"2030033",,,,,
"2040002",,,,,
"2040006",,,,,
"2040009",,,,,
"2040012",,,,,
"2040014",,,,,
"2040015",5,"Bridges/culvert crossing",32858280,32858280,1
"2050001",,,,,
"2050004",1,"Trunk roads (Tarmac)",,,
"2050009",,,,,
"2050013",3,"Feeder roads",,,
"2050017",,,,,
"2050030",,,,,
"2060003",1,"Trunk roads (Tarmac)",,,
"2070005",3,"Feeder roads",,,
"2070006",2,"Trunk roads (Murram)",,,
"2080001",,,,,
"2080005",2,"Trunk roads (Murram)",,,
"2080007",,,,,
"2080008",3,"Feeder roads",,,
"2090003",,,,,
"2090006",1,"Trunk roads (Tarmac)",,,2
"2090033",4,"Community roads",,,
"2100002",,,,,
"2100004",4,"Community roads",6000000,6000000,
"2100006",,,,,
"2100007",3,"Feeder roads",,,
"2110003",,,,,
"2110004",,,,,
"2110006",3,"Feeder roads",,,
"2110007",5,"Bridges/culvert crossing",,,
"2110009",,,,,
"2120003",3,"Feeder roads",,,2
"2120008",1,"Trunk roads (Tarmac)",,,
"2120009",4,"Community roads",40000000,1300000,
"2120011",3,"Feeder roads",,,2
"2120013",,,,,
"2140002",,,,,
"2140003",1,"Trunk roads (Tarmac)",,,
"2150001",1,"Trunk roads (Tarmac)",,,
"2150002",1,"Trunk roads (Tarmac)",,,
"2150004",,,,,
"2150006",,,,,
"2150007",5,"Bridges/culvert crossing",1500000,1500000,2
"2160003",,,,,
"2170009",,,,,
"2180037",,,,,
"2190003",3,"Feeder roads",,,
"2200001",2,"Trunk roads (Murram)",99999,99999,2
"2210006",2,"Trunk roads (Murram)",,,2
"2220022",,,,,
"2220026",,,,,
"2230011",,,,,
"2230014",,,,,
"2230018",,,,,
"2230022",,,,,
"2230026",3,"Feeder roads",,,
"2230029",,,,,
"2240013",,,,,
"3010003",5,"Bridges/culvert crossing",0,0,2
"3020002",1,"Trunk roads (Tarmac)",0,0,
"3020003",2,"Trunk roads (Murram)",0,,
"3020005",3,"Feeder roads",0,0,
"3020008",4,"Community roads",100000000,17000000,1
"3020010",4,"Community roads",300000000,9400000,1
"3020013",2,"Trunk roads (Murram)",0,0,
"3020016",3,"Feeder roads",,,
"3020018",4,"Community roads",600000000,10000000,2
"3020035",3,"Feeder roads",0,0,
"3030002",2,"Trunk roads (Murram)",0,0,2
"3030006",5,"Bridges/culvert crossing",3000000,6000000,1
"3030009",4,"Community roads",80000000,11683021,2
"3030015",5,"Bridges/culvert crossing",0,0,2
"3030033",3,"Feeder roads",,,
"3040002",4,"Community roads",20000000,0,
"3040004",1,"Trunk roads (Tarmac)",0,0,
"3040007",1,"Trunk roads (Tarmac)",0,,
"3040009",5,"Bridges/culvert crossing",11000000,0,
"3040014",3,"Feeder roads",0,0,
"3050001",4,"Community roads",,,
"3060006",2,"Trunk roads (Murram)",,,
"3060007",,,,,
"3070002",1,"Trunk roads (Tarmac)",0,0,
"3070005",3,"Feeder roads",,,
"3070007",1,"Trunk roads (Tarmac)",,,
"3070012",2,"Trunk roads (Murram)",0,0,
"3070017",5,"Bridges/culvert crossing",0,0,
"3070018",1,"Trunk roads (Tarmac)",0,0,
"3070020",5,"Bridges/culvert crossing",30000000,3000000,2
"3070022",1,"Trunk roads (Tarmac)",,,
"3070023",4,"Community roads",635852,0,
"3070025",2,"Trunk roads (Murram)",,,
"3080001",,,,,
"3080002",4,"Community roads",12250000,12250000,2
"3080004",5,"Bridges/culvert crossing",,,
"3090001",2,"Trunk roads (Murram)",0,0,
"3090002",2,"Trunk roads (Murram)",,,
"3100001",3,"Feeder roads",174042103,79593000,2
"3100004",5,"Bridges/culvert crossing",310441500,226164339,2
"3100006",2,"Trunk roads (Murram)",0,0,
"3100007",2,"Trunk roads (Murram)",,8619428,2
"3100008",2,"Trunk roads (Murram)",0,0,
"3100009",2,"Trunk roads (Murram)",0,0,
"3100010",4,"Community roads",10444485,10328577,2
"3100012",4,"Community roads",7000000,7000000,2
"3110001",4,"Community roads",37000000,34000000,2
"3110003",4,"Community roads",12000000,3600000,2
"3110004",,,,,
"3130001",4,"Community roads",7000000,7000000,2
"3130002",5,"Bridges/culvert crossing",0,0,2
"3130003",4,"Community roads",0,0,2
"3150016",5,"Bridges/culvert crossing",6500000,6500000,2
"3160016",2,"Trunk roads (Murram)",0,0,
"3170009",3,"Feeder roads",0,0,
"3170010",3,"Feeder roads",0,0,
"3170011",3,"Feeder roads",0,0,
"3180001",,,,,
"3180002",2,"Trunk roads (Murram)",,,
"3180003",3,,,,
"3180004",5,"Bridges/culvert crossing",,,
"3190005",3,"Feeder roads",18000000,17427525,
"3190012",2,"Trunk roads (Murram)",,,
"3200018",5,"Bridges/culvert crossing",0,8090297,2
"3200021",5,"Bridges/culvert crossing",8000000,1900000,2
"3200024",3,"Feeder roads",0,0,
"3200027",5,"Bridges/culvert crossing",,,
"3200030",5,"Bridges/culvert crossing",0,0,2
"3210021",4,"Community roads",75000000,0,2
"3210023",5,"Bridges/culvert crossing",50000000,0,
"3210028",5,"Bridges/culvert crossing",45000000,0,
"3210030",5,"Bridges/culvert crossing",8000000,0,
"4010003",,,,,
"4010005",2,"Trunk roads (Murram)",,,
"4020002",,,,,
"4020007",,,,,
"4020011",,,,,
"4020016",1,"Trunk roads (Tarmac)",,,
"4020020",4,"Community roads",9300000,9259000,2
"4020025",,,,,
"4020030",4,"Community roads",7550000,7550000,2
"4030002",,,,,
"4030004",,,,,
"4030006",,,,,
"4030007",,,,,
"4030009",,,,,
"4040003",,,,,
"4040006",,,,,
"4040008",,,,,
"4040010",,,,,
"4040012",,,,,
"4050002",,,,,
"4050005",,,,,
"4050006",,,,,
"4050008",,,,,
"4050010",,,,,
"4060003",,,,,
"4060008",3,"Feeder roads",0,,
"4060010",4,"Community roads",10000000,6600000,2
"4060011",,,,,
"4060013",,,,,
"4070002",,,,,
"4070003",,,,,
"4070005",3,"Feeder roads",0,,
"4070007",,,,,
"4070009",,,,,
"4080002",5,"Bridges/culvert crossing",,,
"4080004",,,,,
"4090002",4,"Community roads",,,
"4090005",1,"Trunk roads (Tarmac)",0,,
"4090009",2,"Trunk roads (Murram)",,,
"4090011",,,,,
"4100001",,,,,
"4100005",,,,,
"4100026",,,,,
"4100029",4,"Community roads",8025039,8025039,2
"4100038",4,"Community roads",9672843,9672843,2
"4110002",4,"Community roads",,,
"4110004",,,,,
"4110006",,,,,
"4110007",,,,,
"4110009",5,"Bridges/culvert crossing",10022230,9909618,2
"4120003",4,"Community roads",7419140,7870130,1
"4120005",2,"Trunk roads (Murram)",,,
"4130002",,,,,
"4130003",,,,,
"4130005",,,,,
"4140001",,,,,
"4140003",2,"Trunk roads (Murram)",,,
"4140005",5,"Bridges/culvert crossing",,,
"4150002",,,,,
"4150004",,,,,
"4150006",,,,,
"4150007",,,,,
"4150009",3,"Feeder roads",,,
"4160007",,,,,
"4170008",5,"Bridges/culvert crossing",0,0,
"4170014",3,"Feeder roads",,,
"4170017",,,,,
"4180011",2,"Trunk roads (Murram)",,,
"4180020",3,"Feeder roads",,,
"4180023",1,"Trunk roads (Tarmac)",0,,
"4190032",,,,,
"4190035",4,"Community roads",,15746878,
"1020001",1,"Trunk roads (Tarmac)",0,0,2
"1020001",4,"Community roads",,,2
"1020001",3,"Feeder roads",,,2
"1020001",2,"Trunk roads (Murram)",,,
"1020002",4,"Community roads",,,2
"1020002",3,"Feeder roads",,,2
"1020002",5,"Bridges/culvert crossing",,,2
"1020002",2,"Trunk roads (Murram)",,,
"1020003",5,"Bridges/culvert crossing",,,
"1020003",4,"Community roads",,,
"1020003",1,"Trunk roads (Tarmac)",2,,
"1020003",3,"Feeder roads",,,
"1020004",1,"Trunk roads (Tarmac)",1210000000,337805549,
"1020004",5,"Bridges/culvert crossing",,,2
"1020004",2,"Trunk roads (Murram)",,,
"1020004",3,"Feeder roads",,,2
"1020006",1,"Trunk roads (Tarmac)",,,
"1020006",3,"Feeder roads",,,
"1020006",5,"Bridges/culvert crossing",,,
"1020006",2,"Trunk roads (Murram)",,,
"1020007",5,"Bridges/culvert crossing",1200000000,337805549,2
"1020007",4,"Community roads",1210000000,337805549,2
"1020007",3,"Feeder roads",,,2
"1020007",1,"Trunk roads (Tarmac)",,,
"1020008",4,"Community roads",,,2
"1020008",5,"Bridges/culvert crossing",,,2
"1020008",3,"Feeder roads",1210000000,337805549,2
"1020008",1,"Trunk roads (Tarmac)",,,2
"1020009",2,"Trunk roads (Murram)",,,
"1020009",3,"Feeder roads",57558271,15000000,2
"1020009",1,"Trunk roads (Tarmac)",,,
"1020009",5,"Bridges/culvert crossing",0,0,
"1020010",5,"Bridges/culvert crossing",,,
"1020010",4,"Community roads",1210000000,337805549,
"1020010",3,"Feeder roads",,,
"1020010",2,"Trunk roads (Murram)",,,
"1020032",5,"Bridges/culvert crossing",,,
"1020032",3,"Feeder roads",440000000,366176140,2
"1020032",4,"Community roads",,,
"1020032",2,"Trunk roads (Murram)",,,
"1030003",3,"Feeder roads",,,
"1030003",2,"Trunk roads (Murram)",,,
"1030003",4,"Community roads",7800000,7800000,2
"1030003",1,"Trunk roads (Tarmac)",,,
"1030005",5,"Bridges/culvert crossing",,,
"1030005",4,"Community roads",,73000000,1
"1030005",3,"Feeder roads",,,
"1030005",1,"Trunk roads (Tarmac)",,,
"1040002",1,"Trunk roads (Tarmac)",,,
"1040002",5,"Bridges/culvert crossing",,,
"1040002",2,"Trunk roads (Murram)",,,
"1040002",3,"Feeder roads",,,
"1040004",3,"Feeder roads",,,
"1040004",4,"Community roads",30000000,12000000,1
"1040004",5,"Bridges/culvert crossing",1000000,200000,
"1040004",1,"Trunk roads (Tarmac)",,,
"1040006",1,"Trunk roads (Tarmac)",,,
"1040006",2,"Trunk roads (Murram)",,,
"1040006",3,"Feeder roads",,,
"1040006",4,"Community roads",14000000,14000000,2
"1040008",3,"Feeder roads",,,
"1040008",4,"Community roads",64000000,12000000,2
"1040008",2,"Trunk roads (Murram)",,,
"1040008",5,"Bridges/culvert crossing",,4000000,2
"1050001",3,"Feeder roads",,,
"1050001",4,"Community roads",700000000,460000000,2
"1050001",2,"Trunk roads (Murram)",,,
"1050001",1,"Trunk roads (Tarmac)",,,
"1050008",4,"Community roads",10000000,9,1
"1050008",3,"Feeder roads",,,
"1050008",1,"Trunk roads (Tarmac)",,,
"1050008",5,"Bridges/culvert crossing",,,
"1050012",1,"Trunk roads (Tarmac)",,,
"1050012",5,"Bridges/culvert crossing",,,
"1050012",4,"Community roads",,,
"1050012",2,"Trunk roads (Murram)",,,
"1050015",3,"Feeder roads",,,
"1050015",1,"Trunk roads (Tarmac)",,,
"1050015",2,"Trunk roads (Murram)",,,
"1050015",4,"Community roads",40000000,17000000,2
"1050019",1,"Trunk roads (Tarmac)",,,
"1050019",3,"Feeder roads",,,
"1050019",2,"Trunk roads (Murram)",,,
"1050019",4,"Community roads",,,2
"1050023",5,"Bridges/culvert crossing",20000000,0,2
"1050023",4,"Community roads",15800000,15800000,2
"1050023",3,"Feeder roads",,,
"1050023",1,"Trunk roads (Tarmac)",,,
"1050026",2,"Trunk roads (Murram)",,,
"1050026",1,"Trunk roads (Tarmac)",,,
"1050026",5,"Bridges/culvert crossing",,,
"1050026",4,"Community roads",32000000,12600000,2
"1050033",3,"Feeder roads",,,
"1050033",5,"Bridges/culvert crossing",7000000,1200000,1
"1050033",4,"Community roads",143000000,10022510,1
"1050033",2,"Trunk roads (Murram)",,,
"1060003",1,"Trunk roads (Tarmac)",,,
"1060003",2,"Trunk roads (Murram)",,,
"1060003",5,"Bridges/culvert crossing",,,
"1060003",4,"Community roads",900000,900000,2
"1060005",4,"Community roads",19500000,18300000,2
"1060005",5,"Bridges/culvert crossing",,,
"1060005",3,"Feeder roads",,,
"1060005",1,"Trunk roads (Tarmac)",,,
"1060007",3,"Feeder roads",,,
"1060007",2,"Trunk roads (Murram)",,,
"1060007",4,"Community roads",30000000,0,2
"1060007",5,"Bridges/culvert crossing",5000000,0,2
"1060009",1,"Trunk roads (Tarmac)",,,
"1060009",3,"Feeder roads",300000000,250000000,2
"1060009",2,"Trunk roads (Murram)",,,
"1060009",4,"Community roads",700000000,520000000,2
"1070001",3,"Feeder roads",,,
"1070001",5,"Bridges/culvert crossing",8500000,1000000,2
"1070001",1,"Trunk roads (Tarmac)",,,
"1070001",4,"Community roads",200000000,69000000,2
"1070002",1,"Trunk roads (Tarmac)",46000000,46000000,2
"1070002",5,"Bridges/culvert crossing",,,
"1070002",2,"Trunk roads (Murram)",,,
"1070002",4,"Community roads",,,
"1070016",4,"Community roads",70070000,150000000,1
"1070016",5,"Bridges/culvert crossing",5000000,15000000,
"1070016",1,"Trunk roads (Tarmac)",,,
"1070016",3,"Feeder roads",,,
"1070020",3,"Feeder roads",,,
"1070020",1,"Trunk roads (Tarmac)",,,
"1070020",5,"Bridges/culvert crossing",10000000,10000000,1
"1070020",2,"Trunk roads (Murram)",,,
"1080002",1,"Trunk roads (Tarmac)",,,
"1080002",3,"Feeder roads",100000000,75000000,2
"1080002",2,"Trunk roads (Murram)",,,
"1080002",5,"Bridges/culvert crossing",2000000,1500000,2
"1080003",4,"Community roads",,,
"1080003",2,"Trunk roads (Murram)",,,
"1080003",3,"Feeder roads",325024533,,2
"1080003",5,"Bridges/culvert crossing",,,
"1080009",3,"Feeder roads",14126855,14126855,2
"1080009",2,"Trunk roads (Murram)",,,
"1080009",5,"Bridges/culvert crossing",960000,800000,2
"1080009",1,"Trunk roads (Tarmac)",,,
"1080013",4,"Community roads",40000000,23015800,2
"1080013",2,"Trunk roads (Murram)",,,
"1080013",1,"Trunk roads (Tarmac)",,,
"1080013",5,"Bridges/culvert crossing",16000000,8000000,2
"1080020",2,"Trunk roads (Murram)",,,
"1080020",1,"Trunk roads (Tarmac)",,,
"1080020",3,"Feeder roads",,,
"1080020",5,"Bridges/culvert crossing",4000000,3000000,2
"1080023",5,"Bridges/culvert crossing",15000000,3263440,2
"1080023",2,"Trunk roads (Murram)",,,
"1080023",3,"Feeder roads",,,
"1080023",1,"Trunk roads (Tarmac)",,,
"1080030",1,"Trunk roads (Tarmac)",,,
"1080030",4,"Community roads",80000000,40000000,1
"1080030",3,"Feeder roads",,,
"1080030",5,"Bridges/culvert crossing",20000000,10000000,1
"1080033",2,"Trunk roads (Murram)",,,
"1080033",3,"Feeder roads",1474200,1474200,2
"1080033",1,"Trunk roads (Tarmac)",,,
"1080033",5,"Bridges/culvert crossing",0,0,
"1090004",3,"Feeder roads",,,
"1090004",4,"Community roads",14000000,19000000,2
"1090004",1,"Trunk roads (Tarmac)",,,
"1090004",5,"Bridges/culvert crossing",6000000,6000000,2
"1100001",1,"Trunk roads (Tarmac)",70000000,356000000,2
"1100001",4,"Community roads",,,
"1100001",2,"Trunk roads (Murram)",,,
"1100001",3,"Feeder roads",,,
"1100007",3,"Feeder roads",,2000000,2
"1100007",5,"Bridges/culvert crossing",,,
"1100007",2,"Trunk roads (Murram)",,,
"1100007",1,"Trunk roads (Tarmac)",,,
"1100009",1,"Trunk roads (Tarmac)",,,
"1100009",4,"Community roads",40000000,21000000,1
"1100009",5,"Bridges/culvert crossing",12400000,12400000,1
"1100009",2,"Trunk roads (Murram)",,,
"1100012",5,"Bridges/culvert crossing",2400000,240000,2
"1100012",1,"Trunk roads (Tarmac)",,,
"1100012",2,"Trunk roads (Murram)",,,
"1100012",3,"Feeder roads",,,
"1110001",3,"Feeder roads",,,
"1110001",2,"Trunk roads (Murram)",,,
"1110001",4,"Community roads",17000000,5300000,1
"1110001",5,"Bridges/culvert crossing",,,
"1110003",5,"Bridges/culvert crossing",,,
"1110003",2,"Trunk roads (Murram)",,,
"1110003",4,"Community roads",15000000,8000000,2
"1110003",1,"Trunk roads (Tarmac)",,,
"1110005",5,"Bridges/culvert crossing",,,
"1110005",3,"Feeder roads",,,
"1110005",2,"Trunk roads (Murram)",,,
"1110005",4,"Community roads",57000000,46000000,2
"1120001",3,"Feeder roads",90000000,5000000,2
"1120001",2,"Trunk roads (Murram)",,,
"1120001",4,"Community roads",,,
"1120001",5,"Bridges/culvert crossing",,,
"1120003",3,"Feeder roads",,,
"1120003",1,"Trunk roads (Tarmac)",,,
"1120003",2,"Trunk roads (Murram)",,,
"1120003",4,"Community roads",45000000,29000000,2
"1120006",3,"Feeder roads",,,
"1120006",4,"Community roads",100000000,27000000,1
"1120006",2,"Trunk roads (Murram)",,,
"1120006",1,"Trunk roads (Tarmac)",,,
"1130003",3,"Feeder roads",,,
"1130003",4,"Community roads",,,
"1130003",1,"Trunk roads (Tarmac)",,,
"1130003",2,"Trunk roads (Murram)",,,
"1130006",1,"Trunk roads (Tarmac)",,,
"1130006",4,"Community roads",150000000,97000000,2
"1130006",5,"Bridges/culvert crossing",20000000,7000000,2
"1130006",2,"Trunk roads (Murram)",,,
"1130008",5,"Bridges/culvert crossing",0,0,
"1130008",4,"Community roads",13000000,0,2
"1130008",2,"Trunk roads (Murram)",,,
"1130008",3,"Feeder roads",,,
"1130010",1,"Trunk roads (Tarmac)",,,
"1130010",4,"Community roads",200000000,25000000,1
"1130010",3,"Feeder roads",,,
"1130010",5,"Bridges/culvert crossing",15000000,3000000,1
"1130012",2,"Trunk roads (Murram)",,,
"1130012",1,"Trunk roads (Tarmac)",,,
"1130012",4,"Community roads",40000000,32000000,2
"1130012",5,"Bridges/culvert crossing",5000000,2500000,1
"1130014",5,"Bridges/culvert crossing",,,
"1130014",3,"Feeder roads",,,
"1130014",4,"Community roads",1700000,80000000,2
"1130014",1,"Trunk roads (Tarmac)",,,
"1130016",3,"Feeder roads",,,
"1130016",4,"Community roads",100000000,46250000,2
"1130016",5,"Bridges/culvert crossing",2000000,1750000,2
"1130016",2,"Trunk roads (Murram)",,,
"1130019",2,"Trunk roads (Murram)",,,
"1130019",1,"Trunk roads (Tarmac)",,,
"1130019",3,"Feeder roads",760000000,500000000,2
"1130019",4,"Community roads",100000000,0,
"1130023",1,"Trunk roads (Tarmac)",,,
"1130023",3,"Feeder roads",,,
"1130023",4,"Community roads",100000000,60000000,1
"1130023",2,"Trunk roads (Murram)",,,
"1140003",4,"Community roads",17000000,17000000,2
"1140003",5,"Bridges/culvert crossing",,,
"1140003",1,"Trunk roads (Tarmac)",,,
"1140003",2,"Trunk roads (Murram)",,,
"1150004",2,"Trunk roads (Murram)",,,
"1150004",3,"Feeder roads",,,
"1150004",4,"Community roads",11000000,11000000,2
"1150004",5,"Bridges/culvert crossing",,,
"1150027",5,"Bridges/culvert crossing",30000000,10000000,1
"1150027",2,"Trunk roads (Murram)",,,
"1150027",3,"Feeder roads",,,
"1150027",1,"Trunk roads (Tarmac)",,,
"1160011",3,"Feeder roads",,,
"1160011",5,"Bridges/culvert crossing",,,
"1160011",2,"Trunk roads (Murram)",,,
"1160011",1,"Trunk roads (Tarmac)",,,
"1160013",4,"Community roads",71795258,64806740,2
"1160013",1,"Trunk roads (Tarmac)",,,
"1160013",3,"Feeder roads",,,
"1160013",2,"Trunk roads (Murram)",,,
"2010004",5,"Bridges/culvert crossing",3600000,3600000,
"2010004",3,"Feeder roads",21592329,211592329,
"2010004",2,"Trunk roads (Murram)",,,
"2010004",4,"Community roads",,,
"2020005",2,"Trunk roads (Murram)",,,
"2020005",1,"Trunk roads (Tarmac)",,,
"2020005",5,"Bridges/culvert crossing",,,
"2020005",3,"Feeder roads",,,
"2020007",1,"Trunk roads (Tarmac)",,,
"2020007",5,"Bridges/culvert crossing",,,
"2020007",3,"Feeder roads",,,
"2020007",2,"Trunk roads (Murram)",,,
"2030028",5,"Bridges/culvert crossing",,,
"2030028",4,"Community roads",17000000,,1
"2030028",2,"Trunk roads (Murram)",,,
"2030028",1,"Trunk roads (Tarmac)",,,
"2040015",2,"Trunk roads (Murram)",,,
"2040015",1,"Trunk roads (Tarmac)",,,
"2040015",4,"Community roads",,,
"2040015",3,"Feeder roads",,,
"2050004",3,"Feeder roads",,,
"2050004",2,"Trunk roads (Murram)",,,
"2050004",5,"Bridges/culvert crossing",,,
"2050004",4,"Community roads",25000000,11000000,2
"2050013",4,"Community roads",24000000,26000000,2
"2050013",5,"Bridges/culvert crossing",,,
"2050013",2,"Trunk roads (Murram)",,,
"2050013",1,"Trunk roads (Tarmac)",,,
"2060003",2,"Trunk roads (Murram)",,,
"2060003",4,"Community roads",,,
"2060003",3,"Feeder roads",,,
"2060003",5,"Bridges/culvert crossing",,,
"2070005",4,"Community roads",,6000000,2
"2070005",2,"Trunk roads (Murram)",,,
"2070005",5,"Bridges/culvert crossing",,,
"2070005",1,"Trunk roads (Tarmac)",,,
"2070006",4,"Community roads",45000000,24000000,2
"2070006",5,"Bridges/culvert crossing",,,
"2070006",1,"Trunk roads (Tarmac)",,,
"2070006",3,"Feeder roads",,,
"2080005",3,"Feeder roads",,,
"2080005",1,"Trunk roads (Tarmac)",,,
"2080005",5,"Bridges/culvert crossing",,,
"2080005",4,"Community roads",27164590,19945058,2
"2080008",1,"Trunk roads (Tarmac)",,,
"2080008",2,"Trunk roads (Murram)",,,
"2080008",4,"Community roads",5000000,0,2
"2080008",5,"Bridges/culvert crossing",,,
"2090006",2,"Trunk roads (Murram)",,,
"2090006",4,"Community roads",,,
"2090006",5,"Bridges/culvert crossing",,,
"2090006",3,"Feeder roads",155000000,38000000,2
"2090033",5,"Bridges/culvert crossing",,,
"2090033",1,"Trunk roads (Tarmac)",,,
"2090033",3,"Feeder roads",,,
"2090033",2,"Trunk roads (Murram)",,,
"2100004",2,"Trunk roads (Murram)",,,
"2100004",3,"Feeder roads",,,
"2100004",1,"Trunk roads (Tarmac)",,,
"2100004",5,"Bridges/culvert crossing",,,
"2100007",5,"Bridges/culvert crossing",,,
"2100007",1,"Trunk roads (Tarmac)",,,
"2100007",4,"Community roads",15000000,7500000,2
"2100007",2,"Trunk roads (Murram)",,,
"2110006",5,"Bridges/culvert crossing",,,
"2110006",4,"Community roads",10000000,13000000,1
"2110006",2,"Trunk roads (Murram)",,,
"2110006",1,"Trunk roads (Tarmac)",,,
"2110007",3,"Feeder roads",,,
"2110007",4,"Community roads",22000000,22000000,2
"2110007",1,"Trunk roads (Tarmac)",,,
"2110007",2,"Trunk roads (Murram)",,,
"2120003",1,"Trunk roads (Tarmac)",,,2
"2120003",2,"Trunk roads (Murram)",,,2
"2120003",5,"Bridges/culvert crossing",,,2
"2120003",4,"Community roads",,,2
"2120008",2,"Trunk roads (Murram)",,,2
"2120008",4,"Community roads",8000000,8000000,1
"2120008",3,"Feeder roads",337000000,337000000,1
"2120008",5,"Bridges/culvert crossing",,,1
"2120009",1,"Trunk roads (Tarmac)",,,
"2120009",3,"Feeder roads",,,
"2120009",5,"Bridges/culvert crossing",,,
"2120009",2,"Trunk roads (Murram)",,,
"2120011",4,"Community roads",15172114,11636300,2
"2120011",5,"Bridges/culvert crossing",,,2
"2120011",2,"Trunk roads (Murram)",,,2
"2120011",1,"Trunk roads (Tarmac)",,,2
"2140003",5,"Bridges/culvert crossing",,,
"2140003",2,"Trunk roads (Murram)",,,
"2140003",3,"Feeder roads",,,
"2140003",4,"Community roads",,,
"2150001",2,"Trunk roads (Murram)",,,
"2150001",3,"Feeder roads",,,
"2150001",4,"Community roads",,,
"2150001",5,"Bridges/culvert crossing",,,
"2150002",4,"Community roads",,,
"2150002",2,"Trunk roads (Murram)",,,
"2150002",5,"Bridges/culvert crossing",,,
"2150002",3,"Feeder roads",,,
"2150007",3,"Feeder roads",76510000,1500000,2
"2150007",1,"Trunk roads (Tarmac)",,,
"2150007",2,"Trunk roads (Murram)",,,
"2150007",4,"Community roads",,,
"2190003",4,"Community roads",0,13353023,2
"2190003",1,"Trunk roads (Tarmac)",,,
"2190003",5,"Bridges/culvert crossing",,,
"2190003",2,"Trunk roads (Murram)",,,
"2200001",1,"Trunk roads (Tarmac)",,,
"2200001",4,"Community roads",99999,99999,2
"2200001",3,"Feeder roads",99999,99999,2
"2200001",5,"Bridges/culvert crossing",99999,99999,2
"2210006",4,"Community roads",193516165,18851886,2
"2210006",3,"Feeder roads",,,2
"2210006",1,"Trunk roads (Tarmac)",,,
"2210006",5,"Bridges/culvert crossing",500000,500000,2
"2230026",5,"Bridges/culvert crossing",,,1
"2230026",4,"Community roads",,,1
"2230026",2,"Trunk roads (Murram)",,,
"2230026",1,"Trunk roads (Tarmac)",,,
"3010003",3,"Feeder roads",0,0,2
"3010003",4,"Community roads",0,0,2
"3010003",2,"Trunk roads (Murram)",0,0,2
"3010003",1,"Trunk roads (Tarmac)",0,0,
"3020002",4,"Community roads",180000000,92000000,2
"3020002",2,"Trunk roads (Murram)",0,0,
"3020002",3,"Feeder roads",0,0,
"3020002",5,"Bridges/culvert crossing",20000000,8000000,2
"3020003",4,"Community roads",120000000,12,2
"3020003",1,"Trunk roads (Tarmac)",0,,
"3020003",3,"Feeder roads",0,,
"3020003",5,"Bridges/culvert crossing",0,0,
"3020005",2,"Trunk roads (Murram)",,,
"3020005",5,"Bridges/culvert crossing",150000000,0,
"3020005",4,"Community roads",100000000,17000000,1
"3020005",1,"Trunk roads (Tarmac)",,,
"3020008",2,"Trunk roads (Murram)",,,
"3020008",5,"Bridges/culvert crossing",150000000,0,
"3020008",1,"Trunk roads (Tarmac)",,,
"3020008",3,"Feeder roads",0,0,
"3020010",2,"Trunk roads (Murram)",,,
"3020010",1,"Trunk roads (Tarmac)",,,
"3020010",5,"Bridges/culvert crossing",22500000,2000000,1
"3020010",3,"Feeder roads",0,0,
"3020013",1,"Trunk roads (Tarmac)",,,
"3020013",4,"Community roads",0,0,
"3020013",5,"Bridges/culvert crossing",0,0,
"3020013",3,"Feeder roads",,,
"3020016",4,"Community roads",600000000,10000000,2
"3020016",2,"Trunk roads (Murram)",,,
"3020016",5,"Bridges/culvert crossing",47200000,0,
"3020016",1,"Trunk roads (Tarmac)",,,
"3020018",5,"Bridges/culvert crossing",47200000,0,
"3020018",2,"Trunk roads (Murram)",0,,
"3020018",3,"Feeder roads",0,,
"3020018",1,"Trunk roads (Tarmac)",0,,
"3020035",5,"Bridges/culvert crossing",0,0,
"3020035",2,"Trunk roads (Murram)",0,0,
"3020035",4,"Community roads",0,0,
"3020035",1,"Trunk roads (Tarmac)",0,0,
"3030002",1,"Trunk roads (Tarmac)",0,0,2
"3030002",5,"Bridges/culvert crossing",17000000,12160000,2
"3030002",4,"Community roads",4000000,2800000,2
"3030002",3,"Feeder roads",6000000,3000000,2
"3030006",2,"Trunk roads (Murram)",,0,2
"3030006",4,"Community roads",120000000,1800000,1
"3030006",1,"Trunk roads (Tarmac)",,0,2
"3030006",3,"Feeder roads",,0,2
"3030009",3,"Feeder roads",0,0,2
"3030009",2,"Trunk roads (Murram)",0,0,2
"3030009",5,"Bridges/culvert crossing",0,0,2
"3030009",1,"Trunk roads (Tarmac)",0,0,2
"3030015",1,"Trunk roads (Tarmac)",0,0,2
"3030015",4,"Community roads",6700000,6700000,2
"3030015",3,"Feeder roads",0,0,2
"3030015",2,"Trunk roads (Murram)",0,0,2
"3030033",5,"Bridges/culvert crossing",,,2
"3030033",4,"Community roads",8000000,780000,2
"3030033",1,"Trunk roads (Tarmac)",,,
"3030033",2,"Trunk roads (Murram)",,,
"3040002",2,"Trunk roads (Murram)",0,0,
"3040002",1,"Trunk roads (Tarmac)",0,0,
"3040002",5,"Bridges/culvert crossing",5000000,0,
"3040002",3,"Feeder roads",,,
"3040004",3,"Feeder roads",,,
"3040004",2,"Trunk roads (Murram)",0,0,
"3040004",4,"Community roads",20000000,0,
"3040004",5,"Bridges/culvert crossing",5000000,0,
"3040007",5,"Bridges/culvert crossing",18000000,0,
"3040007",3,"Feeder roads",10000000,0,
"3040007",2,"Trunk roads (Murram)",0,,
"3040007",4,"Community roads",,,
"3040009",3,"Feeder roads",0,0,
"3040009",4,"Community roads",21000000,7000000,1
"3040009",1,"Trunk roads (Tarmac)",0,0,
"3040009",2,"Trunk roads (Murram)",0,0,
"3040014",4,"Community roads",16000000,8026148,2
"3040014",2,"Trunk roads (Murram)",0,0,
"3040014",5,"Bridges/culvert crossing",4000000,2000000,2
"3040014",1,"Trunk roads (Tarmac)",0,0,
"3050001",5,"Bridges/culvert crossing",36000000,0,
"3050001",3,"Feeder roads",27000000,0,
"3050001",2,"Trunk roads (Murram)",0,0,
"3050001",1,"Trunk roads (Tarmac)",0,0,
"3060006",1,"Trunk roads (Tarmac)",,,
"3060006",3,"Feeder roads",,,
"3060006",4,"Community roads",4000000,4000000,2
"3060006",5,"Bridges/culvert crossing",,,
"3070002",5,"Bridges/culvert crossing",5000000,5000000,2
"3070002",2,"Trunk roads (Murram)",0,0,
"3070002",4,"Community roads",10000000,10000000,2
"3070002",3,"Feeder roads",0,0,
"3070005",1,"Trunk roads (Tarmac)",160000000,,
"3070005",5,"Bridges/culvert crossing",15000000,,
"3070005",2,"Trunk roads (Murram)",70000000,70000000,
"3070005",4,"Community roads",10000000,2500000,2
"3070007",4,"Community roads",,,
"3070007",3,"Feeder roads",1000000,1000000,1
"3070007",5,"Bridges/culvert crossing",1000000,0,
"3070007",2,"Trunk roads (Murram)",,,
"3070012",5,"Bridges/culvert crossing",0,0,
"3070012",3,"Feeder roads",0,0,
"3070012",4,"Community roads",0,0,
"3070012",1,"Trunk roads (Tarmac)",0,0,
"3070017",3,"Feeder roads",0,0,
"3070017",4,"Community roads",5000000,0,
"3070017",2,"Trunk roads (Murram)",0,0,
"3070017",1,"Trunk roads (Tarmac)",0,0,
"3070018",5,"Bridges/culvert crossing",0,0,
"3070018",3,"Feeder roads",0,0,
"3070018",2,"Trunk roads (Murram)",0,0,
"3070018",4,"Community roads",5000000,0,
"3070020",1,"Trunk roads (Tarmac)",0,0,
"3070020",3,"Feeder roads",0,0,
"3070020",2,"Trunk roads (Murram)",0,0,
"3070020",4,"Community roads",150000000,86000000,2
"3070022",3,"Feeder roads",,,
"3070022",2,"Trunk roads (Murram)",,,
"3070022",5,"Bridges/culvert crossing",20000000,2000000,2
"3070022",4,"Community roads",30000000,10000000,2
"3070023",2,"Trunk roads (Murram)",0,0,
"3070023",3,"Feeder roads",0,0,
"3070023",1,"Trunk roads (Tarmac)",0,0,
"3070023",5,"Bridges/culvert crossing",4000000,0,
"3070025",3,"Feeder roads",,,
"3070025",1,"Trunk roads (Tarmac)",,,
"3070025",4,"Community roads",,,
"3070025",5,"Bridges/culvert crossing",,,
"3080002",1,"Trunk roads (Tarmac)",,,
"3080002",3,"Feeder roads",,,
"3080002",5,"Bridges/culvert crossing",,,
"3080002",2,"Trunk roads (Murram)",,,
"3080004",2,"Trunk roads (Murram)",,,
"3080004",4,"Community roads",,,
"3080004",1,"Trunk roads (Tarmac)",,,
"3080004",3,"Feeder roads",,,
"3090001",4,"Community roads",14500000,8500000,2
"3090001",1,"Trunk roads (Tarmac)",,,
"3090001",3,"Feeder roads",0,0,
"3090001",5,"Bridges/culvert crossing",0,0,
"3090002",5,"Bridges/culvert crossing",14000000,11745600,2
"3090002",3,"Feeder roads",,,
"3090002",1,"Trunk roads (Tarmac)",,,
"3090002",4,"Community roads",,,2
"3100001",5,"Bridges/culvert crossing",4856000,4856000,2
"3100001",2,"Trunk roads (Murram)",0,0,2
"3100001",1,"Trunk roads (Tarmac)",0,0,2
"3100001",4,"Community roads",0,0,2
"3100004",3,"Feeder roads",,,2
"3100004",4,"Community roads",,,2
"3100004",1,"Trunk roads (Tarmac)",,,2
"3100004",2,"Trunk roads (Murram)",,,2
"3100006",3,"Feeder roads",0,0,
"3100006",4,"Community roads",15000000,7000000,2
"3100006",1,"Trunk roads (Tarmac)",0,0,
"3100006",5,"Bridges/culvert crossing",0,0,
"3100007",4,"Community roads",,,2
"3100007",5,"Bridges/culvert crossing",8711000,8619423,2
"3100007",3,"Feeder roads",,,
"3100007",1,"Trunk roads (Tarmac)",8711000,8617428,2
"3100008",4,"Community roads",9151003,9052849,2
"3100008",1,"Trunk roads (Tarmac)",0,0,
"3100008",3,"Feeder roads",0,0,
"3100008",5,"Bridges/culvert crossing",1298154,1298154,2
"3100009",3,"Feeder roads",0,0,
"3100009",4,"Community roads",3912906,3912906,2
"3100009",1,"Trunk roads (Tarmac)",,,
"3100009",5,"Bridges/culvert crossing",3600000,3600000,2
"3100010",1,"Trunk roads (Tarmac)",,,
"3100010",3,"Feeder roads",0,0,
"3100010",2,"Trunk roads (Murram)",0,0,
"3100010",5,"Bridges/culvert crossing",0,0,
"3100012",2,"Trunk roads (Murram)",0,0,2
"3100012",1,"Trunk roads (Tarmac)",0,0,2
"3100012",5,"Bridges/culvert crossing",0,0,2
"3100012",3,"Feeder roads",0,0,2
"3110001",3,"Feeder roads",,,
"3110001",5,"Bridges/culvert crossing",,,
"3110001",2,"Trunk roads (Murram)",,,
"3110001",1,"Trunk roads (Tarmac)",,,
"3110003",1,"Trunk roads (Tarmac)",,,
"3110003",3,"Feeder roads",,,
"3110003",2,"Trunk roads (Murram)",,,
"3110003",5,"Bridges/culvert crossing",,,
"3130001",3,"Feeder roads",0,,
"3130001",1,"Trunk roads (Tarmac)",,,
"3130001",5,"Bridges/culvert crossing",,,
"3130001",2,"Trunk roads (Murram)",0,,
"3130002",3,"Feeder roads",0,0,2
"3130002",2,"Trunk roads (Murram)",0,0,2
"3130002",1,"Trunk roads (Tarmac)",0,0,2
"3130002",4,"Community roads",0,0,2
"3130003",5,"Bridges/culvert crossing",0,0,2
"3130003",1,"Trunk roads (Tarmac)",,,
"3130003",3,"Feeder roads",0,0,2
"3130003",2,"Trunk roads (Murram)",0,0,2
"3150016",4,"Community roads",,,
"3150016",3,"Feeder roads",7500000,,
"3150016",2,"Trunk roads (Murram)",0,0,
"3150016",1,"Trunk roads (Tarmac)",0,0,
"3160016",1,"Trunk roads (Tarmac)",0,0,
"3160016",5,"Bridges/culvert crossing",20000000,0,
"3160016",4,"Community roads",0,0,
"3160016",3,"Feeder roads",0,0,
"3170009",5,"Bridges/culvert crossing",0,0,
"3170009",2,"Trunk roads (Murram)",0,0,
"3170009",4,"Community roads",0,0,
"3170009",1,"Trunk roads (Tarmac)",0,0,
"3170010",5,"Bridges/culvert crossing",0,0,
"3170010",2,"Trunk roads (Murram)",,,
"3170010",1,"Trunk roads (Tarmac)",,,
"3170010",4,"Community roads",0,0,
"3170011",1,"Trunk roads (Tarmac)",0,0,
"3170011",2,"Trunk roads (Murram)",0,0,
"3170011",5,"Bridges/culvert crossing",210000000,0,
"3170011",4,"Community roads",100000000,6400000,2
"3180002",1,"Trunk roads (Tarmac)",,,
"3180002",3,"Feeder roads",,,
"3180002",4,"Community roads",35000000,12000000,2
"3180002",5,"Bridges/culvert crossing",,,
"3180003",2,,,,
"3180003",5,,,,
"3180003",4,,,,
"3180003",1,,,,
"3180004",1,"Trunk roads (Tarmac)",,,
"3180004",4,"Community roads",30000000,30000000,2
"3180004",3,"Feeder roads",,,
"3180004",2,"Trunk roads (Murram)",,,
"3190005",5,"Bridges/culvert crossing",,,
"3190005",4,"Community roads",,,
"3190005",2,"Trunk roads (Murram)",323176765,284160,1
"3190005",1,"Trunk roads (Tarmac)",,,
"3190012",1,"Trunk roads (Tarmac)",,,
"3190012",3,"Feeder roads",,,
"3190012",5,"Bridges/culvert crossing",10000000,9324000,2
"3190012",4,"Community roads",10000000,9324000,2
"3200018",1,"Trunk roads (Tarmac)",,,
"3200018",3,"Feeder roads",0,0,
"3200018",4,"Community roads",0,0,2
"3200018",2,"Trunk roads (Murram)",,,
"3200021",4,"Community roads",10000000,8100000,2
"3200021",1,"Trunk roads (Tarmac)",,,
"3200021",2,"Trunk roads (Murram)",,,
"3200021",3,"Feeder roads",0,,
"3200024",5,"Bridges/culvert crossing",0,0,2
"3200024",2,"Trunk roads (Murram)",0,0,
"3200024",4,"Community roads",15000000,8400000,2
"3200024",1,"Trunk roads (Tarmac)",,,
"3200027",3,"Feeder roads",0,0,
"3200027",1,"Trunk roads (Tarmac)",0,0,
"3200027",2,"Trunk roads (Murram)",0,0,
"3200027",4,"Community roads",15000000,8400000,2
"3200030",3,"Feeder roads",0,12341910,2
"3200030",4,"Community roads",0,0,2
"3200030",1,"Trunk roads (Tarmac)",0,0,2
"3200030",2,"Trunk roads (Murram)",0,0,2
"3210021",1,"Trunk roads (Tarmac)",0,0,
"3210021",3,"Feeder roads",0,0,
"3210021",2,"Trunk roads (Murram)",0,0,
"3210021",5,"Bridges/culvert crossing",70000000,0,
"3210023",4,"Community roads",100000000,11000000,2
"3210023",2,"Trunk roads (Murram)",,,
"3210023",3,"Feeder roads",,,
"3210023",1,"Trunk roads (Tarmac)",,,
"3210028",3,"Feeder roads",0,0,
"3210028",2,"Trunk roads (Murram)",0,0,
"3210028",4,"Community roads",40000000,0,
"3210028",1,"Trunk roads (Tarmac)",,,
"3210030",1,"Trunk roads (Tarmac)",0,0,
"3210030",2,"Trunk roads (Murram)",0,0,
"3210030",3,"Feeder roads",0,0,
"3210030",4,"Community roads",27408957,12113158,2
"4010005",3,"Feeder roads",,,
"4010005",4,"Community roads",,,
"4010005",1,"Trunk roads (Tarmac)",,,
"4010005",5,"Bridges/culvert crossing",,,
"4020016",4,"Community roads",13000000,700000,2
"4020016",3,"Feeder roads",,,
"4020016",2,"Trunk roads (Murram)",,,
"4020016",5,"Bridges/culvert crossing",,,
"4020020",5,"Bridges/culvert crossing",9000000,3000000,2
"4020020",2,"Trunk roads (Murram)",,,
"4020020",1,"Trunk roads (Tarmac)",,,
"4020020",3,"Feeder roads",,,
"4020030",3,"Feeder roads",,,
"4020030",2,"Trunk roads (Murram)",,,
"4020030",1,"Trunk roads (Tarmac)",,,
"4020030",5,"Bridges/culvert crossing",,,
"4060008",2,"Trunk roads (Murram)",0,,
"4060008",4,"Community roads",0,,
"4060008",5,"Bridges/culvert crossing",0,,
"4060008",1,"Trunk roads (Tarmac)",0,,
"4060010",3,"Feeder roads",0,0,
"4060010",1,"Trunk roads (Tarmac)",0,0,
"4060010",2,"Trunk roads (Murram)",0,0,
"4060010",5,"Bridges/culvert crossing",,,
"4070005",4,"Community roads",6000000,6000000,1
"4070005",1,"Trunk roads (Tarmac)",0,,
"4070005",5,"Bridges/culvert crossing",110000000,11000000,
"4070005",2,"Trunk roads (Murram)",0,,
"4080002",3,"Feeder roads",,,
"4080002",1,"Trunk roads (Tarmac)",,,
"4080002",4,"Community roads",7000000,6649121,2
"4080002",2,"Trunk roads (Murram)",,,
"4090002",5,"Bridges/culvert crossing",6100000,6100000,1
"4090002",3,"Feeder roads",,,
"4090002",2,"Trunk roads (Murram)",16000000,16000000,1
"4090002",1,"Trunk roads (Tarmac)",491000000,424600000,2
"4090005",2,"Trunk roads (Murram)",0,,
"4090005",4,"Community roads",0,,
"4090005",5,"Bridges/culvert crossing",0,,
"4090005",3,"Feeder roads",0,,
"4090009",1,"Trunk roads (Tarmac)",,,
"4090009",3,"Feeder roads",,,
"4090009",5,"Bridges/culvert crossing",,,
"4090009",4,"Community roads",14000000,14000000,1
"4100029",3,"Feeder roads",0,0,2
"4100029",2,"Trunk roads (Murram)",0,0,
"4100029",5,"Bridges/culvert crossing",0,0,
"4100029",1,"Trunk roads (Tarmac)",0,0,
"4100038",1,"Trunk roads (Tarmac)",0,,
"4100038",3,"Feeder roads",50000000,0,
"4100038",5,"Bridges/culvert crossing",0,,
"4100038",2,"Trunk roads (Murram)",0,,
"4110002",3,"Feeder roads",95564639,95564639,1
"4110002",2,"Trunk roads (Murram)",,,
"4110002",5,"Bridges/culvert crossing",,,
"4110002",1,"Trunk roads (Tarmac)",,,
"4110009",2,"Trunk roads (Murram)",,,
"4110009",3,"Feeder roads",,,
"4110009",4,"Community roads",,,
"4110009",1,"Trunk roads (Tarmac)",,,
"4120003",5,"Bridges/culvert crossing",,,
"4120003",3,"Feeder roads",,,
"4120003",1,"Trunk roads (Tarmac)",,,
"4120003",2,"Trunk roads (Murram)",,,
"4120005",1,"Trunk roads (Tarmac)",,,
"4120005",5,"Bridges/culvert crossing",,,
"4120005",3,"Feeder roads",,,
"4120005",4,"Community roads",0,0,
"4140003",4,"Community roads",,,
"4140003",3,"Feeder roads",7000000,7000000,2
"4140003",5,"Bridges/culvert crossing",,,
"4140003",1,"Trunk roads (Tarmac)",,,
"4140005",4,"Community roads",,,
"4140005",2,"Trunk roads (Murram)",,,
"4140005",1,"Trunk roads (Tarmac)",6426000,5800000,2
"4140005",3,"Feeder roads",,,
"4150009",5,"Bridges/culvert crossing",1250000,,
"4150009",2,"Trunk roads (Murram)",,,
"4150009",4,"Community roads",23684897,,
"4150009",1,"Trunk roads (Tarmac)",,,
"4170008",2,"Trunk roads (Murram)",0,0,
"4170008",4,"Community roads",0,0,
"4170008",1,"Trunk roads (Tarmac)",901416100,43885200,
"4170008",3,"Feeder roads",0,0,
"4170014",5,"Bridges/culvert crossing",,,
"4170014",2,"Trunk roads (Murram)",,,
"4170014",1,"Trunk roads (Tarmac)",,,
"4170014",4,"Community roads",12618716,7495485,2
"4180011",1,"Trunk roads (Tarmac)",,,
"4180011",5,"Bridges/culvert crossing",,,
"4180011",4,"Community roads",6000000,600000,2
"4180011",3,"Feeder roads",,,
"4180020",1,"Trunk roads (Tarmac)",,,
"4180020",2,"Trunk roads (Murram)",,,
"4180020",4,"Community roads",140070000,140070000,2
"4180020",5,"Bridges/culvert crossing",,,
"4180023",2,"Trunk roads (Murram)",0,,
"4180023",3,"Feeder roads",0,,
"4180023",4,"Community roads",45000000,,2
"4180023",5,"Bridges/culvert crossing",0,42004650,
"4190035",3,"Feeder roads",21080000,,2
"4190035",1,"Trunk roads (Tarmac)",,,
"4190035",2,"Trunk roads (Murram)",,,
"4190035",5,"Bridges/culvert crossing",,,
