"comcod","c3hsn","c3hq42","c3hq43a","c3hq43b"
"1010002",2,"Grade III",,
"1020001",1,"Grade V and above",22,0
"1020002",1,"Grade V and above",3,0
"1020003",1,"Grade V and above",,
"1020004",2,"Grade III",6,0
"1020005",2,"Grade III",,
"1020006",2,"Grade III",14,
"1020007",2,"Grade III",11,0
"1020008",1,"Grade V and above",1,0
"1020009",2,"Grade III",7,0
"1020010",2,"Grade III",7,0
"1020011",1,"Grade V and above",,
"1020012",2,"Grade III",13,6
"1020013",,,,
"1020014",2,"Grade III",12,0
"1020015",2,"Grade III",12,0
"1020016",,,,
"1020017",1,"Grade V and above",,
"1020018",1,"Grade V and above",,
"1020019",2,"Grade III",12,
"1020020",1,"Grade V and above",27,0
"1020021",2,"Grade III",20,1
"1020022",2,"Grade III",14,0
"1020023",3,"Untrained / unlicens",0,0
"1020024",1,"Grade V and above",21,0
"1020025",3,"Untrained / unlicens",0,0
"1020026",3,"Untrained / unlicens",0,0
"1020027",1,"Grade V and above",4,0
"1020028",2,"Grade III",36,0
"1020029",,,,
"1020030",,,,
"1020031",2,"Grade III",8,0
"1020032",2,"Grade III",,
"1020033",2,"Grade III",3,0
"1020034",2,"Grade III",,
"1030003",1,"Grade V and above",4,
"1030005",1,"Grade V and above",1,
"1040002",1,"Grade V and above",10,
"1040004",2,"Grade III",8,0
"1040006",1,"Grade V and above",3,
"1040008",1,"Grade V and above",4,
"1050001",3,"Untrained / unlicens",0,0
"1050003",,,,
"1050004",1,"Grade V and above",3,
"1050008",1,"Grade V and above",3,
"1050012",1,"Grade V and above",4,0
"1050015",3,"Untrained / unlicens",0,0
"1050019",3,"Untrained / unlicens",0,
"1050023",2,"Grade III",11,1
"1050026",1,"Grade V and above",6,
"1050030",3,"Untrained / unlicens",0,
"1050033",1,"Grade V and above",5,0
"1060003",1,"Grade V and above",4,0
"1060005",2,"Grade III",12,1
"1060007",2,"Grade III",3,0
"1060009",1,"Grade V and above",1,0
"1070001",2,"Grade III",10,4
"1070002",3,"Untrained / unlicens",2,
"1070008",3,"Untrained / unlicens",0,0
"1070012",2,"Grade III",16,4
"1070016",2,"Grade III",5,1
"1070020",2,"Grade III",8,0
"1070023",1,"Grade V and above",3,0
"1080002",1,"Grade V and above",,
"1080003",1,"Grade V and above",7,
"1080006",3,"Untrained / unlicens",0,0
"1080009",2,"Grade III",6,2
"1080013",1,"Grade V and above",,
"1080016",1,"Grade V and above",,
"1080020",1,"Grade V and above",3,0
"1080023",1,"Grade V and above",2,0
"1080027",1,"Grade V and above",6,0
"1080030",2,"Grade III",4,6
"1080033",3,"Untrained / unlicens",4,0
"1090004",1,"Grade V and above",2,0
"1100001",3,"Untrained / unlicens",0,
"1100005",3,"Untrained / unlicens",2,0
"1100007",2,"Grade III",10,4
"1100009",2,"Grade III",11,5
"1100012",1,"Grade V and above",3,
"1110001",2,"Grade III",5,9
"1110003",2,"Grade III",8,2
"1110005",3,"Untrained / unlicens",0,
"1120001",1,"Grade V and above",1,0
"1120003",3,"Untrained / unlicens",0,0
"1120006",3,"Untrained / unlicens",0,0
"1130002",1,"Grade V and above",,
"1130003",3,"Untrained / unlicens",0,0
"1130004",3,"Untrained / unlicens",2,0
"1130006",1,"Grade V and above",6,0
"1130007",1,"Grade V and above",2,0
"1130008",1,"Grade V and above",1,0
"1130010",3,"Untrained / unlicens",0,0
"1130012",3,"Untrained / unlicens",0,0
"1130014",2,"Grade III",2,0
"1130016",2,"Grade III",8,1
"1130019",1,"Grade V and above",4,0
"1130021",,,,
"1130023",3,"Untrained / unlicens",4,0
"1130025",1,"Grade V and above",5,0
"1140003",2,"Grade III",7,2
"1150004",2,"Grade III",5,3
"1150027",2,"Grade III",4,2
"1150031",3,"Untrained / unlicens",,
"1160011",2,"Grade III",7,0
"1160013",3,"Untrained / unlicens",2,
"2010004",3,"Untrained / unlicens",0,
"2010006",3,"Untrained / unlicens",0,0
"2010008",1,"Grade V and above",5,0
"2010009",3,"Untrained / unlicens",1,0
"2020001",,,,
"2020005",2,"Grade III",,
"2020007",1,"Grade V and above",0,0
"2030001",3,"Untrained / unlicens",0,0
"2030004",2,"Grade III",,
"2030008",,,,
"2030018",1,"Grade V and above",5,0
"2030023",3,"Untrained / unlicens",0,0
"2030028",3,"Untrained / unlicens",0,0
"2030033",3,"Untrained / unlicens",0,0
"2040002",2,"Grade III",7,0
"2040006",1,"Grade V and above",7,0
"2040009",3,"Untrained / unlicens",0,0
"2040012",2,"Grade III",14,2
"2040014",1,"Grade V and above",10,0
"2040015",1,"Grade V and above",8,0
"2050001",3,"Untrained / unlicens",0,0
"2050004",3,"Untrained / unlicens",3,0
"2050009",1,"Grade V and above",1,0
"2050013",1,"Grade V and above",3,0
"2050017",1,"Grade V and above",8,0
"2050030",1,"Grade V and above",5,0
"2060003",3,"Untrained / unlicens",0,0
"2070005",1,"Grade V and above",4,0
"2070006",3,"Untrained / unlicens",0,0
"2080001",3,"Untrained / unlicens",0,0
"2080005",1,"Grade V and above",2,0
"2080007",3,"Untrained / unlicens",0,0
"2080008",3,"Untrained / unlicens",0,0
"2090003",2,"Grade III",10,0
"2090006",1,"Grade V and above",18,0
"2090033",2,"Grade III",7,0
"2100002",1,"Grade V and above",7,3
"2100004",3,"Untrained / unlicens",,
"2100006",3,"Untrained / unlicens",0,0
"2100007",3,"Untrained / unlicens",0,0
"2110003",,,,
"2110004",3,"Untrained / unlicens",0,0
"2110006",2,"Grade III",14,0
"2110007",2,"Grade III",14,3
"2110009",1,"Grade V and above",9,0
"2120003",1,"Grade V and above",,
"2120008",3,"Untrained / unlicens",0,0
"2120009",1,"Grade V and above",4,0
"2120011",3,"Untrained / unlicens",0,0
"2120013",2,"Grade III",5,0
"2140002",1,"Grade V and above",19,0
"2140003",1,"Grade V and above",1,0
"2150001",2,"Grade III",12,0
"2150002",3,"Untrained / unlicens",0,0
"2150004",3,"Untrained / unlicens",0,0
"2150006",1,"Grade V and above",6,0
"2150007",3,"Untrained / unlicens",0,0
"2160003",3,"Untrained / unlicens",0,0
"2170009",2,"Grade III",11,0
"2180037",3,"Untrained / unlicens",,
"2190003",2,"Grade III",8,2
"2200001",3,"Untrained / unlicens",0,0
"2210006",2,"Grade III",15,0
"2220022",3,"Untrained / unlicens",0,
"2220026",3,"Untrained / unlicens",0,0
"2230011",3,"Untrained / unlicens",0,0
"2230014",3,"Untrained / unlicens",0,0
"2230018",2,"Grade III",16,0
"2230022",3,"Untrained / unlicens",0,0
"2230026",3,"Untrained / unlicens",0,0
"2230029",2,"Grade III",,
"2240013",3,"Untrained / unlicens",0,0
"3010003",2,"Grade III",7,2
"3020002",1,"Grade V and above",6,0
"3020003",1,"Grade V and above",4,0
"3020005",3,"Untrained / unlicens",0,0
"3020008",3,"Untrained / unlicens",0,0
"3020010",1,"Grade V and above",3,0
"3020013",2,"Grade III",16,4
"3020016",2,"Grade III",12,2
"3020018",1,"Grade V and above",0,1
"3020035",1,"Grade V and above",3,0
"3030002",3,"Untrained / unlicens",0,0
"3030006",1,"Grade V and above",6,2
"3030009",3,"Untrained / unlicens",0,0
"3030015",1,"Grade V and above",4,0
"3030033",1,"Grade V and above",5,0
"3040002",1,"Grade V and above",3,0
"3040004",1,"Grade V and above",5,0
"3040007",3,"Untrained / unlicens",0,0
"3040009",2,"Grade III",12,2
"3040014",3,"Untrained / unlicens",0,0
"3050001",2,"Grade III",8,0
"3060006",3,"Untrained / unlicens",0,0
"3060007",,,,
"3070002",3,"Untrained / unlicens",0,0
"3070005",3,"Untrained / unlicens",,
"3070007",2,"Grade III",8,0
"3070012",1,"Grade V and above",7,0
"3070017",3,"Untrained / unlicens",0,0
"3070018",1,"Grade V and above",3,0
"3070020",1,"Grade V and above",3,0
"3070022",2,"Grade III",6,3
"3070023",2,"Grade III",7,3
"3070025",2,"Grade III",13,4
"3080001",2,"Grade III",3,4
"3080002",2,"Grade III",2,5
"3080004",3,"Untrained / unlicens",0,0
"3090001",3,"Untrained / unlicens",0,0
"3090002",3,"Untrained / unlicens",0,0
"3100001",2,"Grade III",5,0
"3100004",2,"Grade III",12,0
"3100006",3,"Untrained / unlicens",0,0
"3100007",1,"Grade V and above",5,0
"3100008",1,"Grade V and above",2,0
"3100009",2,"Grade III",15,3
"3100010",2,"Grade III",9,1
"3100012",2,"Grade III",8,5
"3110001",1,"Grade V and above",1,0
"3110003",2,"Grade III",9,1
"3110004",3,"Untrained / unlicens",1,0
"3130001",2,"Grade III",12,5
"3130002",1,"Grade V and above",5,0
"3130003",3,"Untrained / unlicens",0,0
"3150016",1,"Grade V and above",4,0
"3160016",3,"Untrained / unlicens",1,0
"3170009",3,"Untrained / unlicens",0,0
"3170010",2,"Grade III",76,1
"3170011",3,"Untrained / unlicens",0,0
"3180001",1,"Grade V and above",3,0
"3180002",1,"Grade V and above",0,0
"3180003",2,"Grade III",9,1
"3180004",3,"Untrained / unlicens",0,0
"3190005",2,"Grade III",37,0
"3190012",1,"Grade V and above",2,0
"3200018",1,"Grade V and above",2,0
"3200021",2,"Grade III",13,0
"3200024",3,"Untrained / unlicens",0,0
"3200027",1,"Grade V and above",2,0
"3200030",2,"Grade III",6,0
"3210021",1,"Grade V and above",2,0
"3210023",2,"Grade III",15,0
"3210028",3,"Untrained / unlicens",0,0
"3210030",2,"Grade III",5,5
"4010003",1,"Grade V and above",,
"4010005",1,"Grade V and above",2,8
"4020002",2,"Grade III",,
"4020007",2,"Grade III",,
"4020011",1,"Grade V and above",,
"4020016",3,"Untrained / unlicens",1,0
"4020020",3,"Untrained / unlicens",0,0
"4020025",2,"Grade III",6,3
"4020030",1,"Grade V and above",,
"4030002",3,"Untrained / unlicens",0,0
"4030004",3,"Untrained / unlicens",0,0
"4030006",2,"Grade III",,
"4030007",1,"Grade V and above",,
"4030009",3,"Untrained / unlicens",6,0
"4040003",3,"Untrained / unlicens",0,0
"4040006",3,"Untrained / unlicens",0,0
"4040008",3,"Untrained / unlicens",0,0
"4040010",1,"Grade V and above",,
"4040012",1,"Grade V and above",1,1
"4050002",2,"Grade III",3,0
"4050005",2,"Grade III",,
"4050006",3,"Untrained / unlicens",0,0
"4050008",,,,
"4050010",3,"Untrained / unlicens",2,0
"4060003",2,"Grade III",17,0
"4060008",3,"Untrained / unlicens",0,0
"4060010",3,"Untrained / unlicens",0,0
"4060011",1,"Grade V and above",10,5
"4060013",1,"Grade V and above",16,4
"4070002",2,"Grade III",,
"4070003",1,"Grade V and above",3,0
"4070005",1,"Grade V and above",1,5
"4070007",1,"Grade V and above",1,1
"4070009",2,"Grade III",,
"4080002",2,"Grade III",7,2
"4080004",3,"Untrained / unlicens",0,0
"4090002",3,"Untrained / unlicens",0,
"4090005",2,"Grade III",5,2
"4090009",3,"Untrained / unlicens",0,0
"4090011",3,"Untrained / unlicens",0,0
"4100001",2,"Grade III",,
"4100005",1,"Grade V and above",,
"4100026",2,"Grade III",9,0
"4100029",1,"Grade V and above",,
"4100038",2,"Grade III",5,0
"4110002",2,"Grade III",,
"4110004",,,,
"4110006",3,"Untrained / unlicens",,
"4110007",3,"Untrained / unlicens",,
"4110009",3,"Untrained / unlicens",,
"4120003",3,"Untrained / unlicens",0,0
"4120005",2,"Grade III",9,0
"4130002",2,"Grade III",11,0
"4130003",1,"Grade V and above",5,7
"4130005",1,"Grade V and above",1,6
"4140001",2,"Grade III",,
"4140003",2,"Grade III",4,2
"4140005",2,"Grade III",,
"4150002",1,"Grade V and above",5,5
"4150004",1,"Grade V and above",0,6
"4150006",2,"Grade III",5,0
"4150007",3,"Untrained / unlicens",3,0
"4150009",3,"Untrained / unlicens",0,0
"4160007",3,"Untrained / unlicens",2,0
"4170008",3,"Untrained / unlicens",0,0
"4170014",3,"Untrained / unlicens",3,0
"4170017",3,"Untrained / unlicens",,
"4180011",1,"Grade V and above",2,0
"4180020",2,"Grade III",3,4
"4180023",2,"Grade III",7,0
"4190032",2,"Grade III",,
"4190035",3,"Untrained / unlicens",2,0
"1010002",1,"Grade V and above",,
"1010002",3,"Untrained / unlicens",,
"1020001",3,"Untrained / unlicens",0,0
"1020001",2,"Grade III",9,0
"1020002",2,"Grade III",5,0
"1020002",3,"Untrained / unlicens",0,0
"1020003",3,"Untrained / unlicens",,
"1020003",2,"Grade III",,
"1020004",3,"Untrained / unlicens",0,0
"1020004",1,"Grade V and above",9,0
"1020005",3,"Untrained / unlicens",,
"1020005",1,"Grade V and above",,
"1020006",3,"Untrained / unlicens",0,
"1020006",1,"Grade V and above",3,
"1020007",1,"Grade V and above",2,0
"1020007",3,"Untrained / unlicens",0,0
"1020008",2,"Grade III",11,0
"1020008",3,"Untrained / unlicens",0,0
"1020009",3,"Untrained / unlicens",0,0
"1020009",1,"Grade V and above",9,0
"1020010",1,"Grade V and above",12,0
"1020010",3,"Untrained / unlicens",0,0
"1020011",3,"Untrained / unlicens",,
"1020011",2,"Grade III",,
"1020012",3,"Untrained / unlicens",0,0
"1020012",1,"Grade V and above",2,0
"1020014",3,"Untrained / unlicens",0,0
"1020014",1,"Grade V and above",2,0
"1020015",3,"Untrained / unlicens",0,0
"1020015",1,"Grade V and above",10,0
"1020017",2,"Grade III",,
"1020017",3,"Untrained / unlicens",,
"1020018",3,"Untrained / unlicens",,
"1020018",2,"Grade III",,
"1020019",3,"Untrained / unlicens",1,0
"1020019",1,"Grade V and above",6,
"1020020",2,"Grade III",8,0
"1020020",3,"Untrained / unlicens",0,0
"1020021",3,"Untrained / unlicens",0,0
"1020021",1,"Grade V and above",14,0
"1020022",1,"Grade V and above",1,0
"1020022",3,"Untrained / unlicens",0,0
"1020023",1,"Grade V and above",12,0
"1020023",2,"Grade III",10,0
"1020024",2,"Grade III",17,2
"1020024",3,"Untrained / unlicens",0,0
"1020025",1,"Grade V and above",14,0
"1020025",2,"Grade III",13,2
"1020026",1,"Grade V and above",5,2
"1020026",2,"Grade III",9,0
"1020027",3,"Untrained / unlicens",0,0
"1020027",2,"Grade III",22,0
"1020028",3,"Untrained / unlicens",0,0
"1020028",1,"Grade V and above",10,0
"1020031",1,"Grade V and above",1,0
"1020031",3,"Untrained / unlicens",0,0
"1020032",1,"Grade V and above",,
"1020032",3,"Untrained / unlicens",,
"1020033",1,"Grade V and above",13,0
"1020033",3,"Untrained / unlicens",0,0
"1020034",1,"Grade V and above",,
"1020034",3,"Untrained / unlicens",,
"1030003",3,"Untrained / unlicens",0,0
"1030003",2,"Grade III",5,1
"1030005",3,"Untrained / unlicens",0,
"1030005",2,"Grade III",9,1
"1040002",2,"Grade III",21,15
"1040002",3,"Untrained / unlicens",4,
"1040004",1,"Grade V and above",2,0
"1040004",3,"Untrained / unlicens",0,0
"1040006",2,"Grade III",5,2
"1040006",3,"Untrained / unlicens",0,
"1040008",3,"Untrained / unlicens",0,
"1040008",2,"Grade III",8,2
"1050001",2,"Grade III",8,0
"1050001",1,"Grade V and above",10,0
"1050004",2,"Grade III",7,1
"1050004",3,"Untrained / unlicens",,
"1050008",3,"Untrained / unlicens",0,
"1050008",2,"Grade III",10,1
"1050012",3,"Untrained / unlicens",0,0
"1050012",2,"Grade III",10,0
"1050015",2,"Grade III",4,4
"1050015",1,"Grade V and above",4,0
"1050019",2,"Grade III",5,8
"1050019",1,"Grade V and above",3,
"1050023",3,"Untrained / unlicens",4,0
"1050023",1,"Grade V and above",5,0
"1050026",3,"Untrained / unlicens",0,
"1050026",2,"Grade III",13,1
"1050030",1,"Grade V and above",3,
"1050030",2,"Grade III",8,4
"1050033",2,"Grade III",9,1
"1050033",3,"Untrained / unlicens",0,0
"1060003",3,"Untrained / unlicens",1,0
"1060003",2,"Grade III",8,2
"1060005",1,"Grade V and above",1,
"1060005",3,"Untrained / unlicens",0,
"1060007",3,"Untrained / unlicens",0,0
"1060007",1,"Grade V and above",4,0
"1060009",3,"Untrained / unlicens",0,0
"1060009",2,"Grade III",6,1
"1070001",1,"Grade V and above",8,0
"1070001",3,"Untrained / unlicens",0,0
"1070002",1,"Grade V and above",4,
"1070002",2,"Grade III",8,2
"1070008",1,"Grade V and above",1,0
"1070008",2,"Grade III",5,1
"1070012",1,"Grade V and above",20,0
"1070012",3,"Untrained / unlicens",0,0
"1070016",3,"Untrained / unlicens",1,0
"1070016",1,"Grade V and above",3,0
"1070020",3,"Untrained / unlicens",0,0
"1070020",1,"Grade V and above",2,0
"1070023",3,"Untrained / unlicens",0,0
"1070023",2,"Grade III",6,0
"1080002",3,"Untrained / unlicens",,
"1080002",2,"Grade III",,
"1080003",3,"Untrained / unlicens",0,0
"1080003",2,"Grade III",8,4
"1080006",2,"Grade III",18,0
"1080006",1,"Grade V and above",9,0
"1080009",3,"Untrained / unlicens",1,0
"1080009",1,"Grade V and above",1,0
"1080013",3,"Untrained / unlicens",,
"1080013",2,"Grade III",,
"1080016",3,"Untrained / unlicens",,
"1080016",2,"Grade III",,
"1080020",3,"Untrained / unlicens",2,0
"1080020",2,"Grade III",5,3
"1080023",3,"Untrained / unlicens",2,0
"1080023",2,"Grade III",6,0
"1080027",2,"Grade III",9,7
"1080027",3,"Untrained / unlicens",0,0
"1080030",1,"Grade V and above",5,0
"1080030",3,"Untrained / unlicens",0,0
"1080033",2,"Grade III",4,3
"1080033",1,"Grade V and above",4,0
"1090004",2,"Grade III",3,3
"1090004",3,"Untrained / unlicens",0,0
"1100001",1,"Grade V and above",3,
"1100001",2,"Grade III",14,3
"1100005",1,"Grade V and above",2,0
"1100005",2,"Grade III",3,6
"1100007",1,"Grade V and above",1,
"1100007",3,"Untrained / unlicens",1,
"1100009",1,"Grade V and above",2,0
"1100009",3,"Untrained / unlicens",0,0
"1100012",2,"Grade III",10,1
"1100012",3,"Untrained / unlicens",1,
"1110001",1,"Grade V and above",1,
"1110001",3,"Untrained / unlicens",1,
"1110003",3,"Untrained / unlicens",0,0
"1110003",1,"Grade V and above",5,
"1110005",2,"Grade III",5,3
"1110005",1,"Grade V and above",1,
"1120001",3,"Untrained / unlicens",4,
"1120001",2,"Grade III",1,
"1120003",1,"Grade V and above",3,
"1120003",2,"Grade III",7,2
"1120006",1,"Grade V and above",3,0
"1120006",2,"Grade III",12,0
"1130002",2,"Grade III",,
"1130002",3,"Untrained / unlicens",,
"1130003",2,"Grade III",8,3
"1130003",1,"Grade V and above",6,0
"1130004",1,"Grade V and above",0,0
"1130004",2,"Grade III",12,0
"1130006",3,"Untrained / unlicens",0,0
"1130006",2,"Grade III",7,3
"1130007",3,"Untrained / unlicens",1,0
"1130007",2,"Grade III",10,0
"1130008",3,"Untrained / unlicens",4,0
"1130008",2,"Grade III",4,3
"1130010",1,"Grade V and above",5,0
"1130010",2,"Grade III",3,0
"1130012",1,"Grade V and above",4,0
"1130012",2,"Grade III",18,3
"1130014",1,"Grade V and above",5,0
"1130014",3,"Untrained / unlicens",1,0
"1130016",1,"Grade V and above",9,0
"1130016",3,"Untrained / unlicens",0,0
"1130019",2,"Grade III",9,2
"1130019",3,"Untrained / unlicens",0,0
"1130023",1,"Grade V and above",2,0
"1130023",2,"Grade III",7,0
"1130025",2,"Grade III",13,3
"1130025",3,"Untrained / unlicens",1,0
"1140003",3,"Untrained / unlicens",0,
"1140003",1,"Grade V and above",2,
"1150004",1,"Grade V and above",0,0
"1150004",3,"Untrained / unlicens",0,
"1150027",1,"Grade V and above",2,0
"1150027",3,"Untrained / unlicens",2,0
"1150031",1,"Grade V and above",,
"1150031",2,"Grade III",,
"1160011",3,"Untrained / unlicens",0,0
"1160011",1,"Grade V and above",1,0
"1160013",2,"Grade III",5,2
"1160013",1,"Grade V and above",1,
"2010004",1,"Grade V and above",3,
"2010004",2,"Grade III",5,
"2010006",1,"Grade V and above",6,0
"2010006",2,"Grade III",9,0
"2010008",2,"Grade III",3,8
"2010008",3,"Untrained / unlicens",0,0
"2010009",2,"Grade III",10,2
"2010009",1,"Grade V and above",1,0
"2020005",1,"Grade V and above",,
"2020005",3,"Untrained / unlicens",,
"2020007",2,"Grade III",11,0
"2020007",3,"Untrained / unlicens",0,0
"2030001",2,"Grade III",21,3
"2030001",1,"Grade V and above",10,0
"2030004",1,"Grade V and above",,
"2030004",3,"Untrained / unlicens",,
"2030018",2,"Grade III",8,3
"2030018",3,"Untrained / unlicens",0,0
"2030023",1,"Grade V and above",4,0
"2030023",2,"Grade III",12,0
"2030028",1,"Grade V and above",1,0
"2030028",2,"Grade III",5,5
"2030033",2,"Grade III",9,2
"2030033",1,"Grade V and above",9,0
"2040002",1,"Grade V and above",20,0
"2040002",3,"Untrained / unlicens",0,0
"2040006",3,"Untrained / unlicens",0,0
"2040006",2,"Grade III",10,4
"2040009",2,"Grade III",30,2
"2040009",1,"Grade V and above",9,0
"2040012",3,"Untrained / unlicens",0,0
"2040012",1,"Grade V and above",14,0
"2040014",3,"Untrained / unlicens",0,0
"2040014",2,"Grade III",8,3
"2040015",2,"Grade III",16,0
"2040015",3,"Untrained / unlicens",0,0
"2050001",1,"Grade V and above",16,0
"2050001",2,"Grade III",3,1
"2050004",2,"Grade III",6,9
"2050004",1,"Grade V and above",2,0
"2050009",3,"Untrained / unlicens",1,0
"2050009",2,"Grade III",6,12
"2050013",3,"Untrained / unlicens",0,0
"2050013",2,"Grade III",7,3
"2050017",3,"Untrained / unlicens",0,0
"2050017",2,"Grade III",7,0
"2050030",3,"Untrained / unlicens",0,0
"2050030",2,"Grade III",5,4
"2060003",2,"Grade III",7,0
"2060003",1,"Grade V and above",5,2
"2070005",3,"Untrained / unlicens",0,0
"2070005",2,"Grade III",5,7
"2070006",1,"Grade V and above",2,0
"2070006",2,"Grade III",6,0
"2080001",1,"Grade V and above",9,0
"2080001",2,"Grade III",7,0
"2080005",2,"Grade III",7,3
"2080005",3,"Untrained / unlicens",0,0
"2080007",1,"Grade V and above",2,0
"2080007",2,"Grade III",7,5
"2080008",1,"Grade V and above",3,0
"2080008",2,"Grade III",9,3
"2090003",1,"Grade V and above",21,3
"2090003",3,"Untrained / unlicens",0,0
"2090006",2,"Grade III",26,16
"2090006",3,"Untrained / unlicens",0,0
"2090033",1,"Grade V and above",4,1
"2090033",3,"Untrained / unlicens",0,0
"2100002",2,"Grade III",12,0
"2100002",3,"Untrained / unlicens",0,0
"2100004",1,"Grade V and above",,
"2100004",2,"Grade III",,
"2100006",1,"Grade V and above",3,2
"2100006",2,"Grade III",11,0
"2100007",1,"Grade V and above",1,2
"2100007",2,"Grade III",8,0
"2110004",2,"Grade III",8,4
"2110004",1,"Grade V and above",2,0
"2110006",1,"Grade V and above",10,0
"2110006",3,"Untrained / unlicens",0,0
"2110007",3,"Untrained / unlicens",0,0
"2110007",1,"Grade V and above",5,0
"2110009",2,"Grade III",8,0
"2110009",3,"Untrained / unlicens",0,0
"2120003",2,"Grade III",,
"2120003",3,"Untrained / unlicens",,
"2120008",2,"Grade III",9,0
"2120008",1,"Grade V and above",4,1
"2120009",3,"Untrained / unlicens",0,0
"2120009",2,"Grade III",10,0
"2120011",1,"Grade V and above",5,3
"2120011",2,"Grade III",10,0
"2120013",1,"Grade V and above",7,2
"2120013",3,"Untrained / unlicens",0,0
"2140002",3,"Untrained / unlicens",0,0
"2140002",2,"Grade III",14,2
"2140003",3,"Untrained / unlicens",1,0
"2140003",2,"Grade III",5,2
"2150001",3,"Untrained / unlicens",0,0
"2150001",1,"Grade V and above",7,2
"2150002",1,"Grade V and above",5,0
"2150002",2,"Grade III",13,1
"2150004",2,"Grade III",9,0
"2150004",1,"Grade V and above",7,1
"2150006",2,"Grade III",8,0
"2150006",3,"Untrained / unlicens",0,0
"2150007",2,"Grade III",10,0
"2150007",1,"Grade V and above",4,0
"2160003",2,"Grade III",7,3
"2160003",1,"Grade V and above",2,0
"2170009",1,"Grade V and above",9,6
"2170009",3,"Untrained / unlicens",2,0
"2180037",2,"Grade III",,
"2180037",1,"Grade V and above",,
"2190003",1,"Grade V and above",2,0
"2190003",3,"Untrained / unlicens",0,
"2200001",2,"Grade III",8,0
"2200001",1,"Grade V and above",4,3
"2210006",1,"Grade V and above",2,9
"2210006",3,"Untrained / unlicens",0,0
"2220022",2,"Grade III",10,0
"2220022",1,"Grade V and above",1,1
"2220026",2,"Grade III",10,1
"2220026",1,"Grade V and above",2,0
"2230011",1,"Grade V and above",3,5
"2230011",2,"Grade III",10,0
"2230014",2,"Grade III",14,0
"2230014",1,"Grade V and above",6,0
"2230018",3,"Untrained / unlicens",0,0
"2230018",1,"Grade V and above",3,0
"2230022",2,"Grade III",12,0
"2230022",1,"Grade V and above",4,3
"2230026",2,"Grade III",20,0
"2230026",1,"Grade V and above",8,0
"2230029",3,"Untrained / unlicens",,
"2230029",1,"Grade V and above",,
"2240013",1,"Grade V and above",3,0
"2240013",2,"Grade III",5,0
"3010003",1,"Grade V and above",1,5
"3010003",3,"Untrained / unlicens",1,0
"3020002",3,"Untrained / unlicens",0,0
"3020002",2,"Grade III",15,1
"3020003",3,"Untrained / unlicens",0,0
"3020003",2,"Grade III",20,1
"3020005",2,"Grade III",13,0
"3020005",1,"Grade V and above",7,0
"3020008",2,"Grade III",5,0
"3020008",1,"Grade V and above",10,0
"3020010",3,"Untrained / unlicens",0,0
"3020010",2,"Grade III",18,3
"3020013",1,"Grade V and above",7,0
"3020013",3,"Untrained / unlicens",1,0
"3020016",1,"Grade V and above",5,0
"3020016",3,"Untrained / unlicens",0,0
"3020018",2,"Grade III",4,7
"3020018",3,"Untrained / unlicens",1,0
"3020035",2,"Grade III",,
"3020035",1,"Grade V and above",,
"3020035",3,"Untrained / unlicens",,
"3020035",3,"Untrained / unlicens",0,0
"3020035",2,"Grade III",11,19
"3030002",1,"Grade V and above",19,0
"3030002",2,"Grade III",12,4
"3030006",3,"Untrained / unlicens",0,0
"3030006",2,"Grade III",17,0
"3030009",2,"Grade III",5,0
"3030009",1,"Grade V and above",25,0
"3030015",3,"Untrained / unlicens",0,0
"3030015",2,"Grade III",9,3
"3030033",3,"Untrained / unlicens",0,0
"3030033",2,"Grade III",8,0
"3040002",3,"Untrained / unlicens",0,0
"3040002",2,"Grade III",15,2
"3040004",3,"Untrained / unlicens",0,
"3040004",2,"Grade III",11,0
"3040007",1,"Grade V and above",13,0
"3040007",2,"Grade III",26,2
"3040009",1,"Grade V and above",12,0
"3040009",3,"Untrained / unlicens",0,0
"3040014",1,"Grade V and above",4,0
"3040014",2,"Grade III",18,5
"3050001",3,"Untrained / unlicens",1,0
"3050001",1,"Grade V and above",13,0
"3060006",1,"Grade V and above",4,0
"3060006",2,"Grade III",6,0
"3070002",2,"Grade III",10,12
"3070002",1,"Grade V and above",23,0
"3070005",1,"Grade V and above",13,
"3070005",2,"Grade III",9,
"3070007",3,"Untrained / unlicens",0,0
"3070007",1,"Grade V and above",24,0
"3070012",2,"Grade III",16,1
"3070012",3,"Untrained / unlicens",0,0
"3070017",2,"Grade III",10,1
"3070017",1,"Grade V and above",1,0
"3070018",2,"Grade III",5,6
"3070018",3,"Untrained / unlicens",0,0
"3070020",3,"Untrained / unlicens",0,0
"3070020",2,"Grade III",13,4
"3070022",1,"Grade V and above",3,0
"3070022",3,"Untrained / unlicens",0,0
"3070023",1,"Grade V and above",3,0
"3070023",3,"Untrained / unlicens",0,0
"3070025",1,"Grade V and above",2,0
"3070025",3,"Untrained / unlicens",0,0
"3080001",3,"Untrained / unlicens",2,0
"3080001",1,"Grade V and above",1,0
"3080002",1,"Grade V and above",1,0
"3080002",3,"Untrained / unlicens",3,0
"3080004",2,"Grade III",8,2
"3080004",1,"Grade V and above",3,0
"3090001",1,"Grade V and above",2,0
"3090001",2,"Grade III",5,0
"3090002",1,"Grade V and above",1,0
"3090002",2,"Grade III",4,0
"3100001",1,"Grade V and above",3,0
"3100001",3,"Untrained / unlicens",1,0
"3100004",1,"Grade V and above",4,0
"3100004",3,"Untrained / unlicens",0,0
"3100006",1,"Grade V and above",1,2
"3100006",2,"Grade III",10,0
"3100007",2,"Grade III",10,3
"3100007",3,"Untrained / unlicens",0,0
"3100008",2,"Grade III",12,4
"3100008",3,"Untrained / unlicens",0,0
"3100009",1,"Grade V and above",2,0
"3100009",3,"Untrained / unlicens",1,0
"3100010",3,"Untrained / unlicens",1,0
"3100010",1,"Grade V and above",2,0
"3100012",3,"Untrained / unlicens",0,0
"3100012",1,"Grade V and above",3,0
"3110001",3,"Untrained / unlicens",1,0
"3110001",2,"Grade III",6,2
"3110003",1,"Grade V and above",0,0
"3110003",3,"Untrained / unlicens",0,0
"3110004",1,"Grade V and above",0,0
"3110004",2,"Grade III",6,0
"3130001",1,"Grade V and above",3,0
"3130001",3,"Untrained / unlicens",1,0
"3130002",2,"Grade III",6,1
"3130002",3,"Untrained / unlicens",1,0
"3130003",1,"Grade V and above",2,0
"3130003",2,"Grade III",10,4
"3150016",3,"Untrained / unlicens",0,0
"3150016",2,"Grade III",8,0
"3160016",1,"Grade V and above",2,0
"3160016",2,"Grade III",7,1
"3170009",1,"Grade V and above",4,0
"3170009",2,"Grade III",9,3
"3170010",3,"Untrained / unlicens",0,0
"3170010",1,"Grade V and above",3,0
"3170011",2,"Grade III",14,1
"3170011",1,"Grade V and above",3,0
"3180001",3,"Untrained / unlicens",0,0
"3180001",2,"Grade III",13,0
"3180002",2,"Grade III",8,0
"3180002",3,"Untrained / unlicens",2,0
"3180003",1,"Grade V and above",2,0
"3180003",3,"Untrained / unlicens",1,0
"3180004",2,"Grade III",9,0
"3180004",1,"Grade V and above",0,0
"3190005",3,"Untrained / unlicens",0,0
"3190005",1,"Grade V and above",6,5
"3190012",2,"Grade III",6,0
"3190012",3,"Untrained / unlicens",2,0
"3200018",2,"Grade III",14,0
"3200018",3,"Untrained / unlicens",0,0
"3200021",1,"Grade V and above",10,1
"3200021",3,"Untrained / unlicens",0,0
"3200024",2,"Grade III",11,4
"3200024",1,"Grade V and above",6,0
"3200027",3,"Untrained / unlicens",2,0
"3200027",2,"Grade III",7,2
"3200030",1,"Grade V and above",1,0
"3200030",3,"Untrained / unlicens",7,0
"3210021",2,"Grade III",12,0
"3210021",3,"Untrained / unlicens",0,0
"3210023",3,"Untrained / unlicens",0,0
"3210023",1,"Grade V and above",3,0
"3210028",1,"Grade V and above",,
"3210028",1,"Grade V and above",6,0
"3210028",3,"Untrained / unlicens",,
"3210028",2,"Grade III",,
"3210028",2,"Grade III",9,0
"3210030",3,"Untrained / unlicens",0,0
"3210030",1,"Grade V and above",2,0
"4010003",3,"Untrained / unlicens",,
"4010003",2,"Grade III",,
"4010005",3,"Untrained / unlicens",0,0
"4010005",2,"Grade III",7,0
"4020002",3,"Untrained / unlicens",,
"4020002",1,"Grade V and above",,
"4020007",3,"Untrained / unlicens",,
"4020007",1,"Grade V and above",,
"4020011",2,"Grade III",,
"4020011",3,"Untrained / unlicens",,
"4020016",1,"Grade V and above",5,1
"4020016",2,"Grade III",6,0
"4020020",2,"Grade III",5,0
"4020020",1,"Grade V and above",7,0
"4020025",3,"Untrained / unlicens",0,0
"4020025",1,"Grade V and above",6,0
"4020030",3,"Untrained / unlicens",,
"4020030",2,"Grade III",,
"4030002",1,"Grade V and above",8,0
"4030002",2,"Grade III",19,0
"4030004",1,"Grade V and above",5,3
"4030004",2,"Grade III",3,0
"4030006",3,"Untrained / unlicens",,
"4030006",1,"Grade V and above",,
"4030007",2,"Grade III",,
"4030007",3,"Untrained / unlicens",,
"4030009",1,"Grade V and above",0,2
"4030009",2,"Grade III",0,4
"4040003",1,"Grade V and above",4,0
"4040003",2,"Grade III",4,0
"4040006",2,"Grade III",10,0
"4040006",1,"Grade V and above",4,0
"4040008",1,"Grade V and above",7,6
"4040008",2,"Grade III",8,0
"4040010",2,"Grade III",,
"4040010",3,"Untrained / unlicens",,
"4040012",3,"Untrained / unlicens",1,0
"4040012",2,"Grade III",5,0
"4050002",1,"Grade V and above",14,3
"4050002",3,"Untrained / unlicens",0,0
"4050005",1,"Grade V and above",,
"4050005",3,"Untrained / unlicens",,
"4050006",2,"Grade III",12,0
"4050006",1,"Grade V and above",0,12
"4050010",1,"Grade V and above",1,17
"4050010",2,"Grade III",11,0
"4060003",3,"Untrained / unlicens",0,0
"4060003",1,"Grade V and above",3,17
"4060008",1,"Grade V and above",3,0
"4060008",2,"Grade III",16,0
"4060010",1,"Grade V and above",3,0
"4060010",2,"Grade III",6,0
"4060011",3,"Untrained / unlicens",0,0
"4060011",2,"Grade III",10,0
"4060013",3,"Untrained / unlicens",1,2
"4060013",2,"Grade III",11,4
"4070002",1,"Grade V and above",,
"4070002",3,"Untrained / unlicens",,
"4070003",3,"Untrained / unlicens",0,0
"4070003",2,"Grade III",6,3
"4070005",3,"Untrained / unlicens",2,0
"4070005",2,"Grade III",5,0
"4070007",3,"Untrained / unlicens",0,0
"4070007",2,"Grade III",5,2
"4070009",3,"Untrained / unlicens",,
"4070009",1,"Grade V and above",,
"4080002",1,"Grade V and above",2,0
"4080002",3,"Untrained / unlicens",1,0
"4080004",2,"Grade III",6,2
"4080004",1,"Grade V and above",1,1
"4090002",2,"Grade III",5,
"4090002",1,"Grade V and above",11,
"4090005",1,"Grade V and above",27,3
"4090005",3,"Untrained / unlicens",0,0
"4090009",1,"Grade V and above",4,9
"4090009",2,"Grade III",9,0
"4090011",2,"Grade III",13,0
"4090011",1,"Grade V and above",1,13
"4100001",3,"Untrained / unlicens",,
"4100001",1,"Grade V and above",,
"4100005",2,"Grade III",,
"4100005",3,"Untrained / unlicens",,
"4100026",3,"Untrained / unlicens",0,0
"4100026",1,"Grade V and above",3,3
"4100029",2,"Grade III",,
"4100029",3,"Untrained / unlicens",,
"4100038",1,"Grade V and above",3,5
"4100038",3,"Untrained / unlicens",0,0
"4110002",3,"Untrained / unlicens",,
"4110002",1,"Grade V and above",,
"4110006",2,"Grade III",,
"4110006",1,"Grade V and above",,
"4110007",1,"Grade V and above",,
"4110007",2,"Grade III",,
"4110009",1,"Grade V and above",,
"4110009",2,"Grade III",,
"4120003",2,"Grade III",7,1
"4120003",1,"Grade V and above",3,0
"4120005",3,"Untrained / unlicens",0,0
"4120005",1,"Grade V and above",1,3
"4130002",3,"Untrained / unlicens",0,0
"4130002",1,"Grade V and above",2,10
"4130003",2,"Grade III",7,0
"4130003",3,"Untrained / unlicens",0,0
"4130005",2,"Grade III",20,0
"4130005",3,"Untrained / unlicens",1,0
"4140001",3,"Untrained / unlicens",,
"4140001",1,"Grade V and above",,
"4140003",3,"Untrained / unlicens",0,0
"4140003",1,"Grade V and above",2,0
"4140005",3,"Untrained / unlicens",,
"4140005",1,"Grade V and above",,
"4150002",2,"Grade III",5,0
"4150002",3,"Untrained / unlicens",0,0
"4150004",3,"Untrained / unlicens",1,0
"4150004",2,"Grade III",5,0
"4150006",1,"Grade V and above",1,8
"4150006",3,"Untrained / unlicens",1,0
"4150007",2,"Grade III",9,5
"4150007",1,"Grade V and above",10,5
"4150009",1,"Grade V and above",1,13
"4150009",2,"Grade III",11,0
"4160007",2,"Grade III",0,3
"4160007",1,"Grade V and above",0,1
"4170008",2,"Grade III",9,0
"4170008",1,"Grade V and above",9,0
"4170014",2,"Grade III",5,2
"4170014",1,"Grade V and above",2,0
"4170017",2,"Grade III",,
"4170017",1,"Grade V and above",,
"4180011",3,"Untrained / unlicens",0,0
"4180011",2,"Grade III",7,0
"4180020",1,"Grade V and above",4,0
"4180020",3,"Untrained / unlicens",0,0
"4180023",3,"Untrained / unlicens",0,0
"4180023",1,"Grade V and above",1,7
"4190032",1,"Grade V and above",,
"4190032",3,"Untrained / unlicens",,
"4190035",2,"Grade III",6,4
"4190035",1,"Grade V and above",2,0
