"comcod","c4q1","c4q2","c4q4","c4q5","c4q6","c4q7"
"1010002","SHALOM",,8,6,2,8
"1020001","KISENYI",3,1,0,1,2
"1020002","KISENYI H/C",3,1,0,1,2
"1020003","KAMPALA DISPENSARY",33,4,0,1,2
"1020004","KAWEMPE H/C",3,1,1,1,3
"1020005",,,,,,
"1020006","KAWEMPE H/C",3,1,1,1,3
"1020007","KOMAAMBOGA",117,1,2,1,2
"1020008","KAWEMPE",3,1,1,1,3
"1020009",,,,,,
"1020010",,,,,,
"1020011",,,,,,
"1020012","SIMBA GENERAL CLINIC",,2,5,2,8
"1020013",,,,,,
"1020014","ANTONY'S CLINIC",111,1,21,2,8
"1020015",,,,,,
"1020016",,,,,,
"1020017","KIRUDDU H/C 4",83,1,8,1,2
"1020018","ST ANDREANS CLINIC",,8,4,2,
"1020019","KANSANGA MEDICAL CENTRE",,5,2,2,3
"1020020","KAMWOKYA CHRISTIAN COMMUNITY",,8,9,3,2
"1020021",,,,,,
"1020022",,,,,,
"1020023",,,,,,
"1020024","KISWA HEALTH CENTRE III",23,3,6,1,2
"1020025","KISWA HEALTH CENTRE",23,3,6,1,2
"1020026","DEMBE MEDICAL CENTRE",,8,2,2,8
"1020027","KITEBI HEALTH CENTRE",86,1,3,1,2
"1020028","KAWAALA HEALTH CENTRE III",84,1,6,1,2
"1020029",,,,,,
"1020030",,,,,,
"1020031",,,,,,
"1020032",,,,,,
"1020033","NATETE ARCHDEACONARYMOBILE CLINIC",59,3,23,3,1
"1020034","KITEBI HEALTH CENTRE III",86,1,3,1,2
"1030003","LWAMATA HEALTH CENTRE",15,1,9,1,2
"1030005","NTWETWE H.C 4",20,3,2,1,3
"1040002","NJOVU MEDICAL HEALTH CENTRE",,1,14,8,1
"1040004","KALAGALA H/C 4",20,8,3,1,3
"1040006","ZIROWE H.C 3",23,4,7,1,2
"1040008","KYALUGONDO H.C 3",47,3,1,1,2
"1160011","NAMUSAALE HEALTH CENNTRE II",,1,2,3,1
"1160013","NGOMA H.C 4",5,4,8,1,3
"1050001",,,,,,
"1050003",,,,,,
"1050004","BIGASA HC 3",25,4,4,1,2
"1050008","ST MARIA YOAH MUZEYI  BUYOGA HC",26,1,2,3,2
"1050012","KINONI H/C 3",1,3,3,1,2
"1050015","KYAZANGA HEALTH CENTRE 4",101,3,3,1,3
"1050019","MAKONDO HC 2",63,3,8,3,1
"1050023","KAYANJA HC 2",63,1,10,1,1
"1050026","MPUGWE H.C 3",16,8,1,1,2
"1050030","KIRAGGA HC",85,1,2,1,2
"1050033","KALUNGU HEALTH CENTRE 3",31,3,1,1,2
"1060003","KIFAMBA HEALTH CENTRE III",25,8,0,1,2
"1060005","MADDU HEALTH CENTRE IV",35,4,13,1,3
"1060007","ST.ANTHONY MITALA MARIA HEALTH CENTRE",36,8,1,3,2
"1060009","KAFUMU HEALTH CENTRE II",,3,3,1,1
"1070001","MUBENDE HOSPITAL(REFERRAL HOSPITAL)",,,,,
"1070002","MAGALA HC 3",11,1,9,1,2
"1150004","MAANYI H.C 3",25,4,4,1,2
"1070008",,,,,,
"1070012",,,,,,
"1070016","BUKUYA H/C 3",2,8,1,1,2
"1070020","KYANAMUGERA H.C 2",71,1,3,3,1
"1070023","KIKANDWA HC 2",18,8,6,1,1
"1150027","KABULE HEALTH CENTRE 3",7,1,0,1,2
"1150031","BSUNJU HC 2",9,1,5,1,
"1080002","KAWOLO HOSPITAL",20,8,3,1,8
"1080003","NJERU H.C 3",103,1,8,1,2
"1080006","MAKONGE H/C 3",51,8,2,3,2
"1080009","BUWAGAJJO HEALTH CENTRE III",10,1,6,1,2
"1080013","BUWAGAJJO H.C 3",10,1,5,1,2
"1080016",,,,,,
"1080020","KATOOGO H.C 3",108,8,9,1,2
"1080023","GOMA HEALTH CENTRE 3",13,8,1,1,2
"1080027","KASANA H.C 2",19,8,1,1,1
"1080030","KASAWO H.C 3",16,1,0,1,2
"1080033","KYABAZAALA HEALTH CENTRE III",25,8,8,1,2
"1090004","MULONZI H/C 2",140,1,1,1,1
"1100001","KYOTELA MUSLIM HC3",75,8,3,3,2
"1140003","MPUMUDDE H/C 3",36,8,1,1,2
"1100005","GWANDA HEALTH CENTRE 2",85,1,4,1,1
"1100007","KACHEERA H/C 3",31,8,1,1,2
"1100009","KIBUUKA HEALTH CENTRE",11,1,2,1,1
"1100012","BUYIISA H C 2",72,8,3,1,1
"1110001","NTUUSI HEALTH CENTRE IV",5,1,1,1,3
"1110003","GM CLINIC(GOD'S MERCY)",,8,1,2,8
"1110005",,,,,,
"1120001","KAYUNGA HOSPITAL",11,8,19,1,3
"1120003","WABWOKO H.C 3",16,8,5,1,2
"1120006","BUSAALE HC 2",18,8,8,1,1
"1130002","ENTEBBE HOSPITAL",10,2,6,1,8
"1130003","KAJJANSI HC3",3,1,3,1,2
"1130004","BWEYOGERERE HEALTH CENTRE III",555,3,2,1,1
"1130006","NANSANA HEALTH CENTRE II",167,1,0,1,1
"1130007","TUSUUBIRA CLINIC AND MATENITY",,8,12,2,8
"1130008","BUSSI HEALTH CENTRE II",7,4,1,1,1
"1130010","NALUGALA HEALTH CENTRE II",18,3,3,1,1
"1130012","KYENGERA HEALTH CENTRE II",,1,1,1,1
"1130014",,,,,,
"1130016","KAWUZI HEALTH CENTRE II",,4,7,2,1
"1130019","KIRINYA H.C 2",32,1,3,1,1
"1130021",,,,,,
"1130023","NDEJJE HEALTH CENTRE 4",214,3,3,1,3
"1130025","MENGO DOCTORS CLINIC",,1,1,2,1
"2010004","BULUKWE H/C",104,1,3,1,1
"2010006","BUYINJA HEALTH CENTRE",44,1,8,1,3
"2010008","WANGOBO H/C 2",75,3,0,1,1
"2010009","MUKUTU HEALTH CENTRE",95,4,4,1,2
"2020001",,,,,,
"2020005","BUTABA HEATLTH CENTRE 3",9,4,1,1,2
"2020007","BUMUNJI H/C 2",22,1,0,1,1
"2030001","IGANGA TOWN COUNCIL HEALTH CENTRE",54,3,1,1,2
"2030004","IGANGA MUNICIP[AL H/C 3",54,3,1,1,2
"2030008",,,,,,
"2240013","IVUKULA H/C",60,4,61,1,2
"2030018","NAWANSINGE H/C",358,8,2,1,1
"2030023",,,,,,
"2030028","IKUMBYA HEALTH CENTRE",56,4,14,1,2
"2030033","KIYUNGA H/C IV",85,8,6,1,3
"2040002",,,,,,
"2040006","MASESE PORT H/C 2",68,1,3,1,1
"2040009","BUGEMBE",14,8,5,1,3
"2040012","BUSSEDE HEALTH CLINIC",19,8,0,1,2
"2040014","KIBIBI H/C",31,8,0,1,1
"2040015","NAWAMPANDA H/C 2",1,1,5,3,1
"2050001","KAMULI MISSION HOSPITAL",25,5,0,3,8
"2050004","BUYENDE H/C",19,8,0,1,2
"2050009","KAGULU H/C",3,8,6,1,1
"2050013","NAMASAGALI H/C",30,4,0,1,2
"2050017",,,,,,
"2220022",,,,,,
"2220026","NAWAIKOKE",17,3,3,1,2
"2050030","KIYUGA H/C",63,3,7,1,1
"2200001","KAMET HEALTH CENTRE IV",5,8,4,1,1
"2060003","CHEBONET H/C 3",1,1,0,1,2
"2160003","ABEKO H/C",,3,0,1,1
"2070005","AKOBOI H/C 2",22,4,2,1,1
"2070006","AKURAO H/C 2",,1,0,1,1
"2080001","KUMI H/C IV",14,8,1,1,3
"2190003","KACHUMBALA H/C III",6,4,10,1,2
"2080005","OMURANG C/U HEALTH CENTRE",9,8,1,3,1
"2080007","ONGINO H/C 111",25,1,4,1,2
"2080008","MUKURA H/C 111",19,1,0,1,2
"2090003","NAMATALA H/C 3",28,1,,1,2
"2090006","NAMAKWEKWE HEALTH CENTRE II",26,1,4,1,1
"2230011","BUTIRU HEALTH CENTRE III",29,1,2,1,2
"2230014","NABITSHI HEALTH CENTRE 3",37,8,0,1,2
"2230018","MAGALE H/C 4",43,8,1,1,3
"2230022","BUBUTU H/C 3",46,1,1,1,2
"2230026",,,,,,
"2230029","MAGALE HEALTH CENTRE IV",43,5,1,8,3
"2090033","NAIKU H/C 3",24,4,2,1,2
"2180037","BUSHIKA HEALTH CENTRE",25,8,10,1,2
"2100002","PALLISA TOWN COUNCIL H/C 3",54,8,4,1,2
"2100004","KADERUNA H/C",4,1,0,1,2
"2100006","AGULE HEALTH CENTRE",1,3,1,1,2
"2100007","KANEKE H/C 3",22,4,0,1,2
"2170009","KITIRA H/C",9,1,0,1,2
"2110003",,,,,,
"2110004","KAMOD HEALTH CENTRE II",12,3,16,1,1
"2110006","KYERE H/C III",17,8,1,1,2
"2110007","ARAPAI H/C 2",61,4,1,1,1
"2110009","OPUYO H/C 2",62,1,2,1,1
"2120003",,,,,,
"2210006","NABIGANDA H/C 3",32,8,1,1,2
"2120008","MERIKET HEALTH CENTRE IV",26,3,2,1,2
"2120009","OSUKURU HEALTH CENTRE",34,1,3,1,2
"2120011","MULANDA H/C 4",30,8,11,1,3
"2120013","PANYANGASI HEALTH CENTRE",6,8,1,1,2
"2140002",,,,,,
"2140003","KIGANDALO H/C",22,4,3,1,3
"2150001","SIRONKO H/C 3",30,1,3,1,2
"2150002","BUMULISYA H/C 3",3,1,0,1,2
"2150004","BUWASA HEALTH CENTRE IV",22,8,0,1,3
"2150006","BULUGANYA H/C 3",10,1,1,1,2
"2150007","BUNAMBUTYE H/C 3",17,8,2,1,2
"3010003","DZAIPI H/C",4,3,2,1,2
"3020002","GARDEN MEDICAL CENTRE",,1,8,2,8
"3020003","OPETA",49,4,5,1,1
"3020005","ALITO HEALTH CENTRE",15,1,3,1,2
"3020008","ALITO H/C",15,1,3,1,2
"3020010","BALA HIC",22,3,3,1,2
"3020013","ADUKU H/C IV",7,8,3,1,3
"3020016","ALENGA H/C",14,1,2,3,2
"3020018","AKOKORO H.C",12,8,3,1,2
"3210021","ZAMBIA HEALTH CENTRE 2",24,1,5,1,1
"3210023","AKWANGI HEALTH CENTRE",9,1,2,1,1
"3210030","LORO HIC",46,3,0,1,1
"3030002",,,,,,
"3190005","KOBOKO H/C",1,8,17,1,3
"3030006","AROI HEALTH C",61,1,1,1,2
"3030009","ORIVU H/C",65,3,1,1,1
"3190012","KOBOKO H/C",1,8,17,1,3
"3030015","OKOLLO H/C",41,1,2,1,2
"3200018","YIVU ABEA",,3,0,3,1
"3200021","OLEBA H/C",12,1,0,1,2
"3200024","WANDI H/C",59,3,8,1,2
"3200027","NICU H/C 2",,1,4,1,1
"3200030","OTUMBARI H/C",57,3,0,3,2
"3030033","LAZEBU H/C",5,1,0,1,1
"3040002","COMMUNITY HEALTH MEDICAL CARE",,1,26,2,8
"3040004","AYWEE",16,1,0,1,2
"3040007","LAROO H.C",62,3,2,1,2
"3040009","BAR-DEGE HIC",63,3,1,1,2
"3040014","ST.JOSEPH MINAKULU",42,8,0,3,1
"3160016","KALADIMA",,3,0,1,2
"3050001","STJOSEPH'S HOSPITAL KITGUM",,5,1,3,8
"3180001",,,,,,
"3180002","KAPEDO H/C 3",5,8,3,1,2
"3180003","KATHILE",4,8,2,1,2
"3180004",,,,,,
"3060006","KOTIDO H/C 4",18,1,0,1,3
"3060007",,,,,,
"3070002","OBER H/C",79,3,1,1,2
"3070005",,,,,,
"3070007",,,,,,
"3170009","AGWATA H/C 3",6,1,2,1,2
"3170010","BATA H.C 3",26,3,3,1,2
"3170011","KANGAI HEALTH CENTRE",30,1,3,1,2
"3070012","AYAGO H/C",50,8,0,1,2
"3150016","APUTI H/C 111",3,1,4,1,3
"3070017","ABAKO H.C 3",45,8,2,1,2
"3070018","ABAKO H/C 3",45,8,2,1,2
"3070020","APALA",18,8,4,1,2
"3070022","ONYWAKO H.C",42,1,0,1,1
"3070023","AGALI HIC",5,3,5,1,2
"3070025","ONGICA H/C 3",42,4,0,1,2
"3080001","IRIIRI H/C",4,3,5,1,2
"3080002","LOTOME HEALTH CENRE",13,8,10,1,2
"3080004","NADUNGET H/C 3",16,1,2,1,2
"3090001","OBONGI H/C",10,8,5,1,3
"3090002","IBAKWE H/C",,1,3,1,1
"3100001",,,,,,
"3100004","PAIDHA H/C",27,1,2,1,2
"3100006","PANYIGORO H/C",35,1,3,1,2
"3100007","THER -URU",,1,1,1,1
"3100008","PADEA H/C",25,1,3,3,1
"3100009","ZUMBO H/C",44,1,0,3,2
"3100010","ZEU",43,3,0,1,2
"3100012","KOCH H/C",49,1,3,1,1
"3110001","NAKAPIRIPIRIT H/C III",23,3,2,1,2
"3110003","LORENGEDUAT  H/C 3",12,3,1,1,2
"3110004","LEMUSUI H/C II",8,3,10,1,1
"3130001","LOBE H/C",21,1,1,1,1
"3130002","KULIKULINGA H/C III",6,3,4,1,2
"3130003","ARIWA",1,1,1,1,2
"4010003","KAYENJE H/C",2,3,6,1,1
"4010005","KARUGUTU H/CCC",9,8,0,1,3
"4020002",,,,,,
"4020007",,,,,,
"4020011",,,,,,
"4020016","NYABUBARE H/C 3",35,1,2,1,2
"4020020","KYEIZOBA HEALTH CENTRE III",28,1,0,1,2
"4020025","IRARAMIRA HEALTH CENTRE2",,1,0,8,1
"4020030","KIZIBA HEALTH CENTRE II",79,1,1,1,1
"4030002",,,,,,
"4030004","BUTEMA H.C",9,3,2,1,2
"4030006","DWOLI H.C",11,4,0,1,3
"4030007","BUGAMBE H.C",1,4,4,1,2
"4030009","KYANGWALI HEALTH CENTRE",26,3,0,1,3
"4040003","RUTOOMA H/C2",50,1,6,1,1
"4040006","KYANAMIRA HEALTH CENTRE III",45,3,2,1,2
"4040008","BUTANDA HEALTH CENTRE3",5,3,1,1,2
"4040010","KAARA HEALTH CENTRE",47,3,1,1,1
"4040012","NYARURAMBI HEALTH CENTRE II",57,1,4,1,1
"4050002","KATARAKA H.C",18,1,0,1,2
"4050005","KASUSU H.C",32,1,1,1,2
"4050006","KABONERO H.C",38,3,1,1,1
"4050008",,,,,,
"4050010","MUGUSU HEALTH CENTRE",51,3,1,1,2
"4060003","KASESE TOWN COUNCIL III",26,3,10,1,2
"4060008","NYABUGANDO HEALTH CENTRE",2,1,1,1,2
"4060010","KINYAMASEKE HEALTH CENTRE",42,1,2,8,2
"4060011","IBANDA H/C",98,3,2,1,1
"4060013","KITABU ST.FRANCIS",8,1,0,3,2
"4070002",,,,,,
"4070003","KAKINDO HEALTH CENTRE IV",8,1,2,1,3
"4070005","BWIKARA H.C",3,4,1,1,2
"4070007",,,,,,
"4070009","KYEBANDO H.C",16,3,4,1,2
"4080002","BUSANZA HEALTH CENTRE4",2,1,2,1,3
"4080004","MAREGAMO H/C III",35,8,0,1,1
"4090002",,,,,,
"4090005","KINYARA SUGAR HEALTH CENTRE",7,2,0,2,2
"4160007","AVOGERA H.C",35,3,4,1,2
"4090009","KILANYI H.C",18,3,3,1,1
"4090011","DIIMA H.C",32,3,2,1,2
"4100001",,,,,,
"4100005","KAMUKUZI DIVISION HEALTH CENTRE II",113,1,2,1,1
"4170008","BUFUNDA HEALTH CENTRE III",3,1,4,1,2
"4180011",,,,,,
"4170014","BUGARAMA H/C II",26,8,3,1,1
"4170017","BABONWA HEALTH CENTRE II",38,1,0,1,1
"4180020","KAMURI HEALTH CENTRE II",,1,4,1,1
"4180023","RIHIIRA HEALTH CENTRE3",165,3,0,8,1
"4100026","KAMUKUZI DIVISION HEALTH CENTRE II",113,1,2,1,1
"4100029","NYABISIRIRA HEALTH CENTRE II",,1,2,1,1
"4190032","BURUNGA HEALTH CENTRE 3",2,1,3,1,3
"4190035","KIKATSI HEALTH CENTRE 3",12,1,0,1,2
"4100038","NDEGE HEALTH CENTRE",18,3,5,1,2
"4110002","NTUNGAMO HEALTH CENTRE III",15,1,4,1,2
"4110004","RWAMABONDO H/C2",13,8,5,1,1
"4110006","KIYOORA HEALTH CENTRE II",27,1,9,1,1
"4110007","KITWE HEALTH CLINIC 4",11,3,2,1,3
"4110009","NYANGA HEALTH CENTRE II",38,8,0,1,1
"4120003","KISIIZI H/C 3",21,3,2,1,2
"4120005","KIKONGI HEALTH CENTRE II",,1,3,1,1
"4130002","BUSIRIBA H.C",16,1,1,1,1
"4130003","KABAMBIKO H.C.",,3,2,1,1
"4130005","MAHYORO H.C",105,1,1,1,2
"4140001",,,,,,
"4140003","KIHEMBE HEALTH CENTRE 2",15,1,1,3,1
"4140005","RUGYEYO HEALTH CENTRE III",37,8,2,1,2
"4150002",,,,,,
"4150004","ST.THEREZA WEKOMIRE",600,8,6,3,2
"4150006","NYAKARONGO H.C",,1,0,1,1
"4150007","KATOOKE HEALTH CENTRE III",25,1,0,1,2
"4150009","NYANKWANZI H.C.",121,8,1,1,2
"3210028","ATIPE HIC",15,8,1,1,1
"3020035","IBUJE H/C",24,3,8,1,2
